customer_id,name,country,industry
C00001,Statkraft AS,NO,Energy
C00002,Kongsberg Defence & Aerospace,NO,Defence
C00003,ABB Norway,NO,Technology
C00004,Polish State,PL,Government
C00005,Polish State,PL,Government
C00006,Vestas Offshore,DK,Offshore Wind
C00007,Statkraft AS,NO,Energy
C00008,DNV GL,NO,Certification
C00009,Statkraft AS,NO,Energy
C00010,Yara International,NO,Chemicals
C00011,Aker Solutions,NO,Engineering
C00012,Kongsberg Defence & Aerospace,NO,Defence
C00013,Kongsberg Defence & Aerospace,NO,Defence
C00014,Statkraft AS,NO,Energy
C00015,Polish State,PL,Government
C00016,Polish State,PL,Government
C00017,DNV GL,NO,Certification
C00018,Yara International,NO,Chemicals
C00019,Kongsberg Defence & Aerospace,NO,Defence
C00020,DNV GL,NO,Certification
C00021,Polish State,PL,Government
C00022,DNV GL,NO,Certification
C00023,Aker Solutions,NO,Engineering
C00024,Polish State,PL,Government
C00025,Norsk Hydro,NO,Metals
C00026,Yara International,NO,Chemicals
C00027,ABB Norway,NO,Technology
C00028,Kongsberg Defence & Aerospace,NO,Defence
C00029,Vestas Offshore,DK,Offshore Wind
C00030,Aker Solutions,NO,Engineering
C00031,Siemens Energy,DE,Energy
C00032,ABB Norway,NO,Technology
C00033,Vestas Offshore,DK,Offshore Wind
C00034,Polish State,PL,Government
C00035,Siemens Energy,DE,Energy
C00036,Statkraft AS,NO,Energy
C00037,Statkraft AS,NO,Energy
C00038,Aker Solutions,NO,Engineering
C00039,Statkraft AS,NO,Energy
C00040,Siemens Energy,DE,Energy
C00041,Siemens Energy,DE,Energy
C00042,Yara International,NO,Chemicals
C00043,ABB Norway,NO,Technology
C00044,Kongsberg Defence & Aerospace,NO,Defence
C00045,Norsk Hydro,NO,Metals
C00046,DNV GL,NO,Certification
C00047,Statkraft AS,NO,Energy
C00048,Aker Solutions,NO,Engineering
C00049,Statkraft AS,NO,Energy
C00050,DNV GL,NO,Certification
C00051,ABB Norway,NO,Technology
C00052,Yara International,NO,Chemicals
C00053,Siemens Energy,DE,Energy
C00054,Yara International,NO,Chemicals
C00055,Polish State,PL,Government
C00056,Statkraft AS,NO,Energy
C00057,Kongsberg Defence & Aerospace,NO,Defence
C00058,Polish State,PL,Government
C00059,ABB Norway,NO,Technology
C00060,Statkraft AS,NO,Energy
C00061,Polish State,PL,Government
C00062,Statkraft AS,NO,Energy
C00063,Aker Solutions,NO,Engineering
C00064,ABB Norway,NO,Technology
C00065,Norsk Hydro,NO,Metals
C00066,Siemens Energy,DE,Energy
C00067,Vestas Offshore,DK,Offshore Wind
C00068,Siemens Energy,DE,Energy
C00069,Siemens Energy,DE,Energy
C00070,Polish State,PL,Government
C00071,ABB Norway,NO,Technology
C00072,Statkraft AS,NO,Energy
C00073,Yara International,NO,Chemicals
C00074,Vestas Offshore,DK,Offshore Wind
C00075,DNV GL,NO,Certification
C00076,Polish State,PL,Government
C00077,Vestas Offshore,DK,Offshore Wind
C00078,Norsk Hydro,NO,Metals
C00079,Aker Solutions,NO,Engineering
C00080,ABB Norway,NO,Technology
C00081,DNV GL,NO,Certification
C00082,Polish State,PL,Government
C00083,Siemens Energy,DE,Energy
C00084,Kongsberg Defence & Aerospace,NO,Defence
C00085,Polish State,PL,Government
C00086,Kongsberg Defence & Aerospace,NO,Defence
C00087,Siemens Energy,DE,Energy
C00088,Aker Solutions,NO,Engineering
C00089,ABB Norway,NO,Technology
C00090,Statkraft AS,NO,Energy
C00091,Polish State,PL,Government
C00092,Yara International,NO,Chemicals
C00093,Siemens Energy,DE,Energy
C00094,Polish State,PL,Government
C00095,Norsk Hydro,NO,Metals
C00096,Aker Solutions,NO,Engineering
C00097,Norsk Hydro,NO,Metals
C00098,Vestas Offshore,DK,Offshore Wind
C00099,ABB Norway,NO,Technology
C00100,Vestas Offshore,DK,Offshore Wind
C00101,Polish State,PL,Government
C00102,DNV GL,NO,Certification
C00103,DNV GL,NO,Certification
C00104,ABB Norway,NO,Technology
C00105,Yara International,NO,Chemicals
C00106,Aker Solutions,NO,Engineering
C00107,Yara International,NO,Chemicals
C00108,Aker Solutions,NO,Engineering
C00109,Siemens Energy,DE,Energy
C00110,Polish State,PL,Government
C00111,Vestas Offshore,DK,Offshore Wind
C00112,DNV GL,NO,Certification
C00113,Norsk Hydro,NO,Metals
C00114,Statkraft AS,NO,Energy
C00115,Kongsberg Defence & Aerospace,NO,Defence
C00116,Statkraft AS,NO,Energy
C00117,Vestas Offshore,DK,Offshore Wind
C00118,Vestas Offshore,DK,Offshore Wind
C00119,Aker Solutions,NO,Engineering
C00120,Yara International,NO,Chemicals
C00121,Statkraft AS,NO,Energy
C00122,Aker Solutions,NO,Engineering
C00123,Aker Solutions,NO,Engineering
C00124,Yara International,NO,Chemicals
C00125,Norsk Hydro,NO,Metals
C00126,DNV GL,NO,Certification
C00127,ABB Norway,NO,Technology
C00128,DNV GL,NO,Certification
C00129,Kongsberg Defence & Aerospace,NO,Defence
C00130,Statkraft AS,NO,Energy
C00131,DNV GL,NO,Certification
C00132,ABB Norway,NO,Technology
C00133,Siemens Energy,DE,Energy
C00134,Statkraft AS,NO,Energy
C00135,ABB Norway,NO,Technology
C00136,Aker Solutions,NO,Engineering
C00137,Vestas Offshore,DK,Offshore Wind
C00138,Norsk Hydro,NO,Metals
C00139,Kongsberg Defence & Aerospace,NO,Defence
C00140,ABB Norway,NO,Technology
C00141,DNV GL,NO,Certification
C00142,Vestas Offshore,DK,Offshore Wind
C00143,DNV GL,NO,Certification
C00144,Statkraft AS,NO,Energy
C00145,ABB Norway,NO,Technology
C00146,DNV GL,NO,Certification
C00147,Yara International,NO,Chemicals
C00148,Polish State,PL,Government
C00149,Vestas Offshore,DK,Offshore Wind
C00150,Siemens Energy,DE,Energy
C00151,Vestas Offshore,DK,Offshore Wind
C00152,DNV GL,NO,Certification
C00153,DNV GL,NO,Certification
C00154,Kongsberg Defence & Aerospace,NO,Defence
C00155,Yara International,NO,Chemicals
C00156,Siemens Energy,DE,Energy
C00157,Norsk Hydro,NO,Metals
C00158,Kongsberg Defence & Aerospace,NO,Defence
C00159,Statkraft AS,NO,Energy
C00160,Siemens Energy,DE,Energy
C00161,ABB Norway,NO,Technology
C00162,Polish State,PL,Government
C00163,Kongsberg Defence & Aerospace,NO,Defence
C00164,Polish State,PL,Government
C00165,Yara International,NO,Chemicals
C00166,Statkraft AS,NO,Energy
C00167,Statkraft AS,NO,Energy
C00168,Norsk Hydro,NO,Metals
C00169,Statkraft AS,NO,Energy
C00170,DNV GL,NO,Certification
C00171,Vestas Offshore,DK,Offshore Wind
C00172,Vestas Offshore,DK,Offshore Wind
C00173,Norsk Hydro,NO,Metals
C00174,DNV GL,NO,Certification
C00175,Vestas Offshore,DK,Offshore Wind
C00176,ABB Norway,NO,Technology
C00177,DNV GL,NO,Certification
C00178,Yara International,NO,Chemicals
C00179,Aker Solutions,NO,Engineering
C00180,Polish State,PL,Government
C00181,DNV GL,NO,Certification
C00182,Polish State,PL,Government
C00183,ABB Norway,NO,Technology
C00184,Aker Solutions,NO,Engineering
C00185,Siemens Energy,DE,Energy
C00186,Norsk Hydro,NO,Metals
C00187,DNV GL,NO,Certification
C00188,Norsk Hydro,NO,Metals
C00189,Statkraft AS,NO,Energy
C00190,Polish State,PL,Government
C00191,Polish State,PL,Government
C00192,Statkraft AS,NO,Energy
C00193,Siemens Energy,DE,Energy
C00194,Kongsberg Defence & Aerospace,NO,Defence
C00195,Yara International,NO,Chemicals
C00196,DNV GL,NO,Certification
C00197,Polish State,PL,Government
C00198,Yara International,NO,Chemicals
C00199,Polish State,PL,Government
C00200,Kongsberg Defence & Aerospace,NO,Defence
C00201,Statkraft AS,NO,Energy
C00202,Kongsberg Defence & Aerospace,NO,Defence
C00203,Polish State,PL,Government
C00204,Statkraft AS,NO,Energy
C00205,Kongsberg Defence & Aerospace,NO,Defence
C00206,Siemens Energy,DE,Energy
C00207,Statkraft AS,NO,Energy
C00208,DNV GL,NO,Certification
C00209,Polish State,PL,Government
C00210,ABB Norway,NO,Technology
C00211,Norsk Hydro,NO,Metals
C00212,Polish State,PL,Government
C00213,DNV GL,NO,Certification
C00214,Vestas Offshore,DK,Offshore Wind
C00215,Yara International,NO,Chemicals
C00216,Yara International,NO,Chemicals
C00217,Norsk Hydro,NO,Metals
C00218,Polish State,PL,Government
C00219,Norsk Hydro,NO,Metals
C00220,Aker Solutions,NO,Engineering
C00221,Polish State,PL,Government
C00222,Statkraft AS,NO,Energy
C00223,Statkraft AS,NO,Energy
C00224,Aker Solutions,NO,Engineering
C00225,Siemens Energy,DE,Energy
C00226,Aker Solutions,NO,Engineering
C00227,Aker Solutions,NO,Engineering
C00228,Norsk Hydro,NO,Metals
C00229,Kongsberg Defence & Aerospace,NO,Defence
C00230,Statkraft AS,NO,Energy
C00231,Kongsberg Defence & Aerospace,NO,Defence
C00232,Aker Solutions,NO,Engineering
C00233,Siemens Energy,DE,Energy
C00234,Statkraft AS,NO,Energy
C00235,Polish State,PL,Government
C00236,Polish State,PL,Government
C00237,Polish State,PL,Government
C00238,DNV GL,NO,Certification
C00239,Norsk Hydro,NO,Metals
C00240,Vestas Offshore,DK,Offshore Wind
C00241,Aker Solutions,NO,Engineering
C00242,Vestas Offshore,DK,Offshore Wind
C00243,ABB Norway,NO,Technology
C00244,Norsk Hydro,NO,Metals
C00245,Polish State,PL,Government
C00246,Statkraft AS,NO,Energy
C00247,Norsk Hydro,NO,Metals
C00248,DNV GL,NO,Certification
C00249,Statkraft AS,NO,Energy
C00250,Kongsberg Defence & Aerospace,NO,Defence
C00251,DNV GL,NO,Certification
C00252,Kongsberg Defence & Aerospace,NO,Defence
C00253,Statkraft AS,NO,Energy
C00254,Polish State,PL,Government
C00255,Vestas Offshore,DK,Offshore Wind
C00256,Aker Solutions,NO,Engineering
C00257,Norsk Hydro,NO,Metals
C00258,Norsk Hydro,NO,Metals
C00259,Polish State,PL,Government
C00260,Aker Solutions,NO,Engineering
C00261,Kongsberg Defence & Aerospace,NO,Defence
C00262,Vestas Offshore,DK,Offshore Wind
C00263,Aker Solutions,NO,Engineering
C00264,Kongsberg Defence & Aerospace,NO,Defence
C00265,Aker Solutions,NO,Engineering
C00266,ABB Norway,NO,Technology
C00267,Norsk Hydro,NO,Metals
C00268,ABB Norway,NO,Technology
C00269,Aker Solutions,NO,Engineering
C00270,DNV GL,NO,Certification
C00271,Norsk Hydro,NO,Metals
C00272,Vestas Offshore,DK,Offshore Wind
C00273,Polish State,PL,Government
C00274,ABB Norway,NO,Technology
C00275,Polish State,PL,Government
C00276,Kongsberg Defence & Aerospace,NO,Defence
C00277,Yara International,NO,Chemicals
C00278,DNV GL,NO,Certification
C00279,Kongsberg Defence & Aerospace,NO,Defence
C00280,Siemens Energy,DE,Energy
C00281,Kongsberg Defence & Aerospace,NO,Defence
C00282,Kongsberg Defence & Aerospace,NO,Defence
C00283,Yara International,NO,Chemicals
C00284,Norsk Hydro,NO,Metals
C00285,DNV GL,NO,Certification
C00286,DNV GL,NO,Certification
C00287,Vestas Offshore,DK,Offshore Wind
C00288,Kongsberg Defence & Aerospace,NO,Defence
C00289,DNV GL,NO,Certification
C00290,Statkraft AS,NO,Energy
C00291,Vestas Offshore,DK,Offshore Wind
C00292,Statkraft AS,NO,Energy
C00293,Yara International,NO,Chemicals
C00294,Statkraft AS,NO,Energy
C00295,Polish State,PL,Government
C00296,Aker Solutions,NO,Engineering
C00297,Statkraft AS,NO,Energy
C00298,Yara International,NO,Chemicals
C00299,Polish State,PL,Government
C00300,Yara International,NO,Chemicals
C00301,Yara International,NO,Chemicals
C00302,Kongsberg Defence & Aerospace,NO,Defence
C00303,Yara International,NO,Chemicals
C00304,Statkraft AS,NO,Energy
C00305,Aker Solutions,NO,Engineering
C00306,Yara International,NO,Chemicals
C00307,Yara International,NO,Chemicals
C00308,DNV GL,NO,Certification
C00309,Siemens Energy,DE,Energy
C00310,ABB Norway,NO,Technology
C00311,Polish State,PL,Government
C00312,Siemens Energy,DE,Energy
C00313,Polish State,PL,Government
C00314,ABB Norway,NO,Technology
C00315,Aker Solutions,NO,Engineering
C00316,Vestas Offshore,DK,Offshore Wind
C00317,ABB Norway,NO,Technology
C00318,Norsk Hydro,NO,Metals
C00319,Siemens Energy,DE,Energy
C00320,Statkraft AS,NO,Energy
C00321,Kongsberg Defence & Aerospace,NO,Defence
C00322,Norsk Hydro,NO,Metals
C00323,Yara International,NO,Chemicals
C00324,Yara International,NO,Chemicals
C00325,Statkraft AS,NO,Energy
C00326,Statkraft AS,NO,Energy
C00327,DNV GL,NO,Certification
C00328,Polish State,PL,Government
C00329,DNV GL,NO,Certification
C00330,ABB Norway,NO,Technology
C00331,Vestas Offshore,DK,Offshore Wind
C00332,Siemens Energy,DE,Energy
C00333,Statkraft AS,NO,Energy
C00334,Polish State,PL,Government
C00335,Siemens Energy,DE,Energy
C00336,ABB Norway,NO,Technology
C00337,Vestas Offshore,DK,Offshore Wind
C00338,Norsk Hydro,NO,Metals
C00339,DNV GL,NO,Certification
C00340,ABB Norway,NO,Technology
C00341,Yara International,NO,Chemicals
C00342,DNV GL,NO,Certification
C00343,Kongsberg Defence & Aerospace,NO,Defence
C00344,DNV GL,NO,Certification
C00345,ABB Norway,NO,Technology
C00346,Statkraft AS,NO,Energy
C00347,Vestas Offshore,DK,Offshore Wind
C00348,ABB Norway,NO,Technology
C00349,Statkraft AS,NO,Energy
C00350,Statkraft AS,NO,Energy
C00351,DNV GL,NO,Certification
C00352,Vestas Offshore,DK,Offshore Wind
C00353,ABB Norway,NO,Technology
C00354,ABB Norway,NO,Technology
C00355,Yara International,NO,Chemicals
C00356,Polish State,PL,Government
C00357,Siemens Energy,DE,Energy
C00358,Polish State,PL,Government
C00359,ABB Norway,NO,Technology
C00360,DNV GL,NO,Certification
C00361,Norsk Hydro,NO,Metals
C00362,ABB Norway,NO,Technology
C00363,Kongsberg Defence & Aerospace,NO,Defence
C00364,Statkraft AS,NO,Energy
C00365,Aker Solutions,NO,Engineering
C00366,ABB Norway,NO,Technology
C00367,Kongsberg Defence & Aerospace,NO,Defence
C00368,Kongsberg Defence & Aerospace,NO,Defence
C00369,Siemens Energy,DE,Energy
C00370,Vestas Offshore,DK,Offshore Wind
C00371,ABB Norway,NO,Technology
C00372,Vestas Offshore,DK,Offshore Wind
C00373,Norsk Hydro,NO,Metals
C00374,DNV GL,NO,Certification
C00375,Aker Solutions,NO,Engineering
C00376,DNV GL,NO,Certification
C00377,Kongsberg Defence & Aerospace,NO,Defence
C00378,Statkraft AS,NO,Energy
C00379,Statkraft AS,NO,Energy
C00380,Vestas Offshore,DK,Offshore Wind
C00381,DNV GL,NO,Certification
C00382,Kongsberg Defence & Aerospace,NO,Defence
C00383,Siemens Energy,DE,Energy
C00384,Yara International,NO,Chemicals
C00385,DNV GL,NO,Certification
C00386,Vestas Offshore,DK,Offshore Wind
C00387,Aker Solutions,NO,Engineering
C00388,Vestas Offshore,DK,Offshore Wind
C00389,Kongsberg Defence & Aerospace,NO,Defence
C00390,ABB Norway,NO,Technology
C00391,Siemens Energy,DE,Energy
C00392,Kongsberg Defence & Aerospace,NO,Defence
C00393,Siemens Energy,DE,Energy
C00394,Polish State,PL,Government
C00395,Polish State,PL,Government
C00396,Statkraft AS,NO,Energy
C00397,Siemens Energy,DE,Energy
C00398,DNV GL,NO,Certification
C00399,Aker Solutions,NO,Engineering
C00400,Yara International,NO,Chemicals
C00401,Vestas Offshore,DK,Offshore Wind
C00402,Polish State,PL,Government
C00403,Vestas Offshore,DK,Offshore Wind
C00404,Vestas Offshore,DK,Offshore Wind
C00405,Aker Solutions,NO,Engineering
C00406,Kongsberg Defence & Aerospace,NO,Defence
C00407,Vestas Offshore,DK,Offshore Wind
C00408,Siemens Energy,DE,Energy
C00409,Aker Solutions,NO,Engineering
C00410,Polish State,PL,Government
C00411,ABB Norway,NO,Technology
C00412,Vestas Offshore,DK,Offshore Wind
C00413,Statkraft AS,NO,Energy
C00414,Aker Solutions,NO,Engineering
C00415,Kongsberg Defence & Aerospace,NO,Defence
C00416,Norsk Hydro,NO,Metals
C00417,Polish State,PL,Government
C00418,Polish State,PL,Government
C00419,Norsk Hydro,NO,Metals
C00420,Siemens Energy,DE,Energy
C00421,ABB Norway,NO,Technology
C00422,Polish State,PL,Government
C00423,Polish State,PL,Government
C00424,Kongsberg Defence & Aerospace,NO,Defence
C00425,Polish State,PL,Government
C00426,Aker Solutions,NO,Engineering
C00427,Siemens Energy,DE,Energy
C00428,ABB Norway,NO,Technology
C00429,Statkraft AS,NO,Energy
C00430,ABB Norway,NO,Technology
C00431,Siemens Energy,DE,Energy
C00432,DNV GL,NO,Certification
C00433,Aker Solutions,NO,Engineering
C00434,DNV GL,NO,Certification
C00435,Siemens Energy,DE,Energy
C00436,Kongsberg Defence & Aerospace,NO,Defence
C00437,Statkraft AS,NO,Energy
C00438,ABB Norway,NO,Technology
C00439,Vestas Offshore,DK,Offshore Wind
C00440,Yara International,NO,Chemicals
C00441,ABB Norway,NO,Technology
C00442,Kongsberg Defence & Aerospace,NO,Defence
C00443,Statkraft AS,NO,Energy
C00444,Yara International,NO,Chemicals
C00445,Aker Solutions,NO,Engineering
C00446,Siemens Energy,DE,Energy
C00447,Siemens Energy,DE,Energy
C00448,Aker Solutions,NO,Engineering
C00449,Yara International,NO,Chemicals
C00450,DNV GL,NO,Certification
C00451,Statkraft AS,NO,Energy
C00452,Aker Solutions,NO,Engineering
C00453,Yara International,NO,Chemicals
C00454,Polish State,PL,Government
C00455,ABB Norway,NO,Technology
C00456,Kongsberg Defence & Aerospace,NO,Defence
C00457,Aker Solutions,NO,Engineering
C00458,Kongsberg Defence & Aerospace,NO,Defence
C00459,DNV GL,NO,Certification
C00460,DNV GL,NO,Certification
C00461,Polish State,PL,Government
C00462,Siemens Energy,DE,Energy
C00463,Aker Solutions,NO,Engineering
C00464,Statkraft AS,NO,Energy
C00465,Siemens Energy,DE,Energy
C00466,Yara International,NO,Chemicals
C00467,Siemens Energy,DE,Energy
C00468,Statkraft AS,NO,Energy
C00469,ABB Norway,NO,Technology
C00470,DNV GL,NO,Certification
C00471,ABB Norway,NO,Technology
C00472,Aker Solutions,NO,Engineering
C00473,Siemens Energy,DE,Energy
C00474,Aker Solutions,NO,Engineering
C00475,ABB Norway,NO,Technology
C00476,DNV GL,NO,Certification
C00477,Vestas Offshore,DK,Offshore Wind
C00478,Polish State,PL,Government
C00479,Aker Solutions,NO,Engineering
C00480,Aker Solutions,NO,Engineering
C00481,Vestas Offshore,DK,Offshore Wind
C00482,Yara International,NO,Chemicals
C00483,Yara International,NO,Chemicals
C00484,ABB Norway,NO,Technology
C00485,Aker Solutions,NO,Engineering
C00486,DNV GL,NO,Certification
C00487,Kongsberg Defence & Aerospace,NO,Defence
C00488,ABB Norway,NO,Technology
C00489,ABB Norway,NO,Technology
C00490,Polish State,PL,Government
C00491,Aker Solutions,NO,Engineering
C00492,Yara International,NO,Chemicals
C00493,Yara International,NO,Chemicals
C00494,Siemens Energy,DE,Energy
C00495,Norsk Hydro,NO,Metals
C00496,Norsk Hydro,NO,Metals
C00497,Norsk Hydro,NO,Metals
C00498,Polish State,PL,Government
C00499,DNV GL,NO,Certification
C00500,Norsk Hydro,NO,Metals
C00501,Vestas Offshore,DK,Offshore Wind
C00502,Statkraft AS,NO,Energy
C00503,ABB Norway,NO,Technology
C00504,DNV GL,NO,Certification
C00505,Yara International,NO,Chemicals
C00506,Siemens Energy,DE,Energy
C00507,Statkraft AS,NO,Energy
C00508,Polish State,PL,Government
C00509,ABB Norway,NO,Technology
C00510,Polish State,PL,Government
C00511,Polish State,PL,Government
C00512,Vestas Offshore,DK,Offshore Wind
C00513,Kongsberg Defence & Aerospace,NO,Defence
C00514,Kongsberg Defence & Aerospace,NO,Defence
C00515,Polish State,PL,Government
C00516,Norsk Hydro,NO,Metals
C00517,Yara International,NO,Chemicals
C00518,Statkraft AS,NO,Energy
C00519,Norsk Hydro,NO,Metals
C00520,Aker Solutions,NO,Engineering
C00521,Yara International,NO,Chemicals
C00522,Polish State,PL,Government
C00523,Aker Solutions,NO,Engineering
C00524,Norsk Hydro,NO,Metals
C00525,Aker Solutions,NO,Engineering
C00526,Polish State,PL,Government
C00527,Vestas Offshore,DK,Offshore Wind
C00528,Kongsberg Defence & Aerospace,NO,Defence
C00529,Statkraft AS,NO,Energy
C00530,Aker Solutions,NO,Engineering
C00531,Polish State,PL,Government
C00532,Vestas Offshore,DK,Offshore Wind
C00533,DNV GL,NO,Certification
C00534,Norsk Hydro,NO,Metals
C00535,Kongsberg Defence & Aerospace,NO,Defence
C00536,DNV GL,NO,Certification
C00537,Polish State,PL,Government
C00538,Statkraft AS,NO,Energy
C00539,Norsk Hydro,NO,Metals
C00540,Vestas Offshore,DK,Offshore Wind
C00541,Norsk Hydro,NO,Metals
C00542,DNV GL,NO,Certification
C00543,DNV GL,NO,Certification
C00544,Yara International,NO,Chemicals
C00545,Siemens Energy,DE,Energy
C00546,Norsk Hydro,NO,Metals
C00547,Yara International,NO,Chemicals
C00548,DNV GL,NO,Certification
C00549,Aker Solutions,NO,Engineering
C00550,DNV GL,NO,Certification
C00551,Norsk Hydro,NO,Metals
C00552,Vestas Offshore,DK,Offshore Wind
C00553,Norsk Hydro,NO,Metals
C00554,Norsk Hydro,NO,Metals
C00555,ABB Norway,NO,Technology
C00556,Polish State,PL,Government
C00557,ABB Norway,NO,Technology
C00558,DNV GL,NO,Certification
C00559,Norsk Hydro,NO,Metals
C00560,Polish State,PL,Government
C00561,ABB Norway,NO,Technology
C00562,Norsk Hydro,NO,Metals
C00563,Statkraft AS,NO,Energy
C00564,ABB Norway,NO,Technology
C00565,Polish State,PL,Government
C00566,ABB Norway,NO,Technology
C00567,Siemens Energy,DE,Energy
C00568,Siemens Energy,DE,Energy
C00569,DNV GL,NO,Certification
C00570,Statkraft AS,NO,Energy
C00571,Vestas Offshore,DK,Offshore Wind
C00572,Vestas Offshore,DK,Offshore Wind
C00573,Polish State,PL,Government
C00574,Aker Solutions,NO,Engineering
C00575,Vestas Offshore,DK,Offshore Wind
C00576,Polish State,PL,Government
C00577,Statkraft AS,NO,Energy
C00578,Aker Solutions,NO,Engineering
C00579,Aker Solutions,NO,Engineering
C00580,Siemens Energy,DE,Energy
C00581,DNV GL,NO,Certification
C00582,Norsk Hydro,NO,Metals
C00583,Aker Solutions,NO,Engineering
C00584,Kongsberg Defence & Aerospace,NO,Defence
C00585,Polish State,PL,Government
C00586,Aker Solutions,NO,Engineering
C00587,Aker Solutions,NO,Engineering
C00588,Yara International,NO,Chemicals
C00589,Kongsberg Defence & Aerospace,NO,Defence
C00590,Yara International,NO,Chemicals
C00591,Aker Solutions,NO,Engineering
C00592,Norsk Hydro,NO,Metals
C00593,Kongsberg Defence & Aerospace,NO,Defence
C00594,Siemens Energy,DE,Energy
C00595,ABB Norway,NO,Technology
C00596,Aker Solutions,NO,Engineering
C00597,Aker Solutions,NO,Engineering
C00598,DNV GL,NO,Certification
C00599,DNV GL,NO,Certification
C00600,Yara International,NO,Chemicals
C00601,Polish State,PL,Government
C00602,Norsk Hydro,NO,Metals
C00603,Polish State,PL,Government
C00604,ABB Norway,NO,Technology
C00605,Aker Solutions,NO,Engineering
C00606,Norsk Hydro,NO,Metals
C00607,Kongsberg Defence & Aerospace,NO,Defence
C00608,Aker Solutions,NO,Engineering
C00609,Siemens Energy,DE,Energy
C00610,Aker Solutions,NO,Engineering
C00611,Vestas Offshore,DK,Offshore Wind
C00612,Norsk Hydro,NO,Metals
C00613,Vestas Offshore,DK,Offshore Wind
C00614,Yara International,NO,Chemicals
C00615,DNV GL,NO,Certification
C00616,Kongsberg Defence & Aerospace,NO,Defence
C00617,Aker Solutions,NO,Engineering
C00618,Yara International,NO,Chemicals
C00619,Yara International,NO,Chemicals
C00620,Kongsberg Defence & Aerospace,NO,Defence
C00621,Statkraft AS,NO,Energy
C00622,Aker Solutions,NO,Engineering
C00623,Vestas Offshore,DK,Offshore Wind
C00624,Norsk Hydro,NO,Metals
C00625,Vestas Offshore,DK,Offshore Wind
C00626,Kongsberg Defence & Aerospace,NO,Defence
C00627,ABB Norway,NO,Technology
C00628,Aker Solutions,NO,Engineering
C00629,Siemens Energy,DE,Energy
C00630,Polish State,PL,Government
C00631,Norsk Hydro,NO,Metals
C00632,Siemens Energy,DE,Energy
C00633,Siemens Energy,DE,Energy
C00634,Aker Solutions,NO,Engineering
C00635,ABB Norway,NO,Technology
C00636,Aker Solutions,NO,Engineering
C00637,ABB Norway,NO,Technology
C00638,Statkraft AS,NO,Energy
C00639,Norsk Hydro,NO,Metals
C00640,Kongsberg Defence & Aerospace,NO,Defence
C00641,DNV GL,NO,Certification
C00642,Kongsberg Defence & Aerospace,NO,Defence
C00643,Siemens Energy,DE,Energy
C00644,Polish State,PL,Government
C00645,Statkraft AS,NO,Energy
C00646,Kongsberg Defence & Aerospace,NO,Defence
C00647,Kongsberg Defence & Aerospace,NO,Defence
C00648,Polish State,PL,Government
C00649,Polish State,PL,Government
C00650,Kongsberg Defence & Aerospace,NO,Defence
C00651,Yara International,NO,Chemicals
C00652,Vestas Offshore,DK,Offshore Wind
C00653,Polish State,PL,Government
C00654,Vestas Offshore,DK,Offshore Wind
C00655,Norsk Hydro,NO,Metals
C00656,Statkraft AS,NO,Energy
C00657,Yara International,NO,Chemicals
C00658,Polish State,PL,Government
C00659,Norsk Hydro,NO,Metals
C00660,ABB Norway,NO,Technology
C00661,Siemens Energy,DE,Energy
C00662,Vestas Offshore,DK,Offshore Wind
C00663,Yara International,NO,Chemicals
C00664,Yara International,NO,Chemicals
C00665,Statkraft AS,NO,Energy
C00666,Vestas Offshore,DK,Offshore Wind
C00667,ABB Norway,NO,Technology
C00668,Statkraft AS,NO,Energy
C00669,Yara International,NO,Chemicals
C00670,Kongsberg Defence & Aerospace,NO,Defence
C00671,ABB Norway,NO,Technology
C00672,Yara International,NO,Chemicals
C00673,Aker Solutions,NO,Engineering
C00674,Aker Solutions,NO,Engineering
C00675,Polish State,PL,Government
C00676,Statkraft AS,NO,Energy
C00677,Yara International,NO,Chemicals
C00678,Polish State,PL,Government
C00679,Statkraft AS,NO,Energy
C00680,ABB Norway,NO,Technology
C00681,Yara International,NO,Chemicals
C00682,Statkraft AS,NO,Energy
C00683,Yara International,NO,Chemicals
C00684,Kongsberg Defence & Aerospace,NO,Defence
C00685,Siemens Energy,DE,Energy
C00686,DNV GL,NO,Certification
C00687,Aker Solutions,NO,Engineering
C00688,Siemens Energy,DE,Energy
C00689,Statkraft AS,NO,Energy
C00690,DNV GL,NO,Certification
C00691,Siemens Energy,DE,Energy
C00692,Kongsberg Defence & Aerospace,NO,Defence
C00693,Aker Solutions,NO,Engineering
C00694,Norsk Hydro,NO,Metals
C00695,Statkraft AS,NO,Energy
C00696,Aker Solutions,NO,Engineering
C00697,Siemens Energy,DE,Energy
C00698,Norsk Hydro,NO,Metals
C00699,Vestas Offshore,DK,Offshore Wind
C00700,Aker Solutions,NO,Engineering
C00701,Vestas Offshore,DK,Offshore Wind
C00702,DNV GL,NO,Certification
C00703,ABB Norway,NO,Technology
C00704,Yara International,NO,Chemicals
C00705,DNV GL,NO,Certification
C00706,Norsk Hydro,NO,Metals
C00707,Norsk Hydro,NO,Metals
C00708,Aker Solutions,NO,Engineering
C00709,Yara International,NO,Chemicals
C00710,ABB Norway,NO,Technology
C00711,Siemens Energy,DE,Energy
C00712,Polish State,PL,Government
C00713,Statkraft AS,NO,Energy
C00714,ABB Norway,NO,Technology
C00715,Norsk Hydro,NO,Metals
C00716,Polish State,PL,Government
C00717,Norsk Hydro,NO,Metals
C00718,Yara International,NO,Chemicals
C00719,Yara International,NO,Chemicals
C00720,Aker Solutions,NO,Engineering
C00721,Siemens Energy,DE,Energy
C00722,Kongsberg Defence & Aerospace,NO,Defence
C00723,Norsk Hydro,NO,Metals
C00724,Siemens Energy,DE,Energy
C00725,Vestas Offshore,DK,Offshore Wind
C00726,Norsk Hydro,NO,Metals
C00727,Polish State,PL,Government
C00728,Siemens Energy,DE,Energy
C00729,ABB Norway,NO,Technology
C00730,Siemens Energy,DE,Energy
C00731,ABB Norway,NO,Technology
C00732,Yara International,NO,Chemicals
C00733,ABB Norway,NO,Technology
C00734,DNV GL,NO,Certification
C00735,Kongsberg Defence & Aerospace,NO,Defence
C00736,DNV GL,NO,Certification
C00737,Polish State,PL,Government
C00738,Statkraft AS,NO,Energy
C00739,Polish State,PL,Government
C00740,Aker Solutions,NO,Engineering
C00741,Norsk Hydro,NO,Metals
C00742,DNV GL,NO,Certification
C00743,Polish State,PL,Government
C00744,Norsk Hydro,NO,Metals
C00745,Norsk Hydro,NO,Metals
C00746,Norsk Hydro,NO,Metals
C00747,Kongsberg Defence & Aerospace,NO,Defence
C00748,Statkraft AS,NO,Energy
C00749,ABB Norway,NO,Technology
C00750,Polish State,PL,Government
C00751,Aker Solutions,NO,Engineering
C00752,Polish State,PL,Government
C00753,ABB Norway,NO,Technology
C00754,Yara International,NO,Chemicals
C00755,Siemens Energy,DE,Energy
C00756,Norsk Hydro,NO,Metals
C00757,DNV GL,NO,Certification
C00758,DNV GL,NO,Certification
C00759,Siemens Energy,DE,Energy
C00760,Aker Solutions,NO,Engineering
C00761,DNV GL,NO,Certification
C00762,Siemens Energy,DE,Energy
C00763,Siemens Energy,DE,Energy
C00764,Norsk Hydro,NO,Metals
C00765,ABB Norway,NO,Technology
C00766,ABB Norway,NO,Technology
C00767,ABB Norway,NO,Technology
C00768,Polish State,PL,Government
C00769,Statkraft AS,NO,Energy
C00770,Polish State,PL,Government
C00771,Siemens Energy,DE,Energy
C00772,Statkraft AS,NO,Energy
C00773,DNV GL,NO,Certification
C00774,Vestas Offshore,DK,Offshore Wind
C00775,Polish State,PL,Government
C00776,Polish State,PL,Government
C00777,Norsk Hydro,NO,Metals
C00778,ABB Norway,NO,Technology
C00779,Yara International,NO,Chemicals
C00780,DNV GL,NO,Certification
C00781,Yara International,NO,Chemicals
C00782,ABB Norway,NO,Technology
C00783,Statkraft AS,NO,Energy
C00784,Polish State,PL,Government
C00785,ABB Norway,NO,Technology
C00786,Polish State,PL,Government
C00787,Siemens Energy,DE,Energy
C00788,Vestas Offshore,DK,Offshore Wind
C00789,ABB Norway,NO,Technology
C00790,Kongsberg Defence & Aerospace,NO,Defence
C00791,DNV GL,NO,Certification
C00792,Vestas Offshore,DK,Offshore Wind
C00793,ABB Norway,NO,Technology
C00794,Kongsberg Defence & Aerospace,NO,Defence
C00795,Kongsberg Defence & Aerospace,NO,Defence
C00796,DNV GL,NO,Certification
C00797,ABB Norway,NO,Technology
C00798,Vestas Offshore,DK,Offshore Wind
C00799,Norsk Hydro,NO,Metals
C00800,Statkraft AS,NO,Energy
C00801,Kongsberg Defence & Aerospace,NO,Defence
C00802,Yara International,NO,Chemicals
C00803,ABB Norway,NO,Technology
C00804,Norsk Hydro,NO,Metals
C00805,Norsk Hydro,NO,Metals
C00806,Norsk Hydro,NO,Metals
C00807,Siemens Energy,DE,Energy
C00808,Vestas Offshore,DK,Offshore Wind
C00809,Kongsberg Defence & Aerospace,NO,Defence
C00810,ABB Norway,NO,Technology
C00811,Norsk Hydro,NO,Metals
C00812,Statkraft AS,NO,Energy
C00813,Statkraft AS,NO,Energy
C00814,Aker Solutions,NO,Engineering
C00815,Norsk Hydro,NO,Metals
C00816,Statkraft AS,NO,Energy
C00817,Yara International,NO,Chemicals
C00818,Kongsberg Defence & Aerospace,NO,Defence
C00819,Vestas Offshore,DK,Offshore Wind
C00820,Vestas Offshore,DK,Offshore Wind
C00821,Yara International,NO,Chemicals
C00822,ABB Norway,NO,Technology
C00823,Statkraft AS,NO,Energy
C00824,Polish State,PL,Government
C00825,Statkraft AS,NO,Energy
C00826,DNV GL,NO,Certification
C00827,Aker Solutions,NO,Engineering
C00828,Yara International,NO,Chemicals
C00829,Yara International,NO,Chemicals
C00830,Yara International,NO,Chemicals
C00831,Polish State,PL,Government
C00832,DNV GL,NO,Certification
C00833,Aker Solutions,NO,Engineering
C00834,Norsk Hydro,NO,Metals
C00835,Norsk Hydro,NO,Metals
C00836,ABB Norway,NO,Technology
C00837,Yara International,NO,Chemicals
C00838,Aker Solutions,NO,Engineering
C00839,ABB Norway,NO,Technology
C00840,Yara International,NO,Chemicals
C00841,Yara International,NO,Chemicals
C00842,Kongsberg Defence & Aerospace,NO,Defence
C00843,Yara International,NO,Chemicals
C00844,Statkraft AS,NO,Energy
C00845,Polish State,PL,Government
C00846,Polish State,PL,Government
C00847,ABB Norway,NO,Technology
C00848,Statkraft AS,NO,Energy
C00849,Vestas Offshore,DK,Offshore Wind
C00850,Polish State,PL,Government
C00851,Vestas Offshore,DK,Offshore Wind
C00852,DNV GL,NO,Certification
C00853,Statkraft AS,NO,Energy
C00854,Vestas Offshore,DK,Offshore Wind
C00855,Kongsberg Defence & Aerospace,NO,Defence
C00856,Aker Solutions,NO,Engineering
C00857,Norsk Hydro,NO,Metals
C00858,Yara International,NO,Chemicals
C00859,Norsk Hydro,NO,Metals
C00860,ABB Norway,NO,Technology
C00861,Kongsberg Defence & Aerospace,NO,Defence
C00862,Polish State,PL,Government
C00863,ABB Norway,NO,Technology
C00864,ABB Norway,NO,Technology
C00865,Norsk Hydro,NO,Metals
C00866,Statkraft AS,NO,Energy
C00867,Polish State,PL,Government
C00868,ABB Norway,NO,Technology
C00869,Yara International,NO,Chemicals
C00870,Polish State,PL,Government
C00871,Aker Solutions,NO,Engineering
C00872,Statkraft AS,NO,Energy
C00873,DNV GL,NO,Certification
C00874,Polish State,PL,Government
C00875,Vestas Offshore,DK,Offshore Wind
C00876,ABB Norway,NO,Technology
C00877,Vestas Offshore,DK,Offshore Wind
C00878,Statkraft AS,NO,Energy
C00879,Kongsberg Defence & Aerospace,NO,Defence
C00880,Vestas Offshore,DK,Offshore Wind
C00881,ABB Norway,NO,Technology
C00882,Yara International,NO,Chemicals
C00883,Yara International,NO,Chemicals
C00884,ABB Norway,NO,Technology
C00885,Norsk Hydro,NO,Metals
C00886,Statkraft AS,NO,Energy
C00887,Norsk Hydro,NO,Metals
C00888,ABB Norway,NO,Technology
C00889,Aker Solutions,NO,Engineering
C00890,ABB Norway,NO,Technology
C00891,DNV GL,NO,Certification
C00892,DNV GL,NO,Certification
C00893,Norsk Hydro,NO,Metals
C00894,Norsk Hydro,NO,Metals
C00895,Statkraft AS,NO,Energy
C00896,Yara International,NO,Chemicals
C00897,Kongsberg Defence & Aerospace,NO,Defence
C00898,Aker Solutions,NO,Engineering
C00899,Siemens Energy,DE,Energy
C00900,Yara International,NO,Chemicals
C00901,ABB Norway,NO,Technology
C00902,Kongsberg Defence & Aerospace,NO,Defence
C00903,Statkraft AS,NO,Energy
C00904,Polish State,PL,Government
C00905,Yara International,NO,Chemicals
C00906,Yara International,NO,Chemicals
C00907,Kongsberg Defence & Aerospace,NO,Defence
C00908,ABB Norway,NO,Technology
C00909,Yara International,NO,Chemicals
C00910,Kongsberg Defence & Aerospace,NO,Defence
C00911,Vestas Offshore,DK,Offshore Wind
C00912,Norsk Hydro,NO,Metals
C00913,DNV GL,NO,Certification
C00914,Norsk Hydro,NO,Metals
C00915,ABB Norway,NO,Technology
C00916,Vestas Offshore,DK,Offshore Wind
C00917,Yara International,NO,Chemicals
C00918,Aker Solutions,NO,Engineering
C00919,Norsk Hydro,NO,Metals
C00920,Statkraft AS,NO,Energy
C00921,Norsk Hydro,NO,Metals
C00922,Siemens Energy,DE,Energy
C00923,Aker Solutions,NO,Engineering
C00924,Siemens Energy,DE,Energy
C00925,Siemens Energy,DE,Energy
C00926,Statkraft AS,NO,Energy
C00927,Vestas Offshore,DK,Offshore Wind
C00928,Siemens Energy,DE,Energy
C00929,Aker Solutions,NO,Engineering
C00930,Norsk Hydro,NO,Metals
C00931,ABB Norway,NO,Technology
C00932,Aker Solutions,NO,Engineering
C00933,DNV GL,NO,Certification
C00934,Kongsberg Defence & Aerospace,NO,Defence
C00935,Norsk Hydro,NO,Metals
C00936,Statkraft AS,NO,Energy
C00937,Siemens Energy,DE,Energy
C00938,ABB Norway,NO,Technology
C00939,Siemens Energy,DE,Energy
C00940,Statkraft AS,NO,Energy
C00941,Aker Solutions,NO,Engineering
C00942,DNV GL,NO,Certification
C00943,Kongsberg Defence & Aerospace,NO,Defence
C00944,DNV GL,NO,Certification
C00945,Norsk Hydro,NO,Metals
C00946,Aker Solutions,NO,Engineering
C00947,Kongsberg Defence & Aerospace,NO,Defence
C00948,Polish State,PL,Government
C00949,DNV GL,NO,Certification
C00950,Siemens Energy,DE,Energy
C00951,Yara International,NO,Chemicals
C00952,Norsk Hydro,NO,Metals
C00953,Norsk Hydro,NO,Metals
C00954,Kongsberg Defence & Aerospace,NO,Defence
C00955,Polish State,PL,Government
C00956,ABB Norway,NO,Technology
C00957,DNV GL,NO,Certification
C00958,Vestas Offshore,DK,Offshore Wind
C00959,ABB Norway,NO,Technology
C00960,Norsk Hydro,NO,Metals
C00961,Norsk Hydro,NO,Metals
C00962,Statkraft AS,NO,Energy
C00963,Kongsberg Defence & Aerospace,NO,Defence
C00964,Yara International,NO,Chemicals
C00965,Polish State,PL,Government
C00966,Vestas Offshore,DK,Offshore Wind
C00967,ABB Norway,NO,Technology
C00968,DNV GL,NO,Certification
C00969,Kongsberg Defence & Aerospace,NO,Defence
C00970,DNV GL,NO,Certification
C00971,Aker Solutions,NO,Engineering
C00972,Statkraft AS,NO,Energy
C00973,Polish State,PL,Government
C00974,Statkraft AS,NO,Energy
C00975,Norsk Hydro,NO,Metals
C00976,Statkraft AS,NO,Energy
C00977,Vestas Offshore,DK,Offshore Wind
C00978,Norsk Hydro,NO,Metals
C00979,ABB Norway,NO,Technology
C00980,DNV GL,NO,Certification
C00981,ABB Norway,NO,Technology
C00982,Aker Solutions,NO,Engineering
C00983,Norsk Hydro,NO,Metals
C00984,Norsk Hydro,NO,Metals
C00985,Polish State,PL,Government
C00986,Norsk Hydro,NO,Metals
C00987,DNV GL,NO,Certification
C00988,Vestas Offshore,DK,Offshore Wind
C00989,Aker Solutions,NO,Engineering
C00990,Polish State,PL,Government
C00991,Yara International,NO,Chemicals
C00992,DNV GL,NO,Certification
C00993,Vestas Offshore,DK,Offshore Wind
C00994,Statkraft AS,NO,Energy
C00995,ABB Norway,NO,Technology
C00996,Aker Solutions,NO,Engineering
C00997,Siemens Energy,DE,Energy
C00998,DNV GL,NO,Certification
C00999,ABB Norway,NO,Technology
C01000,Kongsberg Defence & Aerospace,NO,Defence
C01001,ABB Norway,NO,Technology
C01002,ABB Norway,NO,Technology
C01003,Yara International,NO,Chemicals
C01004,Yara International,NO,Chemicals
C01005,Norsk Hydro,NO,Metals
C01006,Vestas Offshore,DK,Offshore Wind
C01007,Norsk Hydro,NO,Metals
C01008,DNV GL,NO,Certification
C01009,Norsk Hydro,NO,Metals
C01010,Siemens Energy,DE,Energy
C01011,Siemens Energy,DE,Energy
C01012,DNV GL,NO,Certification
C01013,DNV GL,NO,Certification
C01014,Aker Solutions,NO,Engineering
C01015,Norsk Hydro,NO,Metals
C01016,Siemens Energy,DE,Energy
C01017,Polish State,PL,Government
C01018,Polish State,PL,Government
C01019,Yara International,NO,Chemicals
C01020,Aker Solutions,NO,Engineering
C01021,Polish State,PL,Government
C01022,Aker Solutions,NO,Engineering
C01023,Kongsberg Defence & Aerospace,NO,Defence
C01024,Siemens Energy,DE,Energy
C01025,Norsk Hydro,NO,Metals
C01026,Aker Solutions,NO,Engineering
C01027,Aker Solutions,NO,Engineering
C01028,Vestas Offshore,DK,Offshore Wind
C01029,Norsk Hydro,NO,Metals
C01030,Kongsberg Defence & Aerospace,NO,Defence
C01031,Vestas Offshore,DK,Offshore Wind
C01032,DNV GL,NO,Certification
C01033,Yara International,NO,Chemicals
C01034,Siemens Energy,DE,Energy
C01035,Statkraft AS,NO,Energy
C01036,Norsk Hydro,NO,Metals
C01037,Statkraft AS,NO,Energy
C01038,DNV GL,NO,Certification
C01039,Norsk Hydro,NO,Metals
C01040,Kongsberg Defence & Aerospace,NO,Defence
C01041,Vestas Offshore,DK,Offshore Wind
C01042,Aker Solutions,NO,Engineering
C01043,Vestas Offshore,DK,Offshore Wind
C01044,Statkraft AS,NO,Energy
C01045,Norsk Hydro,NO,Metals
C01046,ABB Norway,NO,Technology
C01047,Siemens Energy,DE,Energy
C01048,Yara International,NO,Chemicals
C01049,Aker Solutions,NO,Engineering
C01050,Statkraft AS,NO,Energy
C01051,Siemens Energy,DE,Energy
C01052,DNV GL,NO,Certification
C01053,Aker Solutions,NO,Engineering
C01054,Siemens Energy,DE,Energy
C01055,Norsk Hydro,NO,Metals
C01056,DNV GL,NO,Certification
C01057,Kongsberg Defence & Aerospace,NO,Defence
C01058,Yara International,NO,Chemicals
C01059,Statkraft AS,NO,Energy
C01060,Polish State,PL,Government
C01061,ABB Norway,NO,Technology
C01062,Polish State,PL,Government
C01063,Statkraft AS,NO,Energy
C01064,Aker Solutions,NO,Engineering
C01065,Statkraft AS,NO,Energy
C01066,Statkraft AS,NO,Energy
C01067,Norsk Hydro,NO,Metals
C01068,Vestas Offshore,DK,Offshore Wind
C01069,ABB Norway,NO,Technology
C01070,Kongsberg Defence & Aerospace,NO,Defence
C01071,Kongsberg Defence & Aerospace,NO,Defence
C01072,Siemens Energy,DE,Energy
C01073,Kongsberg Defence & Aerospace,NO,Defence
C01074,ABB Norway,NO,Technology
C01075,Siemens Energy,DE,Energy
C01076,Siemens Energy,DE,Energy
C01077,Aker Solutions,NO,Engineering
C01078,Vestas Offshore,DK,Offshore Wind
C01079,Polish State,PL,Government
C01080,DNV GL,NO,Certification
C01081,Aker Solutions,NO,Engineering
C01082,Yara International,NO,Chemicals
C01083,Vestas Offshore,DK,Offshore Wind
C01084,Vestas Offshore,DK,Offshore Wind
C01085,Vestas Offshore,DK,Offshore Wind
C01086,Statkraft AS,NO,Energy
C01087,Yara International,NO,Chemicals
C01088,Aker Solutions,NO,Engineering
C01089,Yara International,NO,Chemicals
C01090,Polish State,PL,Government
C01091,Norsk Hydro,NO,Metals
C01092,Yara International,NO,Chemicals
C01093,Vestas Offshore,DK,Offshore Wind
C01094,Polish State,PL,Government
C01095,Norsk Hydro,NO,Metals
C01096,ABB Norway,NO,Technology
C01097,Norsk Hydro,NO,Metals
C01098,ABB Norway,NO,Technology
C01099,Kongsberg Defence & Aerospace,NO,Defence
C01100,Norsk Hydro,NO,Metals
C01101,ABB Norway,NO,Technology
C01102,DNV GL,NO,Certification
C01103,Vestas Offshore,DK,Offshore Wind
C01104,Statkraft AS,NO,Energy
C01105,Norsk Hydro,NO,Metals
C01106,Siemens Energy,DE,Energy
C01107,Yara International,NO,Chemicals
C01108,ABB Norway,NO,Technology
C01109,Aker Solutions,NO,Engineering
C01110,ABB Norway,NO,Technology
C01111,Norsk Hydro,NO,Metals
C01112,ABB Norway,NO,Technology
C01113,Polish State,PL,Government
C01114,Aker Solutions,NO,Engineering
C01115,Norsk Hydro,NO,Metals
C01116,Statkraft AS,NO,Energy
C01117,Polish State,PL,Government
C01118,Aker Solutions,NO,Engineering
C01119,Yara International,NO,Chemicals
C01120,Siemens Energy,DE,Energy
C01121,Yara International,NO,Chemicals
C01122,ABB Norway,NO,Technology
C01123,ABB Norway,NO,Technology
C01124,Kongsberg Defence & Aerospace,NO,Defence
C01125,Aker Solutions,NO,Engineering
C01126,ABB Norway,NO,Technology
C01127,Kongsberg Defence & Aerospace,NO,Defence
C01128,Yara International,NO,Chemicals
C01129,Kongsberg Defence & Aerospace,NO,Defence
C01130,Yara International,NO,Chemicals
C01131,Norsk Hydro,NO,Metals
C01132,ABB Norway,NO,Technology
C01133,Polish State,PL,Government
C01134,Yara International,NO,Chemicals
C01135,Siemens Energy,DE,Energy
C01136,Polish State,PL,Government
C01137,Polish State,PL,Government
C01138,Yara International,NO,Chemicals
C01139,ABB Norway,NO,Technology
C01140,Vestas Offshore,DK,Offshore Wind
C01141,Statkraft AS,NO,Energy
C01142,Kongsberg Defence & Aerospace,NO,Defence
C01143,ABB Norway,NO,Technology
C01144,Norsk Hydro,NO,Metals
C01145,Kongsberg Defence & Aerospace,NO,Defence
C01146,Yara International,NO,Chemicals
C01147,Siemens Energy,DE,Energy
C01148,Vestas Offshore,DK,Offshore Wind
C01149,Statkraft AS,NO,Energy
C01150,ABB Norway,NO,Technology
C01151,Siemens Energy,DE,Energy
C01152,Aker Solutions,NO,Engineering
C01153,Vestas Offshore,DK,Offshore Wind
C01154,Polish State,PL,Government
C01155,Vestas Offshore,DK,Offshore Wind
C01156,DNV GL,NO,Certification
C01157,Siemens Energy,DE,Energy
C01158,DNV GL,NO,Certification
C01159,DNV GL,NO,Certification
C01160,ABB Norway,NO,Technology
C01161,Vestas Offshore,DK,Offshore Wind
C01162,ABB Norway,NO,Technology
C01163,Norsk Hydro,NO,Metals
C01164,ABB Norway,NO,Technology
C01165,Siemens Energy,DE,Energy
C01166,Statkraft AS,NO,Energy
C01167,Norsk Hydro,NO,Metals
C01168,Statkraft AS,NO,Energy
C01169,Vestas Offshore,DK,Offshore Wind
C01170,Polish State,PL,Government
C01171,Aker Solutions,NO,Engineering
C01172,DNV GL,NO,Certification
C01173,Siemens Energy,DE,Energy
C01174,Statkraft AS,NO,Energy
C01175,Aker Solutions,NO,Engineering
C01176,Kongsberg Defence & Aerospace,NO,Defence
C01177,ABB Norway,NO,Technology
C01178,DNV GL,NO,Certification
C01179,Statkraft AS,NO,Energy
C01180,Norsk Hydro,NO,Metals
C01181,Siemens Energy,DE,Energy
C01182,ABB Norway,NO,Technology
C01183,Yara International,NO,Chemicals
C01184,Aker Solutions,NO,Engineering
C01185,Siemens Energy,DE,Energy
C01186,Statkraft AS,NO,Energy
C01187,Polish State,PL,Government
C01188,Norsk Hydro,NO,Metals
C01189,Kongsberg Defence & Aerospace,NO,Defence
C01190,Yara International,NO,Chemicals
C01191,DNV GL,NO,Certification
C01192,Siemens Energy,DE,Energy
C01193,Yara International,NO,Chemicals
C01194,Polish State,PL,Government
C01195,Statkraft AS,NO,Energy
C01196,Norsk Hydro,NO,Metals
C01197,ABB Norway,NO,Technology
C01198,Aker Solutions,NO,Engineering
C01199,Statkraft AS,NO,Energy
C01200,Vestas Offshore,DK,Offshore Wind
C01201,Kongsberg Defence & Aerospace,NO,Defence
C01202,Kongsberg Defence & Aerospace,NO,Defence
C01203,ABB Norway,NO,Technology
C01204,Norsk Hydro,NO,Metals
C01205,Statkraft AS,NO,Energy
C01206,Statkraft AS,NO,Energy
C01207,Polish State,PL,Government
C01208,DNV GL,NO,Certification
C01209,Vestas Offshore,DK,Offshore Wind
C01210,Aker Solutions,NO,Engineering
C01211,Norsk Hydro,NO,Metals
C01212,Siemens Energy,DE,Energy
C01213,DNV GL,NO,Certification
C01214,Aker Solutions,NO,Engineering
C01215,Yara International,NO,Chemicals
C01216,Vestas Offshore,DK,Offshore Wind
C01217,Aker Solutions,NO,Engineering
C01218,Statkraft AS,NO,Energy
C01219,Norsk Hydro,NO,Metals
C01220,Yara International,NO,Chemicals
C01221,Aker Solutions,NO,Engineering
C01222,ABB Norway,NO,Technology
C01223,Kongsberg Defence & Aerospace,NO,Defence
C01224,Siemens Energy,DE,Energy
C01225,Polish State,PL,Government
C01226,Norsk Hydro,NO,Metals
C01227,Norsk Hydro,NO,Metals
C01228,Polish State,PL,Government
C01229,Siemens Energy,DE,Energy
C01230,Statkraft AS,NO,Energy
C01231,Siemens Energy,DE,Energy
C01232,DNV GL,NO,Certification
C01233,Siemens Energy,DE,Energy
C01234,Kongsberg Defence & Aerospace,NO,Defence
C01235,Aker Solutions,NO,Engineering
C01236,ABB Norway,NO,Technology
C01237,Polish State,PL,Government
C01238,Statkraft AS,NO,Energy
C01239,Norsk Hydro,NO,Metals
C01240,Statkraft AS,NO,Energy
C01241,Polish State,PL,Government
C01242,Yara International,NO,Chemicals
C01243,Kongsberg Defence & Aerospace,NO,Defence
C01244,Kongsberg Defence & Aerospace,NO,Defence
C01245,Siemens Energy,DE,Energy
C01246,Polish State,PL,Government
C01247,Vestas Offshore,DK,Offshore Wind
C01248,Yara International,NO,Chemicals
C01249,Polish State,PL,Government
C01250,Statkraft AS,NO,Energy
C01251,DNV GL,NO,Certification
C01252,Polish State,PL,Government
C01253,Yara International,NO,Chemicals
C01254,Polish State,PL,Government
C01255,Polish State,PL,Government
C01256,Siemens Energy,DE,Energy
C01257,Vestas Offshore,DK,Offshore Wind
C01258,Yara International,NO,Chemicals
C01259,Kongsberg Defence & Aerospace,NO,Defence
C01260,ABB Norway,NO,Technology
C01261,Vestas Offshore,DK,Offshore Wind
C01262,Vestas Offshore,DK,Offshore Wind
C01263,DNV GL,NO,Certification
C01264,ABB Norway,NO,Technology
C01265,Vestas Offshore,DK,Offshore Wind
C01266,Statkraft AS,NO,Energy
C01267,Kongsberg Defence & Aerospace,NO,Defence
C01268,Vestas Offshore,DK,Offshore Wind
C01269,Kongsberg Defence & Aerospace,NO,Defence
C01270,Siemens Energy,DE,Energy
C01271,Polish State,PL,Government
C01272,Yara International,NO,Chemicals
C01273,Siemens Energy,DE,Energy
C01274,Kongsberg Defence & Aerospace,NO,Defence
C01275,Vestas Offshore,DK,Offshore Wind
C01276,ABB Norway,NO,Technology
C01277,Kongsberg Defence & Aerospace,NO,Defence
C01278,Vestas Offshore,DK,Offshore Wind
C01279,Aker Solutions,NO,Engineering
C01280,DNV GL,NO,Certification
C01281,Statkraft AS,NO,Energy
C01282,Statkraft AS,NO,Energy
C01283,Norsk Hydro,NO,Metals
C01284,Norsk Hydro,NO,Metals
C01285,Siemens Energy,DE,Energy
C01286,DNV GL,NO,Certification
C01287,Yara International,NO,Chemicals
C01288,Statkraft AS,NO,Energy
C01289,Norsk Hydro,NO,Metals
C01290,DNV GL,NO,Certification
C01291,Polish State,PL,Government
C01292,Yara International,NO,Chemicals
C01293,Kongsberg Defence & Aerospace,NO,Defence
C01294,DNV GL,NO,Certification
C01295,ABB Norway,NO,Technology
C01296,Norsk Hydro,NO,Metals
C01297,Kongsberg Defence & Aerospace,NO,Defence
C01298,Kongsberg Defence & Aerospace,NO,Defence
C01299,Norsk Hydro,NO,Metals
C01300,Aker Solutions,NO,Engineering
C01301,Aker Solutions,NO,Engineering
C01302,Statkraft AS,NO,Energy
C01303,Norsk Hydro,NO,Metals
C01304,Norsk Hydro,NO,Metals
C01305,Statkraft AS,NO,Energy
C01306,Statkraft AS,NO,Energy
C01307,Siemens Energy,DE,Energy
C01308,Yara International,NO,Chemicals
C01309,Vestas Offshore,DK,Offshore Wind
C01310,Statkraft AS,NO,Energy
C01311,Vestas Offshore,DK,Offshore Wind
C01312,ABB Norway,NO,Technology
C01313,Yara International,NO,Chemicals
C01314,Yara International,NO,Chemicals
C01315,DNV GL,NO,Certification
C01316,Siemens Energy,DE,Energy
C01317,Aker Solutions,NO,Engineering
C01318,Yara International,NO,Chemicals
C01319,DNV GL,NO,Certification
C01320,ABB Norway,NO,Technology
C01321,Norsk Hydro,NO,Metals
C01322,DNV GL,NO,Certification
C01323,Yara International,NO,Chemicals
C01324,Aker Solutions,NO,Engineering
C01325,Statkraft AS,NO,Energy
C01326,Statkraft AS,NO,Energy
C01327,DNV GL,NO,Certification
C01328,Polish State,PL,Government
C01329,Aker Solutions,NO,Engineering
C01330,Norsk Hydro,NO,Metals
C01331,Polish State,PL,Government
C01332,Aker Solutions,NO,Engineering
C01333,Siemens Energy,DE,Energy
C01334,Norsk Hydro,NO,Metals
C01335,Aker Solutions,NO,Engineering
C01336,Aker Solutions,NO,Engineering
C01337,Statkraft AS,NO,Energy
C01338,Siemens Energy,DE,Energy
C01339,Aker Solutions,NO,Engineering
C01340,Siemens Energy,DE,Energy
C01341,ABB Norway,NO,Technology
C01342,Siemens Energy,DE,Energy
C01343,Vestas Offshore,DK,Offshore Wind
C01344,Norsk Hydro,NO,Metals
C01345,Statkraft AS,NO,Energy
C01346,Statkraft AS,NO,Energy
C01347,Statkraft AS,NO,Energy
C01348,Statkraft AS,NO,Energy
C01349,Aker Solutions,NO,Engineering
C01350,Statkraft AS,NO,Energy
C01351,Siemens Energy,DE,Energy
C01352,Vestas Offshore,DK,Offshore Wind
C01353,DNV GL,NO,Certification
C01354,Kongsberg Defence & Aerospace,NO,Defence
C01355,Yara International,NO,Chemicals
C01356,DNV GL,NO,Certification
C01357,DNV GL,NO,Certification
C01358,Siemens Energy,DE,Energy
C01359,Statkraft AS,NO,Energy
C01360,Aker Solutions,NO,Engineering
C01361,Siemens Energy,DE,Energy
C01362,Aker Solutions,NO,Engineering
C01363,Kongsberg Defence & Aerospace,NO,Defence
C01364,ABB Norway,NO,Technology
C01365,Yara International,NO,Chemicals
C01366,ABB Norway,NO,Technology
C01367,Siemens Energy,DE,Energy
C01368,Statkraft AS,NO,Energy
C01369,Yara International,NO,Chemicals
C01370,DNV GL,NO,Certification
C01371,Polish State,PL,Government
C01372,Vestas Offshore,DK,Offshore Wind
C01373,Norsk Hydro,NO,Metals
C01374,Polish State,PL,Government
C01375,Statkraft AS,NO,Energy
C01376,Siemens Energy,DE,Energy
C01377,DNV GL,NO,Certification
C01378,Siemens Energy,DE,Energy
C01379,Statkraft AS,NO,Energy
C01380,ABB Norway,NO,Technology
C01381,Yara International,NO,Chemicals
C01382,Polish State,PL,Government
C01383,Aker Solutions,NO,Engineering
C01384,DNV GL,NO,Certification
C01385,Yara International,NO,Chemicals
C01386,Yara International,NO,Chemicals
C01387,DNV GL,NO,Certification
C01388,Kongsberg Defence & Aerospace,NO,Defence
C01389,Yara International,NO,Chemicals
C01390,ABB Norway,NO,Technology
C01391,Kongsberg Defence & Aerospace,NO,Defence
C01392,Vestas Offshore,DK,Offshore Wind
C01393,ABB Norway,NO,Technology
C01394,ABB Norway,NO,Technology
C01395,Siemens Energy,DE,Energy
C01396,Siemens Energy,DE,Energy
C01397,Kongsberg Defence & Aerospace,NO,Defence
C01398,Vestas Offshore,DK,Offshore Wind
C01399,Vestas Offshore,DK,Offshore Wind
C01400,Yara International,NO,Chemicals
C01401,Aker Solutions,NO,Engineering
C01402,Statkraft AS,NO,Energy
C01403,Vestas Offshore,DK,Offshore Wind
C01404,Kongsberg Defence & Aerospace,NO,Defence
C01405,Statkraft AS,NO,Energy
C01406,DNV GL,NO,Certification
C01407,Polish State,PL,Government
C01408,Aker Solutions,NO,Engineering
C01409,Aker Solutions,NO,Engineering
C01410,Norsk Hydro,NO,Metals
C01411,Siemens Energy,DE,Energy
C01412,Vestas Offshore,DK,Offshore Wind
C01413,Siemens Energy,DE,Energy
C01414,ABB Norway,NO,Technology
C01415,Siemens Energy,DE,Energy
C01416,Yara International,NO,Chemicals
C01417,Yara International,NO,Chemicals
C01418,Statkraft AS,NO,Energy
C01419,Kongsberg Defence & Aerospace,NO,Defence
C01420,Vestas Offshore,DK,Offshore Wind
C01421,Vestas Offshore,DK,Offshore Wind
C01422,Yara International,NO,Chemicals
C01423,Kongsberg Defence & Aerospace,NO,Defence
C01424,Statkraft AS,NO,Energy
C01425,ABB Norway,NO,Technology
C01426,Norsk Hydro,NO,Metals
C01427,Aker Solutions,NO,Engineering
C01428,Norsk Hydro,NO,Metals
C01429,Yara International,NO,Chemicals
C01430,Norsk Hydro,NO,Metals
C01431,Aker Solutions,NO,Engineering
C01432,ABB Norway,NO,Technology
C01433,Polish State,PL,Government
C01434,DNV GL,NO,Certification
C01435,Statkraft AS,NO,Energy
C01436,Siemens Energy,DE,Energy
C01437,Aker Solutions,NO,Engineering
C01438,Statkraft AS,NO,Energy
C01439,ABB Norway,NO,Technology
C01440,Yara International,NO,Chemicals
C01441,Norsk Hydro,NO,Metals
C01442,DNV GL,NO,Certification
C01443,ABB Norway,NO,Technology
C01444,Kongsberg Defence & Aerospace,NO,Defence
C01445,Polish State,PL,Government
C01446,Aker Solutions,NO,Engineering
C01447,Yara International,NO,Chemicals
C01448,Kongsberg Defence & Aerospace,NO,Defence
C01449,Kongsberg Defence & Aerospace,NO,Defence
C01450,Polish State,PL,Government
C01451,ABB Norway,NO,Technology
C01452,Polish State,PL,Government
C01453,Vestas Offshore,DK,Offshore Wind
C01454,ABB Norway,NO,Technology
C01455,ABB Norway,NO,Technology
C01456,Siemens Energy,DE,Energy
C01457,Statkraft AS,NO,Energy
C01458,Kongsberg Defence & Aerospace,NO,Defence
C01459,Norsk Hydro,NO,Metals
C01460,Aker Solutions,NO,Engineering
C01461,Vestas Offshore,DK,Offshore Wind
C01462,Vestas Offshore,DK,Offshore Wind
C01463,Aker Solutions,NO,Engineering
C01464,DNV GL,NO,Certification
C01465,Polish State,PL,Government
C01466,DNV GL,NO,Certification
C01467,DNV GL,NO,Certification
C01468,Siemens Energy,DE,Energy
C01469,Statkraft AS,NO,Energy
C01470,Aker Solutions,NO,Engineering
C01471,Kongsberg Defence & Aerospace,NO,Defence
C01472,Aker Solutions,NO,Engineering
C01473,Kongsberg Defence & Aerospace,NO,Defence
C01474,Norsk Hydro,NO,Metals
C01475,Statkraft AS,NO,Energy
C01476,Siemens Energy,DE,Energy
C01477,Yara International,NO,Chemicals
C01478,Aker Solutions,NO,Engineering
C01479,Yara International,NO,Chemicals
C01480,Aker Solutions,NO,Engineering
C01481,Aker Solutions,NO,Engineering
C01482,ABB Norway,NO,Technology
C01483,Statkraft AS,NO,Energy
C01484,Aker Solutions,NO,Engineering
C01485,Kongsberg Defence & Aerospace,NO,Defence
C01486,Siemens Energy,DE,Energy
C01487,Vestas Offshore,DK,Offshore Wind
C01488,Yara International,NO,Chemicals
C01489,Norsk Hydro,NO,Metals
C01490,Siemens Energy,DE,Energy
C01491,Statkraft AS,NO,Energy
C01492,Aker Solutions,NO,Engineering
C01493,Statkraft AS,NO,Energy
C01494,Polish State,PL,Government
C01495,Aker Solutions,NO,Engineering
C01496,Yara International,NO,Chemicals
C01497,Aker Solutions,NO,Engineering
C01498,DNV GL,NO,Certification
C01499,Statkraft AS,NO,Energy
C01500,Aker Solutions,NO,Engineering
C01501,ABB Norway,NO,Technology
C01502,Siemens Energy,DE,Energy
C01503,Polish State,PL,Government
C01504,Siemens Energy,DE,Energy
C01505,Vestas Offshore,DK,Offshore Wind
C01506,Statkraft AS,NO,Energy
C01507,DNV GL,NO,Certification
C01508,Statkraft AS,NO,Energy
C01509,DNV GL,NO,Certification
C01510,DNV GL,NO,Certification
C01511,Polish State,PL,Government
C01512,Siemens Energy,DE,Energy
C01513,Siemens Energy,DE,Energy
C01514,Vestas Offshore,DK,Offshore Wind
C01515,Polish State,PL,Government
C01516,Statkraft AS,NO,Energy
C01517,Vestas Offshore,DK,Offshore Wind
C01518,ABB Norway,NO,Technology
C01519,Polish State,PL,Government
C01520,Vestas Offshore,DK,Offshore Wind
C01521,Yara International,NO,Chemicals
C01522,Vestas Offshore,DK,Offshore Wind
C01523,Statkraft AS,NO,Energy
C01524,Vestas Offshore,DK,Offshore Wind
C01525,Norsk Hydro,NO,Metals
C01526,Norsk Hydro,NO,Metals
C01527,Yara International,NO,Chemicals
C01528,Yara International,NO,Chemicals
C01529,Norsk Hydro,NO,Metals
C01530,Yara International,NO,Chemicals
C01531,Yara International,NO,Chemicals
C01532,Siemens Energy,DE,Energy
C01533,Siemens Energy,DE,Energy
C01534,Vestas Offshore,DK,Offshore Wind
C01535,Norsk Hydro,NO,Metals
C01536,Statkraft AS,NO,Energy
C01537,Norsk Hydro,NO,Metals
C01538,Norsk Hydro,NO,Metals
C01539,ABB Norway,NO,Technology
C01540,ABB Norway,NO,Technology
C01541,Yara International,NO,Chemicals
C01542,Kongsberg Defence & Aerospace,NO,Defence
C01543,Siemens Energy,DE,Energy
C01544,DNV GL,NO,Certification
C01545,Statkraft AS,NO,Energy
C01546,ABB Norway,NO,Technology
C01547,Norsk Hydro,NO,Metals
C01548,Norsk Hydro,NO,Metals
C01549,Kongsberg Defence & Aerospace,NO,Defence
C01550,Kongsberg Defence & Aerospace,NO,Defence
C01551,Siemens Energy,DE,Energy
C01552,ABB Norway,NO,Technology
C01553,Statkraft AS,NO,Energy
C01554,Statkraft AS,NO,Energy
C01555,Yara International,NO,Chemicals
C01556,Yara International,NO,Chemicals
C01557,DNV GL,NO,Certification
C01558,Aker Solutions,NO,Engineering
C01559,Norsk Hydro,NO,Metals
C01560,Yara International,NO,Chemicals
C01561,DNV GL,NO,Certification
C01562,Kongsberg Defence & Aerospace,NO,Defence
C01563,Norsk Hydro,NO,Metals
C01564,Yara International,NO,Chemicals
C01565,Polish State,PL,Government
C01566,Siemens Energy,DE,Energy
C01567,Yara International,NO,Chemicals
C01568,Norsk Hydro,NO,Metals
C01569,DNV GL,NO,Certification
C01570,Vestas Offshore,DK,Offshore Wind
C01571,Kongsberg Defence & Aerospace,NO,Defence
C01572,Norsk Hydro,NO,Metals
C01573,Statkraft AS,NO,Energy
C01574,Siemens Energy,DE,Energy
C01575,Statkraft AS,NO,Energy
C01576,DNV GL,NO,Certification
C01577,Vestas Offshore,DK,Offshore Wind
C01578,Kongsberg Defence & Aerospace,NO,Defence
C01579,Polish State,PL,Government
C01580,Norsk Hydro,NO,Metals
C01581,Norsk Hydro,NO,Metals
C01582,DNV GL,NO,Certification
C01583,DNV GL,NO,Certification
C01584,Yara International,NO,Chemicals
C01585,Vestas Offshore,DK,Offshore Wind
C01586,Siemens Energy,DE,Energy
C01587,Siemens Energy,DE,Energy
C01588,ABB Norway,NO,Technology
C01589,Aker Solutions,NO,Engineering
C01590,Aker Solutions,NO,Engineering
C01591,Siemens Energy,DE,Energy
C01592,Yara International,NO,Chemicals
C01593,Kongsberg Defence & Aerospace,NO,Defence
C01594,Siemens Energy,DE,Energy
C01595,Statkraft AS,NO,Energy
C01596,Siemens Energy,DE,Energy
C01597,Statkraft AS,NO,Energy
C01598,DNV GL,NO,Certification
C01599,Aker Solutions,NO,Engineering
C01600,ABB Norway,NO,Technology
C01601,ABB Norway,NO,Technology
C01602,Yara International,NO,Chemicals
C01603,Vestas Offshore,DK,Offshore Wind
C01604,Siemens Energy,DE,Energy
C01605,Statkraft AS,NO,Energy
C01606,Yara International,NO,Chemicals
C01607,Vestas Offshore,DK,Offshore Wind
C01608,Siemens Energy,DE,Energy
C01609,ABB Norway,NO,Technology
C01610,Aker Solutions,NO,Engineering
C01611,Vestas Offshore,DK,Offshore Wind
C01612,Yara International,NO,Chemicals
C01613,Statkraft AS,NO,Energy
C01614,ABB Norway,NO,Technology
C01615,DNV GL,NO,Certification
C01616,Aker Solutions,NO,Engineering
C01617,Siemens Energy,DE,Energy
C01618,Vestas Offshore,DK,Offshore Wind
C01619,DNV GL,NO,Certification
C01620,Statkraft AS,NO,Energy
C01621,Aker Solutions,NO,Engineering
C01622,DNV GL,NO,Certification
C01623,Siemens Energy,DE,Energy
C01624,Kongsberg Defence & Aerospace,NO,Defence
C01625,Siemens Energy,DE,Energy
C01626,ABB Norway,NO,Technology
C01627,Vestas Offshore,DK,Offshore Wind
C01628,Polish State,PL,Government
C01629,Siemens Energy,DE,Energy
C01630,Norsk Hydro,NO,Metals
C01631,Polish State,PL,Government
C01632,Polish State,PL,Government
C01633,Vestas Offshore,DK,Offshore Wind
C01634,Vestas Offshore,DK,Offshore Wind
C01635,Statkraft AS,NO,Energy
C01636,ABB Norway,NO,Technology
C01637,Statkraft AS,NO,Energy
C01638,DNV GL,NO,Certification
C01639,DNV GL,NO,Certification
C01640,DNV GL,NO,Certification
C01641,Kongsberg Defence & Aerospace,NO,Defence
C01642,Siemens Energy,DE,Energy
C01643,Yara International,NO,Chemicals
C01644,Vestas Offshore,DK,Offshore Wind
C01645,Yara International,NO,Chemicals
C01646,Aker Solutions,NO,Engineering
C01647,Vestas Offshore,DK,Offshore Wind
C01648,Vestas Offshore,DK,Offshore Wind
C01649,Vestas Offshore,DK,Offshore Wind
C01650,Yara International,NO,Chemicals
C01651,Vestas Offshore,DK,Offshore Wind
C01652,Norsk Hydro,NO,Metals
C01653,Kongsberg Defence & Aerospace,NO,Defence
C01654,Aker Solutions,NO,Engineering
C01655,Siemens Energy,DE,Energy
C01656,Polish State,PL,Government
C01657,Norsk Hydro,NO,Metals
C01658,Yara International,NO,Chemicals
C01659,ABB Norway,NO,Technology
C01660,Norsk Hydro,NO,Metals
C01661,Polish State,PL,Government
C01662,DNV GL,NO,Certification
C01663,Polish State,PL,Government
C01664,ABB Norway,NO,Technology
C01665,Norsk Hydro,NO,Metals
C01666,Polish State,PL,Government
C01667,Siemens Energy,DE,Energy
C01668,Yara International,NO,Chemicals
C01669,Norsk Hydro,NO,Metals
C01670,Norsk Hydro,NO,Metals
C01671,ABB Norway,NO,Technology
C01672,Aker Solutions,NO,Engineering
C01673,DNV GL,NO,Certification
C01674,DNV GL,NO,Certification
C01675,Aker Solutions,NO,Engineering
C01676,Vestas Offshore,DK,Offshore Wind
C01677,Polish State,PL,Government
C01678,Yara International,NO,Chemicals
C01679,Vestas Offshore,DK,Offshore Wind
C01680,ABB Norway,NO,Technology
C01681,Kongsberg Defence & Aerospace,NO,Defence
C01682,Norsk Hydro,NO,Metals
C01683,Siemens Energy,DE,Energy
C01684,DNV GL,NO,Certification
C01685,Statkraft AS,NO,Energy
C01686,DNV GL,NO,Certification
C01687,Statkraft AS,NO,Energy
C01688,ABB Norway,NO,Technology
C01689,Statkraft AS,NO,Energy
C01690,Vestas Offshore,DK,Offshore Wind
C01691,ABB Norway,NO,Technology
C01692,Norsk Hydro,NO,Metals
C01693,DNV GL,NO,Certification
C01694,Vestas Offshore,DK,Offshore Wind
C01695,Aker Solutions,NO,Engineering
C01696,Statkraft AS,NO,Energy
C01697,Polish State,PL,Government
C01698,Norsk Hydro,NO,Metals
C01699,Siemens Energy,DE,Energy
C01700,Kongsberg Defence & Aerospace,NO,Defence
C01701,Aker Solutions,NO,Engineering
C01702,Kongsberg Defence & Aerospace,NO,Defence
C01703,Aker Solutions,NO,Engineering
C01704,DNV GL,NO,Certification
C01705,Siemens Energy,DE,Energy
C01706,Polish State,PL,Government
C01707,Aker Solutions,NO,Engineering
C01708,Statkraft AS,NO,Energy
C01709,Siemens Energy,DE,Energy
C01710,Polish State,PL,Government
C01711,Kongsberg Defence & Aerospace,NO,Defence
C01712,Siemens Energy,DE,Energy
C01713,Statkraft AS,NO,Energy
C01714,Siemens Energy,DE,Energy
C01715,Vestas Offshore,DK,Offshore Wind
C01716,Vestas Offshore,DK,Offshore Wind
C01717,Kongsberg Defence & Aerospace,NO,Defence
C01718,ABB Norway,NO,Technology
C01719,Norsk Hydro,NO,Metals
C01720,Vestas Offshore,DK,Offshore Wind
C01721,Norsk Hydro,NO,Metals
C01722,Norsk Hydro,NO,Metals
C01723,Yara International,NO,Chemicals
C01724,Kongsberg Defence & Aerospace,NO,Defence
C01725,Statkraft AS,NO,Energy
C01726,Kongsberg Defence & Aerospace,NO,Defence
C01727,ABB Norway,NO,Technology
C01728,Polish State,PL,Government
C01729,Vestas Offshore,DK,Offshore Wind
C01730,DNV GL,NO,Certification
C01731,Yara International,NO,Chemicals
C01732,DNV GL,NO,Certification
C01733,Aker Solutions,NO,Engineering
C01734,Statkraft AS,NO,Energy
C01735,ABB Norway,NO,Technology
C01736,Polish State,PL,Government
C01737,ABB Norway,NO,Technology
C01738,Statkraft AS,NO,Energy
C01739,Kongsberg Defence & Aerospace,NO,Defence
C01740,Polish State,PL,Government
C01741,Aker Solutions,NO,Engineering
C01742,Yara International,NO,Chemicals
C01743,Norsk Hydro,NO,Metals
C01744,Statkraft AS,NO,Energy
C01745,Statkraft AS,NO,Energy
C01746,Norsk Hydro,NO,Metals
C01747,Yara International,NO,Chemicals
C01748,DNV GL,NO,Certification
C01749,Kongsberg Defence & Aerospace,NO,Defence
C01750,DNV GL,NO,Certification
C01751,Yara International,NO,Chemicals
C01752,Polish State,PL,Government
C01753,Vestas Offshore,DK,Offshore Wind
C01754,ABB Norway,NO,Technology
C01755,Aker Solutions,NO,Engineering
C01756,Kongsberg Defence & Aerospace,NO,Defence
C01757,Yara International,NO,Chemicals
C01758,Siemens Energy,DE,Energy
C01759,Polish State,PL,Government
C01760,Yara International,NO,Chemicals
C01761,Aker Solutions,NO,Engineering
C01762,Vestas Offshore,DK,Offshore Wind
C01763,Statkraft AS,NO,Energy
C01764,DNV GL,NO,Certification
C01765,Siemens Energy,DE,Energy
C01766,Statkraft AS,NO,Energy
C01767,DNV GL,NO,Certification
C01768,DNV GL,NO,Certification
C01769,DNV GL,NO,Certification
C01770,DNV GL,NO,Certification
C01771,DNV GL,NO,Certification
C01772,Kongsberg Defence & Aerospace,NO,Defence
C01773,Aker Solutions,NO,Engineering
C01774,Norsk Hydro,NO,Metals
C01775,Kongsberg Defence & Aerospace,NO,Defence
C01776,Aker Solutions,NO,Engineering
C01777,Siemens Energy,DE,Energy
C01778,ABB Norway,NO,Technology
C01779,Kongsberg Defence & Aerospace,NO,Defence
C01780,Siemens Energy,DE,Energy
C01781,Statkraft AS,NO,Energy
C01782,Siemens Energy,DE,Energy
C01783,Polish State,PL,Government
C01784,Statkraft AS,NO,Energy
C01785,Yara International,NO,Chemicals
C01786,Siemens Energy,DE,Energy
C01787,Vestas Offshore,DK,Offshore Wind
C01788,Kongsberg Defence & Aerospace,NO,Defence
C01789,Siemens Energy,DE,Energy
C01790,DNV GL,NO,Certification
C01791,Siemens Energy,DE,Energy
C01792,Vestas Offshore,DK,Offshore Wind
C01793,Norsk Hydro,NO,Metals
C01794,Norsk Hydro,NO,Metals
C01795,Vestas Offshore,DK,Offshore Wind
C01796,Vestas Offshore,DK,Offshore Wind
C01797,Statkraft AS,NO,Energy
C01798,Norsk Hydro,NO,Metals
C01799,Kongsberg Defence & Aerospace,NO,Defence
C01800,ABB Norway,NO,Technology
C01801,Polish State,PL,Government
C01802,Kongsberg Defence & Aerospace,NO,Defence
C01803,Polish State,PL,Government
C01804,Kongsberg Defence & Aerospace,NO,Defence
C01805,Siemens Energy,DE,Energy
C01806,ABB Norway,NO,Technology
C01807,DNV GL,NO,Certification
C01808,Aker Solutions,NO,Engineering
C01809,DNV GL,NO,Certification
C01810,Norsk Hydro,NO,Metals
C01811,ABB Norway,NO,Technology
C01812,Kongsberg Defence & Aerospace,NO,Defence
C01813,Polish State,PL,Government
C01814,ABB Norway,NO,Technology
C01815,Siemens Energy,DE,Energy
C01816,Kongsberg Defence & Aerospace,NO,Defence
C01817,Siemens Energy,DE,Energy
C01818,ABB Norway,NO,Technology
C01819,Statkraft AS,NO,Energy
C01820,Siemens Energy,DE,Energy
C01821,Aker Solutions,NO,Engineering
C01822,Aker Solutions,NO,Engineering
C01823,Norsk Hydro,NO,Metals
C01824,Aker Solutions,NO,Engineering
C01825,Siemens Energy,DE,Energy
C01826,Vestas Offshore,DK,Offshore Wind
C01827,Norsk Hydro,NO,Metals
C01828,Norsk Hydro,NO,Metals
C01829,Siemens Energy,DE,Energy
C01830,DNV GL,NO,Certification
C01831,ABB Norway,NO,Technology
C01832,Statkraft AS,NO,Energy
C01833,Aker Solutions,NO,Engineering
C01834,Statkraft AS,NO,Energy
C01835,Aker Solutions,NO,Engineering
C01836,Yara International,NO,Chemicals
C01837,Vestas Offshore,DK,Offshore Wind
C01838,DNV GL,NO,Certification
C01839,ABB Norway,NO,Technology
C01840,Siemens Energy,DE,Energy
C01841,Statkraft AS,NO,Energy
C01842,Statkraft AS,NO,Energy
C01843,Siemens Energy,DE,Energy
C01844,ABB Norway,NO,Technology
C01845,ABB Norway,NO,Technology
C01846,Norsk Hydro,NO,Metals
C01847,Yara International,NO,Chemicals
C01848,Aker Solutions,NO,Engineering
C01849,Vestas Offshore,DK,Offshore Wind
C01850,Norsk Hydro,NO,Metals
C01851,Siemens Energy,DE,Energy
C01852,Norsk Hydro,NO,Metals
C01853,Kongsberg Defence & Aerospace,NO,Defence
C01854,Siemens Energy,DE,Energy
C01855,Yara International,NO,Chemicals
C01856,Aker Solutions,NO,Engineering
C01857,ABB Norway,NO,Technology
C01858,Kongsberg Defence & Aerospace,NO,Defence
C01859,Statkraft AS,NO,Energy
C01860,Aker Solutions,NO,Engineering
C01861,Siemens Energy,DE,Energy
C01862,DNV GL,NO,Certification
C01863,Vestas Offshore,DK,Offshore Wind
C01864,Kongsberg Defence & Aerospace,NO,Defence
C01865,Vestas Offshore,DK,Offshore Wind
C01866,Yara International,NO,Chemicals
C01867,Norsk Hydro,NO,Metals
C01868,Kongsberg Defence & Aerospace,NO,Defence
C01869,Vestas Offshore,DK,Offshore Wind
C01870,Statkraft AS,NO,Energy
C01871,Polish State,PL,Government
C01872,Siemens Energy,DE,Energy
C01873,Siemens Energy,DE,Energy
C01874,Aker Solutions,NO,Engineering
C01875,Yara International,NO,Chemicals
C01876,Kongsberg Defence & Aerospace,NO,Defence
C01877,Yara International,NO,Chemicals
C01878,Vestas Offshore,DK,Offshore Wind
C01879,Norsk Hydro,NO,Metals
C01880,Siemens Energy,DE,Energy
C01881,Siemens Energy,DE,Energy
C01882,Norsk Hydro,NO,Metals
C01883,Statkraft AS,NO,Energy
C01884,Yara International,NO,Chemicals
C01885,Vestas Offshore,DK,Offshore Wind
C01886,DNV GL,NO,Certification
C01887,Siemens Energy,DE,Energy
C01888,Aker Solutions,NO,Engineering
C01889,Siemens Energy,DE,Energy
C01890,ABB Norway,NO,Technology
C01891,Polish State,PL,Government
C01892,Statkraft AS,NO,Energy
C01893,Kongsberg Defence & Aerospace,NO,Defence
C01894,Vestas Offshore,DK,Offshore Wind
C01895,Norsk Hydro,NO,Metals
C01896,DNV GL,NO,Certification
C01897,Aker Solutions,NO,Engineering
C01898,DNV GL,NO,Certification
C01899,Statkraft AS,NO,Energy
C01900,ABB Norway,NO,Technology
C01901,ABB Norway,NO,Technology
C01902,Norsk Hydro,NO,Metals
C01903,Polish State,PL,Government
C01904,Yara International,NO,Chemicals
C01905,ABB Norway,NO,Technology
C01906,Norsk Hydro,NO,Metals
C01907,Polish State,PL,Government
C01908,Statkraft AS,NO,Energy
C01909,Vestas Offshore,DK,Offshore Wind
C01910,Statkraft AS,NO,Energy
C01911,Norsk Hydro,NO,Metals
C01912,Vestas Offshore,DK,Offshore Wind
C01913,Norsk Hydro,NO,Metals
C01914,Statkraft AS,NO,Energy
C01915,Siemens Energy,DE,Energy
C01916,Siemens Energy,DE,Energy
C01917,Statkraft AS,NO,Energy
C01918,DNV GL,NO,Certification
C01919,DNV GL,NO,Certification
C01920,ABB Norway,NO,Technology
C01921,ABB Norway,NO,Technology
C01922,Vestas Offshore,DK,Offshore Wind
C01923,Vestas Offshore,DK,Offshore Wind
C01924,Siemens Energy,DE,Energy
C01925,DNV GL,NO,Certification
C01926,Polish State,PL,Government
C01927,Statkraft AS,NO,Energy
C01928,Polish State,PL,Government
C01929,Vestas Offshore,DK,Offshore Wind
C01930,Polish State,PL,Government
C01931,Norsk Hydro,NO,Metals
C01932,Kongsberg Defence & Aerospace,NO,Defence
C01933,Siemens Energy,DE,Energy
C01934,DNV GL,NO,Certification
C01935,Yara International,NO,Chemicals
C01936,Siemens Energy,DE,Energy
C01937,Norsk Hydro,NO,Metals
C01938,DNV GL,NO,Certification
C01939,Vestas Offshore,DK,Offshore Wind
C01940,Yara International,NO,Chemicals
C01941,Statkraft AS,NO,Energy
C01942,Statkraft AS,NO,Energy
C01943,ABB Norway,NO,Technology
C01944,Aker Solutions,NO,Engineering
C01945,Norsk Hydro,NO,Metals
C01946,DNV GL,NO,Certification
C01947,Aker Solutions,NO,Engineering
C01948,Aker Solutions,NO,Engineering
C01949,Yara International,NO,Chemicals
C01950,Statkraft AS,NO,Energy
C01951,Vestas Offshore,DK,Offshore Wind
C01952,Siemens Energy,DE,Energy
C01953,Statkraft AS,NO,Energy
C01954,Norsk Hydro,NO,Metals
C01955,Norsk Hydro,NO,Metals
C01956,DNV GL,NO,Certification
C01957,Siemens Energy,DE,Energy
C01958,Vestas Offshore,DK,Offshore Wind
C01959,DNV GL,NO,Certification
C01960,Yara International,NO,Chemicals
C01961,Vestas Offshore,DK,Offshore Wind
C01962,Vestas Offshore,DK,Offshore Wind
C01963,Aker Solutions,NO,Engineering
C01964,DNV GL,NO,Certification
C01965,Kongsberg Defence & Aerospace,NO,Defence
C01966,Statkraft AS,NO,Energy
C01967,DNV GL,NO,Certification
C01968,Vestas Offshore,DK,Offshore Wind
C01969,ABB Norway,NO,Technology
C01970,Vestas Offshore,DK,Offshore Wind
C01971,Vestas Offshore,DK,Offshore Wind
C01972,Siemens Energy,DE,Energy
C01973,Polish State,PL,Government
C01974,Siemens Energy,DE,Energy
C01975,DNV GL,NO,Certification
C01976,ABB Norway,NO,Technology
C01977,Statkraft AS,NO,Energy
C01978,ABB Norway,NO,Technology
C01979,Polish State,PL,Government
C01980,DNV GL,NO,Certification
C01981,ABB Norway,NO,Technology
C01982,Vestas Offshore,DK,Offshore Wind
C01983,ABB Norway,NO,Technology
C01984,Yara International,NO,Chemicals
C01985,DNV GL,NO,Certification
C01986,Statkraft AS,NO,Energy
C01987,DNV GL,NO,Certification
C01988,Vestas Offshore,DK,Offshore Wind
C01989,Yara International,NO,Chemicals
C01990,Yara International,NO,Chemicals
C01991,Vestas Offshore,DK,Offshore Wind
C01992,Vestas Offshore,DK,Offshore Wind
C01993,Yara International,NO,Chemicals
C01994,Yara International,NO,Chemicals
C01995,Siemens Energy,DE,Energy
C01996,Yara International,NO,Chemicals
C01997,Kongsberg Defence & Aerospace,NO,Defence
C01998,Kongsberg Defence & Aerospace,NO,Defence
C01999,Statkraft AS,NO,Energy
C02000,Kongsberg Defence & Aerospace,NO,Defence
C02001,Yara International,NO,Chemicals
C02002,ABB Norway,NO,Technology
C02003,Polish State,PL,Government
C02004,Yara International,NO,Chemicals
C02005,Aker Solutions,NO,Engineering
C02006,Yara International,NO,Chemicals
C02007,Kongsberg Defence & Aerospace,NO,Defence
C02008,Norsk Hydro,NO,Metals
C02009,DNV GL,NO,Certification
C02010,ABB Norway,NO,Technology
C02011,ABB Norway,NO,Technology
C02012,Norsk Hydro,NO,Metals
C02013,Polish State,PL,Government
C02014,Aker Solutions,NO,Engineering
C02015,ABB Norway,NO,Technology
C02016,Norsk Hydro,NO,Metals
C02017,Statkraft AS,NO,Energy
C02018,Kongsberg Defence & Aerospace,NO,Defence
C02019,Vestas Offshore,DK,Offshore Wind
C02020,Norsk Hydro,NO,Metals
C02021,Aker Solutions,NO,Engineering
C02022,Norsk Hydro,NO,Metals
C02023,Norsk Hydro,NO,Metals
C02024,Polish State,PL,Government
C02025,Siemens Energy,DE,Energy
C02026,Yara International,NO,Chemicals
C02027,Vestas Offshore,DK,Offshore Wind
C02028,Siemens Energy,DE,Energy
C02029,Siemens Energy,DE,Energy
C02030,Siemens Energy,DE,Energy
C02031,Aker Solutions,NO,Engineering
C02032,Vestas Offshore,DK,Offshore Wind
C02033,Siemens Energy,DE,Energy
C02034,DNV GL,NO,Certification
C02035,DNV GL,NO,Certification
C02036,Statkraft AS,NO,Energy
C02037,Siemens Energy,DE,Energy
C02038,Polish State,PL,Government
C02039,Norsk Hydro,NO,Metals
C02040,Statkraft AS,NO,Energy
C02041,ABB Norway,NO,Technology
C02042,Norsk Hydro,NO,Metals
C02043,Polish State,PL,Government
C02044,Vestas Offshore,DK,Offshore Wind
C02045,Statkraft AS,NO,Energy
C02046,Kongsberg Defence & Aerospace,NO,Defence
C02047,ABB Norway,NO,Technology
C02048,Aker Solutions,NO,Engineering
C02049,Yara International,NO,Chemicals
C02050,Aker Solutions,NO,Engineering
C02051,Polish State,PL,Government
C02052,Vestas Offshore,DK,Offshore Wind
C02053,Siemens Energy,DE,Energy
C02054,Yara International,NO,Chemicals
C02055,Siemens Energy,DE,Energy
C02056,Polish State,PL,Government
C02057,Vestas Offshore,DK,Offshore Wind
C02058,Norsk Hydro,NO,Metals
C02059,DNV GL,NO,Certification
C02060,Norsk Hydro,NO,Metals
C02061,Norsk Hydro,NO,Metals
C02062,ABB Norway,NO,Technology
C02063,Norsk Hydro,NO,Metals
C02064,Kongsberg Defence & Aerospace,NO,Defence
C02065,Statkraft AS,NO,Energy
C02066,Aker Solutions,NO,Engineering
C02067,DNV GL,NO,Certification
C02068,Norsk Hydro,NO,Metals
C02069,Polish State,PL,Government
C02070,Polish State,PL,Government
C02071,Yara International,NO,Chemicals
C02072,Siemens Energy,DE,Energy
C02073,Kongsberg Defence & Aerospace,NO,Defence
C02074,Kongsberg Defence & Aerospace,NO,Defence
C02075,ABB Norway,NO,Technology
C02076,Norsk Hydro,NO,Metals
C02077,Yara International,NO,Chemicals
C02078,Norsk Hydro,NO,Metals
C02079,ABB Norway,NO,Technology
C02080,DNV GL,NO,Certification
C02081,Kongsberg Defence & Aerospace,NO,Defence
C02082,Statkraft AS,NO,Energy
C02083,Aker Solutions,NO,Engineering
C02084,Vestas Offshore,DK,Offshore Wind
C02085,ABB Norway,NO,Technology
C02086,Siemens Energy,DE,Energy
C02087,Aker Solutions,NO,Engineering
C02088,Siemens Energy,DE,Energy
C02089,Kongsberg Defence & Aerospace,NO,Defence
C02090,Aker Solutions,NO,Engineering
C02091,Kongsberg Defence & Aerospace,NO,Defence
C02092,Yara International,NO,Chemicals
C02093,DNV GL,NO,Certification
C02094,Polish State,PL,Government
C02095,Siemens Energy,DE,Energy
C02096,DNV GL,NO,Certification
C02097,ABB Norway,NO,Technology
C02098,Statkraft AS,NO,Energy
C02099,Aker Solutions,NO,Engineering
C02100,DNV GL,NO,Certification
C02101,Norsk Hydro,NO,Metals
C02102,DNV GL,NO,Certification
C02103,ABB Norway,NO,Technology
C02104,Yara International,NO,Chemicals
C02105,Yara International,NO,Chemicals
C02106,Statkraft AS,NO,Energy
C02107,Vestas Offshore,DK,Offshore Wind
C02108,Statkraft AS,NO,Energy
C02109,Aker Solutions,NO,Engineering
C02110,Siemens Energy,DE,Energy
C02111,Siemens Energy,DE,Energy
C02112,DNV GL,NO,Certification
C02113,Siemens Energy,DE,Energy
C02114,Vestas Offshore,DK,Offshore Wind
C02115,Polish State,PL,Government
C02116,Yara International,NO,Chemicals
C02117,DNV GL,NO,Certification
C02118,Aker Solutions,NO,Engineering
C02119,DNV GL,NO,Certification
C02120,Kongsberg Defence & Aerospace,NO,Defence
C02121,Kongsberg Defence & Aerospace,NO,Defence
C02122,Kongsberg Defence & Aerospace,NO,Defence
C02123,Vestas Offshore,DK,Offshore Wind
C02124,Siemens Energy,DE,Energy
C02125,Norsk Hydro,NO,Metals
C02126,DNV GL,NO,Certification
C02127,Norsk Hydro,NO,Metals
C02128,Vestas Offshore,DK,Offshore Wind
C02129,Yara International,NO,Chemicals
C02130,DNV GL,NO,Certification
C02131,Vestas Offshore,DK,Offshore Wind
C02132,Siemens Energy,DE,Energy
C02133,Yara International,NO,Chemicals
C02134,Siemens Energy,DE,Energy
C02135,Vestas Offshore,DK,Offshore Wind
C02136,Aker Solutions,NO,Engineering
C02137,Yara International,NO,Chemicals
C02138,ABB Norway,NO,Technology
C02139,Yara International,NO,Chemicals
C02140,Siemens Energy,DE,Energy
C02141,DNV GL,NO,Certification
C02142,DNV GL,NO,Certification
C02143,DNV GL,NO,Certification
C02144,Norsk Hydro,NO,Metals
C02145,Yara International,NO,Chemicals
C02146,ABB Norway,NO,Technology
C02147,Norsk Hydro,NO,Metals
C02148,Kongsberg Defence & Aerospace,NO,Defence
C02149,Siemens Energy,DE,Energy
C02150,Siemens Energy,DE,Energy
C02151,Statkraft AS,NO,Energy
C02152,Aker Solutions,NO,Engineering
C02153,Yara International,NO,Chemicals
C02154,ABB Norway,NO,Technology
C02155,Kongsberg Defence & Aerospace,NO,Defence
C02156,Yara International,NO,Chemicals
C02157,Norsk Hydro,NO,Metals
C02158,ABB Norway,NO,Technology
C02159,Yara International,NO,Chemicals
C02160,Yara International,NO,Chemicals
C02161,Polish State,PL,Government
C02162,Kongsberg Defence & Aerospace,NO,Defence
C02163,Yara International,NO,Chemicals
C02164,Norsk Hydro,NO,Metals
C02165,Vestas Offshore,DK,Offshore Wind
C02166,DNV GL,NO,Certification
C02167,Yara International,NO,Chemicals
C02168,Aker Solutions,NO,Engineering
C02169,Vestas Offshore,DK,Offshore Wind
C02170,Polish State,PL,Government
C02171,Kongsberg Defence & Aerospace,NO,Defence
C02172,Yara International,NO,Chemicals
C02173,Statkraft AS,NO,Energy
C02174,Polish State,PL,Government
C02175,Kongsberg Defence & Aerospace,NO,Defence
C02176,Norsk Hydro,NO,Metals
C02177,Siemens Energy,DE,Energy
C02178,Aker Solutions,NO,Engineering
C02179,Vestas Offshore,DK,Offshore Wind
C02180,Aker Solutions,NO,Engineering
C02181,Polish State,PL,Government
C02182,Aker Solutions,NO,Engineering
C02183,DNV GL,NO,Certification
C02184,Yara International,NO,Chemicals
C02185,Norsk Hydro,NO,Metals
C02186,Kongsberg Defence & Aerospace,NO,Defence
C02187,Vestas Offshore,DK,Offshore Wind
C02188,DNV GL,NO,Certification
C02189,Polish State,PL,Government
C02190,DNV GL,NO,Certification
C02191,Siemens Energy,DE,Energy
C02192,Norsk Hydro,NO,Metals
C02193,DNV GL,NO,Certification
C02194,Aker Solutions,NO,Engineering
C02195,Siemens Energy,DE,Energy
C02196,Vestas Offshore,DK,Offshore Wind
C02197,Norsk Hydro,NO,Metals
C02198,DNV GL,NO,Certification
C02199,Siemens Energy,DE,Energy
C02200,DNV GL,NO,Certification
C02201,Siemens Energy,DE,Energy
C02202,ABB Norway,NO,Technology
C02203,Yara International,NO,Chemicals
C02204,Norsk Hydro,NO,Metals
C02205,Polish State,PL,Government
C02206,Polish State,PL,Government
C02207,ABB Norway,NO,Technology
C02208,DNV GL,NO,Certification
C02209,ABB Norway,NO,Technology
C02210,Polish State,PL,Government
C02211,ABB Norway,NO,Technology
C02212,ABB Norway,NO,Technology
C02213,Polish State,PL,Government
C02214,Norsk Hydro,NO,Metals
C02215,Siemens Energy,DE,Energy
C02216,Norsk Hydro,NO,Metals
C02217,Siemens Energy,DE,Energy
C02218,DNV GL,NO,Certification
C02219,ABB Norway,NO,Technology
C02220,ABB Norway,NO,Technology
C02221,Statkraft AS,NO,Energy
C02222,Yara International,NO,Chemicals
C02223,DNV GL,NO,Certification
C02224,Aker Solutions,NO,Engineering
C02225,Aker Solutions,NO,Engineering
C02226,Siemens Energy,DE,Energy
C02227,Vestas Offshore,DK,Offshore Wind
C02228,ABB Norway,NO,Technology
C02229,Kongsberg Defence & Aerospace,NO,Defence
C02230,ABB Norway,NO,Technology
C02231,Statkraft AS,NO,Energy
C02232,Siemens Energy,DE,Energy
C02233,Norsk Hydro,NO,Metals
C02234,ABB Norway,NO,Technology
C02235,Norsk Hydro,NO,Metals
C02236,Polish State,PL,Government
C02237,Polish State,PL,Government
C02238,DNV GL,NO,Certification
C02239,ABB Norway,NO,Technology
C02240,DNV GL,NO,Certification
C02241,ABB Norway,NO,Technology
C02242,Vestas Offshore,DK,Offshore Wind
C02243,Statkraft AS,NO,Energy
C02244,Yara International,NO,Chemicals
C02245,Yara International,NO,Chemicals
C02246,Polish State,PL,Government
C02247,Polish State,PL,Government
C02248,Kongsberg Defence & Aerospace,NO,Defence
C02249,DNV GL,NO,Certification
C02250,Polish State,PL,Government
C02251,Polish State,PL,Government
C02252,Kongsberg Defence & Aerospace,NO,Defence
C02253,Statkraft AS,NO,Energy
C02254,Aker Solutions,NO,Engineering
C02255,Siemens Energy,DE,Energy
C02256,Norsk Hydro,NO,Metals
C02257,Statkraft AS,NO,Energy
C02258,Vestas Offshore,DK,Offshore Wind
C02259,Kongsberg Defence & Aerospace,NO,Defence
C02260,DNV GL,NO,Certification
C02261,Vestas Offshore,DK,Offshore Wind
C02262,Aker Solutions,NO,Engineering
C02263,Norsk Hydro,NO,Metals
C02264,Norsk Hydro,NO,Metals
C02265,Polish State,PL,Government
C02266,ABB Norway,NO,Technology
C02267,Siemens Energy,DE,Energy
C02268,ABB Norway,NO,Technology
C02269,Kongsberg Defence & Aerospace,NO,Defence
C02270,Statkraft AS,NO,Energy
C02271,Yara International,NO,Chemicals
C02272,Polish State,PL,Government
C02273,DNV GL,NO,Certification
C02274,Kongsberg Defence & Aerospace,NO,Defence
C02275,Vestas Offshore,DK,Offshore Wind
C02276,Aker Solutions,NO,Engineering
C02277,Vestas Offshore,DK,Offshore Wind
C02278,Kongsberg Defence & Aerospace,NO,Defence
C02279,Aker Solutions,NO,Engineering
C02280,Norsk Hydro,NO,Metals
C02281,Vestas Offshore,DK,Offshore Wind
C02282,ABB Norway,NO,Technology
C02283,Kongsberg Defence & Aerospace,NO,Defence
C02284,Kongsberg Defence & Aerospace,NO,Defence
C02285,ABB Norway,NO,Technology
C02286,Yara International,NO,Chemicals
C02287,Yara International,NO,Chemicals
C02288,Statkraft AS,NO,Energy
C02289,Siemens Energy,DE,Energy
C02290,ABB Norway,NO,Technology
C02291,Norsk Hydro,NO,Metals
C02292,DNV GL,NO,Certification
C02293,DNV GL,NO,Certification
C02294,Norsk Hydro,NO,Metals
C02295,Vestas Offshore,DK,Offshore Wind
C02296,DNV GL,NO,Certification
C02297,Norsk Hydro,NO,Metals
C02298,ABB Norway,NO,Technology
C02299,Polish State,PL,Government
C02300,Statkraft AS,NO,Energy
C02301,Siemens Energy,DE,Energy
C02302,Vestas Offshore,DK,Offshore Wind
C02303,Norsk Hydro,NO,Metals
C02304,ABB Norway,NO,Technology
C02305,Vestas Offshore,DK,Offshore Wind
C02306,Kongsberg Defence & Aerospace,NO,Defence
C02307,Siemens Energy,DE,Energy
C02308,ABB Norway,NO,Technology
C02309,Yara International,NO,Chemicals
C02310,Polish State,PL,Government
C02311,Vestas Offshore,DK,Offshore Wind
C02312,Yara International,NO,Chemicals
C02313,Aker Solutions,NO,Engineering
C02314,Aker Solutions,NO,Engineering
C02315,DNV GL,NO,Certification
C02316,Siemens Energy,DE,Energy
C02317,Statkraft AS,NO,Energy
C02318,Aker Solutions,NO,Engineering
C02319,Statkraft AS,NO,Energy
C02320,Vestas Offshore,DK,Offshore Wind
C02321,Vestas Offshore,DK,Offshore Wind
C02322,Norsk Hydro,NO,Metals
C02323,Siemens Energy,DE,Energy
C02324,Polish State,PL,Government
C02325,Kongsberg Defence & Aerospace,NO,Defence
C02326,ABB Norway,NO,Technology
C02327,Aker Solutions,NO,Engineering
C02328,Polish State,PL,Government
C02329,Norsk Hydro,NO,Metals
C02330,ABB Norway,NO,Technology
C02331,Siemens Energy,DE,Energy
C02332,ABB Norway,NO,Technology
C02333,Yara International,NO,Chemicals
C02334,Yara International,NO,Chemicals
C02335,Kongsberg Defence & Aerospace,NO,Defence
C02336,ABB Norway,NO,Technology
C02337,Siemens Energy,DE,Energy
C02338,Polish State,PL,Government
C02339,Kongsberg Defence & Aerospace,NO,Defence
C02340,Statkraft AS,NO,Energy
C02341,Norsk Hydro,NO,Metals
C02342,ABB Norway,NO,Technology
C02343,Vestas Offshore,DK,Offshore Wind
C02344,Aker Solutions,NO,Engineering
C02345,DNV GL,NO,Certification
C02346,ABB Norway,NO,Technology
C02347,Statkraft AS,NO,Energy
C02348,ABB Norway,NO,Technology
C02349,Siemens Energy,DE,Energy
C02350,Yara International,NO,Chemicals
C02351,Polish State,PL,Government
C02352,Polish State,PL,Government
C02353,Vestas Offshore,DK,Offshore Wind
C02354,Norsk Hydro,NO,Metals
C02355,Vestas Offshore,DK,Offshore Wind
C02356,Norsk Hydro,NO,Metals
C02357,Yara International,NO,Chemicals
C02358,Siemens Energy,DE,Energy
C02359,Aker Solutions,NO,Engineering
C02360,DNV GL,NO,Certification
C02361,Norsk Hydro,NO,Metals
C02362,DNV GL,NO,Certification
C02363,Polish State,PL,Government
C02364,Polish State,PL,Government
C02365,Yara International,NO,Chemicals
C02366,Statkraft AS,NO,Energy
C02367,DNV GL,NO,Certification
C02368,Norsk Hydro,NO,Metals
C02369,DNV GL,NO,Certification
C02370,Siemens Energy,DE,Energy
C02371,Statkraft AS,NO,Energy
C02372,Yara International,NO,Chemicals
C02373,Statkraft AS,NO,Energy
C02374,Kongsberg Defence & Aerospace,NO,Defence
C02375,DNV GL,NO,Certification
C02376,DNV GL,NO,Certification
C02377,Polish State,PL,Government
C02378,Yara International,NO,Chemicals
C02379,DNV GL,NO,Certification
C02380,Vestas Offshore,DK,Offshore Wind
C02381,Vestas Offshore,DK,Offshore Wind
C02382,Siemens Energy,DE,Energy
C02383,DNV GL,NO,Certification
C02384,Norsk Hydro,NO,Metals
C02385,Statkraft AS,NO,Energy
C02386,Polish State,PL,Government
C02387,Yara International,NO,Chemicals
C02388,Norsk Hydro,NO,Metals
C02389,Statkraft AS,NO,Energy
C02390,DNV GL,NO,Certification
C02391,Norsk Hydro,NO,Metals
C02392,Kongsberg Defence & Aerospace,NO,Defence
C02393,Norsk Hydro,NO,Metals
C02394,Vestas Offshore,DK,Offshore Wind
C02395,DNV GL,NO,Certification
C02396,Aker Solutions,NO,Engineering
C02397,Norsk Hydro,NO,Metals
C02398,Yara International,NO,Chemicals
C02399,Kongsberg Defence & Aerospace,NO,Defence
C02400,DNV GL,NO,Certification
C02401,Norsk Hydro,NO,Metals
C02402,ABB Norway,NO,Technology
C02403,Kongsberg Defence & Aerospace,NO,Defence
C02404,Aker Solutions,NO,Engineering
C02405,ABB Norway,NO,Technology
C02406,Kongsberg Defence & Aerospace,NO,Defence
C02407,Polish State,PL,Government
C02408,Yara International,NO,Chemicals
C02409,Statkraft AS,NO,Energy
C02410,Kongsberg Defence & Aerospace,NO,Defence
C02411,Aker Solutions,NO,Engineering
C02412,Siemens Energy,DE,Energy
C02413,Statkraft AS,NO,Energy
C02414,DNV GL,NO,Certification
C02415,Kongsberg Defence & Aerospace,NO,Defence
C02416,Statkraft AS,NO,Energy
C02417,Norsk Hydro,NO,Metals
C02418,Kongsberg Defence & Aerospace,NO,Defence
C02419,ABB Norway,NO,Technology
C02420,Aker Solutions,NO,Engineering
C02421,Vestas Offshore,DK,Offshore Wind
C02422,Vestas Offshore,DK,Offshore Wind
C02423,Aker Solutions,NO,Engineering
C02424,Siemens Energy,DE,Energy
C02425,Aker Solutions,NO,Engineering
C02426,Norsk Hydro,NO,Metals
C02427,Aker Solutions,NO,Engineering
C02428,Aker Solutions,NO,Engineering
C02429,Statkraft AS,NO,Energy
C02430,DNV GL,NO,Certification
C02431,Vestas Offshore,DK,Offshore Wind
C02432,Siemens Energy,DE,Energy
C02433,Statkraft AS,NO,Energy
C02434,Vestas Offshore,DK,Offshore Wind
C02435,DNV GL,NO,Certification
C02436,Aker Solutions,NO,Engineering
C02437,DNV GL,NO,Certification
C02438,Vestas Offshore,DK,Offshore Wind
C02439,Polish State,PL,Government
C02440,Kongsberg Defence & Aerospace,NO,Defence
C02441,Kongsberg Defence & Aerospace,NO,Defence
C02442,ABB Norway,NO,Technology
C02443,Norsk Hydro,NO,Metals
C02444,DNV GL,NO,Certification
C02445,Aker Solutions,NO,Engineering
C02446,DNV GL,NO,Certification
C02447,Aker Solutions,NO,Engineering
C02448,Polish State,PL,Government
C02449,Polish State,PL,Government
C02450,Norsk Hydro,NO,Metals
C02451,Siemens Energy,DE,Energy
C02452,Vestas Offshore,DK,Offshore Wind
C02453,ABB Norway,NO,Technology
C02454,Polish State,PL,Government
C02455,Statkraft AS,NO,Energy
C02456,Kongsberg Defence & Aerospace,NO,Defence
C02457,Aker Solutions,NO,Engineering
C02458,Yara International,NO,Chemicals
C02459,Kongsberg Defence & Aerospace,NO,Defence
C02460,Polish State,PL,Government
C02461,Polish State,PL,Government
C02462,Statkraft AS,NO,Energy
C02463,Statkraft AS,NO,Energy
C02464,Yara International,NO,Chemicals
C02465,Kongsberg Defence & Aerospace,NO,Defence
C02466,Norsk Hydro,NO,Metals
C02467,Yara International,NO,Chemicals
C02468,Kongsberg Defence & Aerospace,NO,Defence
C02469,Polish State,PL,Government
C02470,Kongsberg Defence & Aerospace,NO,Defence
C02471,Aker Solutions,NO,Engineering
C02472,Norsk Hydro,NO,Metals
C02473,Polish State,PL,Government
C02474,DNV GL,NO,Certification
C02475,Polish State,PL,Government
C02476,Kongsberg Defence & Aerospace,NO,Defence
C02477,Vestas Offshore,DK,Offshore Wind
C02478,DNV GL,NO,Certification
C02479,ABB Norway,NO,Technology
C02480,Polish State,PL,Government
C02481,Yara International,NO,Chemicals
C02482,Siemens Energy,DE,Energy
C02483,Yara International,NO,Chemicals
C02484,Yara International,NO,Chemicals
C02485,Siemens Energy,DE,Energy
C02486,Polish State,PL,Government
C02487,ABB Norway,NO,Technology
C02488,Vestas Offshore,DK,Offshore Wind
C02489,DNV GL,NO,Certification
C02490,Polish State,PL,Government
C02491,Aker Solutions,NO,Engineering
C02492,ABB Norway,NO,Technology
C02493,ABB Norway,NO,Technology
C02494,Kongsberg Defence & Aerospace,NO,Defence
C02495,DNV GL,NO,Certification
C02496,Yara International,NO,Chemicals
C02497,Vestas Offshore,DK,Offshore Wind
C02498,Aker Solutions,NO,Engineering
C02499,DNV GL,NO,Certification
C02500,Norsk Hydro,NO,Metals
C02501,Kongsberg Defence & Aerospace,NO,Defence
C02502,Siemens Energy,DE,Energy
C02503,Aker Solutions,NO,Engineering
C02504,DNV GL,NO,Certification
C02505,Siemens Energy,DE,Energy
C02506,Aker Solutions,NO,Engineering
C02507,Aker Solutions,NO,Engineering
C02508,Vestas Offshore,DK,Offshore Wind
C02509,ABB Norway,NO,Technology
C02510,Aker Solutions,NO,Engineering
C02511,Vestas Offshore,DK,Offshore Wind
C02512,DNV GL,NO,Certification
C02513,Norsk Hydro,NO,Metals
C02514,Polish State,PL,Government
C02515,Polish State,PL,Government
C02516,ABB Norway,NO,Technology
C02517,Vestas Offshore,DK,Offshore Wind
C02518,Norsk Hydro,NO,Metals
C02519,Kongsberg Defence & Aerospace,NO,Defence
C02520,DNV GL,NO,Certification
C02521,Aker Solutions,NO,Engineering
C02522,Aker Solutions,NO,Engineering
C02523,DNV GL,NO,Certification
C02524,DNV GL,NO,Certification
C02525,Vestas Offshore,DK,Offshore Wind
C02526,Aker Solutions,NO,Engineering
C02527,Polish State,PL,Government
C02528,ABB Norway,NO,Technology
C02529,Polish State,PL,Government
C02530,Siemens Energy,DE,Energy
C02531,Statkraft AS,NO,Energy
C02532,Norsk Hydro,NO,Metals
C02533,Siemens Energy,DE,Energy
C02534,Statkraft AS,NO,Energy
C02535,DNV GL,NO,Certification
C02536,Polish State,PL,Government
C02537,Kongsberg Defence & Aerospace,NO,Defence
C02538,ABB Norway,NO,Technology
C02539,Aker Solutions,NO,Engineering
C02540,Yara International,NO,Chemicals
C02541,Yara International,NO,Chemicals
C02542,Kongsberg Defence & Aerospace,NO,Defence
C02543,Statkraft AS,NO,Energy
C02544,Polish State,PL,Government
C02545,Yara International,NO,Chemicals
C02546,DNV GL,NO,Certification
C02547,Polish State,PL,Government
C02548,Norsk Hydro,NO,Metals
C02549,Polish State,PL,Government
C02550,Siemens Energy,DE,Energy
C02551,ABB Norway,NO,Technology
C02552,Kongsberg Defence & Aerospace,NO,Defence
C02553,Polish State,PL,Government
C02554,Polish State,PL,Government
C02555,Statkraft AS,NO,Energy
C02556,Norsk Hydro,NO,Metals
C02557,Polish State,PL,Government
C02558,Yara International,NO,Chemicals
C02559,Polish State,PL,Government
C02560,Aker Solutions,NO,Engineering
C02561,Polish State,PL,Government
C02562,DNV GL,NO,Certification
C02563,Siemens Energy,DE,Energy
C02564,ABB Norway,NO,Technology
C02565,Aker Solutions,NO,Engineering
C02566,Norsk Hydro,NO,Metals
C02567,DNV GL,NO,Certification
C02568,Siemens Energy,DE,Energy
C02569,ABB Norway,NO,Technology
C02570,ABB Norway,NO,Technology
C02571,Siemens Energy,DE,Energy
C02572,DNV GL,NO,Certification
C02573,Norsk Hydro,NO,Metals
C02574,Norsk Hydro,NO,Metals
C02575,Statkraft AS,NO,Energy
C02576,Norsk Hydro,NO,Metals
C02577,Siemens Energy,DE,Energy
C02578,Polish State,PL,Government
C02579,Siemens Energy,DE,Energy
C02580,Siemens Energy,DE,Energy
C02581,Aker Solutions,NO,Engineering
C02582,Kongsberg Defence & Aerospace,NO,Defence
C02583,Yara International,NO,Chemicals
C02584,Polish State,PL,Government
C02585,Vestas Offshore,DK,Offshore Wind
C02586,Kongsberg Defence & Aerospace,NO,Defence
C02587,ABB Norway,NO,Technology
C02588,DNV GL,NO,Certification
C02589,Yara International,NO,Chemicals
C02590,Yara International,NO,Chemicals
C02591,Aker Solutions,NO,Engineering
C02592,ABB Norway,NO,Technology
C02593,Vestas Offshore,DK,Offshore Wind
C02594,Polish State,PL,Government
C02595,Siemens Energy,DE,Energy
C02596,Polish State,PL,Government
C02597,Aker Solutions,NO,Engineering
C02598,Yara International,NO,Chemicals
C02599,Polish State,PL,Government
C02600,Norsk Hydro,NO,Metals
C02601,DNV GL,NO,Certification
C02602,Siemens Energy,DE,Energy
C02603,ABB Norway,NO,Technology
C02604,Norsk Hydro,NO,Metals
C02605,Norsk Hydro,NO,Metals
C02606,Norsk Hydro,NO,Metals
C02607,Vestas Offshore,DK,Offshore Wind
C02608,Siemens Energy,DE,Energy
C02609,Vestas Offshore,DK,Offshore Wind
C02610,Vestas Offshore,DK,Offshore Wind
C02611,DNV GL,NO,Certification
C02612,Norsk Hydro,NO,Metals
C02613,Vestas Offshore,DK,Offshore Wind
C02614,DNV GL,NO,Certification
C02615,Kongsberg Defence & Aerospace,NO,Defence
C02616,DNV GL,NO,Certification
C02617,Kongsberg Defence & Aerospace,NO,Defence
C02618,Statkraft AS,NO,Energy
C02619,Kongsberg Defence & Aerospace,NO,Defence
C02620,Kongsberg Defence & Aerospace,NO,Defence
C02621,Aker Solutions,NO,Engineering
C02622,Vestas Offshore,DK,Offshore Wind
C02623,Polish State,PL,Government
C02624,Statkraft AS,NO,Energy
C02625,Vestas Offshore,DK,Offshore Wind
C02626,Kongsberg Defence & Aerospace,NO,Defence
C02627,Polish State,PL,Government
C02628,DNV GL,NO,Certification
C02629,Norsk Hydro,NO,Metals
C02630,Siemens Energy,DE,Energy
C02631,Kongsberg Defence & Aerospace,NO,Defence
C02632,Yara International,NO,Chemicals
C02633,Yara International,NO,Chemicals
C02634,Norsk Hydro,NO,Metals
C02635,Norsk Hydro,NO,Metals
C02636,Kongsberg Defence & Aerospace,NO,Defence
C02637,Kongsberg Defence & Aerospace,NO,Defence
C02638,DNV GL,NO,Certification
C02639,DNV GL,NO,Certification
C02640,Aker Solutions,NO,Engineering
C02641,Kongsberg Defence & Aerospace,NO,Defence
C02642,Kongsberg Defence & Aerospace,NO,Defence
C02643,DNV GL,NO,Certification
C02644,ABB Norway,NO,Technology
C02645,DNV GL,NO,Certification
C02646,ABB Norway,NO,Technology
C02647,Kongsberg Defence & Aerospace,NO,Defence
C02648,DNV GL,NO,Certification
C02649,Aker Solutions,NO,Engineering
C02650,Vestas Offshore,DK,Offshore Wind
C02651,Statkraft AS,NO,Energy
C02652,Statkraft AS,NO,Energy
C02653,DNV GL,NO,Certification
C02654,Vestas Offshore,DK,Offshore Wind
C02655,Polish State,PL,Government
C02656,Polish State,PL,Government
C02657,Yara International,NO,Chemicals
C02658,DNV GL,NO,Certification
C02659,ABB Norway,NO,Technology
C02660,Siemens Energy,DE,Energy
C02661,ABB Norway,NO,Technology
C02662,Aker Solutions,NO,Engineering
C02663,Statkraft AS,NO,Energy
C02664,Siemens Energy,DE,Energy
C02665,Aker Solutions,NO,Engineering
C02666,Norsk Hydro,NO,Metals
C02667,Yara International,NO,Chemicals
C02668,Polish State,PL,Government
C02669,Polish State,PL,Government
C02670,ABB Norway,NO,Technology
C02671,Statkraft AS,NO,Energy
C02672,Kongsberg Defence & Aerospace,NO,Defence
C02673,Statkraft AS,NO,Energy
C02674,Aker Solutions,NO,Engineering
C02675,Aker Solutions,NO,Engineering
C02676,Aker Solutions,NO,Engineering
C02677,DNV GL,NO,Certification
C02678,Norsk Hydro,NO,Metals
C02679,Kongsberg Defence & Aerospace,NO,Defence
C02680,Kongsberg Defence & Aerospace,NO,Defence
C02681,Vestas Offshore,DK,Offshore Wind
C02682,Statkraft AS,NO,Energy
C02683,Norsk Hydro,NO,Metals
C02684,Aker Solutions,NO,Engineering
C02685,Siemens Energy,DE,Energy
C02686,Yara International,NO,Chemicals
C02687,Statkraft AS,NO,Energy
C02688,DNV GL,NO,Certification
C02689,Kongsberg Defence & Aerospace,NO,Defence
C02690,Polish State,PL,Government
C02691,Polish State,PL,Government
C02692,Yara International,NO,Chemicals
C02693,Norsk Hydro,NO,Metals
C02694,ABB Norway,NO,Technology
C02695,Kongsberg Defence & Aerospace,NO,Defence
C02696,Statkraft AS,NO,Energy
C02697,ABB Norway,NO,Technology
C02698,DNV GL,NO,Certification
C02699,Yara International,NO,Chemicals
C02700,Kongsberg Defence & Aerospace,NO,Defence
C02701,Vestas Offshore,DK,Offshore Wind
C02702,Siemens Energy,DE,Energy
C02703,Kongsberg Defence & Aerospace,NO,Defence
C02704,Polish State,PL,Government
C02705,Yara International,NO,Chemicals
C02706,Vestas Offshore,DK,Offshore Wind
C02707,Aker Solutions,NO,Engineering
C02708,Statkraft AS,NO,Energy
C02709,ABB Norway,NO,Technology
C02710,Vestas Offshore,DK,Offshore Wind
C02711,Yara International,NO,Chemicals
C02712,Polish State,PL,Government
C02713,Yara International,NO,Chemicals
C02714,Aker Solutions,NO,Engineering
C02715,DNV GL,NO,Certification
C02716,Siemens Energy,DE,Energy
C02717,Aker Solutions,NO,Engineering
C02718,Vestas Offshore,DK,Offshore Wind
C02719,Statkraft AS,NO,Energy
C02720,DNV GL,NO,Certification
C02721,Siemens Energy,DE,Energy
C02722,Kongsberg Defence & Aerospace,NO,Defence
C02723,Statkraft AS,NO,Energy
C02724,Aker Solutions,NO,Engineering
C02725,Polish State,PL,Government
C02726,Statkraft AS,NO,Energy
C02727,Siemens Energy,DE,Energy
C02728,Yara International,NO,Chemicals
C02729,Yara International,NO,Chemicals
C02730,Yara International,NO,Chemicals
C02731,Aker Solutions,NO,Engineering
C02732,Siemens Energy,DE,Energy
C02733,Kongsberg Defence & Aerospace,NO,Defence
C02734,ABB Norway,NO,Technology
C02735,Norsk Hydro,NO,Metals
C02736,Norsk Hydro,NO,Metals
C02737,Polish State,PL,Government
C02738,Siemens Energy,DE,Energy
C02739,DNV GL,NO,Certification
C02740,Aker Solutions,NO,Engineering
C02741,Aker Solutions,NO,Engineering
C02742,Vestas Offshore,DK,Offshore Wind
C02743,Yara International,NO,Chemicals
C02744,Aker Solutions,NO,Engineering
C02745,Statkraft AS,NO,Energy
C02746,Yara International,NO,Chemicals
C02747,ABB Norway,NO,Technology
C02748,Polish State,PL,Government
C02749,Statkraft AS,NO,Energy
C02750,Statkraft AS,NO,Energy
C02751,ABB Norway,NO,Technology
C02752,Vestas Offshore,DK,Offshore Wind
C02753,Aker Solutions,NO,Engineering
C02754,Vestas Offshore,DK,Offshore Wind
C02755,Aker Solutions,NO,Engineering
C02756,Siemens Energy,DE,Energy
C02757,Siemens Energy,DE,Energy
C02758,Statkraft AS,NO,Energy
C02759,Statkraft AS,NO,Energy
C02760,Kongsberg Defence & Aerospace,NO,Defence
C02761,ABB Norway,NO,Technology
C02762,Norsk Hydro,NO,Metals
C02763,Siemens Energy,DE,Energy
C02764,ABB Norway,NO,Technology
C02765,Statkraft AS,NO,Energy
C02766,Vestas Offshore,DK,Offshore Wind
C02767,Statkraft AS,NO,Energy
C02768,Vestas Offshore,DK,Offshore Wind
C02769,Aker Solutions,NO,Engineering
C02770,Norsk Hydro,NO,Metals
C02771,DNV GL,NO,Certification
C02772,DNV GL,NO,Certification
C02773,DNV GL,NO,Certification
C02774,Aker Solutions,NO,Engineering
C02775,Statkraft AS,NO,Energy
C02776,Kongsberg Defence & Aerospace,NO,Defence
C02777,Statkraft AS,NO,Energy
C02778,Siemens Energy,DE,Energy
C02779,DNV GL,NO,Certification
C02780,Statkraft AS,NO,Energy
C02781,Yara International,NO,Chemicals
C02782,Yara International,NO,Chemicals
C02783,Siemens Energy,DE,Energy
C02784,Aker Solutions,NO,Engineering
C02785,Kongsberg Defence & Aerospace,NO,Defence
C02786,ABB Norway,NO,Technology
C02787,Aker Solutions,NO,Engineering
C02788,Aker Solutions,NO,Engineering
C02789,Statkraft AS,NO,Energy
C02790,DNV GL,NO,Certification
C02791,Polish State,PL,Government
C02792,Yara International,NO,Chemicals
C02793,DNV GL,NO,Certification
C02794,Vestas Offshore,DK,Offshore Wind
C02795,Aker Solutions,NO,Engineering
C02796,Vestas Offshore,DK,Offshore Wind
C02797,Vestas Offshore,DK,Offshore Wind
C02798,ABB Norway,NO,Technology
C02799,ABB Norway,NO,Technology
C02800,ABB Norway,NO,Technology
C02801,Norsk Hydro,NO,Metals
C02802,Vestas Offshore,DK,Offshore Wind
C02803,Statkraft AS,NO,Energy
C02804,Vestas Offshore,DK,Offshore Wind
C02805,Aker Solutions,NO,Engineering
C02806,ABB Norway,NO,Technology
C02807,Aker Solutions,NO,Engineering
C02808,ABB Norway,NO,Technology
C02809,Norsk Hydro,NO,Metals
C02810,Statkraft AS,NO,Energy
C02811,Siemens Energy,DE,Energy
C02812,ABB Norway,NO,Technology
C02813,Polish State,PL,Government
C02814,Norsk Hydro,NO,Metals
C02815,Yara International,NO,Chemicals
C02816,Yara International,NO,Chemicals
C02817,Polish State,PL,Government
C02818,Norsk Hydro,NO,Metals
C02819,Statkraft AS,NO,Energy
C02820,Vestas Offshore,DK,Offshore Wind
C02821,ABB Norway,NO,Technology
C02822,Kongsberg Defence & Aerospace,NO,Defence
C02823,Aker Solutions,NO,Engineering
C02824,Siemens Energy,DE,Energy
C02825,Yara International,NO,Chemicals
C02826,Aker Solutions,NO,Engineering
C02827,Siemens Energy,DE,Energy
C02828,Norsk Hydro,NO,Metals
C02829,Siemens Energy,DE,Energy
C02830,Aker Solutions,NO,Engineering
C02831,Yara International,NO,Chemicals
C02832,Vestas Offshore,DK,Offshore Wind
C02833,ABB Norway,NO,Technology
C02834,Siemens Energy,DE,Energy
C02835,Yara International,NO,Chemicals
C02836,Polish State,PL,Government
C02837,Norsk Hydro,NO,Metals
C02838,Siemens Energy,DE,Energy
C02839,Vestas Offshore,DK,Offshore Wind
C02840,Aker Solutions,NO,Engineering
C02841,Siemens Energy,DE,Energy
C02842,ABB Norway,NO,Technology
C02843,Norsk Hydro,NO,Metals
C02844,Yara International,NO,Chemicals
C02845,Polish State,PL,Government
C02846,Siemens Energy,DE,Energy
C02847,Aker Solutions,NO,Engineering
C02848,ABB Norway,NO,Technology
C02849,Aker Solutions,NO,Engineering
C02850,Siemens Energy,DE,Energy
C02851,Statkraft AS,NO,Energy
C02852,Yara International,NO,Chemicals
C02853,Polish State,PL,Government
C02854,Yara International,NO,Chemicals
C02855,DNV GL,NO,Certification
C02856,Vestas Offshore,DK,Offshore Wind
C02857,DNV GL,NO,Certification
C02858,Kongsberg Defence & Aerospace,NO,Defence
C02859,Norsk Hydro,NO,Metals
C02860,Polish State,PL,Government
C02861,Norsk Hydro,NO,Metals
C02862,ABB Norway,NO,Technology
C02863,Statkraft AS,NO,Energy
C02864,Aker Solutions,NO,Engineering
C02865,Norsk Hydro,NO,Metals
C02866,Vestas Offshore,DK,Offshore Wind
C02867,ABB Norway,NO,Technology
C02868,Polish State,PL,Government
C02869,ABB Norway,NO,Technology
C02870,Vestas Offshore,DK,Offshore Wind
C02871,Aker Solutions,NO,Engineering
C02872,Aker Solutions,NO,Engineering
C02873,Statkraft AS,NO,Energy
C02874,Norsk Hydro,NO,Metals
C02875,Yara International,NO,Chemicals
C02876,Norsk Hydro,NO,Metals
C02877,Yara International,NO,Chemicals
C02878,Aker Solutions,NO,Engineering
C02879,DNV GL,NO,Certification
C02880,DNV GL,NO,Certification
C02881,Aker Solutions,NO,Engineering
C02882,DNV GL,NO,Certification
C02883,Kongsberg Defence & Aerospace,NO,Defence
C02884,Siemens Energy,DE,Energy
C02885,DNV GL,NO,Certification
C02886,Yara International,NO,Chemicals
C02887,Statkraft AS,NO,Energy
C02888,Statkraft AS,NO,Energy
C02889,Polish State,PL,Government
C02890,Siemens Energy,DE,Energy
C02891,Vestas Offshore,DK,Offshore Wind
C02892,Yara International,NO,Chemicals
C02893,Kongsberg Defence & Aerospace,NO,Defence
C02894,Yara International,NO,Chemicals
C02895,Aker Solutions,NO,Engineering
C02896,Siemens Energy,DE,Energy
C02897,Aker Solutions,NO,Engineering
C02898,Statkraft AS,NO,Energy
C02899,Kongsberg Defence & Aerospace,NO,Defence
C02900,Statkraft AS,NO,Energy
C02901,ABB Norway,NO,Technology
C02902,Polish State,PL,Government
C02903,DNV GL,NO,Certification
C02904,DNV GL,NO,Certification
C02905,DNV GL,NO,Certification
C02906,Yara International,NO,Chemicals
C02907,Yara International,NO,Chemicals
C02908,Polish State,PL,Government
C02909,Norsk Hydro,NO,Metals
C02910,Siemens Energy,DE,Energy
C02911,Aker Solutions,NO,Engineering
C02912,Norsk Hydro,NO,Metals
C02913,Yara International,NO,Chemicals
C02914,DNV GL,NO,Certification
C02915,Vestas Offshore,DK,Offshore Wind
C02916,Siemens Energy,DE,Energy
C02917,Kongsberg Defence & Aerospace,NO,Defence
C02918,Norsk Hydro,NO,Metals
C02919,Statkraft AS,NO,Energy
C02920,ABB Norway,NO,Technology
C02921,Aker Solutions,NO,Engineering
C02922,Statkraft AS,NO,Energy
C02923,Statkraft AS,NO,Energy
C02924,Vestas Offshore,DK,Offshore Wind
C02925,Siemens Energy,DE,Energy
C02926,ABB Norway,NO,Technology
C02927,Siemens Energy,DE,Energy
C02928,Norsk Hydro,NO,Metals
C02929,Polish State,PL,Government
C02930,DNV GL,NO,Certification
C02931,Norsk Hydro,NO,Metals
C02932,Siemens Energy,DE,Energy
C02933,Norsk Hydro,NO,Metals
C02934,Statkraft AS,NO,Energy
C02935,Norsk Hydro,NO,Metals
C02936,Norsk Hydro,NO,Metals
C02937,Siemens Energy,DE,Energy
C02938,Statkraft AS,NO,Energy
C02939,ABB Norway,NO,Technology
C02940,Kongsberg Defence & Aerospace,NO,Defence
C02941,Statkraft AS,NO,Energy
C02942,Kongsberg Defence & Aerospace,NO,Defence
C02943,Siemens Energy,DE,Energy
C02944,Statkraft AS,NO,Energy
C02945,Vestas Offshore,DK,Offshore Wind
C02946,Polish State,PL,Government
C02947,DNV GL,NO,Certification
C02948,Vestas Offshore,DK,Offshore Wind
C02949,DNV GL,NO,Certification
C02950,Vestas Offshore,DK,Offshore Wind
C02951,Siemens Energy,DE,Energy
C02952,DNV GL,NO,Certification
C02953,Aker Solutions,NO,Engineering
C02954,Norsk Hydro,NO,Metals
C02955,Polish State,PL,Government
C02956,Aker Solutions,NO,Engineering
C02957,Vestas Offshore,DK,Offshore Wind
C02958,Vestas Offshore,DK,Offshore Wind
C02959,Aker Solutions,NO,Engineering
C02960,Aker Solutions,NO,Engineering
C02961,Kongsberg Defence & Aerospace,NO,Defence
C02962,Yara International,NO,Chemicals
C02963,Polish State,PL,Government
C02964,Norsk Hydro,NO,Metals
C02965,Yara International,NO,Chemicals
C02966,Aker Solutions,NO,Engineering
C02967,Aker Solutions,NO,Engineering
C02968,Kongsberg Defence & Aerospace,NO,Defence
C02969,Polish State,PL,Government
C02970,Polish State,PL,Government
C02971,ABB Norway,NO,Technology
C02972,Statkraft AS,NO,Energy
C02973,Yara International,NO,Chemicals
C02974,Statkraft AS,NO,Energy
C02975,DNV GL,NO,Certification
C02976,Vestas Offshore,DK,Offshore Wind
C02977,Siemens Energy,DE,Energy
C02978,Siemens Energy,DE,Energy
C02979,Polish State,PL,Government
C02980,Norsk Hydro,NO,Metals
C02981,Statkraft AS,NO,Energy
C02982,ABB Norway,NO,Technology
C02983,Norsk Hydro,NO,Metals
C02984,DNV GL,NO,Certification
C02985,Siemens Energy,DE,Energy
C02986,Yara International,NO,Chemicals
C02987,Aker Solutions,NO,Engineering
C02988,Yara International,NO,Chemicals
C02989,Aker Solutions,NO,Engineering
C02990,Yara International,NO,Chemicals
C02991,Statkraft AS,NO,Energy
C02992,Siemens Energy,DE,Energy
C02993,Siemens Energy,DE,Energy
C02994,Norsk Hydro,NO,Metals
C02995,Yara International,NO,Chemicals
C02996,Vestas Offshore,DK,Offshore Wind
C02997,ABB Norway,NO,Technology
C02998,Yara International,NO,Chemicals
C02999,Yara International,NO,Chemicals
C03000,Statkraft AS,NO,Energy
C03001,Vestas Offshore,DK,Offshore Wind
C03002,Siemens Energy,DE,Energy
C03003,Statkraft AS,NO,Energy
C03004,Polish State,PL,Government
C03005,ABB Norway,NO,Technology
C03006,Statkraft AS,NO,Energy
C03007,Vestas Offshore,DK,Offshore Wind
C03008,Siemens Energy,DE,Energy
C03009,Vestas Offshore,DK,Offshore Wind
C03010,DNV GL,NO,Certification
C03011,Aker Solutions,NO,Engineering
C03012,Aker Solutions,NO,Engineering
C03013,Yara International,NO,Chemicals
C03014,Vestas Offshore,DK,Offshore Wind
C03015,Yara International,NO,Chemicals
C03016,Aker Solutions,NO,Engineering
C03017,Aker Solutions,NO,Engineering
C03018,Vestas Offshore,DK,Offshore Wind
C03019,Norsk Hydro,NO,Metals
C03020,DNV GL,NO,Certification
C03021,Vestas Offshore,DK,Offshore Wind
C03022,DNV GL,NO,Certification
C03023,Vestas Offshore,DK,Offshore Wind
C03024,Norsk Hydro,NO,Metals
C03025,ABB Norway,NO,Technology
C03026,Vestas Offshore,DK,Offshore Wind
C03027,Vestas Offshore,DK,Offshore Wind
C03028,Siemens Energy,DE,Energy
C03029,Norsk Hydro,NO,Metals
C03030,Yara International,NO,Chemicals
C03031,Kongsberg Defence & Aerospace,NO,Defence
C03032,Siemens Energy,DE,Energy
C03033,Kongsberg Defence & Aerospace,NO,Defence
C03034,Norsk Hydro,NO,Metals
C03035,Vestas Offshore,DK,Offshore Wind
C03036,Polish State,PL,Government
C03037,Aker Solutions,NO,Engineering
C03038,DNV GL,NO,Certification
C03039,DNV GL,NO,Certification
C03040,Norsk Hydro,NO,Metals
C03041,Aker Solutions,NO,Engineering
C03042,Norsk Hydro,NO,Metals
C03043,Aker Solutions,NO,Engineering
C03044,Norsk Hydro,NO,Metals
C03045,Norsk Hydro,NO,Metals
C03046,Vestas Offshore,DK,Offshore Wind
C03047,Statkraft AS,NO,Energy
C03048,Yara International,NO,Chemicals
C03049,Kongsberg Defence & Aerospace,NO,Defence
C03050,Polish State,PL,Government
C03051,ABB Norway,NO,Technology
C03052,Kongsberg Defence & Aerospace,NO,Defence
C03053,ABB Norway,NO,Technology
C03054,Polish State,PL,Government
C03055,DNV GL,NO,Certification
C03056,ABB Norway,NO,Technology
C03057,Vestas Offshore,DK,Offshore Wind
C03058,Norsk Hydro,NO,Metals
C03059,Yara International,NO,Chemicals
C03060,Norsk Hydro,NO,Metals
C03061,DNV GL,NO,Certification
C03062,DNV GL,NO,Certification
C03063,Statkraft AS,NO,Energy
C03064,Yara International,NO,Chemicals
C03065,Statkraft AS,NO,Energy
C03066,ABB Norway,NO,Technology
C03067,DNV GL,NO,Certification
C03068,Siemens Energy,DE,Energy
C03069,DNV GL,NO,Certification
C03070,Kongsberg Defence & Aerospace,NO,Defence
C03071,Norsk Hydro,NO,Metals
C03072,DNV GL,NO,Certification
C03073,Polish State,PL,Government
C03074,Aker Solutions,NO,Engineering
C03075,Statkraft AS,NO,Energy
C03076,Polish State,PL,Government
C03077,ABB Norway,NO,Technology
C03078,Kongsberg Defence & Aerospace,NO,Defence
C03079,Norsk Hydro,NO,Metals
C03080,ABB Norway,NO,Technology
C03081,Siemens Energy,DE,Energy
C03082,Statkraft AS,NO,Energy
C03083,Norsk Hydro,NO,Metals
C03084,Statkraft AS,NO,Energy
C03085,Polish State,PL,Government
C03086,Polish State,PL,Government
C03087,Yara International,NO,Chemicals
C03088,Siemens Energy,DE,Energy
C03089,Yara International,NO,Chemicals
C03090,Aker Solutions,NO,Engineering
C03091,Vestas Offshore,DK,Offshore Wind
C03092,Yara International,NO,Chemicals
C03093,Vestas Offshore,DK,Offshore Wind
C03094,Polish State,PL,Government
C03095,Polish State,PL,Government
C03096,Kongsberg Defence & Aerospace,NO,Defence
C03097,Yara International,NO,Chemicals
C03098,Siemens Energy,DE,Energy
C03099,DNV GL,NO,Certification
C03100,ABB Norway,NO,Technology
C03101,Yara International,NO,Chemicals
C03102,DNV GL,NO,Certification
C03103,Vestas Offshore,DK,Offshore Wind
C03104,Siemens Energy,DE,Energy
C03105,ABB Norway,NO,Technology
C03106,ABB Norway,NO,Technology
C03107,Yara International,NO,Chemicals
C03108,ABB Norway,NO,Technology
C03109,DNV GL,NO,Certification
C03110,Statkraft AS,NO,Energy
C03111,Vestas Offshore,DK,Offshore Wind
C03112,Aker Solutions,NO,Engineering
C03113,Kongsberg Defence & Aerospace,NO,Defence
C03114,ABB Norway,NO,Technology
C03115,Vestas Offshore,DK,Offshore Wind
C03116,Vestas Offshore,DK,Offshore Wind
C03117,Polish State,PL,Government
C03118,Vestas Offshore,DK,Offshore Wind
C03119,Siemens Energy,DE,Energy
C03120,Polish State,PL,Government
C03121,Aker Solutions,NO,Engineering
C03122,Norsk Hydro,NO,Metals
C03123,Vestas Offshore,DK,Offshore Wind
C03124,Yara International,NO,Chemicals
C03125,ABB Norway,NO,Technology
C03126,Aker Solutions,NO,Engineering
C03127,Aker Solutions,NO,Engineering
C03128,Norsk Hydro,NO,Metals
C03129,Statkraft AS,NO,Energy
C03130,Statkraft AS,NO,Energy
C03131,Aker Solutions,NO,Engineering
C03132,DNV GL,NO,Certification
C03133,ABB Norway,NO,Technology
C03134,Siemens Energy,DE,Energy
C03135,Norsk Hydro,NO,Metals
C03136,Norsk Hydro,NO,Metals
C03137,Siemens Energy,DE,Energy
C03138,Yara International,NO,Chemicals
C03139,Kongsberg Defence & Aerospace,NO,Defence
C03140,Statkraft AS,NO,Energy
C03141,Norsk Hydro,NO,Metals
C03142,Siemens Energy,DE,Energy
C03143,Statkraft AS,NO,Energy
C03144,DNV GL,NO,Certification
C03145,Aker Solutions,NO,Engineering
C03146,Polish State,PL,Government
C03147,Aker Solutions,NO,Engineering
C03148,Polish State,PL,Government
C03149,Norsk Hydro,NO,Metals
C03150,ABB Norway,NO,Technology
C03151,Siemens Energy,DE,Energy
C03152,ABB Norway,NO,Technology
C03153,Siemens Energy,DE,Energy
C03154,DNV GL,NO,Certification
C03155,Yara International,NO,Chemicals
C03156,Vestas Offshore,DK,Offshore Wind
C03157,Yara International,NO,Chemicals
C03158,Norsk Hydro,NO,Metals
C03159,Siemens Energy,DE,Energy
C03160,Kongsberg Defence & Aerospace,NO,Defence
C03161,Kongsberg Defence & Aerospace,NO,Defence
C03162,Statkraft AS,NO,Energy
C03163,Norsk Hydro,NO,Metals
C03164,Kongsberg Defence & Aerospace,NO,Defence
C03165,Statkraft AS,NO,Energy
C03166,Vestas Offshore,DK,Offshore Wind
C03167,Norsk Hydro,NO,Metals
C03168,Norsk Hydro,NO,Metals
C03169,Kongsberg Defence & Aerospace,NO,Defence
C03170,Aker Solutions,NO,Engineering
C03171,Polish State,PL,Government
C03172,Vestas Offshore,DK,Offshore Wind
C03173,ABB Norway,NO,Technology
C03174,Vestas Offshore,DK,Offshore Wind
C03175,ABB Norway,NO,Technology
C03176,Statkraft AS,NO,Energy
C03177,Siemens Energy,DE,Energy
C03178,ABB Norway,NO,Technology
C03179,Statkraft AS,NO,Energy
C03180,Siemens Energy,DE,Energy
C03181,Vestas Offshore,DK,Offshore Wind
C03182,Kongsberg Defence & Aerospace,NO,Defence
C03183,Aker Solutions,NO,Engineering
C03184,ABB Norway,NO,Technology
C03185,Polish State,PL,Government
C03186,Aker Solutions,NO,Engineering
C03187,Statkraft AS,NO,Energy
C03188,Statkraft AS,NO,Energy
C03189,Kongsberg Defence & Aerospace,NO,Defence
C03190,Polish State,PL,Government
C03191,Norsk Hydro,NO,Metals
C03192,Statkraft AS,NO,Energy
C03193,Vestas Offshore,DK,Offshore Wind
C03194,Yara International,NO,Chemicals
C03195,Polish State,PL,Government
C03196,DNV GL,NO,Certification
C03197,Norsk Hydro,NO,Metals
C03198,Kongsberg Defence & Aerospace,NO,Defence
C03199,Kongsberg Defence & Aerospace,NO,Defence
C03200,Siemens Energy,DE,Energy
C03201,Statkraft AS,NO,Energy
C03202,Aker Solutions,NO,Engineering
C03203,Vestas Offshore,DK,Offshore Wind
C03204,Norsk Hydro,NO,Metals
C03205,Statkraft AS,NO,Energy
C03206,Polish State,PL,Government
C03207,Aker Solutions,NO,Engineering
C03208,Statkraft AS,NO,Energy
C03209,Statkraft AS,NO,Energy
C03210,Statkraft AS,NO,Energy
C03211,Siemens Energy,DE,Energy
C03212,Siemens Energy,DE,Energy
C03213,ABB Norway,NO,Technology
C03214,Vestas Offshore,DK,Offshore Wind
C03215,Aker Solutions,NO,Engineering
C03216,Vestas Offshore,DK,Offshore Wind
C03217,Vestas Offshore,DK,Offshore Wind
C03218,Statkraft AS,NO,Energy
C03219,DNV GL,NO,Certification
C03220,Yara International,NO,Chemicals
C03221,Kongsberg Defence & Aerospace,NO,Defence
C03222,Yara International,NO,Chemicals
C03223,Vestas Offshore,DK,Offshore Wind
C03224,Norsk Hydro,NO,Metals
C03225,Siemens Energy,DE,Energy
C03226,Polish State,PL,Government
C03227,Vestas Offshore,DK,Offshore Wind
C03228,Aker Solutions,NO,Engineering
C03229,Yara International,NO,Chemicals
C03230,Norsk Hydro,NO,Metals
C03231,Polish State,PL,Government
C03232,Statkraft AS,NO,Energy
C03233,Statkraft AS,NO,Energy
C03234,Vestas Offshore,DK,Offshore Wind
C03235,Statkraft AS,NO,Energy
C03236,Yara International,NO,Chemicals
C03237,Aker Solutions,NO,Engineering
C03238,Siemens Energy,DE,Energy
C03239,Aker Solutions,NO,Engineering
C03240,Siemens Energy,DE,Energy
C03241,Vestas Offshore,DK,Offshore Wind
C03242,Polish State,PL,Government
C03243,ABB Norway,NO,Technology
C03244,Statkraft AS,NO,Energy
C03245,Polish State,PL,Government
C03246,DNV GL,NO,Certification
C03247,Yara International,NO,Chemicals
C03248,Yara International,NO,Chemicals
C03249,Yara International,NO,Chemicals
C03250,ABB Norway,NO,Technology
C03251,Kongsberg Defence & Aerospace,NO,Defence
C03252,ABB Norway,NO,Technology
C03253,Polish State,PL,Government
C03254,DNV GL,NO,Certification
C03255,Yara International,NO,Chemicals
C03256,DNV GL,NO,Certification
C03257,Polish State,PL,Government
C03258,Aker Solutions,NO,Engineering
C03259,ABB Norway,NO,Technology
C03260,Kongsberg Defence & Aerospace,NO,Defence
C03261,Polish State,PL,Government
C03262,Norsk Hydro,NO,Metals
C03263,Aker Solutions,NO,Engineering
C03264,Statkraft AS,NO,Energy
C03265,Polish State,PL,Government
C03266,Norsk Hydro,NO,Metals
C03267,Yara International,NO,Chemicals
C03268,Statkraft AS,NO,Energy
C03269,DNV GL,NO,Certification
C03270,Kongsberg Defence & Aerospace,NO,Defence
C03271,Siemens Energy,DE,Energy
C03272,Siemens Energy,DE,Energy
C03273,Vestas Offshore,DK,Offshore Wind
C03274,Aker Solutions,NO,Engineering
C03275,Yara International,NO,Chemicals
C03276,Aker Solutions,NO,Engineering
C03277,Siemens Energy,DE,Energy
C03278,DNV GL,NO,Certification
C03279,Vestas Offshore,DK,Offshore Wind
C03280,Norsk Hydro,NO,Metals
C03281,Statkraft AS,NO,Energy
C03282,Kongsberg Defence & Aerospace,NO,Defence
C03283,Yara International,NO,Chemicals
C03284,Statkraft AS,NO,Energy
C03285,Kongsberg Defence & Aerospace,NO,Defence
C03286,ABB Norway,NO,Technology
C03287,Polish State,PL,Government
C03288,Kongsberg Defence & Aerospace,NO,Defence
C03289,Kongsberg Defence & Aerospace,NO,Defence
C03290,Aker Solutions,NO,Engineering
C03291,DNV GL,NO,Certification
C03292,ABB Norway,NO,Technology
C03293,DNV GL,NO,Certification
C03294,Aker Solutions,NO,Engineering
C03295,Aker Solutions,NO,Engineering
C03296,Aker Solutions,NO,Engineering
C03297,Statkraft AS,NO,Energy
C03298,DNV GL,NO,Certification
C03299,DNV GL,NO,Certification
C03300,Yara International,NO,Chemicals
C03301,Vestas Offshore,DK,Offshore Wind
C03302,ABB Norway,NO,Technology
C03303,Statkraft AS,NO,Energy
C03304,ABB Norway,NO,Technology
C03305,Statkraft AS,NO,Energy
C03306,DNV GL,NO,Certification
C03307,Polish State,PL,Government
C03308,Vestas Offshore,DK,Offshore Wind
C03309,DNV GL,NO,Certification
C03310,Siemens Energy,DE,Energy
C03311,Aker Solutions,NO,Engineering
C03312,Yara International,NO,Chemicals
C03313,Statkraft AS,NO,Energy
C03314,ABB Norway,NO,Technology
C03315,Aker Solutions,NO,Engineering
C03316,Polish State,PL,Government
C03317,Kongsberg Defence & Aerospace,NO,Defence
C03318,Polish State,PL,Government
C03319,Statkraft AS,NO,Energy
C03320,Aker Solutions,NO,Engineering
C03321,Statkraft AS,NO,Energy
C03322,Norsk Hydro,NO,Metals
C03323,Yara International,NO,Chemicals
C03324,Yara International,NO,Chemicals
C03325,Kongsberg Defence & Aerospace,NO,Defence
C03326,ABB Norway,NO,Technology
C03327,Vestas Offshore,DK,Offshore Wind
C03328,Statkraft AS,NO,Energy
C03329,Kongsberg Defence & Aerospace,NO,Defence
C03330,Vestas Offshore,DK,Offshore Wind
C03331,Kongsberg Defence & Aerospace,NO,Defence
C03332,Vestas Offshore,DK,Offshore Wind
C03333,Norsk Hydro,NO,Metals
C03334,Siemens Energy,DE,Energy
C03335,DNV GL,NO,Certification
C03336,DNV GL,NO,Certification
C03337,ABB Norway,NO,Technology
C03338,Vestas Offshore,DK,Offshore Wind
C03339,Siemens Energy,DE,Energy
C03340,Vestas Offshore,DK,Offshore Wind
C03341,ABB Norway,NO,Technology
C03342,Statkraft AS,NO,Energy
C03343,Kongsberg Defence & Aerospace,NO,Defence
C03344,Siemens Energy,DE,Energy
C03345,Aker Solutions,NO,Engineering
C03346,ABB Norway,NO,Technology
C03347,DNV GL,NO,Certification
C03348,Statkraft AS,NO,Energy
C03349,ABB Norway,NO,Technology
C03350,Yara International,NO,Chemicals
C03351,Statkraft AS,NO,Energy
C03352,Norsk Hydro,NO,Metals
C03353,Norsk Hydro,NO,Metals
C03354,DNV GL,NO,Certification
C03355,Siemens Energy,DE,Energy
C03356,Kongsberg Defence & Aerospace,NO,Defence
C03357,Norsk Hydro,NO,Metals
C03358,Yara International,NO,Chemicals
C03359,Vestas Offshore,DK,Offshore Wind
C03360,Siemens Energy,DE,Energy
C03361,Vestas Offshore,DK,Offshore Wind
C03362,ABB Norway,NO,Technology
C03363,Statkraft AS,NO,Energy
C03364,Yara International,NO,Chemicals
C03365,Statkraft AS,NO,Energy
C03366,Polish State,PL,Government
C03367,DNV GL,NO,Certification
C03368,Kongsberg Defence & Aerospace,NO,Defence
C03369,Kongsberg Defence & Aerospace,NO,Defence
C03370,Kongsberg Defence & Aerospace,NO,Defence
C03371,Polish State,PL,Government
C03372,Kongsberg Defence & Aerospace,NO,Defence
C03373,Norsk Hydro,NO,Metals
C03374,Siemens Energy,DE,Energy
C03375,Aker Solutions,NO,Engineering
C03376,Vestas Offshore,DK,Offshore Wind
C03377,Vestas Offshore,DK,Offshore Wind
C03378,Kongsberg Defence & Aerospace,NO,Defence
C03379,DNV GL,NO,Certification
C03380,Aker Solutions,NO,Engineering
C03381,Polish State,PL,Government
C03382,Siemens Energy,DE,Energy
C03383,Polish State,PL,Government
C03384,Aker Solutions,NO,Engineering
C03385,Siemens Energy,DE,Energy
C03386,ABB Norway,NO,Technology
C03387,Statkraft AS,NO,Energy
C03388,Yara International,NO,Chemicals
C03389,Siemens Energy,DE,Energy
C03390,Statkraft AS,NO,Energy
C03391,DNV GL,NO,Certification
C03392,Kongsberg Defence & Aerospace,NO,Defence
C03393,Vestas Offshore,DK,Offshore Wind
C03394,Polish State,PL,Government
C03395,DNV GL,NO,Certification
C03396,Kongsberg Defence & Aerospace,NO,Defence
C03397,Aker Solutions,NO,Engineering
C03398,Statkraft AS,NO,Energy
C03399,Norsk Hydro,NO,Metals
C03400,ABB Norway,NO,Technology
C03401,ABB Norway,NO,Technology
C03402,Siemens Energy,DE,Energy
C03403,Statkraft AS,NO,Energy
C03404,DNV GL,NO,Certification
C03405,Norsk Hydro,NO,Metals
C03406,Kongsberg Defence & Aerospace,NO,Defence
C03407,Siemens Energy,DE,Energy
C03408,Polish State,PL,Government
C03409,ABB Norway,NO,Technology
C03410,Yara International,NO,Chemicals
C03411,ABB Norway,NO,Technology
C03412,Yara International,NO,Chemicals
C03413,Polish State,PL,Government
C03414,Norsk Hydro,NO,Metals
C03415,Siemens Energy,DE,Energy
C03416,Yara International,NO,Chemicals
C03417,Norsk Hydro,NO,Metals
C03418,Polish State,PL,Government
C03419,DNV GL,NO,Certification
C03420,Polish State,PL,Government
C03421,Vestas Offshore,DK,Offshore Wind
C03422,Kongsberg Defence & Aerospace,NO,Defence
C03423,Aker Solutions,NO,Engineering
C03424,Kongsberg Defence & Aerospace,NO,Defence
C03425,Polish State,PL,Government
C03426,DNV GL,NO,Certification
C03427,Siemens Energy,DE,Energy
C03428,Kongsberg Defence & Aerospace,NO,Defence
C03429,Siemens Energy,DE,Energy
C03430,Kongsberg Defence & Aerospace,NO,Defence
C03431,Aker Solutions,NO,Engineering
C03432,ABB Norway,NO,Technology
C03433,Statkraft AS,NO,Energy
C03434,Polish State,PL,Government
C03435,DNV GL,NO,Certification
C03436,Polish State,PL,Government
C03437,Aker Solutions,NO,Engineering
C03438,Norsk Hydro,NO,Metals
C03439,Kongsberg Defence & Aerospace,NO,Defence
C03440,Vestas Offshore,DK,Offshore Wind
C03441,ABB Norway,NO,Technology
C03442,Statkraft AS,NO,Energy
C03443,Kongsberg Defence & Aerospace,NO,Defence
C03444,Polish State,PL,Government
C03445,DNV GL,NO,Certification
C03446,Aker Solutions,NO,Engineering
C03447,Siemens Energy,DE,Energy
C03448,Norsk Hydro,NO,Metals
C03449,Statkraft AS,NO,Energy
C03450,Yara International,NO,Chemicals
C03451,Statkraft AS,NO,Energy
C03452,DNV GL,NO,Certification
C03453,Vestas Offshore,DK,Offshore Wind
C03454,Aker Solutions,NO,Engineering
C03455,Statkraft AS,NO,Energy
C03456,Yara International,NO,Chemicals
C03457,Yara International,NO,Chemicals
C03458,Kongsberg Defence & Aerospace,NO,Defence
C03459,Aker Solutions,NO,Engineering
C03460,Vestas Offshore,DK,Offshore Wind
C03461,Polish State,PL,Government
C03462,ABB Norway,NO,Technology
C03463,ABB Norway,NO,Technology
C03464,Siemens Energy,DE,Energy
C03465,Aker Solutions,NO,Engineering
C03466,Siemens Energy,DE,Energy
C03467,Siemens Energy,DE,Energy
C03468,Norsk Hydro,NO,Metals
C03469,ABB Norway,NO,Technology
C03470,Polish State,PL,Government
C03471,Statkraft AS,NO,Energy
C03472,Polish State,PL,Government
C03473,Vestas Offshore,DK,Offshore Wind
C03474,Yara International,NO,Chemicals
C03475,Statkraft AS,NO,Energy
C03476,Vestas Offshore,DK,Offshore Wind
C03477,Statkraft AS,NO,Energy
C03478,Vestas Offshore,DK,Offshore Wind
C03479,Norsk Hydro,NO,Metals
C03480,Norsk Hydro,NO,Metals
C03481,Siemens Energy,DE,Energy
C03482,Aker Solutions,NO,Engineering
C03483,Statkraft AS,NO,Energy
C03484,DNV GL,NO,Certification
C03485,Siemens Energy,DE,Energy
C03486,Polish State,PL,Government
C03487,Norsk Hydro,NO,Metals
C03488,ABB Norway,NO,Technology
C03489,Norsk Hydro,NO,Metals
C03490,ABB Norway,NO,Technology
C03491,Statkraft AS,NO,Energy
C03492,Statkraft AS,NO,Energy
C03493,Vestas Offshore,DK,Offshore Wind
C03494,ABB Norway,NO,Technology
C03495,Yara International,NO,Chemicals
C03496,Kongsberg Defence & Aerospace,NO,Defence
C03497,Polish State,PL,Government
C03498,Siemens Energy,DE,Energy
C03499,Vestas Offshore,DK,Offshore Wind
C03500,Statkraft AS,NO,Energy
C03501,Polish State,PL,Government
C03502,Siemens Energy,DE,Energy
C03503,Aker Solutions,NO,Engineering
C03504,DNV GL,NO,Certification
C03505,Kongsberg Defence & Aerospace,NO,Defence
C03506,ABB Norway,NO,Technology
C03507,ABB Norway,NO,Technology
C03508,Vestas Offshore,DK,Offshore Wind
C03509,Kongsberg Defence & Aerospace,NO,Defence
C03510,Aker Solutions,NO,Engineering
C03511,Norsk Hydro,NO,Metals
C03512,DNV GL,NO,Certification
C03513,DNV GL,NO,Certification
C03514,Polish State,PL,Government
C03515,Statkraft AS,NO,Energy
C03516,Norsk Hydro,NO,Metals
C03517,Statkraft AS,NO,Energy
C03518,Vestas Offshore,DK,Offshore Wind
C03519,Statkraft AS,NO,Energy
C03520,Kongsberg Defence & Aerospace,NO,Defence
C03521,Kongsberg Defence & Aerospace,NO,Defence
C03522,Polish State,PL,Government
C03523,Vestas Offshore,DK,Offshore Wind
C03524,Polish State,PL,Government
C03525,Aker Solutions,NO,Engineering
C03526,Siemens Energy,DE,Energy
C03527,Statkraft AS,NO,Energy
C03528,Yara International,NO,Chemicals
C03529,Yara International,NO,Chemicals
C03530,ABB Norway,NO,Technology
C03531,Statkraft AS,NO,Energy
C03532,Kongsberg Defence & Aerospace,NO,Defence
C03533,Statkraft AS,NO,Energy
C03534,Polish State,PL,Government
C03535,Norsk Hydro,NO,Metals
C03536,Vestas Offshore,DK,Offshore Wind
C03537,Statkraft AS,NO,Energy
C03538,Siemens Energy,DE,Energy
C03539,Statkraft AS,NO,Energy
C03540,Kongsberg Defence & Aerospace,NO,Defence
C03541,Norsk Hydro,NO,Metals
C03542,Kongsberg Defence & Aerospace,NO,Defence
C03543,Vestas Offshore,DK,Offshore Wind
C03544,Yara International,NO,Chemicals
C03545,Aker Solutions,NO,Engineering
C03546,Aker Solutions,NO,Engineering
C03547,Norsk Hydro,NO,Metals
C03548,Kongsberg Defence & Aerospace,NO,Defence
C03549,Aker Solutions,NO,Engineering
C03550,Aker Solutions,NO,Engineering
C03551,Vestas Offshore,DK,Offshore Wind
C03552,Siemens Energy,DE,Energy
C03553,Polish State,PL,Government
C03554,Vestas Offshore,DK,Offshore Wind
C03555,ABB Norway,NO,Technology
C03556,ABB Norway,NO,Technology
C03557,Norsk Hydro,NO,Metals
C03558,Vestas Offshore,DK,Offshore Wind
C03559,Kongsberg Defence & Aerospace,NO,Defence
C03560,Yara International,NO,Chemicals
C03561,Yara International,NO,Chemicals
C03562,Yara International,NO,Chemicals
C03563,Polish State,PL,Government
C03564,ABB Norway,NO,Technology
C03565,Norsk Hydro,NO,Metals
C03566,Aker Solutions,NO,Engineering
C03567,DNV GL,NO,Certification
C03568,Norsk Hydro,NO,Metals
C03569,Kongsberg Defence & Aerospace,NO,Defence
C03570,Statkraft AS,NO,Energy
C03571,ABB Norway,NO,Technology
C03572,Aker Solutions,NO,Engineering
C03573,Vestas Offshore,DK,Offshore Wind
C03574,Aker Solutions,NO,Engineering
C03575,Polish State,PL,Government
C03576,DNV GL,NO,Certification
C03577,Polish State,PL,Government
C03578,DNV GL,NO,Certification
C03579,Kongsberg Defence & Aerospace,NO,Defence
C03580,Aker Solutions,NO,Engineering
C03581,Siemens Energy,DE,Energy
C03582,Norsk Hydro,NO,Metals
C03583,DNV GL,NO,Certification
C03584,Norsk Hydro,NO,Metals
C03585,Siemens Energy,DE,Energy
C03586,Yara International,NO,Chemicals
C03587,DNV GL,NO,Certification
C03588,Siemens Energy,DE,Energy
C03589,Aker Solutions,NO,Engineering
C03590,ABB Norway,NO,Technology
C03591,Vestas Offshore,DK,Offshore Wind
C03592,Kongsberg Defence & Aerospace,NO,Defence
C03593,Siemens Energy,DE,Energy
C03594,Yara International,NO,Chemicals
C03595,Polish State,PL,Government
C03596,Kongsberg Defence & Aerospace,NO,Defence
C03597,ABB Norway,NO,Technology
C03598,Kongsberg Defence & Aerospace,NO,Defence
C03599,Norsk Hydro,NO,Metals
C03600,DNV GL,NO,Certification
C03601,Siemens Energy,DE,Energy
C03602,Yara International,NO,Chemicals
C03603,Polish State,PL,Government
C03604,Vestas Offshore,DK,Offshore Wind
C03605,Statkraft AS,NO,Energy
C03606,Polish State,PL,Government
C03607,Polish State,PL,Government
C03608,ABB Norway,NO,Technology
C03609,DNV GL,NO,Certification
C03610,Kongsberg Defence & Aerospace,NO,Defence
C03611,Polish State,PL,Government
C03612,Yara International,NO,Chemicals
C03613,Aker Solutions,NO,Engineering
C03614,Siemens Energy,DE,Energy
C03615,Vestas Offshore,DK,Offshore Wind
C03616,Vestas Offshore,DK,Offshore Wind
C03617,Polish State,PL,Government
C03618,Yara International,NO,Chemicals
C03619,Siemens Energy,DE,Energy
C03620,Siemens Energy,DE,Energy
C03621,Yara International,NO,Chemicals
C03622,Kongsberg Defence & Aerospace,NO,Defence
C03623,Siemens Energy,DE,Energy
C03624,Yara International,NO,Chemicals
C03625,Yara International,NO,Chemicals
C03626,Vestas Offshore,DK,Offshore Wind
C03627,Yara International,NO,Chemicals
C03628,Polish State,PL,Government
C03629,Norsk Hydro,NO,Metals
C03630,DNV GL,NO,Certification
C03631,ABB Norway,NO,Technology
C03632,Vestas Offshore,DK,Offshore Wind
C03633,Norsk Hydro,NO,Metals
C03634,Kongsberg Defence & Aerospace,NO,Defence
C03635,Statkraft AS,NO,Energy
C03636,Kongsberg Defence & Aerospace,NO,Defence
C03637,Polish State,PL,Government
C03638,Yara International,NO,Chemicals
C03639,Polish State,PL,Government
C03640,Kongsberg Defence & Aerospace,NO,Defence
C03641,DNV GL,NO,Certification
C03642,Norsk Hydro,NO,Metals
C03643,Kongsberg Defence & Aerospace,NO,Defence
C03644,Siemens Energy,DE,Energy
C03645,Yara International,NO,Chemicals
C03646,Polish State,PL,Government
C03647,Vestas Offshore,DK,Offshore Wind
C03648,Siemens Energy,DE,Energy
C03649,Vestas Offshore,DK,Offshore Wind
C03650,Siemens Energy,DE,Energy
C03651,Kongsberg Defence & Aerospace,NO,Defence
C03652,Kongsberg Defence & Aerospace,NO,Defence
C03653,Vestas Offshore,DK,Offshore Wind
C03654,Yara International,NO,Chemicals
C03655,Vestas Offshore,DK,Offshore Wind
C03656,Statkraft AS,NO,Energy
C03657,DNV GL,NO,Certification
C03658,Siemens Energy,DE,Energy
C03659,Statkraft AS,NO,Energy
C03660,Siemens Energy,DE,Energy
C03661,Aker Solutions,NO,Engineering
C03662,Yara International,NO,Chemicals
C03663,Statkraft AS,NO,Energy
C03664,Siemens Energy,DE,Energy
C03665,ABB Norway,NO,Technology
C03666,Siemens Energy,DE,Energy
C03667,Vestas Offshore,DK,Offshore Wind
C03668,Vestas Offshore,DK,Offshore Wind
C03669,Aker Solutions,NO,Engineering
C03670,Norsk Hydro,NO,Metals
C03671,Siemens Energy,DE,Energy
C03672,Vestas Offshore,DK,Offshore Wind
C03673,DNV GL,NO,Certification
C03674,Yara International,NO,Chemicals
C03675,Siemens Energy,DE,Energy
C03676,Polish State,PL,Government
C03677,Yara International,NO,Chemicals
C03678,Vestas Offshore,DK,Offshore Wind
C03679,Aker Solutions,NO,Engineering
C03680,ABB Norway,NO,Technology
C03681,ABB Norway,NO,Technology
C03682,Vestas Offshore,DK,Offshore Wind
C03683,Vestas Offshore,DK,Offshore Wind
C03684,Kongsberg Defence & Aerospace,NO,Defence
C03685,Yara International,NO,Chemicals
C03686,Aker Solutions,NO,Engineering
C03687,Yara International,NO,Chemicals
C03688,Kongsberg Defence & Aerospace,NO,Defence
C03689,Vestas Offshore,DK,Offshore Wind
C03690,Yara International,NO,Chemicals
C03691,Siemens Energy,DE,Energy
C03692,Yara International,NO,Chemicals
C03693,Polish State,PL,Government
C03694,Yara International,NO,Chemicals
C03695,Statkraft AS,NO,Energy
C03696,Norsk Hydro,NO,Metals
C03697,Vestas Offshore,DK,Offshore Wind
C03698,Siemens Energy,DE,Energy
C03699,Statkraft AS,NO,Energy
C03700,Polish State,PL,Government
C03701,Siemens Energy,DE,Energy
C03702,Siemens Energy,DE,Energy
C03703,Vestas Offshore,DK,Offshore Wind
C03704,Statkraft AS,NO,Energy
C03705,Siemens Energy,DE,Energy
C03706,Norsk Hydro,NO,Metals
C03707,Kongsberg Defence & Aerospace,NO,Defence
C03708,ABB Norway,NO,Technology
C03709,Polish State,PL,Government
C03710,Polish State,PL,Government
C03711,Statkraft AS,NO,Energy
C03712,Siemens Energy,DE,Energy
C03713,ABB Norway,NO,Technology
C03714,Statkraft AS,NO,Energy
C03715,Kongsberg Defence & Aerospace,NO,Defence
C03716,Kongsberg Defence & Aerospace,NO,Defence
C03717,Aker Solutions,NO,Engineering
C03718,Norsk Hydro,NO,Metals
C03719,Aker Solutions,NO,Engineering
C03720,Vestas Offshore,DK,Offshore Wind
C03721,Aker Solutions,NO,Engineering
C03722,Norsk Hydro,NO,Metals
C03723,Aker Solutions,NO,Engineering
C03724,Siemens Energy,DE,Energy
C03725,DNV GL,NO,Certification
C03726,Aker Solutions,NO,Engineering
C03727,Statkraft AS,NO,Energy
C03728,Norsk Hydro,NO,Metals
C03729,Yara International,NO,Chemicals
C03730,Polish State,PL,Government
C03731,Vestas Offshore,DK,Offshore Wind
C03732,Norsk Hydro,NO,Metals
C03733,Statkraft AS,NO,Energy
C03734,Kongsberg Defence & Aerospace,NO,Defence
C03735,ABB Norway,NO,Technology
C03736,Kongsberg Defence & Aerospace,NO,Defence
C03737,Siemens Energy,DE,Energy
C03738,ABB Norway,NO,Technology
C03739,Statkraft AS,NO,Energy
C03740,Statkraft AS,NO,Energy
C03741,Siemens Energy,DE,Energy
C03742,Vestas Offshore,DK,Offshore Wind
C03743,Aker Solutions,NO,Engineering
C03744,Vestas Offshore,DK,Offshore Wind
C03745,Statkraft AS,NO,Energy
C03746,DNV GL,NO,Certification
C03747,Statkraft AS,NO,Energy
C03748,Siemens Energy,DE,Energy
C03749,Yara International,NO,Chemicals
C03750,Yara International,NO,Chemicals
C03751,Norsk Hydro,NO,Metals
C03752,Kongsberg Defence & Aerospace,NO,Defence
C03753,Aker Solutions,NO,Engineering
C03754,Vestas Offshore,DK,Offshore Wind
C03755,Yara International,NO,Chemicals
C03756,Aker Solutions,NO,Engineering
C03757,Vestas Offshore,DK,Offshore Wind
C03758,Kongsberg Defence & Aerospace,NO,Defence
C03759,Statkraft AS,NO,Energy
C03760,Siemens Energy,DE,Energy
C03761,Polish State,PL,Government
C03762,Polish State,PL,Government
C03763,Aker Solutions,NO,Engineering
C03764,DNV GL,NO,Certification
C03765,DNV GL,NO,Certification
C03766,ABB Norway,NO,Technology
C03767,ABB Norway,NO,Technology
C03768,ABB Norway,NO,Technology
C03769,Polish State,PL,Government
C03770,Statkraft AS,NO,Energy
C03771,Kongsberg Defence & Aerospace,NO,Defence
C03772,Aker Solutions,NO,Engineering
C03773,Yara International,NO,Chemicals
C03774,DNV GL,NO,Certification
C03775,Norsk Hydro,NO,Metals
C03776,Vestas Offshore,DK,Offshore Wind
C03777,Kongsberg Defence & Aerospace,NO,Defence
C03778,Siemens Energy,DE,Energy
C03779,Kongsberg Defence & Aerospace,NO,Defence
C03780,Aker Solutions,NO,Engineering
C03781,Statkraft AS,NO,Energy
C03782,ABB Norway,NO,Technology
C03783,Yara International,NO,Chemicals
C03784,Norsk Hydro,NO,Metals
C03785,Polish State,PL,Government
C03786,Statkraft AS,NO,Energy
C03787,Kongsberg Defence & Aerospace,NO,Defence
C03788,Polish State,PL,Government
C03789,Vestas Offshore,DK,Offshore Wind
C03790,ABB Norway,NO,Technology
C03791,Statkraft AS,NO,Energy
C03792,Norsk Hydro,NO,Metals
C03793,Statkraft AS,NO,Energy
C03794,ABB Norway,NO,Technology
C03795,Aker Solutions,NO,Engineering
C03796,Norsk Hydro,NO,Metals
C03797,Norsk Hydro,NO,Metals
C03798,ABB Norway,NO,Technology
C03799,Statkraft AS,NO,Energy
C03800,DNV GL,NO,Certification
C03801,Aker Solutions,NO,Engineering
C03802,Vestas Offshore,DK,Offshore Wind
C03803,Siemens Energy,DE,Energy
C03804,Aker Solutions,NO,Engineering
C03805,Siemens Energy,DE,Energy
C03806,Vestas Offshore,DK,Offshore Wind
C03807,Norsk Hydro,NO,Metals
C03808,Kongsberg Defence & Aerospace,NO,Defence
C03809,ABB Norway,NO,Technology
C03810,Norsk Hydro,NO,Metals
C03811,Norsk Hydro,NO,Metals
C03812,ABB Norway,NO,Technology
C03813,Polish State,PL,Government
C03814,ABB Norway,NO,Technology
C03815,Yara International,NO,Chemicals
C03816,Kongsberg Defence & Aerospace,NO,Defence
C03817,Vestas Offshore,DK,Offshore Wind
C03818,Statkraft AS,NO,Energy
C03819,Statkraft AS,NO,Energy
C03820,Siemens Energy,DE,Energy
C03821,DNV GL,NO,Certification
C03822,Aker Solutions,NO,Engineering
C03823,Yara International,NO,Chemicals
C03824,Polish State,PL,Government
C03825,DNV GL,NO,Certification
C03826,Kongsberg Defence & Aerospace,NO,Defence
C03827,Aker Solutions,NO,Engineering
C03828,DNV GL,NO,Certification
C03829,Aker Solutions,NO,Engineering
C03830,DNV GL,NO,Certification
C03831,Norsk Hydro,NO,Metals
C03832,Yara International,NO,Chemicals
C03833,Polish State,PL,Government
C03834,Norsk Hydro,NO,Metals
C03835,ABB Norway,NO,Technology
C03836,Statkraft AS,NO,Energy
C03837,Aker Solutions,NO,Engineering
C03838,Kongsberg Defence & Aerospace,NO,Defence
C03839,DNV GL,NO,Certification
C03840,Yara International,NO,Chemicals
C03841,DNV GL,NO,Certification
C03842,Yara International,NO,Chemicals
C03843,Yara International,NO,Chemicals
C03844,Vestas Offshore,DK,Offshore Wind
C03845,Statkraft AS,NO,Energy
C03846,Norsk Hydro,NO,Metals
C03847,Vestas Offshore,DK,Offshore Wind
C03848,Vestas Offshore,DK,Offshore Wind
C03849,Polish State,PL,Government
C03850,Polish State,PL,Government
C03851,Vestas Offshore,DK,Offshore Wind
C03852,Kongsberg Defence & Aerospace,NO,Defence
C03853,Aker Solutions,NO,Engineering
C03854,Statkraft AS,NO,Energy
C03855,Aker Solutions,NO,Engineering
C03856,Polish State,PL,Government
C03857,Vestas Offshore,DK,Offshore Wind
C03858,Yara International,NO,Chemicals
C03859,ABB Norway,NO,Technology
C03860,Siemens Energy,DE,Energy
C03861,Statkraft AS,NO,Energy
C03862,Statkraft AS,NO,Energy
C03863,Aker Solutions,NO,Engineering
C03864,DNV GL,NO,Certification
C03865,Aker Solutions,NO,Engineering
C03866,DNV GL,NO,Certification
C03867,Siemens Energy,DE,Energy
C03868,ABB Norway,NO,Technology
C03869,DNV GL,NO,Certification
C03870,Norsk Hydro,NO,Metals
C03871,Kongsberg Defence & Aerospace,NO,Defence
C03872,Yara International,NO,Chemicals
C03873,Yara International,NO,Chemicals
C03874,DNV GL,NO,Certification
C03875,Aker Solutions,NO,Engineering
C03876,Statkraft AS,NO,Energy
C03877,Aker Solutions,NO,Engineering
C03878,Vestas Offshore,DK,Offshore Wind
C03879,Vestas Offshore,DK,Offshore Wind
C03880,Yara International,NO,Chemicals
C03881,Yara International,NO,Chemicals
C03882,Yara International,NO,Chemicals
C03883,Statkraft AS,NO,Energy
C03884,Statkraft AS,NO,Energy
C03885,Yara International,NO,Chemicals
C03886,Statkraft AS,NO,Energy
C03887,ABB Norway,NO,Technology
C03888,DNV GL,NO,Certification
C03889,Siemens Energy,DE,Energy
C03890,Aker Solutions,NO,Engineering
C03891,ABB Norway,NO,Technology
C03892,Aker Solutions,NO,Engineering
C03893,Norsk Hydro,NO,Metals
C03894,Yara International,NO,Chemicals
C03895,Yara International,NO,Chemicals
C03896,Norsk Hydro,NO,Metals
C03897,Kongsberg Defence & Aerospace,NO,Defence
C03898,Vestas Offshore,DK,Offshore Wind
C03899,ABB Norway,NO,Technology
C03900,Aker Solutions,NO,Engineering
C03901,Vestas Offshore,DK,Offshore Wind
C03902,Yara International,NO,Chemicals
C03903,Yara International,NO,Chemicals
C03904,Aker Solutions,NO,Engineering
C03905,Kongsberg Defence & Aerospace,NO,Defence
C03906,Aker Solutions,NO,Engineering
C03907,Siemens Energy,DE,Energy
C03908,Polish State,PL,Government
C03909,Kongsberg Defence & Aerospace,NO,Defence
C03910,Norsk Hydro,NO,Metals
C03911,ABB Norway,NO,Technology
C03912,Siemens Energy,DE,Energy
C03913,Kongsberg Defence & Aerospace,NO,Defence
C03914,Siemens Energy,DE,Energy
C03915,ABB Norway,NO,Technology
C03916,ABB Norway,NO,Technology
C03917,ABB Norway,NO,Technology
C03918,Norsk Hydro,NO,Metals
C03919,Statkraft AS,NO,Energy
C03920,Polish State,PL,Government
C03921,Vestas Offshore,DK,Offshore Wind
C03922,ABB Norway,NO,Technology
C03923,Norsk Hydro,NO,Metals
C03924,Siemens Energy,DE,Energy
C03925,ABB Norway,NO,Technology
C03926,Aker Solutions,NO,Engineering
C03927,Yara International,NO,Chemicals
C03928,Statkraft AS,NO,Energy
C03929,Polish State,PL,Government
C03930,Norsk Hydro,NO,Metals
C03931,Polish State,PL,Government
C03932,Aker Solutions,NO,Engineering
C03933,Norsk Hydro,NO,Metals
C03934,DNV GL,NO,Certification
C03935,Siemens Energy,DE,Energy
C03936,Kongsberg Defence & Aerospace,NO,Defence
C03937,DNV GL,NO,Certification
C03938,Vestas Offshore,DK,Offshore Wind
C03939,Statkraft AS,NO,Energy
C03940,ABB Norway,NO,Technology
C03941,DNV GL,NO,Certification
C03942,Aker Solutions,NO,Engineering
C03943,Vestas Offshore,DK,Offshore Wind
C03944,DNV GL,NO,Certification
C03945,Yara International,NO,Chemicals
C03946,Kongsberg Defence & Aerospace,NO,Defence
C03947,Vestas Offshore,DK,Offshore Wind
C03948,Polish State,PL,Government
C03949,Polish State,PL,Government
C03950,Kongsberg Defence & Aerospace,NO,Defence
C03951,Polish State,PL,Government
C03952,Kongsberg Defence & Aerospace,NO,Defence
C03953,Norsk Hydro,NO,Metals
C03954,Kongsberg Defence & Aerospace,NO,Defence
C03955,Siemens Energy,DE,Energy
C03956,Polish State,PL,Government
C03957,ABB Norway,NO,Technology
C03958,Siemens Energy,DE,Energy
C03959,Norsk Hydro,NO,Metals
C03960,DNV GL,NO,Certification
C03961,Aker Solutions,NO,Engineering
C03962,Statkraft AS,NO,Energy
C03963,Kongsberg Defence & Aerospace,NO,Defence
C03964,Polish State,PL,Government
C03965,Siemens Energy,DE,Energy
C03966,Norsk Hydro,NO,Metals
C03967,Yara International,NO,Chemicals
C03968,Norsk Hydro,NO,Metals
C03969,Vestas Offshore,DK,Offshore Wind
C03970,Norsk Hydro,NO,Metals
C03971,Yara International,NO,Chemicals
C03972,DNV GL,NO,Certification
C03973,Siemens Energy,DE,Energy
C03974,Siemens Energy,DE,Energy
C03975,Vestas Offshore,DK,Offshore Wind
C03976,ABB Norway,NO,Technology
C03977,Statkraft AS,NO,Energy
C03978,ABB Norway,NO,Technology
C03979,Kongsberg Defence & Aerospace,NO,Defence
C03980,Aker Solutions,NO,Engineering
C03981,Kongsberg Defence & Aerospace,NO,Defence
C03982,Vestas Offshore,DK,Offshore Wind
C03983,Yara International,NO,Chemicals
C03984,Polish State,PL,Government
C03985,Polish State,PL,Government
C03986,Polish State,PL,Government
C03987,Polish State,PL,Government
C03988,ABB Norway,NO,Technology
C03989,Aker Solutions,NO,Engineering
C03990,DNV GL,NO,Certification
C03991,Kongsberg Defence & Aerospace,NO,Defence
C03992,Kongsberg Defence & Aerospace,NO,Defence
C03993,Norsk Hydro,NO,Metals
C03994,Vestas Offshore,DK,Offshore Wind
C03995,Vestas Offshore,DK,Offshore Wind
C03996,Yara International,NO,Chemicals
C03997,Kongsberg Defence & Aerospace,NO,Defence
C03998,Polish State,PL,Government
C03999,ABB Norway,NO,Technology
C04000,Yara International,NO,Chemicals
C04001,ABB Norway,NO,Technology
C04002,ABB Norway,NO,Technology
C04003,Aker Solutions,NO,Engineering
C04004,Aker Solutions,NO,Engineering
C04005,Siemens Energy,DE,Energy
C04006,Norsk Hydro,NO,Metals
C04007,ABB Norway,NO,Technology
C04008,Polish State,PL,Government
C04009,Norsk Hydro,NO,Metals
C04010,ABB Norway,NO,Technology
C04011,DNV GL,NO,Certification
C04012,Yara International,NO,Chemicals
C04013,Aker Solutions,NO,Engineering
C04014,Yara International,NO,Chemicals
C04015,Statkraft AS,NO,Energy
C04016,Kongsberg Defence & Aerospace,NO,Defence
C04017,DNV GL,NO,Certification
C04018,Siemens Energy,DE,Energy
C04019,DNV GL,NO,Certification
C04020,Yara International,NO,Chemicals
C04021,Yara International,NO,Chemicals
C04022,ABB Norway,NO,Technology
C04023,ABB Norway,NO,Technology
C04024,Statkraft AS,NO,Energy
C04025,Norsk Hydro,NO,Metals
C04026,Statkraft AS,NO,Energy
C04027,Siemens Energy,DE,Energy
C04028,ABB Norway,NO,Technology
C04029,Siemens Energy,DE,Energy
C04030,ABB Norway,NO,Technology
C04031,ABB Norway,NO,Technology
C04032,ABB Norway,NO,Technology
C04033,Polish State,PL,Government
C04034,Vestas Offshore,DK,Offshore Wind
C04035,DNV GL,NO,Certification
C04036,Polish State,PL,Government
C04037,Kongsberg Defence & Aerospace,NO,Defence
C04038,Yara International,NO,Chemicals
C04039,Aker Solutions,NO,Engineering
C04040,Siemens Energy,DE,Energy
C04041,Vestas Offshore,DK,Offshore Wind
C04042,Kongsberg Defence & Aerospace,NO,Defence
C04043,Norsk Hydro,NO,Metals
C04044,ABB Norway,NO,Technology
C04045,ABB Norway,NO,Technology
C04046,Aker Solutions,NO,Engineering
C04047,Aker Solutions,NO,Engineering
C04048,Aker Solutions,NO,Engineering
C04049,Kongsberg Defence & Aerospace,NO,Defence
C04050,Yara International,NO,Chemicals
C04051,Yara International,NO,Chemicals
C04052,Polish State,PL,Government
C04053,Siemens Energy,DE,Energy
C04054,Polish State,PL,Government
C04055,DNV GL,NO,Certification
C04056,Norsk Hydro,NO,Metals
C04057,Siemens Energy,DE,Energy
C04058,DNV GL,NO,Certification
C04059,ABB Norway,NO,Technology
C04060,Vestas Offshore,DK,Offshore Wind
C04061,DNV GL,NO,Certification
C04062,Vestas Offshore,DK,Offshore Wind
C04063,ABB Norway,NO,Technology
C04064,Statkraft AS,NO,Energy
C04065,Norsk Hydro,NO,Metals
C04066,Vestas Offshore,DK,Offshore Wind
C04067,ABB Norway,NO,Technology
C04068,DNV GL,NO,Certification
C04069,Vestas Offshore,DK,Offshore Wind
C04070,Siemens Energy,DE,Energy
C04071,Statkraft AS,NO,Energy
C04072,Polish State,PL,Government
C04073,Siemens Energy,DE,Energy
C04074,Polish State,PL,Government
C04075,ABB Norway,NO,Technology
C04076,Aker Solutions,NO,Engineering
C04077,Siemens Energy,DE,Energy
C04078,Siemens Energy,DE,Energy
C04079,ABB Norway,NO,Technology
C04080,Yara International,NO,Chemicals
C04081,ABB Norway,NO,Technology
C04082,Norsk Hydro,NO,Metals
C04083,Statkraft AS,NO,Energy
C04084,Norsk Hydro,NO,Metals
C04085,Kongsberg Defence & Aerospace,NO,Defence
C04086,Yara International,NO,Chemicals
C04087,Yara International,NO,Chemicals
C04088,Yara International,NO,Chemicals
C04089,Statkraft AS,NO,Energy
C04090,Norsk Hydro,NO,Metals
C04091,Polish State,PL,Government
C04092,DNV GL,NO,Certification
C04093,Statkraft AS,NO,Energy
C04094,Aker Solutions,NO,Engineering
C04095,DNV GL,NO,Certification
C04096,ABB Norway,NO,Technology
C04097,Aker Solutions,NO,Engineering
C04098,Kongsberg Defence & Aerospace,NO,Defence
C04099,Vestas Offshore,DK,Offshore Wind
C04100,Vestas Offshore,DK,Offshore Wind
C04101,Polish State,PL,Government
C04102,Siemens Energy,DE,Energy
C04103,Aker Solutions,NO,Engineering
C04104,Yara International,NO,Chemicals
C04105,Norsk Hydro,NO,Metals
C04106,Vestas Offshore,DK,Offshore Wind
C04107,Siemens Energy,DE,Energy
C04108,Vestas Offshore,DK,Offshore Wind
C04109,Statkraft AS,NO,Energy
C04110,Norsk Hydro,NO,Metals
C04111,Siemens Energy,DE,Energy
C04112,Vestas Offshore,DK,Offshore Wind
C04113,Siemens Energy,DE,Energy
C04114,Kongsberg Defence & Aerospace,NO,Defence
C04115,Kongsberg Defence & Aerospace,NO,Defence
C04116,Norsk Hydro,NO,Metals
C04117,ABB Norway,NO,Technology
C04118,Polish State,PL,Government
C04119,Vestas Offshore,DK,Offshore Wind
C04120,Yara International,NO,Chemicals
C04121,Vestas Offshore,DK,Offshore Wind
C04122,Norsk Hydro,NO,Metals
C04123,Statkraft AS,NO,Energy
C04124,Vestas Offshore,DK,Offshore Wind
C04125,Yara International,NO,Chemicals
C04126,Aker Solutions,NO,Engineering
C04127,Aker Solutions,NO,Engineering
C04128,Aker Solutions,NO,Engineering
C04129,Aker Solutions,NO,Engineering
C04130,Norsk Hydro,NO,Metals
C04131,Aker Solutions,NO,Engineering
C04132,Kongsberg Defence & Aerospace,NO,Defence
C04133,Kongsberg Defence & Aerospace,NO,Defence
C04134,DNV GL,NO,Certification
C04135,Polish State,PL,Government
C04136,Siemens Energy,DE,Energy
C04137,Kongsberg Defence & Aerospace,NO,Defence
C04138,Siemens Energy,DE,Energy
C04139,DNV GL,NO,Certification
C04140,Polish State,PL,Government
C04141,Kongsberg Defence & Aerospace,NO,Defence
C04142,Kongsberg Defence & Aerospace,NO,Defence
C04143,Polish State,PL,Government
C04144,Polish State,PL,Government
C04145,Siemens Energy,DE,Energy
C04146,ABB Norway,NO,Technology
C04147,Vestas Offshore,DK,Offshore Wind
C04148,Statkraft AS,NO,Energy
C04149,Aker Solutions,NO,Engineering
C04150,DNV GL,NO,Certification
C04151,Yara International,NO,Chemicals
C04152,ABB Norway,NO,Technology
C04153,Vestas Offshore,DK,Offshore Wind
C04154,Statkraft AS,NO,Energy
C04155,Kongsberg Defence & Aerospace,NO,Defence
C04156,ABB Norway,NO,Technology
C04157,ABB Norway,NO,Technology
C04158,Norsk Hydro,NO,Metals
C04159,DNV GL,NO,Certification
C04160,Yara International,NO,Chemicals
C04161,DNV GL,NO,Certification
C04162,Siemens Energy,DE,Energy
C04163,Aker Solutions,NO,Engineering
C04164,Vestas Offshore,DK,Offshore Wind
C04165,Siemens Energy,DE,Energy
C04166,Norsk Hydro,NO,Metals
C04167,Siemens Energy,DE,Energy
C04168,Polish State,PL,Government
C04169,Vestas Offshore,DK,Offshore Wind
C04170,Aker Solutions,NO,Engineering
C04171,Kongsberg Defence & Aerospace,NO,Defence
C04172,Polish State,PL,Government
C04173,Polish State,PL,Government
C04174,Vestas Offshore,DK,Offshore Wind
C04175,Polish State,PL,Government
C04176,Kongsberg Defence & Aerospace,NO,Defence
C04177,Yara International,NO,Chemicals
C04178,DNV GL,NO,Certification
C04179,Vestas Offshore,DK,Offshore Wind
C04180,Statkraft AS,NO,Energy
C04181,Siemens Energy,DE,Energy
C04182,Kongsberg Defence & Aerospace,NO,Defence
C04183,Aker Solutions,NO,Engineering
C04184,ABB Norway,NO,Technology
C04185,DNV GL,NO,Certification
C04186,Yara International,NO,Chemicals
C04187,Kongsberg Defence & Aerospace,NO,Defence
C04188,Yara International,NO,Chemicals
C04189,Kongsberg Defence & Aerospace,NO,Defence
C04190,Statkraft AS,NO,Energy
C04191,Kongsberg Defence & Aerospace,NO,Defence
C04192,Kongsberg Defence & Aerospace,NO,Defence
C04193,Statkraft AS,NO,Energy
C04194,Aker Solutions,NO,Engineering
C04195,Norsk Hydro,NO,Metals
C04196,Aker Solutions,NO,Engineering
C04197,Statkraft AS,NO,Energy
C04198,DNV GL,NO,Certification
C04199,ABB Norway,NO,Technology
C04200,Norsk Hydro,NO,Metals
C04201,Vestas Offshore,DK,Offshore Wind
C04202,Polish State,PL,Government
C04203,Kongsberg Defence & Aerospace,NO,Defence
C04204,ABB Norway,NO,Technology
C04205,Aker Solutions,NO,Engineering
C04206,Statkraft AS,NO,Energy
C04207,DNV GL,NO,Certification
C04208,ABB Norway,NO,Technology
C04209,Yara International,NO,Chemicals
C04210,Yara International,NO,Chemicals
C04211,Vestas Offshore,DK,Offshore Wind
C04212,Aker Solutions,NO,Engineering
C04213,Statkraft AS,NO,Energy
C04214,DNV GL,NO,Certification
C04215,Yara International,NO,Chemicals
C04216,Statkraft AS,NO,Energy
C04217,ABB Norway,NO,Technology
C04218,Statkraft AS,NO,Energy
C04219,Statkraft AS,NO,Energy
C04220,Norsk Hydro,NO,Metals
C04221,Polish State,PL,Government
C04222,Yara International,NO,Chemicals
C04223,Polish State,PL,Government
C04224,ABB Norway,NO,Technology
C04225,DNV GL,NO,Certification
C04226,Polish State,PL,Government
C04227,Siemens Energy,DE,Energy
C04228,Aker Solutions,NO,Engineering
C04229,ABB Norway,NO,Technology
C04230,Vestas Offshore,DK,Offshore Wind
C04231,Kongsberg Defence & Aerospace,NO,Defence
C04232,DNV GL,NO,Certification
C04233,Norsk Hydro,NO,Metals
C04234,Polish State,PL,Government
C04235,Norsk Hydro,NO,Metals
C04236,Siemens Energy,DE,Energy
C04237,Polish State,PL,Government
C04238,Kongsberg Defence & Aerospace,NO,Defence
C04239,Kongsberg Defence & Aerospace,NO,Defence
C04240,Statkraft AS,NO,Energy
C04241,Statkraft AS,NO,Energy
C04242,Yara International,NO,Chemicals
C04243,Norsk Hydro,NO,Metals
C04244,Vestas Offshore,DK,Offshore Wind
C04245,Statkraft AS,NO,Energy
C04246,DNV GL,NO,Certification
C04247,Statkraft AS,NO,Energy
C04248,Statkraft AS,NO,Energy
C04249,ABB Norway,NO,Technology
C04250,Polish State,PL,Government
C04251,Norsk Hydro,NO,Metals
C04252,ABB Norway,NO,Technology
C04253,ABB Norway,NO,Technology
C04254,Norsk Hydro,NO,Metals
C04255,Kongsberg Defence & Aerospace,NO,Defence
C04256,Statkraft AS,NO,Energy
C04257,Vestas Offshore,DK,Offshore Wind
C04258,Kongsberg Defence & Aerospace,NO,Defence
C04259,ABB Norway,NO,Technology
C04260,Siemens Energy,DE,Energy
C04261,Siemens Energy,DE,Energy
C04262,Aker Solutions,NO,Engineering
C04263,Statkraft AS,NO,Energy
C04264,Statkraft AS,NO,Energy
C04265,Kongsberg Defence & Aerospace,NO,Defence
C04266,Kongsberg Defence & Aerospace,NO,Defence
C04267,Vestas Offshore,DK,Offshore Wind
C04268,Vestas Offshore,DK,Offshore Wind
C04269,Siemens Energy,DE,Energy
C04270,Siemens Energy,DE,Energy
C04271,Norsk Hydro,NO,Metals
C04272,Yara International,NO,Chemicals
C04273,ABB Norway,NO,Technology
C04274,Statkraft AS,NO,Energy
C04275,Siemens Energy,DE,Energy
C04276,Siemens Energy,DE,Energy
C04277,Vestas Offshore,DK,Offshore Wind
C04278,Statkraft AS,NO,Energy
C04279,Aker Solutions,NO,Engineering
C04280,Aker Solutions,NO,Engineering
C04281,Norsk Hydro,NO,Metals
C04282,ABB Norway,NO,Technology
C04283,Aker Solutions,NO,Engineering
C04284,Norsk Hydro,NO,Metals
C04285,Aker Solutions,NO,Engineering
C04286,Vestas Offshore,DK,Offshore Wind
C04287,Statkraft AS,NO,Energy
C04288,Vestas Offshore,DK,Offshore Wind
C04289,Kongsberg Defence & Aerospace,NO,Defence
C04290,Vestas Offshore,DK,Offshore Wind
C04291,Statkraft AS,NO,Energy
C04292,Aker Solutions,NO,Engineering
C04293,Yara International,NO,Chemicals
C04294,Norsk Hydro,NO,Metals
C04295,Yara International,NO,Chemicals
C04296,Norsk Hydro,NO,Metals
C04297,Vestas Offshore,DK,Offshore Wind
C04298,Yara International,NO,Chemicals
C04299,Aker Solutions,NO,Engineering
C04300,Siemens Energy,DE,Energy
C04301,Yara International,NO,Chemicals
C04302,Kongsberg Defence & Aerospace,NO,Defence
C04303,Vestas Offshore,DK,Offshore Wind
C04304,Norsk Hydro,NO,Metals
C04305,Norsk Hydro,NO,Metals
C04306,Statkraft AS,NO,Energy
C04307,Aker Solutions,NO,Engineering
C04308,Norsk Hydro,NO,Metals
C04309,Kongsberg Defence & Aerospace,NO,Defence
C04310,Statkraft AS,NO,Energy
C04311,ABB Norway,NO,Technology
C04312,Siemens Energy,DE,Energy
C04313,Kongsberg Defence & Aerospace,NO,Defence
C04314,DNV GL,NO,Certification
C04315,Yara International,NO,Chemicals
C04316,Yara International,NO,Chemicals
C04317,Polish State,PL,Government
C04318,Siemens Energy,DE,Energy
C04319,DNV GL,NO,Certification
C04320,DNV GL,NO,Certification
C04321,Yara International,NO,Chemicals
C04322,Statkraft AS,NO,Energy
C04323,Aker Solutions,NO,Engineering
C04324,Polish State,PL,Government
C04325,Norsk Hydro,NO,Metals
C04326,Siemens Energy,DE,Energy
C04327,Aker Solutions,NO,Engineering
C04328,Vestas Offshore,DK,Offshore Wind
C04329,DNV GL,NO,Certification
C04330,Yara International,NO,Chemicals
C04331,Kongsberg Defence & Aerospace,NO,Defence
C04332,Kongsberg Defence & Aerospace,NO,Defence
C04333,Vestas Offshore,DK,Offshore Wind
C04334,DNV GL,NO,Certification
C04335,Norsk Hydro,NO,Metals
C04336,Norsk Hydro,NO,Metals
C04337,Vestas Offshore,DK,Offshore Wind
C04338,Statkraft AS,NO,Energy
C04339,Norsk Hydro,NO,Metals
C04340,Siemens Energy,DE,Energy
C04341,Polish State,PL,Government
C04342,Siemens Energy,DE,Energy
C04343,ABB Norway,NO,Technology
C04344,Kongsberg Defence & Aerospace,NO,Defence
C04345,DNV GL,NO,Certification
C04346,Polish State,PL,Government
C04347,DNV GL,NO,Certification
C04348,Aker Solutions,NO,Engineering
C04349,Aker Solutions,NO,Engineering
C04350,Polish State,PL,Government
C04351,Statkraft AS,NO,Energy
C04352,Norsk Hydro,NO,Metals
C04353,Norsk Hydro,NO,Metals
C04354,Yara International,NO,Chemicals
C04355,Norsk Hydro,NO,Metals
C04356,Statkraft AS,NO,Energy
C04357,Norsk Hydro,NO,Metals
C04358,Norsk Hydro,NO,Metals
C04359,Siemens Energy,DE,Energy
C04360,Statkraft AS,NO,Energy
C04361,Norsk Hydro,NO,Metals
C04362,Kongsberg Defence & Aerospace,NO,Defence
C04363,Statkraft AS,NO,Energy
C04364,Aker Solutions,NO,Engineering
C04365,Aker Solutions,NO,Engineering
C04366,Kongsberg Defence & Aerospace,NO,Defence
C04367,DNV GL,NO,Certification
C04368,DNV GL,NO,Certification
C04369,Kongsberg Defence & Aerospace,NO,Defence
C04370,Statkraft AS,NO,Energy
C04371,Yara International,NO,Chemicals
C04372,Yara International,NO,Chemicals
C04373,ABB Norway,NO,Technology
C04374,DNV GL,NO,Certification
C04375,DNV GL,NO,Certification
C04376,Polish State,PL,Government
C04377,Norsk Hydro,NO,Metals
C04378,Siemens Energy,DE,Energy
C04379,Siemens Energy,DE,Energy
C04380,Kongsberg Defence & Aerospace,NO,Defence
C04381,Polish State,PL,Government
C04382,Norsk Hydro,NO,Metals
C04383,Siemens Energy,DE,Energy
C04384,DNV GL,NO,Certification
C04385,Yara International,NO,Chemicals
C04386,Yara International,NO,Chemicals
C04387,Norsk Hydro,NO,Metals
C04388,Siemens Energy,DE,Energy
C04389,Norsk Hydro,NO,Metals
C04390,Statkraft AS,NO,Energy
C04391,Statkraft AS,NO,Energy
C04392,Polish State,PL,Government
C04393,Kongsberg Defence & Aerospace,NO,Defence
C04394,Siemens Energy,DE,Energy
C04395,Siemens Energy,DE,Energy
C04396,ABB Norway,NO,Technology
C04397,DNV GL,NO,Certification
C04398,DNV GL,NO,Certification
C04399,Siemens Energy,DE,Energy
C04400,Statkraft AS,NO,Energy
C04401,Kongsberg Defence & Aerospace,NO,Defence
C04402,Vestas Offshore,DK,Offshore Wind
C04403,Norsk Hydro,NO,Metals
C04404,Vestas Offshore,DK,Offshore Wind
C04405,Aker Solutions,NO,Engineering
C04406,Statkraft AS,NO,Energy
C04407,ABB Norway,NO,Technology
C04408,Yara International,NO,Chemicals
C04409,Polish State,PL,Government
C04410,Polish State,PL,Government
C04411,Statkraft AS,NO,Energy
C04412,Aker Solutions,NO,Engineering
C04413,Polish State,PL,Government
C04414,Norsk Hydro,NO,Metals
C04415,Polish State,PL,Government
C04416,Siemens Energy,DE,Energy
C04417,Statkraft AS,NO,Energy
C04418,Aker Solutions,NO,Engineering
C04419,Kongsberg Defence & Aerospace,NO,Defence
C04420,Yara International,NO,Chemicals
C04421,Statkraft AS,NO,Energy
C04422,Norsk Hydro,NO,Metals
C04423,Norsk Hydro,NO,Metals
C04424,Yara International,NO,Chemicals
C04425,DNV GL,NO,Certification
C04426,Vestas Offshore,DK,Offshore Wind
C04427,Norsk Hydro,NO,Metals
C04428,Kongsberg Defence & Aerospace,NO,Defence
C04429,DNV GL,NO,Certification
C04430,Kongsberg Defence & Aerospace,NO,Defence
C04431,DNV GL,NO,Certification
C04432,Aker Solutions,NO,Engineering
C04433,Yara International,NO,Chemicals
C04434,Norsk Hydro,NO,Metals
C04435,DNV GL,NO,Certification
C04436,Vestas Offshore,DK,Offshore Wind
C04437,Yara International,NO,Chemicals
C04438,Vestas Offshore,DK,Offshore Wind
C04439,Vestas Offshore,DK,Offshore Wind
C04440,Statkraft AS,NO,Energy
C04441,Aker Solutions,NO,Engineering
C04442,Yara International,NO,Chemicals
C04443,Yara International,NO,Chemicals
C04444,Siemens Energy,DE,Energy
C04445,DNV GL,NO,Certification
C04446,Aker Solutions,NO,Engineering
C04447,Aker Solutions,NO,Engineering
C04448,Yara International,NO,Chemicals
C04449,Polish State,PL,Government
C04450,ABB Norway,NO,Technology
C04451,Aker Solutions,NO,Engineering
C04452,Siemens Energy,DE,Energy
C04453,ABB Norway,NO,Technology
C04454,Norsk Hydro,NO,Metals
C04455,Vestas Offshore,DK,Offshore Wind
C04456,Vestas Offshore,DK,Offshore Wind
C04457,Aker Solutions,NO,Engineering
C04458,Yara International,NO,Chemicals
C04459,DNV GL,NO,Certification
C04460,ABB Norway,NO,Technology
C04461,DNV GL,NO,Certification
C04462,Siemens Energy,DE,Energy
C04463,DNV GL,NO,Certification
C04464,Polish State,PL,Government
C04465,Polish State,PL,Government
C04466,Polish State,PL,Government
C04467,Yara International,NO,Chemicals
C04468,ABB Norway,NO,Technology
C04469,Siemens Energy,DE,Energy
C04470,Vestas Offshore,DK,Offshore Wind
C04471,Vestas Offshore,DK,Offshore Wind
C04472,DNV GL,NO,Certification
C04473,DNV GL,NO,Certification
C04474,Siemens Energy,DE,Energy
C04475,Statkraft AS,NO,Energy
C04476,Siemens Energy,DE,Energy
C04477,DNV GL,NO,Certification
C04478,Norsk Hydro,NO,Metals
C04479,Yara International,NO,Chemicals
C04480,Yara International,NO,Chemicals
C04481,Aker Solutions,NO,Engineering
C04482,DNV GL,NO,Certification
C04483,ABB Norway,NO,Technology
C04484,Aker Solutions,NO,Engineering
C04485,Kongsberg Defence & Aerospace,NO,Defence
C04486,DNV GL,NO,Certification
C04487,Statkraft AS,NO,Energy
C04488,Kongsberg Defence & Aerospace,NO,Defence
C04489,Aker Solutions,NO,Engineering
C04490,Vestas Offshore,DK,Offshore Wind
C04491,Kongsberg Defence & Aerospace,NO,Defence
C04492,Kongsberg Defence & Aerospace,NO,Defence
C04493,Polish State,PL,Government
C04494,ABB Norway,NO,Technology
C04495,Vestas Offshore,DK,Offshore Wind
C04496,ABB Norway,NO,Technology
C04497,ABB Norway,NO,Technology
C04498,Vestas Offshore,DK,Offshore Wind
C04499,Kongsberg Defence & Aerospace,NO,Defence
C04500,ABB Norway,NO,Technology
C04501,Polish State,PL,Government
C04502,DNV GL,NO,Certification
C04503,Kongsberg Defence & Aerospace,NO,Defence
C04504,Siemens Energy,DE,Energy
C04505,Norsk Hydro,NO,Metals
C04506,Statkraft AS,NO,Energy
C04507,Yara International,NO,Chemicals
C04508,DNV GL,NO,Certification
C04509,Polish State,PL,Government
C04510,DNV GL,NO,Certification
C04511,Aker Solutions,NO,Engineering
C04512,Polish State,PL,Government
C04513,DNV GL,NO,Certification
C04514,ABB Norway,NO,Technology
C04515,Kongsberg Defence & Aerospace,NO,Defence
C04516,Aker Solutions,NO,Engineering
C04517,Aker Solutions,NO,Engineering
C04518,Aker Solutions,NO,Engineering
C04519,Siemens Energy,DE,Energy
C04520,DNV GL,NO,Certification
C04521,Kongsberg Defence & Aerospace,NO,Defence
C04522,Kongsberg Defence & Aerospace,NO,Defence
C04523,ABB Norway,NO,Technology
C04524,Polish State,PL,Government
C04525,Yara International,NO,Chemicals
C04526,Norsk Hydro,NO,Metals
C04527,Polish State,PL,Government
C04528,Siemens Energy,DE,Energy
C04529,Yara International,NO,Chemicals
C04530,DNV GL,NO,Certification
C04531,Yara International,NO,Chemicals
C04532,Polish State,PL,Government
C04533,Polish State,PL,Government
C04534,ABB Norway,NO,Technology
C04535,Norsk Hydro,NO,Metals
C04536,Vestas Offshore,DK,Offshore Wind
C04537,Statkraft AS,NO,Energy
C04538,Vestas Offshore,DK,Offshore Wind
C04539,Vestas Offshore,DK,Offshore Wind
C04540,DNV GL,NO,Certification
C04541,Statkraft AS,NO,Energy
C04542,Aker Solutions,NO,Engineering
C04543,Kongsberg Defence & Aerospace,NO,Defence
C04544,Aker Solutions,NO,Engineering
C04545,ABB Norway,NO,Technology
C04546,DNV GL,NO,Certification
C04547,ABB Norway,NO,Technology
C04548,Vestas Offshore,DK,Offshore Wind
C04549,Vestas Offshore,DK,Offshore Wind
C04550,Yara International,NO,Chemicals
C04551,ABB Norway,NO,Technology
C04552,Kongsberg Defence & Aerospace,NO,Defence
C04553,Siemens Energy,DE,Energy
C04554,Norsk Hydro,NO,Metals
C04555,Vestas Offshore,DK,Offshore Wind
C04556,Kongsberg Defence & Aerospace,NO,Defence
C04557,Vestas Offshore,DK,Offshore Wind
C04558,Siemens Energy,DE,Energy
C04559,Yara International,NO,Chemicals
C04560,Kongsberg Defence & Aerospace,NO,Defence
C04561,Yara International,NO,Chemicals
C04562,ABB Norway,NO,Technology
C04563,Norsk Hydro,NO,Metals
C04564,Yara International,NO,Chemicals
C04565,DNV GL,NO,Certification
C04566,Siemens Energy,DE,Energy
C04567,Statkraft AS,NO,Energy
C04568,Siemens Energy,DE,Energy
C04569,DNV GL,NO,Certification
C04570,Polish State,PL,Government
C04571,Vestas Offshore,DK,Offshore Wind
C04572,DNV GL,NO,Certification
C04573,Statkraft AS,NO,Energy
C04574,DNV GL,NO,Certification
C04575,Vestas Offshore,DK,Offshore Wind
C04576,Aker Solutions,NO,Engineering
C04577,DNV GL,NO,Certification
C04578,DNV GL,NO,Certification
C04579,Aker Solutions,NO,Engineering
C04580,Statkraft AS,NO,Energy
C04581,Siemens Energy,DE,Energy
C04582,Polish State,PL,Government
C04583,Polish State,PL,Government
C04584,Siemens Energy,DE,Energy
C04585,Siemens Energy,DE,Energy
C04586,Siemens Energy,DE,Energy
C04587,ABB Norway,NO,Technology
C04588,Polish State,PL,Government
C04589,Yara International,NO,Chemicals
C04590,DNV GL,NO,Certification
C04591,Norsk Hydro,NO,Metals
C04592,DNV GL,NO,Certification
C04593,Kongsberg Defence & Aerospace,NO,Defence
C04594,Statkraft AS,NO,Energy
C04595,Siemens Energy,DE,Energy
C04596,Norsk Hydro,NO,Metals
C04597,Polish State,PL,Government
C04598,Yara International,NO,Chemicals
C04599,Yara International,NO,Chemicals
C04600,Polish State,PL,Government
C04601,Kongsberg Defence & Aerospace,NO,Defence
C04602,Siemens Energy,DE,Energy
C04603,Aker Solutions,NO,Engineering
C04604,Statkraft AS,NO,Energy
C04605,Aker Solutions,NO,Engineering
C04606,ABB Norway,NO,Technology
C04607,DNV GL,NO,Certification
C04608,ABB Norway,NO,Technology
C04609,Kongsberg Defence & Aerospace,NO,Defence
C04610,DNV GL,NO,Certification
C04611,Siemens Energy,DE,Energy
C04612,DNV GL,NO,Certification
C04613,DNV GL,NO,Certification
C04614,Norsk Hydro,NO,Metals
C04615,Norsk Hydro,NO,Metals
C04616,Kongsberg Defence & Aerospace,NO,Defence
C04617,ABB Norway,NO,Technology
C04618,Polish State,PL,Government
C04619,Siemens Energy,DE,Energy
C04620,DNV GL,NO,Certification
C04621,Statkraft AS,NO,Energy
C04622,Statkraft AS,NO,Energy
C04623,Vestas Offshore,DK,Offshore Wind
C04624,DNV GL,NO,Certification
C04625,DNV GL,NO,Certification
C04626,Kongsberg Defence & Aerospace,NO,Defence
C04627,Statkraft AS,NO,Energy
C04628,Polish State,PL,Government
C04629,Polish State,PL,Government
C04630,Aker Solutions,NO,Engineering
C04631,Statkraft AS,NO,Energy
C04632,Polish State,PL,Government
C04633,DNV GL,NO,Certification
C04634,Aker Solutions,NO,Engineering
C04635,Statkraft AS,NO,Energy
C04636,Vestas Offshore,DK,Offshore Wind
C04637,Kongsberg Defence & Aerospace,NO,Defence
C04638,Norsk Hydro,NO,Metals
C04639,Siemens Energy,DE,Energy
C04640,Kongsberg Defence & Aerospace,NO,Defence
C04641,Statkraft AS,NO,Energy
C04642,Statkraft AS,NO,Energy
C04643,Kongsberg Defence & Aerospace,NO,Defence
C04644,Vestas Offshore,DK,Offshore Wind
C04645,ABB Norway,NO,Technology
C04646,DNV GL,NO,Certification
C04647,Statkraft AS,NO,Energy
C04648,Yara International,NO,Chemicals
C04649,Polish State,PL,Government
C04650,ABB Norway,NO,Technology
C04651,Aker Solutions,NO,Engineering
C04652,Aker Solutions,NO,Engineering
C04653,Norsk Hydro,NO,Metals
C04654,Aker Solutions,NO,Engineering
C04655,Aker Solutions,NO,Engineering
C04656,Siemens Energy,DE,Energy
C04657,Kongsberg Defence & Aerospace,NO,Defence
C04658,Aker Solutions,NO,Engineering
C04659,Statkraft AS,NO,Energy
C04660,DNV GL,NO,Certification
C04661,Kongsberg Defence & Aerospace,NO,Defence
C04662,Yara International,NO,Chemicals
C04663,Statkraft AS,NO,Energy
C04664,Yara International,NO,Chemicals
C04665,Kongsberg Defence & Aerospace,NO,Defence
C04666,Statkraft AS,NO,Energy
C04667,Siemens Energy,DE,Energy
C04668,DNV GL,NO,Certification
C04669,Statkraft AS,NO,Energy
C04670,ABB Norway,NO,Technology
C04671,ABB Norway,NO,Technology
C04672,Yara International,NO,Chemicals
C04673,Statkraft AS,NO,Energy
C04674,ABB Norway,NO,Technology
C04675,Norsk Hydro,NO,Metals
C04676,Aker Solutions,NO,Engineering
C04677,Aker Solutions,NO,Engineering
C04678,Kongsberg Defence & Aerospace,NO,Defence
C04679,Norsk Hydro,NO,Metals
C04680,Vestas Offshore,DK,Offshore Wind
C04681,DNV GL,NO,Certification
C04682,Polish State,PL,Government
C04683,Vestas Offshore,DK,Offshore Wind
C04684,Aker Solutions,NO,Engineering
C04685,DNV GL,NO,Certification
C04686,ABB Norway,NO,Technology
C04687,Vestas Offshore,DK,Offshore Wind
C04688,ABB Norway,NO,Technology
C04689,Siemens Energy,DE,Energy
C04690,Kongsberg Defence & Aerospace,NO,Defence
C04691,DNV GL,NO,Certification
C04692,DNV GL,NO,Certification
C04693,Vestas Offshore,DK,Offshore Wind
C04694,Statkraft AS,NO,Energy
C04695,Kongsberg Defence & Aerospace,NO,Defence
C04696,Kongsberg Defence & Aerospace,NO,Defence
C04697,Yara International,NO,Chemicals
C04698,Yara International,NO,Chemicals
C04699,Aker Solutions,NO,Engineering
C04700,DNV GL,NO,Certification
C04701,DNV GL,NO,Certification
C04702,Statkraft AS,NO,Energy
C04703,ABB Norway,NO,Technology
C04704,Polish State,PL,Government
C04705,Siemens Energy,DE,Energy
C04706,Polish State,PL,Government
C04707,Aker Solutions,NO,Engineering
C04708,DNV GL,NO,Certification
C04709,Vestas Offshore,DK,Offshore Wind
C04710,Vestas Offshore,DK,Offshore Wind
C04711,Vestas Offshore,DK,Offshore Wind
C04712,Polish State,PL,Government
C04713,Yara International,NO,Chemicals
C04714,ABB Norway,NO,Technology
C04715,Polish State,PL,Government
C04716,Statkraft AS,NO,Energy
C04717,Vestas Offshore,DK,Offshore Wind
C04718,Yara International,NO,Chemicals
C04719,Kongsberg Defence & Aerospace,NO,Defence
C04720,DNV GL,NO,Certification
C04721,Norsk Hydro,NO,Metals
C04722,DNV GL,NO,Certification
C04723,Statkraft AS,NO,Energy
C04724,ABB Norway,NO,Technology
C04725,Statkraft AS,NO,Energy
C04726,ABB Norway,NO,Technology
C04727,Statkraft AS,NO,Energy
C04728,Polish State,PL,Government
C04729,Yara International,NO,Chemicals
C04730,Norsk Hydro,NO,Metals
C04731,Siemens Energy,DE,Energy
C04732,Siemens Energy,DE,Energy
C04733,Vestas Offshore,DK,Offshore Wind
C04734,Polish State,PL,Government
C04735,Statkraft AS,NO,Energy
C04736,ABB Norway,NO,Technology
C04737,Yara International,NO,Chemicals
C04738,Statkraft AS,NO,Energy
C04739,Polish State,PL,Government
C04740,Siemens Energy,DE,Energy
C04741,Norsk Hydro,NO,Metals
C04742,Norsk Hydro,NO,Metals
C04743,Siemens Energy,DE,Energy
C04744,Yara International,NO,Chemicals
C04745,ABB Norway,NO,Technology
C04746,Yara International,NO,Chemicals
C04747,Vestas Offshore,DK,Offshore Wind
C04748,Yara International,NO,Chemicals
C04749,Yara International,NO,Chemicals
C04750,Siemens Energy,DE,Energy
C04751,Siemens Energy,DE,Energy
C04752,Aker Solutions,NO,Engineering
C04753,Vestas Offshore,DK,Offshore Wind
C04754,Kongsberg Defence & Aerospace,NO,Defence
C04755,Siemens Energy,DE,Energy
C04756,Polish State,PL,Government
C04757,Polish State,PL,Government
C04758,Aker Solutions,NO,Engineering
C04759,ABB Norway,NO,Technology
C04760,Siemens Energy,DE,Energy
C04761,Vestas Offshore,DK,Offshore Wind
C04762,Siemens Energy,DE,Energy
C04763,Norsk Hydro,NO,Metals
C04764,Norsk Hydro,NO,Metals
C04765,Norsk Hydro,NO,Metals
C04766,Siemens Energy,DE,Energy
C04767,ABB Norway,NO,Technology
C04768,Norsk Hydro,NO,Metals
C04769,DNV GL,NO,Certification
C04770,Statkraft AS,NO,Energy
C04771,Vestas Offshore,DK,Offshore Wind
C04772,Yara International,NO,Chemicals
C04773,Statkraft AS,NO,Energy
C04774,ABB Norway,NO,Technology
C04775,Vestas Offshore,DK,Offshore Wind
C04776,DNV GL,NO,Certification
C04777,Polish State,PL,Government
C04778,ABB Norway,NO,Technology
C04779,Statkraft AS,NO,Energy
C04780,Statkraft AS,NO,Energy
C04781,Kongsberg Defence & Aerospace,NO,Defence
C04782,DNV GL,NO,Certification
C04783,Kongsberg Defence & Aerospace,NO,Defence
C04784,Yara International,NO,Chemicals
C04785,Yara International,NO,Chemicals
C04786,Aker Solutions,NO,Engineering
C04787,Yara International,NO,Chemicals
C04788,Polish State,PL,Government
C04789,Kongsberg Defence & Aerospace,NO,Defence
C04790,DNV GL,NO,Certification
C04791,ABB Norway,NO,Technology
C04792,DNV GL,NO,Certification
C04793,DNV GL,NO,Certification
C04794,Norsk Hydro,NO,Metals
C04795,Vestas Offshore,DK,Offshore Wind
C04796,Siemens Energy,DE,Energy
C04797,Aker Solutions,NO,Engineering
C04798,Polish State,PL,Government
C04799,Yara International,NO,Chemicals
C04800,ABB Norway,NO,Technology
C04801,Vestas Offshore,DK,Offshore Wind
C04802,Norsk Hydro,NO,Metals
C04803,DNV GL,NO,Certification
C04804,DNV GL,NO,Certification
C04805,Statkraft AS,NO,Energy
C04806,Aker Solutions,NO,Engineering
C04807,Siemens Energy,DE,Energy
C04808,DNV GL,NO,Certification
C04809,Kongsberg Defence & Aerospace,NO,Defence
C04810,Polish State,PL,Government
C04811,Yara International,NO,Chemicals
C04812,Vestas Offshore,DK,Offshore Wind
C04813,DNV GL,NO,Certification
C04814,Vestas Offshore,DK,Offshore Wind
C04815,Norsk Hydro,NO,Metals
C04816,Vestas Offshore,DK,Offshore Wind
C04817,Vestas Offshore,DK,Offshore Wind
C04818,Yara International,NO,Chemicals
C04819,Yara International,NO,Chemicals
C04820,Vestas Offshore,DK,Offshore Wind
C04821,Norsk Hydro,NO,Metals
C04822,Siemens Energy,DE,Energy
C04823,Kongsberg Defence & Aerospace,NO,Defence
C04824,Polish State,PL,Government
C04825,Norsk Hydro,NO,Metals
C04826,Polish State,PL,Government
C04827,Statkraft AS,NO,Energy
C04828,ABB Norway,NO,Technology
C04829,Siemens Energy,DE,Energy
C04830,Polish State,PL,Government
C04831,Kongsberg Defence & Aerospace,NO,Defence
C04832,Polish State,PL,Government
C04833,DNV GL,NO,Certification
C04834,Siemens Energy,DE,Energy
C04835,Aker Solutions,NO,Engineering
C04836,Norsk Hydro,NO,Metals
C04837,Norsk Hydro,NO,Metals
C04838,Kongsberg Defence & Aerospace,NO,Defence
C04839,Kongsberg Defence & Aerospace,NO,Defence
C04840,Siemens Energy,DE,Energy
C04841,Statkraft AS,NO,Energy
C04842,DNV GL,NO,Certification
C04843,ABB Norway,NO,Technology
C04844,ABB Norway,NO,Technology
C04845,Yara International,NO,Chemicals
C04846,DNV GL,NO,Certification
C04847,Yara International,NO,Chemicals
C04848,Vestas Offshore,DK,Offshore Wind
C04849,Aker Solutions,NO,Engineering
C04850,Aker Solutions,NO,Engineering
C04851,Siemens Energy,DE,Energy
C04852,Yara International,NO,Chemicals
C04853,Statkraft AS,NO,Energy
C04854,DNV GL,NO,Certification
C04855,ABB Norway,NO,Technology
C04856,Aker Solutions,NO,Engineering
C04857,Polish State,PL,Government
C04858,DNV GL,NO,Certification
C04859,Aker Solutions,NO,Engineering
C04860,Siemens Energy,DE,Energy
C04861,Siemens Energy,DE,Energy
C04862,Norsk Hydro,NO,Metals
C04863,Norsk Hydro,NO,Metals
C04864,Yara International,NO,Chemicals
C04865,Kongsberg Defence & Aerospace,NO,Defence
C04866,DNV GL,NO,Certification
C04867,Vestas Offshore,DK,Offshore Wind
C04868,Norsk Hydro,NO,Metals
C04869,Vestas Offshore,DK,Offshore Wind
C04870,Polish State,PL,Government
C04871,Statkraft AS,NO,Energy
C04872,DNV GL,NO,Certification
C04873,ABB Norway,NO,Technology
C04874,Polish State,PL,Government
C04875,Vestas Offshore,DK,Offshore Wind
C04876,Vestas Offshore,DK,Offshore Wind
C04877,Vestas Offshore,DK,Offshore Wind
C04878,Siemens Energy,DE,Energy
C04879,Yara International,NO,Chemicals
C04880,Statkraft AS,NO,Energy
C04881,Polish State,PL,Government
C04882,Aker Solutions,NO,Engineering
C04883,Siemens Energy,DE,Energy
C04884,Statkraft AS,NO,Energy
C04885,Norsk Hydro,NO,Metals
C04886,Norsk Hydro,NO,Metals
C04887,Norsk Hydro,NO,Metals
C04888,Polish State,PL,Government
C04889,Yara International,NO,Chemicals
C04890,Vestas Offshore,DK,Offshore Wind
C04891,Aker Solutions,NO,Engineering
C04892,Kongsberg Defence & Aerospace,NO,Defence
C04893,Polish State,PL,Government
C04894,Kongsberg Defence & Aerospace,NO,Defence
C04895,Vestas Offshore,DK,Offshore Wind
C04896,Yara International,NO,Chemicals
C04897,Yara International,NO,Chemicals
C04898,Vestas Offshore,DK,Offshore Wind
C04899,Vestas Offshore,DK,Offshore Wind
C04900,DNV GL,NO,Certification
C04901,Kongsberg Defence & Aerospace,NO,Defence
C04902,Yara International,NO,Chemicals
C04903,Vestas Offshore,DK,Offshore Wind
C04904,Kongsberg Defence & Aerospace,NO,Defence
C04905,Vestas Offshore,DK,Offshore Wind
C04906,ABB Norway,NO,Technology
C04907,Vestas Offshore,DK,Offshore Wind
C04908,DNV GL,NO,Certification
C04909,Aker Solutions,NO,Engineering
C04910,Yara International,NO,Chemicals
C04911,Yara International,NO,Chemicals
C04912,Kongsberg Defence & Aerospace,NO,Defence
C04913,ABB Norway,NO,Technology
C04914,Statkraft AS,NO,Energy
C04915,Polish State,PL,Government
C04916,Norsk Hydro,NO,Metals
C04917,Yara International,NO,Chemicals
C04918,Norsk Hydro,NO,Metals
C04919,Norsk Hydro,NO,Metals
C04920,Vestas Offshore,DK,Offshore Wind
C04921,Polish State,PL,Government
C04922,Aker Solutions,NO,Engineering
C04923,Yara International,NO,Chemicals
C04924,Vestas Offshore,DK,Offshore Wind
C04925,Yara International,NO,Chemicals
C04926,Vestas Offshore,DK,Offshore Wind
C04927,Yara International,NO,Chemicals
C04928,DNV GL,NO,Certification
C04929,ABB Norway,NO,Technology
C04930,Vestas Offshore,DK,Offshore Wind
C04931,Siemens Energy,DE,Energy
C04932,Norsk Hydro,NO,Metals
C04933,Yara International,NO,Chemicals
C04934,Yara International,NO,Chemicals
C04935,Statkraft AS,NO,Energy
C04936,Polish State,PL,Government
C04937,Aker Solutions,NO,Engineering
C04938,Aker Solutions,NO,Engineering
C04939,Vestas Offshore,DK,Offshore Wind
C04940,Statkraft AS,NO,Energy
C04941,Kongsberg Defence & Aerospace,NO,Defence
C04942,Polish State,PL,Government
C04943,DNV GL,NO,Certification
C04944,DNV GL,NO,Certification
C04945,Aker Solutions,NO,Engineering
C04946,Vestas Offshore,DK,Offshore Wind
C04947,Yara International,NO,Chemicals
C04948,Statkraft AS,NO,Energy
C04949,Vestas Offshore,DK,Offshore Wind
C04950,Norsk Hydro,NO,Metals
C04951,Yara International,NO,Chemicals
C04952,Yara International,NO,Chemicals
C04953,Kongsberg Defence & Aerospace,NO,Defence
C04954,DNV GL,NO,Certification
C04955,DNV GL,NO,Certification
C04956,Statkraft AS,NO,Energy
C04957,Statkraft AS,NO,Energy
C04958,Norsk Hydro,NO,Metals
C04959,Vestas Offshore,DK,Offshore Wind
C04960,Yara International,NO,Chemicals
C04961,DNV GL,NO,Certification
C04962,Kongsberg Defence & Aerospace,NO,Defence
C04963,Aker Solutions,NO,Engineering
C04964,DNV GL,NO,Certification
C04965,Aker Solutions,NO,Engineering
C04966,Siemens Energy,DE,Energy
C04967,Kongsberg Defence & Aerospace,NO,Defence
C04968,DNV GL,NO,Certification
C04969,Aker Solutions,NO,Engineering
C04970,Polish State,PL,Government
C04971,Norsk Hydro,NO,Metals
C04972,Aker Solutions,NO,Engineering
C04973,Siemens Energy,DE,Energy
C04974,Yara International,NO,Chemicals
C04975,Yara International,NO,Chemicals
C04976,Statkraft AS,NO,Energy
C04977,Aker Solutions,NO,Engineering
C04978,Vestas Offshore,DK,Offshore Wind
C04979,ABB Norway,NO,Technology
C04980,Norsk Hydro,NO,Metals
C04981,Polish State,PL,Government
C04982,Statkraft AS,NO,Energy
C04983,ABB Norway,NO,Technology
C04984,Yara International,NO,Chemicals
C04985,DNV GL,NO,Certification
C04986,Aker Solutions,NO,Engineering
C04987,ABB Norway,NO,Technology
C04988,Polish State,PL,Government
C04989,Kongsberg Defence & Aerospace,NO,Defence
C04990,Kongsberg Defence & Aerospace,NO,Defence
C04991,Yara International,NO,Chemicals
C04992,DNV GL,NO,Certification
C04993,Statkraft AS,NO,Energy
C04994,DNV GL,NO,Certification
C04995,Kongsberg Defence & Aerospace,NO,Defence
C04996,Aker Solutions,NO,Engineering
C04997,Polish State,PL,Government
C04998,Siemens Energy,DE,Energy
C04999,Aker Solutions,NO,Engineering
C05000,Siemens Energy,DE,Energy
C05001,Statkraft AS,NO,Energy
C05002,Vestas Offshore,DK,Offshore Wind
C05003,Aker Solutions,NO,Engineering
C05004,Yara International,NO,Chemicals
C05005,ABB Norway,NO,Technology
C05006,ABB Norway,NO,Technology
C05007,DNV GL,NO,Certification
C05008,Aker Solutions,NO,Engineering
C05009,Yara International,NO,Chemicals
C05010,Siemens Energy,DE,Energy
C05011,Yara International,NO,Chemicals
C05012,ABB Norway,NO,Technology
C05013,Aker Solutions,NO,Engineering
C05014,Polish State,PL,Government
C05015,Aker Solutions,NO,Engineering
C05016,DNV GL,NO,Certification
C05017,DNV GL,NO,Certification
C05018,Norsk Hydro,NO,Metals
C05019,Vestas Offshore,DK,Offshore Wind
C05020,Siemens Energy,DE,Energy
C05021,DNV GL,NO,Certification
C05022,DNV GL,NO,Certification
C05023,Norsk Hydro,NO,Metals
C05024,ABB Norway,NO,Technology
C05025,ABB Norway,NO,Technology
C05026,Yara International,NO,Chemicals
C05027,Siemens Energy,DE,Energy
C05028,Aker Solutions,NO,Engineering
C05029,Vestas Offshore,DK,Offshore Wind
C05030,Statkraft AS,NO,Energy
C05031,Polish State,PL,Government
C05032,Norsk Hydro,NO,Metals
C05033,Vestas Offshore,DK,Offshore Wind
C05034,Statkraft AS,NO,Energy
C05035,Polish State,PL,Government
C05036,DNV GL,NO,Certification
C05037,Aker Solutions,NO,Engineering
C05038,Siemens Energy,DE,Energy
C05039,DNV GL,NO,Certification
C05040,Yara International,NO,Chemicals
C05041,Kongsberg Defence & Aerospace,NO,Defence
C05042,Vestas Offshore,DK,Offshore Wind
C05043,Aker Solutions,NO,Engineering
C05044,Kongsberg Defence & Aerospace,NO,Defence
C05045,Statkraft AS,NO,Energy
C05046,Vestas Offshore,DK,Offshore Wind
C05047,Norsk Hydro,NO,Metals
C05048,Yara International,NO,Chemicals
C05049,Aker Solutions,NO,Engineering
C05050,Statkraft AS,NO,Energy
C05051,Statkraft AS,NO,Energy
C05052,ABB Norway,NO,Technology
C05053,Polish State,PL,Government
C05054,Siemens Energy,DE,Energy
C05055,Statkraft AS,NO,Energy
C05056,Yara International,NO,Chemicals
C05057,Kongsberg Defence & Aerospace,NO,Defence
C05058,Aker Solutions,NO,Engineering
C05059,Aker Solutions,NO,Engineering
C05060,Yara International,NO,Chemicals
C05061,DNV GL,NO,Certification
C05062,ABB Norway,NO,Technology
C05063,Yara International,NO,Chemicals
C05064,Kongsberg Defence & Aerospace,NO,Defence
C05065,Vestas Offshore,DK,Offshore Wind
C05066,Norsk Hydro,NO,Metals
C05067,Norsk Hydro,NO,Metals
C05068,Kongsberg Defence & Aerospace,NO,Defence
C05069,Polish State,PL,Government
C05070,DNV GL,NO,Certification
C05071,ABB Norway,NO,Technology
C05072,Polish State,PL,Government
C05073,Kongsberg Defence & Aerospace,NO,Defence
C05074,Yara International,NO,Chemicals
C05075,DNV GL,NO,Certification
C05076,DNV GL,NO,Certification
C05077,Polish State,PL,Government
C05078,Yara International,NO,Chemicals
C05079,Vestas Offshore,DK,Offshore Wind
C05080,Kongsberg Defence & Aerospace,NO,Defence
C05081,Siemens Energy,DE,Energy
C05082,Polish State,PL,Government
C05083,Kongsberg Defence & Aerospace,NO,Defence
C05084,Vestas Offshore,DK,Offshore Wind
C05085,Statkraft AS,NO,Energy
C05086,ABB Norway,NO,Technology
C05087,Aker Solutions,NO,Engineering
C05088,Siemens Energy,DE,Energy
C05089,Aker Solutions,NO,Engineering
C05090,Aker Solutions,NO,Engineering
C05091,Yara International,NO,Chemicals
C05092,Polish State,PL,Government
C05093,DNV GL,NO,Certification
C05094,Kongsberg Defence & Aerospace,NO,Defence
C05095,Statkraft AS,NO,Energy
C05096,Statkraft AS,NO,Energy
C05097,DNV GL,NO,Certification
C05098,ABB Norway,NO,Technology
C05099,DNV GL,NO,Certification
C05100,Yara International,NO,Chemicals
C05101,Siemens Energy,DE,Energy
C05102,Siemens Energy,DE,Energy
C05103,ABB Norway,NO,Technology
C05104,Polish State,PL,Government
C05105,Yara International,NO,Chemicals
C05106,Polish State,PL,Government
C05107,Norsk Hydro,NO,Metals
C05108,Aker Solutions,NO,Engineering
C05109,Yara International,NO,Chemicals
C05110,Kongsberg Defence & Aerospace,NO,Defence
C05111,ABB Norway,NO,Technology
C05112,Vestas Offshore,DK,Offshore Wind
C05113,Aker Solutions,NO,Engineering
C05114,DNV GL,NO,Certification
C05115,Statkraft AS,NO,Energy
C05116,DNV GL,NO,Certification
C05117,Statkraft AS,NO,Energy
C05118,DNV GL,NO,Certification
C05119,ABB Norway,NO,Technology
C05120,Siemens Energy,DE,Energy
C05121,Statkraft AS,NO,Energy
C05122,DNV GL,NO,Certification
C05123,ABB Norway,NO,Technology
C05124,DNV GL,NO,Certification
C05125,Yara International,NO,Chemicals
C05126,ABB Norway,NO,Technology
C05127,Norsk Hydro,NO,Metals
C05128,Aker Solutions,NO,Engineering
C05129,Yara International,NO,Chemicals
C05130,Norsk Hydro,NO,Metals
C05131,Polish State,PL,Government
C05132,Siemens Energy,DE,Energy
C05133,Norsk Hydro,NO,Metals
C05134,Norsk Hydro,NO,Metals
C05135,Yara International,NO,Chemicals
C05136,Kongsberg Defence & Aerospace,NO,Defence
C05137,Norsk Hydro,NO,Metals
C05138,Statkraft AS,NO,Energy
C05139,ABB Norway,NO,Technology
C05140,Statkraft AS,NO,Energy
C05141,Aker Solutions,NO,Engineering
C05142,Polish State,PL,Government
C05143,Polish State,PL,Government
C05144,Siemens Energy,DE,Energy
C05145,Aker Solutions,NO,Engineering
C05146,Siemens Energy,DE,Energy
C05147,DNV GL,NO,Certification
C05148,DNV GL,NO,Certification
C05149,Kongsberg Defence & Aerospace,NO,Defence
C05150,ABB Norway,NO,Technology
C05151,Polish State,PL,Government
C05152,ABB Norway,NO,Technology
C05153,Statkraft AS,NO,Energy
C05154,Aker Solutions,NO,Engineering
C05155,Siemens Energy,DE,Energy
C05156,Statkraft AS,NO,Energy
C05157,DNV GL,NO,Certification
C05158,Vestas Offshore,DK,Offshore Wind
C05159,Norsk Hydro,NO,Metals
C05160,Siemens Energy,DE,Energy
C05161,Siemens Energy,DE,Energy
C05162,Polish State,PL,Government
C05163,Yara International,NO,Chemicals
C05164,ABB Norway,NO,Technology
C05165,Vestas Offshore,DK,Offshore Wind
C05166,Polish State,PL,Government
C05167,Norsk Hydro,NO,Metals
C05168,Polish State,PL,Government
C05169,Polish State,PL,Government
C05170,Polish State,PL,Government
C05171,ABB Norway,NO,Technology
C05172,Polish State,PL,Government
C05173,Polish State,PL,Government
C05174,Polish State,PL,Government
C05175,Polish State,PL,Government
C05176,Yara International,NO,Chemicals
C05177,Siemens Energy,DE,Energy
C05178,Vestas Offshore,DK,Offshore Wind
C05179,Statkraft AS,NO,Energy
C05180,Statkraft AS,NO,Energy
C05181,Statkraft AS,NO,Energy
C05182,Norsk Hydro,NO,Metals
C05183,Yara International,NO,Chemicals
C05184,Kongsberg Defence & Aerospace,NO,Defence
C05185,DNV GL,NO,Certification
C05186,Kongsberg Defence & Aerospace,NO,Defence
C05187,Norsk Hydro,NO,Metals
C05188,Siemens Energy,DE,Energy
C05189,Yara International,NO,Chemicals
C05190,Siemens Energy,DE,Energy
C05191,Norsk Hydro,NO,Metals
C05192,Yara International,NO,Chemicals
C05193,ABB Norway,NO,Technology
C05194,Norsk Hydro,NO,Metals
C05195,Vestas Offshore,DK,Offshore Wind
C05196,DNV GL,NO,Certification
C05197,ABB Norway,NO,Technology
C05198,Aker Solutions,NO,Engineering
C05199,Polish State,PL,Government
C05200,Yara International,NO,Chemicals
C05201,Vestas Offshore,DK,Offshore Wind
C05202,Kongsberg Defence & Aerospace,NO,Defence
C05203,DNV GL,NO,Certification
C05204,Aker Solutions,NO,Engineering
C05205,Norsk Hydro,NO,Metals
C05206,DNV GL,NO,Certification
C05207,Kongsberg Defence & Aerospace,NO,Defence
C05208,DNV GL,NO,Certification
C05209,Siemens Energy,DE,Energy
C05210,Aker Solutions,NO,Engineering
C05211,Vestas Offshore,DK,Offshore Wind
C05212,Norsk Hydro,NO,Metals
C05213,Statkraft AS,NO,Energy
C05214,DNV GL,NO,Certification
C05215,Norsk Hydro,NO,Metals
C05216,Siemens Energy,DE,Energy
C05217,Kongsberg Defence & Aerospace,NO,Defence
C05218,Kongsberg Defence & Aerospace,NO,Defence
C05219,Polish State,PL,Government
C05220,Aker Solutions,NO,Engineering
C05221,Yara International,NO,Chemicals
C05222,Statkraft AS,NO,Energy
C05223,Siemens Energy,DE,Energy
C05224,Siemens Energy,DE,Energy
C05225,Yara International,NO,Chemicals
C05226,ABB Norway,NO,Technology
C05227,Vestas Offshore,DK,Offshore Wind
C05228,DNV GL,NO,Certification
C05229,ABB Norway,NO,Technology
C05230,Polish State,PL,Government
C05231,ABB Norway,NO,Technology
C05232,Norsk Hydro,NO,Metals
C05233,Yara International,NO,Chemicals
C05234,Siemens Energy,DE,Energy
C05235,Siemens Energy,DE,Energy
C05236,Vestas Offshore,DK,Offshore Wind
C05237,Norsk Hydro,NO,Metals
C05238,Aker Solutions,NO,Engineering
C05239,Polish State,PL,Government
C05240,Aker Solutions,NO,Engineering
C05241,Siemens Energy,DE,Energy
C05242,Siemens Energy,DE,Energy
C05243,Aker Solutions,NO,Engineering
C05244,ABB Norway,NO,Technology
C05245,Norsk Hydro,NO,Metals
C05246,Vestas Offshore,DK,Offshore Wind
C05247,Yara International,NO,Chemicals
C05248,Vestas Offshore,DK,Offshore Wind
C05249,Yara International,NO,Chemicals
C05250,Polish State,PL,Government
C05251,Statkraft AS,NO,Energy
C05252,ABB Norway,NO,Technology
C05253,Polish State,PL,Government
C05254,DNV GL,NO,Certification
C05255,Aker Solutions,NO,Engineering
C05256,Aker Solutions,NO,Engineering
C05257,Polish State,PL,Government
C05258,Vestas Offshore,DK,Offshore Wind
C05259,Vestas Offshore,DK,Offshore Wind
C05260,Norsk Hydro,NO,Metals
C05261,Kongsberg Defence & Aerospace,NO,Defence
C05262,Vestas Offshore,DK,Offshore Wind
C05263,Aker Solutions,NO,Engineering
C05264,Norsk Hydro,NO,Metals
C05265,Vestas Offshore,DK,Offshore Wind
C05266,DNV GL,NO,Certification
C05267,DNV GL,NO,Certification
C05268,Siemens Energy,DE,Energy
C05269,Norsk Hydro,NO,Metals
C05270,ABB Norway,NO,Technology
C05271,ABB Norway,NO,Technology
C05272,DNV GL,NO,Certification
C05273,Yara International,NO,Chemicals
C05274,Kongsberg Defence & Aerospace,NO,Defence
C05275,Aker Solutions,NO,Engineering
C05276,Statkraft AS,NO,Energy
C05277,Vestas Offshore,DK,Offshore Wind
C05278,Kongsberg Defence & Aerospace,NO,Defence
C05279,Polish State,PL,Government
C05280,ABB Norway,NO,Technology
C05281,Norsk Hydro,NO,Metals
C05282,Statkraft AS,NO,Energy
C05283,Norsk Hydro,NO,Metals
C05284,Siemens Energy,DE,Energy
C05285,ABB Norway,NO,Technology
C05286,Siemens Energy,DE,Energy
C05287,Siemens Energy,DE,Energy
C05288,DNV GL,NO,Certification
C05289,DNV GL,NO,Certification
C05290,ABB Norway,NO,Technology
C05291,Siemens Energy,DE,Energy
C05292,Kongsberg Defence & Aerospace,NO,Defence
C05293,Aker Solutions,NO,Engineering
C05294,Statkraft AS,NO,Energy
C05295,Siemens Energy,DE,Energy
C05296,Yara International,NO,Chemicals
C05297,Polish State,PL,Government
C05298,Yara International,NO,Chemicals
C05299,Yara International,NO,Chemicals
C05300,DNV GL,NO,Certification
C05301,Vestas Offshore,DK,Offshore Wind
C05302,ABB Norway,NO,Technology
C05303,Siemens Energy,DE,Energy
C05304,Siemens Energy,DE,Energy
C05305,DNV GL,NO,Certification
C05306,Norsk Hydro,NO,Metals
C05307,Norsk Hydro,NO,Metals
C05308,Statkraft AS,NO,Energy
C05309,Aker Solutions,NO,Engineering
C05310,Yara International,NO,Chemicals
C05311,ABB Norway,NO,Technology
C05312,Norsk Hydro,NO,Metals
C05313,Vestas Offshore,DK,Offshore Wind
C05314,Vestas Offshore,DK,Offshore Wind
C05315,Siemens Energy,DE,Energy
C05316,Aker Solutions,NO,Engineering
C05317,Yara International,NO,Chemicals
C05318,Yara International,NO,Chemicals
C05319,Aker Solutions,NO,Engineering
C05320,Statkraft AS,NO,Energy
C05321,Statkraft AS,NO,Energy
C05322,Vestas Offshore,DK,Offshore Wind
C05323,Siemens Energy,DE,Energy
C05324,Polish State,PL,Government
C05325,Siemens Energy,DE,Energy
C05326,Siemens Energy,DE,Energy
C05327,ABB Norway,NO,Technology
C05328,ABB Norway,NO,Technology
C05329,Yara International,NO,Chemicals
C05330,Aker Solutions,NO,Engineering
C05331,ABB Norway,NO,Technology
C05332,Norsk Hydro,NO,Metals
C05333,Siemens Energy,DE,Energy
C05334,Yara International,NO,Chemicals
C05335,DNV GL,NO,Certification
C05336,Norsk Hydro,NO,Metals
C05337,Aker Solutions,NO,Engineering
C05338,Vestas Offshore,DK,Offshore Wind
C05339,Vestas Offshore,DK,Offshore Wind
C05340,Kongsberg Defence & Aerospace,NO,Defence
C05341,Vestas Offshore,DK,Offshore Wind
C05342,Polish State,PL,Government
C05343,ABB Norway,NO,Technology
C05344,Statkraft AS,NO,Energy
C05345,Polish State,PL,Government
C05346,Vestas Offshore,DK,Offshore Wind
C05347,Aker Solutions,NO,Engineering
C05348,Statkraft AS,NO,Energy
C05349,Statkraft AS,NO,Energy
C05350,Statkraft AS,NO,Energy
C05351,Norsk Hydro,NO,Metals
C05352,DNV GL,NO,Certification
C05353,Kongsberg Defence & Aerospace,NO,Defence
C05354,Kongsberg Defence & Aerospace,NO,Defence
C05355,Aker Solutions,NO,Engineering
C05356,DNV GL,NO,Certification
C05357,Statkraft AS,NO,Energy
C05358,Statkraft AS,NO,Energy
C05359,ABB Norway,NO,Technology
C05360,Yara International,NO,Chemicals
C05361,Vestas Offshore,DK,Offshore Wind
C05362,Statkraft AS,NO,Energy
C05363,Aker Solutions,NO,Engineering
C05364,ABB Norway,NO,Technology
C05365,Polish State,PL,Government
C05366,Polish State,PL,Government
C05367,ABB Norway,NO,Technology
C05368,Norsk Hydro,NO,Metals
C05369,Vestas Offshore,DK,Offshore Wind
C05370,Vestas Offshore,DK,Offshore Wind
C05371,DNV GL,NO,Certification
C05372,Vestas Offshore,DK,Offshore Wind
C05373,Kongsberg Defence & Aerospace,NO,Defence
C05374,Kongsberg Defence & Aerospace,NO,Defence
C05375,Siemens Energy,DE,Energy
C05376,Siemens Energy,DE,Energy
C05377,Norsk Hydro,NO,Metals
C05378,Norsk Hydro,NO,Metals
C05379,DNV GL,NO,Certification
C05380,ABB Norway,NO,Technology
C05381,DNV GL,NO,Certification
C05382,Norsk Hydro,NO,Metals
C05383,Vestas Offshore,DK,Offshore Wind
C05384,DNV GL,NO,Certification
C05385,Vestas Offshore,DK,Offshore Wind
C05386,Yara International,NO,Chemicals
C05387,Yara International,NO,Chemicals
C05388,Norsk Hydro,NO,Metals
C05389,Yara International,NO,Chemicals
C05390,Aker Solutions,NO,Engineering
C05391,DNV GL,NO,Certification
C05392,DNV GL,NO,Certification
C05393,ABB Norway,NO,Technology
C05394,Siemens Energy,DE,Energy
C05395,Norsk Hydro,NO,Metals
C05396,DNV GL,NO,Certification
C05397,Polish State,PL,Government
C05398,Statkraft AS,NO,Energy
C05399,Norsk Hydro,NO,Metals
C05400,ABB Norway,NO,Technology
C05401,Siemens Energy,DE,Energy
C05402,Aker Solutions,NO,Engineering
C05403,ABB Norway,NO,Technology
C05404,Vestas Offshore,DK,Offshore Wind
C05405,ABB Norway,NO,Technology
C05406,Kongsberg Defence & Aerospace,NO,Defence
C05407,Kongsberg Defence & Aerospace,NO,Defence
C05408,DNV GL,NO,Certification
C05409,Vestas Offshore,DK,Offshore Wind
C05410,Siemens Energy,DE,Energy
C05411,ABB Norway,NO,Technology
C05412,Norsk Hydro,NO,Metals
C05413,DNV GL,NO,Certification
C05414,Kongsberg Defence & Aerospace,NO,Defence
C05415,Norsk Hydro,NO,Metals
C05416,Norsk Hydro,NO,Metals
C05417,ABB Norway,NO,Technology
C05418,Kongsberg Defence & Aerospace,NO,Defence
C05419,Aker Solutions,NO,Engineering
C05420,ABB Norway,NO,Technology
C05421,Yara International,NO,Chemicals
C05422,Polish State,PL,Government
C05423,Kongsberg Defence & Aerospace,NO,Defence
C05424,DNV GL,NO,Certification
C05425,Siemens Energy,DE,Energy
C05426,Polish State,PL,Government
C05427,Aker Solutions,NO,Engineering
C05428,DNV GL,NO,Certification
C05429,Aker Solutions,NO,Engineering
C05430,Aker Solutions,NO,Engineering
C05431,Polish State,PL,Government
C05432,Vestas Offshore,DK,Offshore Wind
C05433,Aker Solutions,NO,Engineering
C05434,Aker Solutions,NO,Engineering
C05435,Polish State,PL,Government
C05436,ABB Norway,NO,Technology
C05437,Statkraft AS,NO,Energy
C05438,Aker Solutions,NO,Engineering
C05439,Polish State,PL,Government
C05440,DNV GL,NO,Certification
C05441,Yara International,NO,Chemicals
C05442,ABB Norway,NO,Technology
C05443,ABB Norway,NO,Technology
C05444,DNV GL,NO,Certification
C05445,ABB Norway,NO,Technology
C05446,Aker Solutions,NO,Engineering
C05447,Polish State,PL,Government
C05448,Statkraft AS,NO,Energy
C05449,Vestas Offshore,DK,Offshore Wind
C05450,Vestas Offshore,DK,Offshore Wind
C05451,ABB Norway,NO,Technology
C05452,Statkraft AS,NO,Energy
C05453,Norsk Hydro,NO,Metals
C05454,Yara International,NO,Chemicals
C05455,Norsk Hydro,NO,Metals
C05456,ABB Norway,NO,Technology
C05457,Yara International,NO,Chemicals
C05458,Norsk Hydro,NO,Metals
C05459,Polish State,PL,Government
C05460,Siemens Energy,DE,Energy
C05461,Kongsberg Defence & Aerospace,NO,Defence
C05462,Vestas Offshore,DK,Offshore Wind
C05463,Kongsberg Defence & Aerospace,NO,Defence
C05464,DNV GL,NO,Certification
C05465,Kongsberg Defence & Aerospace,NO,Defence
C05466,Vestas Offshore,DK,Offshore Wind
C05467,Statkraft AS,NO,Energy
C05468,ABB Norway,NO,Technology
C05469,ABB Norway,NO,Technology
C05470,Vestas Offshore,DK,Offshore Wind
C05471,Norsk Hydro,NO,Metals
C05472,Kongsberg Defence & Aerospace,NO,Defence
C05473,Polish State,PL,Government
C05474,Statkraft AS,NO,Energy
C05475,Vestas Offshore,DK,Offshore Wind
C05476,Kongsberg Defence & Aerospace,NO,Defence
C05477,Norsk Hydro,NO,Metals
C05478,Polish State,PL,Government
C05479,Siemens Energy,DE,Energy
C05480,Aker Solutions,NO,Engineering
C05481,ABB Norway,NO,Technology
C05482,Norsk Hydro,NO,Metals
C05483,Siemens Energy,DE,Energy
C05484,Norsk Hydro,NO,Metals
C05485,Kongsberg Defence & Aerospace,NO,Defence
C05486,Siemens Energy,DE,Energy
C05487,Statkraft AS,NO,Energy
C05488,Vestas Offshore,DK,Offshore Wind
C05489,Kongsberg Defence & Aerospace,NO,Defence
C05490,ABB Norway,NO,Technology
C05491,Aker Solutions,NO,Engineering
C05492,Statkraft AS,NO,Energy
C05493,DNV GL,NO,Certification
C05494,Norsk Hydro,NO,Metals
C05495,Vestas Offshore,DK,Offshore Wind
C05496,Polish State,PL,Government
C05497,ABB Norway,NO,Technology
C05498,Aker Solutions,NO,Engineering
C05499,Kongsberg Defence & Aerospace,NO,Defence
C05500,Statkraft AS,NO,Energy
C05501,Polish State,PL,Government
C05502,Aker Solutions,NO,Engineering
C05503,Norsk Hydro,NO,Metals
C05504,Polish State,PL,Government
C05505,Kongsberg Defence & Aerospace,NO,Defence
C05506,Polish State,PL,Government
C05507,Norsk Hydro,NO,Metals
C05508,Statkraft AS,NO,Energy
C05509,DNV GL,NO,Certification
C05510,Polish State,PL,Government
C05511,Norsk Hydro,NO,Metals
C05512,Aker Solutions,NO,Engineering
C05513,ABB Norway,NO,Technology
C05514,Siemens Energy,DE,Energy
C05515,Vestas Offshore,DK,Offshore Wind
C05516,Kongsberg Defence & Aerospace,NO,Defence
C05517,DNV GL,NO,Certification
C05518,DNV GL,NO,Certification
C05519,Statkraft AS,NO,Energy
C05520,ABB Norway,NO,Technology
C05521,Norsk Hydro,NO,Metals
C05522,ABB Norway,NO,Technology
C05523,Polish State,PL,Government
C05524,Siemens Energy,DE,Energy
C05525,Kongsberg Defence & Aerospace,NO,Defence
C05526,Polish State,PL,Government
C05527,Statkraft AS,NO,Energy
C05528,Polish State,PL,Government
C05529,Aker Solutions,NO,Engineering
C05530,Siemens Energy,DE,Energy
C05531,Kongsberg Defence & Aerospace,NO,Defence
C05532,Vestas Offshore,DK,Offshore Wind
C05533,ABB Norway,NO,Technology
C05534,Yara International,NO,Chemicals
C05535,Statkraft AS,NO,Energy
C05536,Aker Solutions,NO,Engineering
C05537,Polish State,PL,Government
C05538,Kongsberg Defence & Aerospace,NO,Defence
C05539,Kongsberg Defence & Aerospace,NO,Defence
C05540,Yara International,NO,Chemicals
C05541,Norsk Hydro,NO,Metals
C05542,Yara International,NO,Chemicals
C05543,Vestas Offshore,DK,Offshore Wind
C05544,Siemens Energy,DE,Energy
C05545,Statkraft AS,NO,Energy
C05546,Polish State,PL,Government
C05547,Vestas Offshore,DK,Offshore Wind
C05548,Norsk Hydro,NO,Metals
C05549,Statkraft AS,NO,Energy
C05550,Yara International,NO,Chemicals
C05551,Siemens Energy,DE,Energy
C05552,Kongsberg Defence & Aerospace,NO,Defence
C05553,Kongsberg Defence & Aerospace,NO,Defence
C05554,Siemens Energy,DE,Energy
C05555,Vestas Offshore,DK,Offshore Wind
C05556,DNV GL,NO,Certification
C05557,Statkraft AS,NO,Energy
C05558,Vestas Offshore,DK,Offshore Wind
C05559,Norsk Hydro,NO,Metals
C05560,Polish State,PL,Government
C05561,Siemens Energy,DE,Energy
C05562,DNV GL,NO,Certification
C05563,Siemens Energy,DE,Energy
C05564,Norsk Hydro,NO,Metals
C05565,Polish State,PL,Government
C05566,Kongsberg Defence & Aerospace,NO,Defence
C05567,Aker Solutions,NO,Engineering
C05568,Siemens Energy,DE,Energy
C05569,Vestas Offshore,DK,Offshore Wind
C05570,ABB Norway,NO,Technology
C05571,Kongsberg Defence & Aerospace,NO,Defence
C05572,Norsk Hydro,NO,Metals
C05573,Norsk Hydro,NO,Metals
C05574,DNV GL,NO,Certification
C05575,ABB Norway,NO,Technology
C05576,DNV GL,NO,Certification
C05577,Norsk Hydro,NO,Metals
C05578,Polish State,PL,Government
C05579,Yara International,NO,Chemicals
C05580,Vestas Offshore,DK,Offshore Wind
C05581,DNV GL,NO,Certification
C05582,Siemens Energy,DE,Energy
C05583,Siemens Energy,DE,Energy
C05584,Norsk Hydro,NO,Metals
C05585,ABB Norway,NO,Technology
C05586,Yara International,NO,Chemicals
C05587,DNV GL,NO,Certification
C05588,Vestas Offshore,DK,Offshore Wind
C05589,Statkraft AS,NO,Energy
C05590,DNV GL,NO,Certification
C05591,Vestas Offshore,DK,Offshore Wind
C05592,Norsk Hydro,NO,Metals
C05593,ABB Norway,NO,Technology
C05594,ABB Norway,NO,Technology
C05595,DNV GL,NO,Certification
C05596,Siemens Energy,DE,Energy
C05597,Norsk Hydro,NO,Metals
C05598,Kongsberg Defence & Aerospace,NO,Defence
C05599,DNV GL,NO,Certification
C05600,Aker Solutions,NO,Engineering
C05601,Vestas Offshore,DK,Offshore Wind
C05602,Kongsberg Defence & Aerospace,NO,Defence
C05603,Yara International,NO,Chemicals
C05604,Siemens Energy,DE,Energy
C05605,Yara International,NO,Chemicals
C05606,Polish State,PL,Government
C05607,Siemens Energy,DE,Energy
C05608,Statkraft AS,NO,Energy
C05609,DNV GL,NO,Certification
C05610,Aker Solutions,NO,Engineering
C05611,Polish State,PL,Government
C05612,DNV GL,NO,Certification
C05613,Norsk Hydro,NO,Metals
C05614,DNV GL,NO,Certification
C05615,Vestas Offshore,DK,Offshore Wind
C05616,Yara International,NO,Chemicals
C05617,ABB Norway,NO,Technology
C05618,Siemens Energy,DE,Energy
C05619,Aker Solutions,NO,Engineering
C05620,Siemens Energy,DE,Energy
C05621,Statkraft AS,NO,Energy
C05622,Statkraft AS,NO,Energy
C05623,DNV GL,NO,Certification
C05624,Statkraft AS,NO,Energy
C05625,Kongsberg Defence & Aerospace,NO,Defence
C05626,Vestas Offshore,DK,Offshore Wind
C05627,Vestas Offshore,DK,Offshore Wind
C05628,Kongsberg Defence & Aerospace,NO,Defence
C05629,Polish State,PL,Government
C05630,Statkraft AS,NO,Energy
C05631,Norsk Hydro,NO,Metals
C05632,Polish State,PL,Government
C05633,Statkraft AS,NO,Energy
C05634,Kongsberg Defence & Aerospace,NO,Defence
C05635,Yara International,NO,Chemicals
C05636,Aker Solutions,NO,Engineering
C05637,Norsk Hydro,NO,Metals
C05638,DNV GL,NO,Certification
C05639,Yara International,NO,Chemicals
C05640,Yara International,NO,Chemicals
C05641,ABB Norway,NO,Technology
C05642,Kongsberg Defence & Aerospace,NO,Defence
C05643,Siemens Energy,DE,Energy
C05644,Polish State,PL,Government
C05645,Yara International,NO,Chemicals
C05646,Statkraft AS,NO,Energy
C05647,Kongsberg Defence & Aerospace,NO,Defence
C05648,Polish State,PL,Government
C05649,Norsk Hydro,NO,Metals
C05650,Statkraft AS,NO,Energy
C05651,Norsk Hydro,NO,Metals
C05652,Kongsberg Defence & Aerospace,NO,Defence
C05653,Siemens Energy,DE,Energy
C05654,DNV GL,NO,Certification
C05655,Aker Solutions,NO,Engineering
C05656,Siemens Energy,DE,Energy
C05657,Kongsberg Defence & Aerospace,NO,Defence
C05658,Yara International,NO,Chemicals
C05659,ABB Norway,NO,Technology
C05660,DNV GL,NO,Certification
C05661,Kongsberg Defence & Aerospace,NO,Defence
C05662,Statkraft AS,NO,Energy
C05663,ABB Norway,NO,Technology
C05664,Statkraft AS,NO,Energy
C05665,Polish State,PL,Government
C05666,DNV GL,NO,Certification
C05667,Statkraft AS,NO,Energy
C05668,Statkraft AS,NO,Energy
C05669,Polish State,PL,Government
C05670,DNV GL,NO,Certification
C05671,Aker Solutions,NO,Engineering
C05672,Polish State,PL,Government
C05673,Polish State,PL,Government
C05674,DNV GL,NO,Certification
C05675,Polish State,PL,Government
C05676,Yara International,NO,Chemicals
C05677,Vestas Offshore,DK,Offshore Wind
C05678,DNV GL,NO,Certification
C05679,DNV GL,NO,Certification
C05680,Aker Solutions,NO,Engineering
C05681,Statkraft AS,NO,Energy
C05682,Yara International,NO,Chemicals
C05683,Siemens Energy,DE,Energy
C05684,Norsk Hydro,NO,Metals
C05685,Aker Solutions,NO,Engineering
C05686,Statkraft AS,NO,Energy
C05687,Vestas Offshore,DK,Offshore Wind
C05688,Vestas Offshore,DK,Offshore Wind
C05689,DNV GL,NO,Certification
C05690,Aker Solutions,NO,Engineering
C05691,DNV GL,NO,Certification
C05692,Siemens Energy,DE,Energy
C05693,Vestas Offshore,DK,Offshore Wind
C05694,DNV GL,NO,Certification
C05695,Yara International,NO,Chemicals
C05696,Norsk Hydro,NO,Metals
C05697,Siemens Energy,DE,Energy
C05698,Siemens Energy,DE,Energy
C05699,DNV GL,NO,Certification
C05700,Siemens Energy,DE,Energy
C05701,Siemens Energy,DE,Energy
C05702,Aker Solutions,NO,Engineering
C05703,Aker Solutions,NO,Engineering
C05704,Siemens Energy,DE,Energy
C05705,Yara International,NO,Chemicals
C05706,Polish State,PL,Government
C05707,Yara International,NO,Chemicals
C05708,DNV GL,NO,Certification
C05709,Polish State,PL,Government
C05710,Aker Solutions,NO,Engineering
C05711,DNV GL,NO,Certification
C05712,ABB Norway,NO,Technology
C05713,Siemens Energy,DE,Energy
C05714,Norsk Hydro,NO,Metals
C05715,Norsk Hydro,NO,Metals
C05716,Aker Solutions,NO,Engineering
C05717,Kongsberg Defence & Aerospace,NO,Defence
C05718,Kongsberg Defence & Aerospace,NO,Defence
C05719,ABB Norway,NO,Technology
C05720,Yara International,NO,Chemicals
C05721,Kongsberg Defence & Aerospace,NO,Defence
C05722,DNV GL,NO,Certification
C05723,Vestas Offshore,DK,Offshore Wind
C05724,ABB Norway,NO,Technology
C05725,Kongsberg Defence & Aerospace,NO,Defence
C05726,ABB Norway,NO,Technology
C05727,Polish State,PL,Government
C05728,Polish State,PL,Government
C05729,Siemens Energy,DE,Energy
C05730,Kongsberg Defence & Aerospace,NO,Defence
C05731,ABB Norway,NO,Technology
C05732,DNV GL,NO,Certification
C05733,DNV GL,NO,Certification
C05734,DNV GL,NO,Certification
C05735,Yara International,NO,Chemicals
C05736,Yara International,NO,Chemicals
C05737,Vestas Offshore,DK,Offshore Wind
C05738,Statkraft AS,NO,Energy
C05739,Kongsberg Defence & Aerospace,NO,Defence
C05740,Norsk Hydro,NO,Metals
C05741,Siemens Energy,DE,Energy
C05742,Vestas Offshore,DK,Offshore Wind
C05743,Vestas Offshore,DK,Offshore Wind
C05744,ABB Norway,NO,Technology
C05745,Siemens Energy,DE,Energy
C05746,Yara International,NO,Chemicals
C05747,Polish State,PL,Government
C05748,Polish State,PL,Government
C05749,ABB Norway,NO,Technology
C05750,ABB Norway,NO,Technology
C05751,Statkraft AS,NO,Energy
C05752,Yara International,NO,Chemicals
C05753,Aker Solutions,NO,Engineering
C05754,Yara International,NO,Chemicals
C05755,Polish State,PL,Government
C05756,Statkraft AS,NO,Energy
C05757,Siemens Energy,DE,Energy
C05758,Norsk Hydro,NO,Metals
C05759,Vestas Offshore,DK,Offshore Wind
C05760,Norsk Hydro,NO,Metals
C05761,Yara International,NO,Chemicals
C05762,Statkraft AS,NO,Energy
C05763,Yara International,NO,Chemicals
C05764,ABB Norway,NO,Technology
C05765,Kongsberg Defence & Aerospace,NO,Defence
C05766,Yara International,NO,Chemicals
C05767,Aker Solutions,NO,Engineering
C05768,Statkraft AS,NO,Energy
C05769,Kongsberg Defence & Aerospace,NO,Defence
C05770,Siemens Energy,DE,Energy
C05771,Siemens Energy,DE,Energy
C05772,Aker Solutions,NO,Engineering
C05773,Aker Solutions,NO,Engineering
C05774,Statkraft AS,NO,Energy
C05775,Polish State,PL,Government
C05776,Yara International,NO,Chemicals
C05777,Kongsberg Defence & Aerospace,NO,Defence
C05778,Aker Solutions,NO,Engineering
C05779,Kongsberg Defence & Aerospace,NO,Defence
C05780,ABB Norway,NO,Technology
C05781,DNV GL,NO,Certification
C05782,Kongsberg Defence & Aerospace,NO,Defence
C05783,Siemens Energy,DE,Energy
C05784,DNV GL,NO,Certification
C05785,Yara International,NO,Chemicals
C05786,Vestas Offshore,DK,Offshore Wind
C05787,Siemens Energy,DE,Energy
C05788,DNV GL,NO,Certification
C05789,Polish State,PL,Government
C05790,Vestas Offshore,DK,Offshore Wind
C05791,Kongsberg Defence & Aerospace,NO,Defence
C05792,Aker Solutions,NO,Engineering
C05793,Norsk Hydro,NO,Metals
C05794,Yara International,NO,Chemicals
C05795,Yara International,NO,Chemicals
C05796,DNV GL,NO,Certification
C05797,Statkraft AS,NO,Energy
C05798,Polish State,PL,Government
C05799,Aker Solutions,NO,Engineering
C05800,ABB Norway,NO,Technology
C05801,Aker Solutions,NO,Engineering
C05802,Vestas Offshore,DK,Offshore Wind
C05803,Vestas Offshore,DK,Offshore Wind
C05804,Siemens Energy,DE,Energy
C05805,Statkraft AS,NO,Energy
C05806,Norsk Hydro,NO,Metals
C05807,Yara International,NO,Chemicals
C05808,Kongsberg Defence & Aerospace,NO,Defence
C05809,DNV GL,NO,Certification
C05810,Aker Solutions,NO,Engineering
C05811,ABB Norway,NO,Technology
C05812,Statkraft AS,NO,Energy
C05813,Aker Solutions,NO,Engineering
C05814,DNV GL,NO,Certification
C05815,Aker Solutions,NO,Engineering
C05816,Vestas Offshore,DK,Offshore Wind
C05817,Vestas Offshore,DK,Offshore Wind
C05818,Norsk Hydro,NO,Metals
C05819,DNV GL,NO,Certification
C05820,Polish State,PL,Government
C05821,Norsk Hydro,NO,Metals
C05822,Aker Solutions,NO,Engineering
C05823,Yara International,NO,Chemicals
C05824,Polish State,PL,Government
C05825,DNV GL,NO,Certification
C05826,Yara International,NO,Chemicals
C05827,DNV GL,NO,Certification
C05828,Polish State,PL,Government
C05829,Polish State,PL,Government
C05830,Statkraft AS,NO,Energy
C05831,ABB Norway,NO,Technology
C05832,Aker Solutions,NO,Engineering
C05833,Siemens Energy,DE,Energy
C05834,Yara International,NO,Chemicals
C05835,Statkraft AS,NO,Energy
C05836,Statkraft AS,NO,Energy
C05837,Aker Solutions,NO,Engineering
C05838,Aker Solutions,NO,Engineering
C05839,Siemens Energy,DE,Energy
C05840,Siemens Energy,DE,Energy
C05841,Polish State,PL,Government
C05842,Siemens Energy,DE,Energy
C05843,Siemens Energy,DE,Energy
C05844,Yara International,NO,Chemicals
C05845,Kongsberg Defence & Aerospace,NO,Defence
C05846,ABB Norway,NO,Technology
C05847,Vestas Offshore,DK,Offshore Wind
C05848,Siemens Energy,DE,Energy
C05849,Yara International,NO,Chemicals
C05850,Norsk Hydro,NO,Metals
C05851,Yara International,NO,Chemicals
C05852,Vestas Offshore,DK,Offshore Wind
C05853,Norsk Hydro,NO,Metals
C05854,Kongsberg Defence & Aerospace,NO,Defence
C05855,Polish State,PL,Government
C05856,Polish State,PL,Government
C05857,Siemens Energy,DE,Energy
C05858,Vestas Offshore,DK,Offshore Wind
C05859,Statkraft AS,NO,Energy
C05860,Statkraft AS,NO,Energy
C05861,Kongsberg Defence & Aerospace,NO,Defence
C05862,Polish State,PL,Government
C05863,Yara International,NO,Chemicals
C05864,Vestas Offshore,DK,Offshore Wind
C05865,ABB Norway,NO,Technology
C05866,Kongsberg Defence & Aerospace,NO,Defence
C05867,Siemens Energy,DE,Energy
C05868,Statkraft AS,NO,Energy
C05869,ABB Norway,NO,Technology
C05870,Norsk Hydro,NO,Metals
C05871,Norsk Hydro,NO,Metals
C05872,Kongsberg Defence & Aerospace,NO,Defence
C05873,Siemens Energy,DE,Energy
C05874,Polish State,PL,Government
C05875,DNV GL,NO,Certification
C05876,Polish State,PL,Government
C05877,Polish State,PL,Government
C05878,DNV GL,NO,Certification
C05879,DNV GL,NO,Certification
C05880,ABB Norway,NO,Technology
C05881,DNV GL,NO,Certification
C05882,Norsk Hydro,NO,Metals
C05883,Yara International,NO,Chemicals
C05884,Vestas Offshore,DK,Offshore Wind
C05885,Kongsberg Defence & Aerospace,NO,Defence
C05886,Aker Solutions,NO,Engineering
C05887,Yara International,NO,Chemicals
C05888,DNV GL,NO,Certification
C05889,Kongsberg Defence & Aerospace,NO,Defence
C05890,ABB Norway,NO,Technology
C05891,Vestas Offshore,DK,Offshore Wind
C05892,Kongsberg Defence & Aerospace,NO,Defence
C05893,ABB Norway,NO,Technology
C05894,Polish State,PL,Government
C05895,Yara International,NO,Chemicals
C05896,ABB Norway,NO,Technology
C05897,Kongsberg Defence & Aerospace,NO,Defence
C05898,Norsk Hydro,NO,Metals
C05899,Kongsberg Defence & Aerospace,NO,Defence
C05900,Statkraft AS,NO,Energy
C05901,Aker Solutions,NO,Engineering
C05902,ABB Norway,NO,Technology
C05903,Siemens Energy,DE,Energy
C05904,Statkraft AS,NO,Energy
C05905,Kongsberg Defence & Aerospace,NO,Defence
C05906,ABB Norway,NO,Technology
C05907,Aker Solutions,NO,Engineering
C05908,Polish State,PL,Government
C05909,Aker Solutions,NO,Engineering
C05910,DNV GL,NO,Certification
C05911,Statkraft AS,NO,Energy
C05912,Siemens Energy,DE,Energy
C05913,Norsk Hydro,NO,Metals
C05914,Yara International,NO,Chemicals
C05915,DNV GL,NO,Certification
C05916,Statkraft AS,NO,Energy
C05917,Vestas Offshore,DK,Offshore Wind
C05918,Polish State,PL,Government
C05919,DNV GL,NO,Certification
C05920,Norsk Hydro,NO,Metals
C05921,DNV GL,NO,Certification
C05922,Kongsberg Defence & Aerospace,NO,Defence
C05923,Kongsberg Defence & Aerospace,NO,Defence
C05924,Polish State,PL,Government
C05925,DNV GL,NO,Certification
C05926,ABB Norway,NO,Technology
C05927,Siemens Energy,DE,Energy
C05928,Norsk Hydro,NO,Metals
C05929,Aker Solutions,NO,Engineering
C05930,Vestas Offshore,DK,Offshore Wind
C05931,Kongsberg Defence & Aerospace,NO,Defence
C05932,Siemens Energy,DE,Energy
C05933,Siemens Energy,DE,Energy
C05934,Siemens Energy,DE,Energy
C05935,ABB Norway,NO,Technology
C05936,Polish State,PL,Government
C05937,DNV GL,NO,Certification
C05938,ABB Norway,NO,Technology
C05939,Kongsberg Defence & Aerospace,NO,Defence
C05940,ABB Norway,NO,Technology
C05941,Aker Solutions,NO,Engineering
C05942,Kongsberg Defence & Aerospace,NO,Defence
C05943,DNV GL,NO,Certification
C05944,ABB Norway,NO,Technology
C05945,Polish State,PL,Government
C05946,Vestas Offshore,DK,Offshore Wind
C05947,Siemens Energy,DE,Energy
C05948,Aker Solutions,NO,Engineering
C05949,Vestas Offshore,DK,Offshore Wind
C05950,Statkraft AS,NO,Energy
C05951,Aker Solutions,NO,Engineering
C05952,DNV GL,NO,Certification
C05953,Yara International,NO,Chemicals
C05954,Polish State,PL,Government
C05955,Aker Solutions,NO,Engineering
C05956,Polish State,PL,Government
C05957,Yara International,NO,Chemicals
C05958,Vestas Offshore,DK,Offshore Wind
C05959,Aker Solutions,NO,Engineering
C05960,ABB Norway,NO,Technology
C05961,Yara International,NO,Chemicals
C05962,Siemens Energy,DE,Energy
C05963,Norsk Hydro,NO,Metals
C05964,DNV GL,NO,Certification
C05965,Vestas Offshore,DK,Offshore Wind
C05966,Polish State,PL,Government
C05967,Vestas Offshore,DK,Offshore Wind
C05968,Yara International,NO,Chemicals
C05969,DNV GL,NO,Certification
C05970,Polish State,PL,Government
C05971,Vestas Offshore,DK,Offshore Wind
C05972,ABB Norway,NO,Technology
C05973,DNV GL,NO,Certification
C05974,Vestas Offshore,DK,Offshore Wind
C05975,Aker Solutions,NO,Engineering
C05976,Vestas Offshore,DK,Offshore Wind
C05977,Yara International,NO,Chemicals
C05978,Vestas Offshore,DK,Offshore Wind
C05979,Siemens Energy,DE,Energy
C05980,Statkraft AS,NO,Energy
C05981,DNV GL,NO,Certification
C05982,DNV GL,NO,Certification
C05983,Statkraft AS,NO,Energy
C05984,Vestas Offshore,DK,Offshore Wind
C05985,Siemens Energy,DE,Energy
C05986,Vestas Offshore,DK,Offshore Wind
C05987,Kongsberg Defence & Aerospace,NO,Defence
C05988,Siemens Energy,DE,Energy
C05989,Aker Solutions,NO,Engineering
C05990,Aker Solutions,NO,Engineering
C05991,ABB Norway,NO,Technology
C05992,Norsk Hydro,NO,Metals
C05993,ABB Norway,NO,Technology
C05994,Vestas Offshore,DK,Offshore Wind
C05995,Polish State,PL,Government
C05996,Statkraft AS,NO,Energy
C05997,Vestas Offshore,DK,Offshore Wind
C05998,Vestas Offshore,DK,Offshore Wind
C05999,Kongsberg Defence & Aerospace,NO,Defence
C06000,Yara International,NO,Chemicals
C06001,Yara International,NO,Chemicals
C06002,ABB Norway,NO,Technology
C06003,Yara International,NO,Chemicals
C06004,Yara International,NO,Chemicals
C06005,Yara International,NO,Chemicals
C06006,Polish State,PL,Government
C06007,Yara International,NO,Chemicals
C06008,Polish State,PL,Government
C06009,Polish State,PL,Government
C06010,Kongsberg Defence & Aerospace,NO,Defence
C06011,Siemens Energy,DE,Energy
C06012,Statkraft AS,NO,Energy
C06013,Norsk Hydro,NO,Metals
C06014,Vestas Offshore,DK,Offshore Wind
C06015,DNV GL,NO,Certification
C06016,Yara International,NO,Chemicals
C06017,Norsk Hydro,NO,Metals
C06018,Siemens Energy,DE,Energy
C06019,Vestas Offshore,DK,Offshore Wind
C06020,Aker Solutions,NO,Engineering
C06021,Norsk Hydro,NO,Metals
C06022,Norsk Hydro,NO,Metals
C06023,Vestas Offshore,DK,Offshore Wind
C06024,Vestas Offshore,DK,Offshore Wind
C06025,Polish State,PL,Government
C06026,Polish State,PL,Government
C06027,Kongsberg Defence & Aerospace,NO,Defence
C06028,Aker Solutions,NO,Engineering
C06029,Kongsberg Defence & Aerospace,NO,Defence
C06030,ABB Norway,NO,Technology
C06031,Aker Solutions,NO,Engineering
C06032,Polish State,PL,Government
C06033,Polish State,PL,Government
C06034,Polish State,PL,Government
C06035,Statkraft AS,NO,Energy
C06036,Vestas Offshore,DK,Offshore Wind
C06037,Norsk Hydro,NO,Metals
C06038,Yara International,NO,Chemicals
C06039,Norsk Hydro,NO,Metals
C06040,Siemens Energy,DE,Energy
C06041,Norsk Hydro,NO,Metals
C06042,Polish State,PL,Government
C06043,Aker Solutions,NO,Engineering
C06044,Aker Solutions,NO,Engineering
C06045,Kongsberg Defence & Aerospace,NO,Defence
C06046,Yara International,NO,Chemicals
C06047,Aker Solutions,NO,Engineering
C06048,Siemens Energy,DE,Energy
C06049,Aker Solutions,NO,Engineering
C06050,Yara International,NO,Chemicals
C06051,Yara International,NO,Chemicals
C06052,Yara International,NO,Chemicals
C06053,DNV GL,NO,Certification
C06054,DNV GL,NO,Certification
C06055,Kongsberg Defence & Aerospace,NO,Defence
C06056,DNV GL,NO,Certification
C06057,Statkraft AS,NO,Energy
C06058,Norsk Hydro,NO,Metals
C06059,Norsk Hydro,NO,Metals
C06060,Kongsberg Defence & Aerospace,NO,Defence
C06061,Polish State,PL,Government
C06062,DNV GL,NO,Certification
C06063,DNV GL,NO,Certification
C06064,Aker Solutions,NO,Engineering
C06065,Kongsberg Defence & Aerospace,NO,Defence
C06066,DNV GL,NO,Certification
C06067,Aker Solutions,NO,Engineering
C06068,DNV GL,NO,Certification
C06069,Kongsberg Defence & Aerospace,NO,Defence
C06070,Polish State,PL,Government
C06071,ABB Norway,NO,Technology
C06072,Norsk Hydro,NO,Metals
C06073,Aker Solutions,NO,Engineering
C06074,ABB Norway,NO,Technology
C06075,ABB Norway,NO,Technology
C06076,Norsk Hydro,NO,Metals
C06077,Vestas Offshore,DK,Offshore Wind
C06078,Aker Solutions,NO,Engineering
C06079,ABB Norway,NO,Technology
C06080,Yara International,NO,Chemicals
C06081,Kongsberg Defence & Aerospace,NO,Defence
C06082,DNV GL,NO,Certification
C06083,Vestas Offshore,DK,Offshore Wind
C06084,Norsk Hydro,NO,Metals
C06085,Norsk Hydro,NO,Metals
C06086,Statkraft AS,NO,Energy
C06087,DNV GL,NO,Certification
C06088,Statkraft AS,NO,Energy
C06089,Vestas Offshore,DK,Offshore Wind
C06090,Yara International,NO,Chemicals
C06091,DNV GL,NO,Certification
C06092,Vestas Offshore,DK,Offshore Wind
C06093,Aker Solutions,NO,Engineering
C06094,Aker Solutions,NO,Engineering
C06095,Siemens Energy,DE,Energy
C06096,Norsk Hydro,NO,Metals
C06097,Kongsberg Defence & Aerospace,NO,Defence
C06098,Vestas Offshore,DK,Offshore Wind
C06099,Norsk Hydro,NO,Metals
C06100,Yara International,NO,Chemicals
C06101,Polish State,PL,Government
C06102,Norsk Hydro,NO,Metals
C06103,Statkraft AS,NO,Energy
C06104,ABB Norway,NO,Technology
C06105,Siemens Energy,DE,Energy
C06106,Vestas Offshore,DK,Offshore Wind
C06107,Statkraft AS,NO,Energy
C06108,Statkraft AS,NO,Energy
C06109,Statkraft AS,NO,Energy
C06110,Norsk Hydro,NO,Metals
C06111,Siemens Energy,DE,Energy
C06112,Statkraft AS,NO,Energy
C06113,DNV GL,NO,Certification
C06114,Aker Solutions,NO,Engineering
C06115,DNV GL,NO,Certification
C06116,Yara International,NO,Chemicals
C06117,Vestas Offshore,DK,Offshore Wind
C06118,Aker Solutions,NO,Engineering
C06119,DNV GL,NO,Certification
C06120,Aker Solutions,NO,Engineering
C06121,Kongsberg Defence & Aerospace,NO,Defence
C06122,Vestas Offshore,DK,Offshore Wind
C06123,Siemens Energy,DE,Energy
C06124,Yara International,NO,Chemicals
C06125,Vestas Offshore,DK,Offshore Wind
C06126,Vestas Offshore,DK,Offshore Wind
C06127,Vestas Offshore,DK,Offshore Wind
C06128,Vestas Offshore,DK,Offshore Wind
C06129,Kongsberg Defence & Aerospace,NO,Defence
C06130,Aker Solutions,NO,Engineering
C06131,ABB Norway,NO,Technology
C06132,ABB Norway,NO,Technology
C06133,Norsk Hydro,NO,Metals
C06134,ABB Norway,NO,Technology
C06135,Vestas Offshore,DK,Offshore Wind
C06136,Statkraft AS,NO,Energy
C06137,Vestas Offshore,DK,Offshore Wind
C06138,Polish State,PL,Government
C06139,Kongsberg Defence & Aerospace,NO,Defence
C06140,Yara International,NO,Chemicals
C06141,ABB Norway,NO,Technology
C06142,Kongsberg Defence & Aerospace,NO,Defence
C06143,Norsk Hydro,NO,Metals
C06144,Norsk Hydro,NO,Metals
C06145,Norsk Hydro,NO,Metals
C06146,DNV GL,NO,Certification
C06147,Kongsberg Defence & Aerospace,NO,Defence
C06148,Yara International,NO,Chemicals
C06149,Norsk Hydro,NO,Metals
C06150,Polish State,PL,Government
C06151,Polish State,PL,Government
C06152,Yara International,NO,Chemicals
C06153,Norsk Hydro,NO,Metals
C06154,Norsk Hydro,NO,Metals
C06155,Aker Solutions,NO,Engineering
C06156,Norsk Hydro,NO,Metals
C06157,Statkraft AS,NO,Energy
C06158,Yara International,NO,Chemicals
C06159,Yara International,NO,Chemicals
C06160,Kongsberg Defence & Aerospace,NO,Defence
C06161,Polish State,PL,Government
C06162,DNV GL,NO,Certification
C06163,ABB Norway,NO,Technology
C06164,Yara International,NO,Chemicals
C06165,DNV GL,NO,Certification
C06166,Polish State,PL,Government
C06167,Kongsberg Defence & Aerospace,NO,Defence
C06168,Vestas Offshore,DK,Offshore Wind
C06169,Vestas Offshore,DK,Offshore Wind
C06170,Kongsberg Defence & Aerospace,NO,Defence
C06171,Siemens Energy,DE,Energy
C06172,Kongsberg Defence & Aerospace,NO,Defence
C06173,Vestas Offshore,DK,Offshore Wind
C06174,Kongsberg Defence & Aerospace,NO,Defence
C06175,Yara International,NO,Chemicals
C06176,Yara International,NO,Chemicals
C06177,ABB Norway,NO,Technology
C06178,Siemens Energy,DE,Energy
C06179,Statkraft AS,NO,Energy
C06180,Kongsberg Defence & Aerospace,NO,Defence
C06181,Statkraft AS,NO,Energy
C06182,Aker Solutions,NO,Engineering
C06183,Vestas Offshore,DK,Offshore Wind
C06184,Vestas Offshore,DK,Offshore Wind
C06185,ABB Norway,NO,Technology
C06186,Yara International,NO,Chemicals
C06187,Yara International,NO,Chemicals
C06188,Yara International,NO,Chemicals
C06189,DNV GL,NO,Certification
C06190,Vestas Offshore,DK,Offshore Wind
C06191,Norsk Hydro,NO,Metals
C06192,Yara International,NO,Chemicals
C06193,Siemens Energy,DE,Energy
C06194,Kongsberg Defence & Aerospace,NO,Defence
C06195,Statkraft AS,NO,Energy
C06196,ABB Norway,NO,Technology
C06197,Siemens Energy,DE,Energy
C06198,Siemens Energy,DE,Energy
C06199,Aker Solutions,NO,Engineering
C06200,Statkraft AS,NO,Energy
C06201,Aker Solutions,NO,Engineering
C06202,DNV GL,NO,Certification
C06203,Statkraft AS,NO,Energy
C06204,ABB Norway,NO,Technology
C06205,Norsk Hydro,NO,Metals
C06206,Vestas Offshore,DK,Offshore Wind
C06207,Statkraft AS,NO,Energy
C06208,ABB Norway,NO,Technology
C06209,Siemens Energy,DE,Energy
C06210,DNV GL,NO,Certification
C06211,Aker Solutions,NO,Engineering
C06212,DNV GL,NO,Certification
C06213,Polish State,PL,Government
C06214,Polish State,PL,Government
C06215,Yara International,NO,Chemicals
C06216,Kongsberg Defence & Aerospace,NO,Defence
C06217,Statkraft AS,NO,Energy
C06218,Yara International,NO,Chemicals
C06219,DNV GL,NO,Certification
C06220,Statkraft AS,NO,Energy
C06221,Norsk Hydro,NO,Metals
C06222,Yara International,NO,Chemicals
C06223,ABB Norway,NO,Technology
C06224,Aker Solutions,NO,Engineering
C06225,Yara International,NO,Chemicals
C06226,Siemens Energy,DE,Energy
C06227,ABB Norway,NO,Technology
C06228,DNV GL,NO,Certification
C06229,Yara International,NO,Chemicals
C06230,Yara International,NO,Chemicals
C06231,Siemens Energy,DE,Energy
C06232,Vestas Offshore,DK,Offshore Wind
C06233,Yara International,NO,Chemicals
C06234,Yara International,NO,Chemicals
C06235,Norsk Hydro,NO,Metals
C06236,DNV GL,NO,Certification
C06237,Norsk Hydro,NO,Metals
C06238,Norsk Hydro,NO,Metals
C06239,Vestas Offshore,DK,Offshore Wind
C06240,Yara International,NO,Chemicals
C06241,Polish State,PL,Government
C06242,ABB Norway,NO,Technology
C06243,Polish State,PL,Government
C06244,Kongsberg Defence & Aerospace,NO,Defence
C06245,Statkraft AS,NO,Energy
C06246,Kongsberg Defence & Aerospace,NO,Defence
C06247,Norsk Hydro,NO,Metals
C06248,Statkraft AS,NO,Energy
C06249,Polish State,PL,Government
C06250,Yara International,NO,Chemicals
C06251,Aker Solutions,NO,Engineering
C06252,Aker Solutions,NO,Engineering
C06253,Kongsberg Defence & Aerospace,NO,Defence
C06254,Siemens Energy,DE,Energy
C06255,Siemens Energy,DE,Energy
C06256,DNV GL,NO,Certification
C06257,Polish State,PL,Government
C06258,Kongsberg Defence & Aerospace,NO,Defence
C06259,Polish State,PL,Government
C06260,ABB Norway,NO,Technology
C06261,ABB Norway,NO,Technology
C06262,Statkraft AS,NO,Energy
C06263,ABB Norway,NO,Technology
C06264,ABB Norway,NO,Technology
C06265,DNV GL,NO,Certification
C06266,DNV GL,NO,Certification
C06267,Siemens Energy,DE,Energy
C06268,Kongsberg Defence & Aerospace,NO,Defence
C06269,Statkraft AS,NO,Energy
C06270,Siemens Energy,DE,Energy
C06271,Siemens Energy,DE,Energy
C06272,Aker Solutions,NO,Engineering
C06273,Yara International,NO,Chemicals
C06274,Yara International,NO,Chemicals
C06275,Kongsberg Defence & Aerospace,NO,Defence
C06276,Vestas Offshore,DK,Offshore Wind
C06277,Polish State,PL,Government
C06278,Siemens Energy,DE,Energy
C06279,Siemens Energy,DE,Energy
C06280,Norsk Hydro,NO,Metals
C06281,Norsk Hydro,NO,Metals
C06282,Kongsberg Defence & Aerospace,NO,Defence
C06283,Vestas Offshore,DK,Offshore Wind
C06284,Norsk Hydro,NO,Metals
C06285,Vestas Offshore,DK,Offshore Wind
C06286,Norsk Hydro,NO,Metals
C06287,DNV GL,NO,Certification
C06288,Siemens Energy,DE,Energy
C06289,Norsk Hydro,NO,Metals
C06290,Aker Solutions,NO,Engineering
C06291,Kongsberg Defence & Aerospace,NO,Defence
C06292,DNV GL,NO,Certification
C06293,ABB Norway,NO,Technology
C06294,Yara International,NO,Chemicals
C06295,Siemens Energy,DE,Energy
C06296,DNV GL,NO,Certification
C06297,DNV GL,NO,Certification
C06298,Kongsberg Defence & Aerospace,NO,Defence
C06299,Polish State,PL,Government
C06300,Yara International,NO,Chemicals
C06301,Siemens Energy,DE,Energy
C06302,Siemens Energy,DE,Energy
C06303,Statkraft AS,NO,Energy
C06304,Vestas Offshore,DK,Offshore Wind
C06305,ABB Norway,NO,Technology
C06306,Kongsberg Defence & Aerospace,NO,Defence
C06307,Siemens Energy,DE,Energy
C06308,Aker Solutions,NO,Engineering
C06309,DNV GL,NO,Certification
C06310,Vestas Offshore,DK,Offshore Wind
C06311,Yara International,NO,Chemicals
C06312,Yara International,NO,Chemicals
C06313,Aker Solutions,NO,Engineering
C06314,Vestas Offshore,DK,Offshore Wind
C06315,Yara International,NO,Chemicals
C06316,Statkraft AS,NO,Energy
C06317,ABB Norway,NO,Technology
C06318,Siemens Energy,DE,Energy
C06319,Kongsberg Defence & Aerospace,NO,Defence
C06320,ABB Norway,NO,Technology
C06321,Aker Solutions,NO,Engineering
C06322,Statkraft AS,NO,Energy
C06323,Norsk Hydro,NO,Metals
C06324,Polish State,PL,Government
C06325,Siemens Energy,DE,Energy
C06326,Norsk Hydro,NO,Metals
C06327,ABB Norway,NO,Technology
C06328,Polish State,PL,Government
C06329,DNV GL,NO,Certification
C06330,ABB Norway,NO,Technology
C06331,Vestas Offshore,DK,Offshore Wind
C06332,Statkraft AS,NO,Energy
C06333,Siemens Energy,DE,Energy
C06334,Kongsberg Defence & Aerospace,NO,Defence
C06335,Polish State,PL,Government
C06336,Statkraft AS,NO,Energy
C06337,Norsk Hydro,NO,Metals
C06338,DNV GL,NO,Certification
C06339,Kongsberg Defence & Aerospace,NO,Defence
C06340,Norsk Hydro,NO,Metals
C06341,DNV GL,NO,Certification
C06342,Vestas Offshore,DK,Offshore Wind
C06343,Polish State,PL,Government
C06344,Siemens Energy,DE,Energy
C06345,Norsk Hydro,NO,Metals
C06346,DNV GL,NO,Certification
C06347,ABB Norway,NO,Technology
C06348,Siemens Energy,DE,Energy
C06349,Vestas Offshore,DK,Offshore Wind
C06350,Statkraft AS,NO,Energy
C06351,DNV GL,NO,Certification
C06352,Vestas Offshore,DK,Offshore Wind
C06353,Polish State,PL,Government
C06354,Kongsberg Defence & Aerospace,NO,Defence
C06355,Norsk Hydro,NO,Metals
C06356,Aker Solutions,NO,Engineering
C06357,DNV GL,NO,Certification
C06358,Statkraft AS,NO,Energy
C06359,Kongsberg Defence & Aerospace,NO,Defence
C06360,ABB Norway,NO,Technology
C06361,Kongsberg Defence & Aerospace,NO,Defence
C06362,Yara International,NO,Chemicals
C06363,Statkraft AS,NO,Energy
C06364,Siemens Energy,DE,Energy
C06365,Norsk Hydro,NO,Metals
C06366,Kongsberg Defence & Aerospace,NO,Defence
C06367,Statkraft AS,NO,Energy
C06368,DNV GL,NO,Certification
C06369,ABB Norway,NO,Technology
C06370,Kongsberg Defence & Aerospace,NO,Defence
C06371,Yara International,NO,Chemicals
C06372,ABB Norway,NO,Technology
C06373,Polish State,PL,Government
C06374,Siemens Energy,DE,Energy
C06375,Polish State,PL,Government
C06376,Polish State,PL,Government
C06377,ABB Norway,NO,Technology
C06378,ABB Norway,NO,Technology
C06379,DNV GL,NO,Certification
C06380,Siemens Energy,DE,Energy
C06381,Norsk Hydro,NO,Metals
C06382,Statkraft AS,NO,Energy
C06383,ABB Norway,NO,Technology
C06384,Vestas Offshore,DK,Offshore Wind
C06385,Vestas Offshore,DK,Offshore Wind
C06386,ABB Norway,NO,Technology
C06387,Statkraft AS,NO,Energy
C06388,Kongsberg Defence & Aerospace,NO,Defence
C06389,Yara International,NO,Chemicals
C06390,DNV GL,NO,Certification
C06391,DNV GL,NO,Certification
C06392,Statkraft AS,NO,Energy
C06393,Polish State,PL,Government
C06394,DNV GL,NO,Certification
C06395,Siemens Energy,DE,Energy
C06396,DNV GL,NO,Certification
C06397,Siemens Energy,DE,Energy
C06398,ABB Norway,NO,Technology
C06399,Vestas Offshore,DK,Offshore Wind
C06400,ABB Norway,NO,Technology
C06401,Yara International,NO,Chemicals
C06402,Polish State,PL,Government
C06403,Vestas Offshore,DK,Offshore Wind
C06404,Statkraft AS,NO,Energy
C06405,ABB Norway,NO,Technology
C06406,Yara International,NO,Chemicals
C06407,Siemens Energy,DE,Energy
C06408,DNV GL,NO,Certification
C06409,Norsk Hydro,NO,Metals
C06410,Kongsberg Defence & Aerospace,NO,Defence
C06411,Vestas Offshore,DK,Offshore Wind
C06412,Kongsberg Defence & Aerospace,NO,Defence
C06413,Norsk Hydro,NO,Metals
C06414,Kongsberg Defence & Aerospace,NO,Defence
C06415,Statkraft AS,NO,Energy
C06416,Aker Solutions,NO,Engineering
C06417,Kongsberg Defence & Aerospace,NO,Defence
C06418,Statkraft AS,NO,Energy
C06419,Aker Solutions,NO,Engineering
C06420,Aker Solutions,NO,Engineering
C06421,Vestas Offshore,DK,Offshore Wind
C06422,Yara International,NO,Chemicals
C06423,Yara International,NO,Chemicals
C06424,Norsk Hydro,NO,Metals
C06425,Yara International,NO,Chemicals
C06426,Siemens Energy,DE,Energy
C06427,ABB Norway,NO,Technology
C06428,Siemens Energy,DE,Energy
C06429,Polish State,PL,Government
C06430,DNV GL,NO,Certification
C06431,Statkraft AS,NO,Energy
C06432,Norsk Hydro,NO,Metals
C06433,Yara International,NO,Chemicals
C06434,Vestas Offshore,DK,Offshore Wind
C06435,Statkraft AS,NO,Energy
C06436,Norsk Hydro,NO,Metals
C06437,Statkraft AS,NO,Energy
C06438,Norsk Hydro,NO,Metals
C06439,ABB Norway,NO,Technology
C06440,Norsk Hydro,NO,Metals
C06441,Norsk Hydro,NO,Metals
C06442,Polish State,PL,Government
C06443,Polish State,PL,Government
C06444,Vestas Offshore,DK,Offshore Wind
C06445,Yara International,NO,Chemicals
C06446,ABB Norway,NO,Technology
C06447,Siemens Energy,DE,Energy
C06448,Aker Solutions,NO,Engineering
C06449,Vestas Offshore,DK,Offshore Wind
C06450,Siemens Energy,DE,Energy
C06451,Siemens Energy,DE,Energy
C06452,Norsk Hydro,NO,Metals
C06453,Norsk Hydro,NO,Metals
C06454,Kongsberg Defence & Aerospace,NO,Defence
C06455,Statkraft AS,NO,Energy
C06456,Norsk Hydro,NO,Metals
C06457,Statkraft AS,NO,Energy
C06458,Siemens Energy,DE,Energy
C06459,Norsk Hydro,NO,Metals
C06460,Norsk Hydro,NO,Metals
C06461,Vestas Offshore,DK,Offshore Wind
C06462,ABB Norway,NO,Technology
C06463,Siemens Energy,DE,Energy
C06464,Yara International,NO,Chemicals
C06465,Yara International,NO,Chemicals
C06466,Vestas Offshore,DK,Offshore Wind
C06467,DNV GL,NO,Certification
C06468,Statkraft AS,NO,Energy
C06469,Aker Solutions,NO,Engineering
C06470,Statkraft AS,NO,Energy
C06471,Siemens Energy,DE,Energy
C06472,DNV GL,NO,Certification
C06473,Statkraft AS,NO,Energy
C06474,ABB Norway,NO,Technology
C06475,DNV GL,NO,Certification
C06476,Norsk Hydro,NO,Metals
C06477,Aker Solutions,NO,Engineering
C06478,Yara International,NO,Chemicals
C06479,Aker Solutions,NO,Engineering
C06480,Polish State,PL,Government
C06481,Yara International,NO,Chemicals
C06482,Polish State,PL,Government
C06483,DNV GL,NO,Certification
C06484,Vestas Offshore,DK,Offshore Wind
C06485,Norsk Hydro,NO,Metals
C06486,Aker Solutions,NO,Engineering
C06487,Statkraft AS,NO,Energy
C06488,Siemens Energy,DE,Energy
C06489,Polish State,PL,Government
C06490,Yara International,NO,Chemicals
C06491,Aker Solutions,NO,Engineering
C06492,Aker Solutions,NO,Engineering
C06493,Yara International,NO,Chemicals
C06494,Siemens Energy,DE,Energy
C06495,DNV GL,NO,Certification
C06496,Polish State,PL,Government
C06497,Vestas Offshore,DK,Offshore Wind
C06498,Statkraft AS,NO,Energy
C06499,Yara International,NO,Chemicals
C06500,Norsk Hydro,NO,Metals
C06501,Statkraft AS,NO,Energy
C06502,Yara International,NO,Chemicals
C06503,Yara International,NO,Chemicals
C06504,Norsk Hydro,NO,Metals
C06505,Siemens Energy,DE,Energy
C06506,DNV GL,NO,Certification
C06507,Statkraft AS,NO,Energy
C06508,Norsk Hydro,NO,Metals
C06509,Vestas Offshore,DK,Offshore Wind
C06510,ABB Norway,NO,Technology
C06511,Aker Solutions,NO,Engineering
C06512,Statkraft AS,NO,Energy
C06513,Yara International,NO,Chemicals
C06514,Statkraft AS,NO,Energy
C06515,Yara International,NO,Chemicals
C06516,Aker Solutions,NO,Engineering
C06517,Siemens Energy,DE,Energy
C06518,Norsk Hydro,NO,Metals
C06519,Kongsberg Defence & Aerospace,NO,Defence
C06520,Statkraft AS,NO,Energy
C06521,Polish State,PL,Government
C06522,Vestas Offshore,DK,Offshore Wind
C06523,Yara International,NO,Chemicals
C06524,Kongsberg Defence & Aerospace,NO,Defence
C06525,Vestas Offshore,DK,Offshore Wind
C06526,Vestas Offshore,DK,Offshore Wind
C06527,Norsk Hydro,NO,Metals
C06528,DNV GL,NO,Certification
C06529,ABB Norway,NO,Technology
C06530,Aker Solutions,NO,Engineering
C06531,Yara International,NO,Chemicals
C06532,Yara International,NO,Chemicals
C06533,Norsk Hydro,NO,Metals
C06534,Polish State,PL,Government
C06535,Polish State,PL,Government
C06536,Siemens Energy,DE,Energy
C06537,ABB Norway,NO,Technology
C06538,Yara International,NO,Chemicals
C06539,ABB Norway,NO,Technology
C06540,Aker Solutions,NO,Engineering
C06541,Siemens Energy,DE,Energy
C06542,Statkraft AS,NO,Energy
C06543,Yara International,NO,Chemicals
C06544,Kongsberg Defence & Aerospace,NO,Defence
C06545,Yara International,NO,Chemicals
C06546,DNV GL,NO,Certification
C06547,Aker Solutions,NO,Engineering
C06548,Vestas Offshore,DK,Offshore Wind
C06549,ABB Norway,NO,Technology
C06550,Kongsberg Defence & Aerospace,NO,Defence
C06551,Siemens Energy,DE,Energy
C06552,DNV GL,NO,Certification
C06553,Kongsberg Defence & Aerospace,NO,Defence
C06554,Kongsberg Defence & Aerospace,NO,Defence
C06555,DNV GL,NO,Certification
C06556,Siemens Energy,DE,Energy
C06557,Statkraft AS,NO,Energy
C06558,ABB Norway,NO,Technology
C06559,Kongsberg Defence & Aerospace,NO,Defence
C06560,Polish State,PL,Government
C06561,Aker Solutions,NO,Engineering
C06562,Yara International,NO,Chemicals
C06563,Aker Solutions,NO,Engineering
C06564,Siemens Energy,DE,Energy
C06565,Aker Solutions,NO,Engineering
C06566,Aker Solutions,NO,Engineering
C06567,Aker Solutions,NO,Engineering
C06568,Aker Solutions,NO,Engineering
C06569,DNV GL,NO,Certification
C06570,Polish State,PL,Government
C06571,Vestas Offshore,DK,Offshore Wind
C06572,Norsk Hydro,NO,Metals
C06573,Vestas Offshore,DK,Offshore Wind
C06574,Polish State,PL,Government
C06575,DNV GL,NO,Certification
C06576,Aker Solutions,NO,Engineering
C06577,Siemens Energy,DE,Energy
C06578,Aker Solutions,NO,Engineering
C06579,Vestas Offshore,DK,Offshore Wind
C06580,ABB Norway,NO,Technology
C06581,Vestas Offshore,DK,Offshore Wind
C06582,Vestas Offshore,DK,Offshore Wind
C06583,Kongsberg Defence & Aerospace,NO,Defence
C06584,Statkraft AS,NO,Energy
C06585,Kongsberg Defence & Aerospace,NO,Defence
C06586,Vestas Offshore,DK,Offshore Wind
C06587,Norsk Hydro,NO,Metals
C06588,Aker Solutions,NO,Engineering
C06589,Vestas Offshore,DK,Offshore Wind
C06590,Statkraft AS,NO,Energy
C06591,Vestas Offshore,DK,Offshore Wind
C06592,Aker Solutions,NO,Engineering
C06593,Norsk Hydro,NO,Metals
C06594,Yara International,NO,Chemicals
C06595,Aker Solutions,NO,Engineering
C06596,Yara International,NO,Chemicals
C06597,Vestas Offshore,DK,Offshore Wind
C06598,Norsk Hydro,NO,Metals
C06599,DNV GL,NO,Certification
C06600,Aker Solutions,NO,Engineering
C06601,DNV GL,NO,Certification
C06602,Norsk Hydro,NO,Metals
C06603,Aker Solutions,NO,Engineering
C06604,Siemens Energy,DE,Energy
C06605,Polish State,PL,Government
C06606,Vestas Offshore,DK,Offshore Wind
C06607,Aker Solutions,NO,Engineering
C06608,Yara International,NO,Chemicals
C06609,Kongsberg Defence & Aerospace,NO,Defence
C06610,Yara International,NO,Chemicals
C06611,Norsk Hydro,NO,Metals
C06612,Polish State,PL,Government
C06613,DNV GL,NO,Certification
C06614,ABB Norway,NO,Technology
C06615,Aker Solutions,NO,Engineering
C06616,DNV GL,NO,Certification
C06617,Yara International,NO,Chemicals
C06618,Siemens Energy,DE,Energy
C06619,Kongsberg Defence & Aerospace,NO,Defence
C06620,Kongsberg Defence & Aerospace,NO,Defence
C06621,Yara International,NO,Chemicals
C06622,Norsk Hydro,NO,Metals
C06623,Siemens Energy,DE,Energy
C06624,Statkraft AS,NO,Energy
C06625,Yara International,NO,Chemicals
C06626,Norsk Hydro,NO,Metals
C06627,Statkraft AS,NO,Energy
C06628,Vestas Offshore,DK,Offshore Wind
C06629,DNV GL,NO,Certification
C06630,ABB Norway,NO,Technology
C06631,Norsk Hydro,NO,Metals
C06632,DNV GL,NO,Certification
C06633,Statkraft AS,NO,Energy
C06634,DNV GL,NO,Certification
C06635,Yara International,NO,Chemicals
C06636,Statkraft AS,NO,Energy
C06637,Polish State,PL,Government
C06638,Norsk Hydro,NO,Metals
C06639,Statkraft AS,NO,Energy
C06640,DNV GL,NO,Certification
C06641,Yara International,NO,Chemicals
C06642,ABB Norway,NO,Technology
C06643,Yara International,NO,Chemicals
C06644,Kongsberg Defence & Aerospace,NO,Defence
C06645,Siemens Energy,DE,Energy
C06646,DNV GL,NO,Certification
C06647,Kongsberg Defence & Aerospace,NO,Defence
C06648,Norsk Hydro,NO,Metals
C06649,Norsk Hydro,NO,Metals
C06650,DNV GL,NO,Certification
C06651,Norsk Hydro,NO,Metals
C06652,Yara International,NO,Chemicals
C06653,Siemens Energy,DE,Energy
C06654,Aker Solutions,NO,Engineering
C06655,Siemens Energy,DE,Energy
C06656,ABB Norway,NO,Technology
C06657,ABB Norway,NO,Technology
C06658,Vestas Offshore,DK,Offshore Wind
C06659,Kongsberg Defence & Aerospace,NO,Defence
C06660,Yara International,NO,Chemicals
C06661,ABB Norway,NO,Technology
C06662,Yara International,NO,Chemicals
C06663,ABB Norway,NO,Technology
C06664,Kongsberg Defence & Aerospace,NO,Defence
C06665,Norsk Hydro,NO,Metals
C06666,Yara International,NO,Chemicals
C06667,Vestas Offshore,DK,Offshore Wind
C06668,Yara International,NO,Chemicals
C06669,Kongsberg Defence & Aerospace,NO,Defence
C06670,ABB Norway,NO,Technology
C06671,Yara International,NO,Chemicals
C06672,Kongsberg Defence & Aerospace,NO,Defence
C06673,ABB Norway,NO,Technology
C06674,Norsk Hydro,NO,Metals
C06675,Statkraft AS,NO,Energy
C06676,Vestas Offshore,DK,Offshore Wind
C06677,DNV GL,NO,Certification
C06678,Statkraft AS,NO,Energy
C06679,ABB Norway,NO,Technology
C06680,ABB Norway,NO,Technology
C06681,Vestas Offshore,DK,Offshore Wind
C06682,Yara International,NO,Chemicals
C06683,ABB Norway,NO,Technology
C06684,ABB Norway,NO,Technology
C06685,ABB Norway,NO,Technology
C06686,Kongsberg Defence & Aerospace,NO,Defence
C06687,Statkraft AS,NO,Energy
C06688,Yara International,NO,Chemicals
C06689,Vestas Offshore,DK,Offshore Wind
C06690,Yara International,NO,Chemicals
C06691,Vestas Offshore,DK,Offshore Wind
C06692,Norsk Hydro,NO,Metals
C06693,Siemens Energy,DE,Energy
C06694,Vestas Offshore,DK,Offshore Wind
C06695,ABB Norway,NO,Technology
C06696,Polish State,PL,Government
C06697,Norsk Hydro,NO,Metals
C06698,Vestas Offshore,DK,Offshore Wind
C06699,DNV GL,NO,Certification
C06700,Kongsberg Defence & Aerospace,NO,Defence
C06701,Siemens Energy,DE,Energy
C06702,Statkraft AS,NO,Energy
C06703,Vestas Offshore,DK,Offshore Wind
C06704,Yara International,NO,Chemicals
C06705,Vestas Offshore,DK,Offshore Wind
C06706,Norsk Hydro,NO,Metals
C06707,Aker Solutions,NO,Engineering
C06708,Aker Solutions,NO,Engineering
C06709,Polish State,PL,Government
C06710,Norsk Hydro,NO,Metals
C06711,Vestas Offshore,DK,Offshore Wind
C06712,Polish State,PL,Government
C06713,Yara International,NO,Chemicals
C06714,Siemens Energy,DE,Energy
C06715,Kongsberg Defence & Aerospace,NO,Defence
C06716,ABB Norway,NO,Technology
C06717,Statkraft AS,NO,Energy
C06718,Kongsberg Defence & Aerospace,NO,Defence
C06719,Vestas Offshore,DK,Offshore Wind
C06720,Norsk Hydro,NO,Metals
C06721,Aker Solutions,NO,Engineering
C06722,Norsk Hydro,NO,Metals
C06723,ABB Norway,NO,Technology
C06724,Norsk Hydro,NO,Metals
C06725,DNV GL,NO,Certification
C06726,Polish State,PL,Government
C06727,Aker Solutions,NO,Engineering
C06728,Aker Solutions,NO,Engineering
C06729,Norsk Hydro,NO,Metals
C06730,ABB Norway,NO,Technology
C06731,Vestas Offshore,DK,Offshore Wind
C06732,DNV GL,NO,Certification
C06733,Aker Solutions,NO,Engineering
C06734,Kongsberg Defence & Aerospace,NO,Defence
C06735,ABB Norway,NO,Technology
C06736,Norsk Hydro,NO,Metals
C06737,Aker Solutions,NO,Engineering
C06738,Siemens Energy,DE,Energy
C06739,DNV GL,NO,Certification
C06740,Kongsberg Defence & Aerospace,NO,Defence
C06741,Statkraft AS,NO,Energy
C06742,DNV GL,NO,Certification
C06743,Siemens Energy,DE,Energy
C06744,Aker Solutions,NO,Engineering
C06745,Yara International,NO,Chemicals
C06746,ABB Norway,NO,Technology
C06747,Siemens Energy,DE,Energy
C06748,ABB Norway,NO,Technology
C06749,ABB Norway,NO,Technology
C06750,Statkraft AS,NO,Energy
C06751,ABB Norway,NO,Technology
C06752,Yara International,NO,Chemicals
C06753,Aker Solutions,NO,Engineering
C06754,Norsk Hydro,NO,Metals
C06755,Polish State,PL,Government
C06756,Yara International,NO,Chemicals
C06757,Polish State,PL,Government
C06758,DNV GL,NO,Certification
C06759,Siemens Energy,DE,Energy
C06760,Vestas Offshore,DK,Offshore Wind
C06761,Siemens Energy,DE,Energy
C06762,DNV GL,NO,Certification
C06763,Kongsberg Defence & Aerospace,NO,Defence
C06764,Kongsberg Defence & Aerospace,NO,Defence
C06765,Statkraft AS,NO,Energy
C06766,Kongsberg Defence & Aerospace,NO,Defence
C06767,Aker Solutions,NO,Engineering
C06768,Statkraft AS,NO,Energy
C06769,DNV GL,NO,Certification
C06770,Statkraft AS,NO,Energy
C06771,Norsk Hydro,NO,Metals
C06772,Siemens Energy,DE,Energy
C06773,Polish State,PL,Government
C06774,ABB Norway,NO,Technology
C06775,ABB Norway,NO,Technology
C06776,Polish State,PL,Government
C06777,Kongsberg Defence & Aerospace,NO,Defence
C06778,Kongsberg Defence & Aerospace,NO,Defence
C06779,Yara International,NO,Chemicals
C06780,Statkraft AS,NO,Energy
C06781,Kongsberg Defence & Aerospace,NO,Defence
C06782,Yara International,NO,Chemicals
C06783,Polish State,PL,Government
C06784,Yara International,NO,Chemicals
C06785,Statkraft AS,NO,Energy
C06786,Statkraft AS,NO,Energy
C06787,Statkraft AS,NO,Energy
C06788,Yara International,NO,Chemicals
C06789,Vestas Offshore,DK,Offshore Wind
C06790,Aker Solutions,NO,Engineering
C06791,Yara International,NO,Chemicals
C06792,Vestas Offshore,DK,Offshore Wind
C06793,Statkraft AS,NO,Energy
C06794,Vestas Offshore,DK,Offshore Wind
C06795,ABB Norway,NO,Technology
C06796,ABB Norway,NO,Technology
C06797,Norsk Hydro,NO,Metals
C06798,Statkraft AS,NO,Energy
C06799,Norsk Hydro,NO,Metals
C06800,ABB Norway,NO,Technology
C06801,Aker Solutions,NO,Engineering
C06802,Siemens Energy,DE,Energy
C06803,ABB Norway,NO,Technology
C06804,Vestas Offshore,DK,Offshore Wind
C06805,Statkraft AS,NO,Energy
C06806,ABB Norway,NO,Technology
C06807,Kongsberg Defence & Aerospace,NO,Defence
C06808,Aker Solutions,NO,Engineering
C06809,Aker Solutions,NO,Engineering
C06810,Siemens Energy,DE,Energy
C06811,Kongsberg Defence & Aerospace,NO,Defence
C06812,ABB Norway,NO,Technology
C06813,ABB Norway,NO,Technology
C06814,Vestas Offshore,DK,Offshore Wind
C06815,Norsk Hydro,NO,Metals
C06816,Statkraft AS,NO,Energy
C06817,Norsk Hydro,NO,Metals
C06818,Polish State,PL,Government
C06819,Yara International,NO,Chemicals
C06820,Aker Solutions,NO,Engineering
C06821,Vestas Offshore,DK,Offshore Wind
C06822,Norsk Hydro,NO,Metals
C06823,Statkraft AS,NO,Energy
C06824,Vestas Offshore,DK,Offshore Wind
C06825,DNV GL,NO,Certification
C06826,Aker Solutions,NO,Engineering
C06827,Polish State,PL,Government
C06828,Yara International,NO,Chemicals
C06829,Statkraft AS,NO,Energy
C06830,Norsk Hydro,NO,Metals
C06831,ABB Norway,NO,Technology
C06832,Statkraft AS,NO,Energy
C06833,Kongsberg Defence & Aerospace,NO,Defence
C06834,Statkraft AS,NO,Energy
C06835,Statkraft AS,NO,Energy
C06836,Yara International,NO,Chemicals
C06837,ABB Norway,NO,Technology
C06838,Norsk Hydro,NO,Metals
C06839,Kongsberg Defence & Aerospace,NO,Defence
C06840,Norsk Hydro,NO,Metals
C06841,Vestas Offshore,DK,Offshore Wind
C06842,Kongsberg Defence & Aerospace,NO,Defence
C06843,Kongsberg Defence & Aerospace,NO,Defence
C06844,Aker Solutions,NO,Engineering
C06845,ABB Norway,NO,Technology
C06846,Vestas Offshore,DK,Offshore Wind
C06847,Siemens Energy,DE,Energy
C06848,Aker Solutions,NO,Engineering
C06849,Yara International,NO,Chemicals
C06850,Kongsberg Defence & Aerospace,NO,Defence
C06851,DNV GL,NO,Certification
C06852,Norsk Hydro,NO,Metals
C06853,Norsk Hydro,NO,Metals
C06854,Aker Solutions,NO,Engineering
C06855,Aker Solutions,NO,Engineering
C06856,Statkraft AS,NO,Energy
C06857,DNV GL,NO,Certification
C06858,Polish State,PL,Government
C06859,Kongsberg Defence & Aerospace,NO,Defence
C06860,Aker Solutions,NO,Engineering
C06861,Norsk Hydro,NO,Metals
C06862,Statkraft AS,NO,Energy
C06863,Yara International,NO,Chemicals
C06864,DNV GL,NO,Certification
C06865,Siemens Energy,DE,Energy
C06866,Siemens Energy,DE,Energy
C06867,ABB Norway,NO,Technology
C06868,Aker Solutions,NO,Engineering
C06869,Kongsberg Defence & Aerospace,NO,Defence
C06870,Statkraft AS,NO,Energy
C06871,Siemens Energy,DE,Energy
C06872,DNV GL,NO,Certification
C06873,Siemens Energy,DE,Energy
C06874,Statkraft AS,NO,Energy
C06875,Norsk Hydro,NO,Metals
C06876,ABB Norway,NO,Technology
C06877,Polish State,PL,Government
C06878,Vestas Offshore,DK,Offshore Wind
C06879,DNV GL,NO,Certification
C06880,Kongsberg Defence & Aerospace,NO,Defence
C06881,Aker Solutions,NO,Engineering
C06882,Polish State,PL,Government
C06883,ABB Norway,NO,Technology
C06884,Aker Solutions,NO,Engineering
C06885,Statkraft AS,NO,Energy
C06886,Siemens Energy,DE,Energy
C06887,Norsk Hydro,NO,Metals
C06888,Statkraft AS,NO,Energy
C06889,Norsk Hydro,NO,Metals
C06890,Polish State,PL,Government
C06891,Vestas Offshore,DK,Offshore Wind
C06892,Kongsberg Defence & Aerospace,NO,Defence
C06893,Polish State,PL,Government
C06894,Kongsberg Defence & Aerospace,NO,Defence
C06895,Yara International,NO,Chemicals
C06896,Polish State,PL,Government
C06897,Norsk Hydro,NO,Metals
C06898,Aker Solutions,NO,Engineering
C06899,Statkraft AS,NO,Energy
C06900,DNV GL,NO,Certification
C06901,ABB Norway,NO,Technology
C06902,Norsk Hydro,NO,Metals
C06903,DNV GL,NO,Certification
C06904,Norsk Hydro,NO,Metals
C06905,Kongsberg Defence & Aerospace,NO,Defence
C06906,Kongsberg Defence & Aerospace,NO,Defence
C06907,Siemens Energy,DE,Energy
C06908,Kongsberg Defence & Aerospace,NO,Defence
C06909,Siemens Energy,DE,Energy
C06910,Kongsberg Defence & Aerospace,NO,Defence
C06911,Aker Solutions,NO,Engineering
C06912,Statkraft AS,NO,Energy
C06913,Polish State,PL,Government
C06914,DNV GL,NO,Certification
C06915,Norsk Hydro,NO,Metals
C06916,DNV GL,NO,Certification
C06917,Vestas Offshore,DK,Offshore Wind
C06918,Yara International,NO,Chemicals
C06919,Polish State,PL,Government
C06920,Statkraft AS,NO,Energy
C06921,Kongsberg Defence & Aerospace,NO,Defence
C06922,Vestas Offshore,DK,Offshore Wind
C06923,Norsk Hydro,NO,Metals
C06924,Kongsberg Defence & Aerospace,NO,Defence
C06925,Norsk Hydro,NO,Metals
C06926,Yara International,NO,Chemicals
C06927,Kongsberg Defence & Aerospace,NO,Defence
C06928,Polish State,PL,Government
C06929,Vestas Offshore,DK,Offshore Wind
C06930,Kongsberg Defence & Aerospace,NO,Defence
C06931,Vestas Offshore,DK,Offshore Wind
C06932,Kongsberg Defence & Aerospace,NO,Defence
C06933,ABB Norway,NO,Technology
C06934,Statkraft AS,NO,Energy
C06935,Norsk Hydro,NO,Metals
C06936,Yara International,NO,Chemicals
C06937,Vestas Offshore,DK,Offshore Wind
C06938,Yara International,NO,Chemicals
C06939,Statkraft AS,NO,Energy
C06940,Statkraft AS,NO,Energy
C06941,Statkraft AS,NO,Energy
C06942,Norsk Hydro,NO,Metals
C06943,Yara International,NO,Chemicals
C06944,Yara International,NO,Chemicals
C06945,Polish State,PL,Government
C06946,Statkraft AS,NO,Energy
C06947,Polish State,PL,Government
C06948,Aker Solutions,NO,Engineering
C06949,Siemens Energy,DE,Energy
C06950,Aker Solutions,NO,Engineering
C06951,Siemens Energy,DE,Energy
C06952,Statkraft AS,NO,Energy
C06953,Yara International,NO,Chemicals
C06954,DNV GL,NO,Certification
C06955,Vestas Offshore,DK,Offshore Wind
C06956,Siemens Energy,DE,Energy
C06957,Polish State,PL,Government
C06958,Kongsberg Defence & Aerospace,NO,Defence
C06959,Yara International,NO,Chemicals
C06960,Vestas Offshore,DK,Offshore Wind
C06961,Siemens Energy,DE,Energy
C06962,Statkraft AS,NO,Energy
C06963,Statkraft AS,NO,Energy
C06964,ABB Norway,NO,Technology
C06965,Vestas Offshore,DK,Offshore Wind
C06966,Aker Solutions,NO,Engineering
C06967,Vestas Offshore,DK,Offshore Wind
C06968,Siemens Energy,DE,Energy
C06969,DNV GL,NO,Certification
C06970,Vestas Offshore,DK,Offshore Wind
C06971,Norsk Hydro,NO,Metals
C06972,Polish State,PL,Government
C06973,Yara International,NO,Chemicals
C06974,Kongsberg Defence & Aerospace,NO,Defence
C06975,Vestas Offshore,DK,Offshore Wind
C06976,Statkraft AS,NO,Energy
C06977,Yara International,NO,Chemicals
C06978,Aker Solutions,NO,Engineering
C06979,Vestas Offshore,DK,Offshore Wind
C06980,Kongsberg Defence & Aerospace,NO,Defence
C06981,Norsk Hydro,NO,Metals
C06982,Statkraft AS,NO,Energy
C06983,Kongsberg Defence & Aerospace,NO,Defence
C06984,Kongsberg Defence & Aerospace,NO,Defence
C06985,Vestas Offshore,DK,Offshore Wind
C06986,Statkraft AS,NO,Energy
C06987,Yara International,NO,Chemicals
C06988,ABB Norway,NO,Technology
C06989,Aker Solutions,NO,Engineering
C06990,Norsk Hydro,NO,Metals
C06991,Vestas Offshore,DK,Offshore Wind
C06992,Polish State,PL,Government
C06993,Vestas Offshore,DK,Offshore Wind
C06994,ABB Norway,NO,Technology
C06995,DNV GL,NO,Certification
C06996,Norsk Hydro,NO,Metals
C06997,Aker Solutions,NO,Engineering
C06998,Polish State,PL,Government
C06999,Vestas Offshore,DK,Offshore Wind
C07000,Yara International,NO,Chemicals
C07001,Kongsberg Defence & Aerospace,NO,Defence
C07002,Yara International,NO,Chemicals
C07003,Vestas Offshore,DK,Offshore Wind
C07004,Norsk Hydro,NO,Metals
C07005,Yara International,NO,Chemicals
C07006,Statkraft AS,NO,Energy
C07007,ABB Norway,NO,Technology
C07008,Siemens Energy,DE,Energy
C07009,Aker Solutions,NO,Engineering
C07010,Kongsberg Defence & Aerospace,NO,Defence
C07011,DNV GL,NO,Certification
C07012,Polish State,PL,Government
C07013,Polish State,PL,Government
C07014,Statkraft AS,NO,Energy
C07015,DNV GL,NO,Certification
C07016,Statkraft AS,NO,Energy
C07017,Yara International,NO,Chemicals
C07018,Siemens Energy,DE,Energy
C07019,DNV GL,NO,Certification
C07020,DNV GL,NO,Certification
C07021,Polish State,PL,Government
C07022,Norsk Hydro,NO,Metals
C07023,Polish State,PL,Government
C07024,ABB Norway,NO,Technology
C07025,Kongsberg Defence & Aerospace,NO,Defence
C07026,Polish State,PL,Government
C07027,Statkraft AS,NO,Energy
C07028,Vestas Offshore,DK,Offshore Wind
C07029,Norsk Hydro,NO,Metals
C07030,Norsk Hydro,NO,Metals
C07031,Vestas Offshore,DK,Offshore Wind
C07032,Vestas Offshore,DK,Offshore Wind
C07033,Kongsberg Defence & Aerospace,NO,Defence
C07034,Kongsberg Defence & Aerospace,NO,Defence
C07035,Siemens Energy,DE,Energy
C07036,ABB Norway,NO,Technology
C07037,Polish State,PL,Government
C07038,Aker Solutions,NO,Engineering
C07039,ABB Norway,NO,Technology
C07040,Siemens Energy,DE,Energy
C07041,Yara International,NO,Chemicals
C07042,Norsk Hydro,NO,Metals
C07043,Kongsberg Defence & Aerospace,NO,Defence
C07044,Statkraft AS,NO,Energy
C07045,Kongsberg Defence & Aerospace,NO,Defence
C07046,DNV GL,NO,Certification
C07047,Vestas Offshore,DK,Offshore Wind
C07048,Vestas Offshore,DK,Offshore Wind
C07049,Kongsberg Defence & Aerospace,NO,Defence
C07050,Norsk Hydro,NO,Metals
C07051,DNV GL,NO,Certification
C07052,Statkraft AS,NO,Energy
C07053,Statkraft AS,NO,Energy
C07054,Polish State,PL,Government
C07055,Norsk Hydro,NO,Metals
C07056,Yara International,NO,Chemicals
C07057,Yara International,NO,Chemicals
C07058,Siemens Energy,DE,Energy
C07059,Aker Solutions,NO,Engineering
C07060,Polish State,PL,Government
C07061,Siemens Energy,DE,Energy
C07062,Polish State,PL,Government
C07063,Statkraft AS,NO,Energy
C07064,Siemens Energy,DE,Energy
C07065,Polish State,PL,Government
C07066,Statkraft AS,NO,Energy
C07067,Polish State,PL,Government
C07068,Aker Solutions,NO,Engineering
C07069,Polish State,PL,Government
C07070,Aker Solutions,NO,Engineering
C07071,Polish State,PL,Government
C07072,Statkraft AS,NO,Energy
C07073,Norsk Hydro,NO,Metals
C07074,Yara International,NO,Chemicals
C07075,Norsk Hydro,NO,Metals
C07076,Kongsberg Defence & Aerospace,NO,Defence
C07077,Aker Solutions,NO,Engineering
C07078,Vestas Offshore,DK,Offshore Wind
C07079,Polish State,PL,Government
C07080,Yara International,NO,Chemicals
C07081,Norsk Hydro,NO,Metals
C07082,Vestas Offshore,DK,Offshore Wind
C07083,Aker Solutions,NO,Engineering
C07084,Siemens Energy,DE,Energy
C07085,Vestas Offshore,DK,Offshore Wind
C07086,Norsk Hydro,NO,Metals
C07087,Polish State,PL,Government
C07088,Siemens Energy,DE,Energy
C07089,ABB Norway,NO,Technology
C07090,Polish State,PL,Government
C07091,Siemens Energy,DE,Energy
C07092,Vestas Offshore,DK,Offshore Wind
C07093,Kongsberg Defence & Aerospace,NO,Defence
C07094,Yara International,NO,Chemicals
C07095,Kongsberg Defence & Aerospace,NO,Defence
C07096,ABB Norway,NO,Technology
C07097,Vestas Offshore,DK,Offshore Wind
C07098,Statkraft AS,NO,Energy
C07099,Norsk Hydro,NO,Metals
C07100,Norsk Hydro,NO,Metals
C07101,Aker Solutions,NO,Engineering
C07102,Vestas Offshore,DK,Offshore Wind
C07103,Siemens Energy,DE,Energy
C07104,Polish State,PL,Government
C07105,ABB Norway,NO,Technology
C07106,Yara International,NO,Chemicals
C07107,Vestas Offshore,DK,Offshore Wind
C07108,Yara International,NO,Chemicals
C07109,Vestas Offshore,DK,Offshore Wind
C07110,Yara International,NO,Chemicals
C07111,DNV GL,NO,Certification
C07112,Polish State,PL,Government
C07113,Statkraft AS,NO,Energy
C07114,Aker Solutions,NO,Engineering
C07115,DNV GL,NO,Certification
C07116,Norsk Hydro,NO,Metals
C07117,Polish State,PL,Government
C07118,Yara International,NO,Chemicals
C07119,Norsk Hydro,NO,Metals
C07120,Norsk Hydro,NO,Metals
C07121,ABB Norway,NO,Technology
C07122,Kongsberg Defence & Aerospace,NO,Defence
C07123,Aker Solutions,NO,Engineering
C07124,Polish State,PL,Government
C07125,Polish State,PL,Government
C07126,Siemens Energy,DE,Energy
C07127,Aker Solutions,NO,Engineering
C07128,Yara International,NO,Chemicals
C07129,Polish State,PL,Government
C07130,Yara International,NO,Chemicals
C07131,Vestas Offshore,DK,Offshore Wind
C07132,Yara International,NO,Chemicals
C07133,Kongsberg Defence & Aerospace,NO,Defence
C07134,Aker Solutions,NO,Engineering
C07135,Kongsberg Defence & Aerospace,NO,Defence
C07136,Kongsberg Defence & Aerospace,NO,Defence
C07137,Norsk Hydro,NO,Metals
C07138,DNV GL,NO,Certification
C07139,Kongsberg Defence & Aerospace,NO,Defence
C07140,Aker Solutions,NO,Engineering
C07141,DNV GL,NO,Certification
C07142,Aker Solutions,NO,Engineering
C07143,Norsk Hydro,NO,Metals
C07144,Statkraft AS,NO,Energy
C07145,Norsk Hydro,NO,Metals
C07146,Norsk Hydro,NO,Metals
C07147,Polish State,PL,Government
C07148,Statkraft AS,NO,Energy
C07149,DNV GL,NO,Certification
C07150,Kongsberg Defence & Aerospace,NO,Defence
C07151,Aker Solutions,NO,Engineering
C07152,Polish State,PL,Government
C07153,Vestas Offshore,DK,Offshore Wind
C07154,Siemens Energy,DE,Energy
C07155,ABB Norway,NO,Technology
C07156,Polish State,PL,Government
C07157,Statkraft AS,NO,Energy
C07158,Kongsberg Defence & Aerospace,NO,Defence
C07159,Norsk Hydro,NO,Metals
C07160,ABB Norway,NO,Technology
C07161,Vestas Offshore,DK,Offshore Wind
C07162,Norsk Hydro,NO,Metals
C07163,Yara International,NO,Chemicals
C07164,Yara International,NO,Chemicals
C07165,Kongsberg Defence & Aerospace,NO,Defence
C07166,Norsk Hydro,NO,Metals
C07167,Norsk Hydro,NO,Metals
C07168,Vestas Offshore,DK,Offshore Wind
C07169,Aker Solutions,NO,Engineering
C07170,Vestas Offshore,DK,Offshore Wind
C07171,Siemens Energy,DE,Energy
C07172,Norsk Hydro,NO,Metals
C07173,Kongsberg Defence & Aerospace,NO,Defence
C07174,Statkraft AS,NO,Energy
C07175,Aker Solutions,NO,Engineering
C07176,Siemens Energy,DE,Energy
C07177,DNV GL,NO,Certification
C07178,Kongsberg Defence & Aerospace,NO,Defence
C07179,ABB Norway,NO,Technology
C07180,Aker Solutions,NO,Engineering
C07181,ABB Norway,NO,Technology
C07182,Yara International,NO,Chemicals
C07183,DNV GL,NO,Certification
C07184,Yara International,NO,Chemicals
C07185,Polish State,PL,Government
C07186,Statkraft AS,NO,Energy
C07187,Yara International,NO,Chemicals
C07188,Siemens Energy,DE,Energy
C07189,Kongsberg Defence & Aerospace,NO,Defence
C07190,DNV GL,NO,Certification
C07191,Siemens Energy,DE,Energy
C07192,Kongsberg Defence & Aerospace,NO,Defence
C07193,Statkraft AS,NO,Energy
C07194,Aker Solutions,NO,Engineering
C07195,Siemens Energy,DE,Energy
C07196,Norsk Hydro,NO,Metals
C07197,Yara International,NO,Chemicals
C07198,Kongsberg Defence & Aerospace,NO,Defence
C07199,Siemens Energy,DE,Energy
C07200,Siemens Energy,DE,Energy
C07201,Vestas Offshore,DK,Offshore Wind
C07202,DNV GL,NO,Certification
C07203,Statkraft AS,NO,Energy
C07204,DNV GL,NO,Certification
C07205,Polish State,PL,Government
C07206,Vestas Offshore,DK,Offshore Wind
C07207,Siemens Energy,DE,Energy
C07208,Polish State,PL,Government
C07209,DNV GL,NO,Certification
C07210,Statkraft AS,NO,Energy
C07211,Norsk Hydro,NO,Metals
C07212,Yara International,NO,Chemicals
C07213,Polish State,PL,Government
C07214,Polish State,PL,Government
C07215,Siemens Energy,DE,Energy
C07216,Siemens Energy,DE,Energy
C07217,ABB Norway,NO,Technology
C07218,DNV GL,NO,Certification
C07219,Aker Solutions,NO,Engineering
C07220,ABB Norway,NO,Technology
C07221,Kongsberg Defence & Aerospace,NO,Defence
C07222,Statkraft AS,NO,Energy
C07223,Siemens Energy,DE,Energy
C07224,Siemens Energy,DE,Energy
C07225,Norsk Hydro,NO,Metals
C07226,Norsk Hydro,NO,Metals
C07227,DNV GL,NO,Certification
C07228,DNV GL,NO,Certification
C07229,Statkraft AS,NO,Energy
C07230,Norsk Hydro,NO,Metals
C07231,DNV GL,NO,Certification
C07232,DNV GL,NO,Certification
C07233,ABB Norway,NO,Technology
C07234,Norsk Hydro,NO,Metals
C07235,Yara International,NO,Chemicals
C07236,Siemens Energy,DE,Energy
C07237,Statkraft AS,NO,Energy
C07238,Polish State,PL,Government
C07239,Norsk Hydro,NO,Metals
C07240,Statkraft AS,NO,Energy
C07241,Statkraft AS,NO,Energy
C07242,Aker Solutions,NO,Engineering
C07243,Vestas Offshore,DK,Offshore Wind
C07244,ABB Norway,NO,Technology
C07245,Statkraft AS,NO,Energy
C07246,Statkraft AS,NO,Energy
C07247,Vestas Offshore,DK,Offshore Wind
C07248,ABB Norway,NO,Technology
C07249,Statkraft AS,NO,Energy
C07250,Vestas Offshore,DK,Offshore Wind
C07251,Norsk Hydro,NO,Metals
C07252,Vestas Offshore,DK,Offshore Wind
C07253,Polish State,PL,Government
C07254,DNV GL,NO,Certification
C07255,Kongsberg Defence & Aerospace,NO,Defence
C07256,ABB Norway,NO,Technology
C07257,Aker Solutions,NO,Engineering
C07258,DNV GL,NO,Certification
C07259,Vestas Offshore,DK,Offshore Wind
C07260,Norsk Hydro,NO,Metals
C07261,Siemens Energy,DE,Energy
C07262,Aker Solutions,NO,Engineering
C07263,Norsk Hydro,NO,Metals
C07264,Kongsberg Defence & Aerospace,NO,Defence
C07265,ABB Norway,NO,Technology
C07266,Polish State,PL,Government
C07267,Statkraft AS,NO,Energy
C07268,Kongsberg Defence & Aerospace,NO,Defence
C07269,Polish State,PL,Government
C07270,DNV GL,NO,Certification
C07271,Siemens Energy,DE,Energy
C07272,Aker Solutions,NO,Engineering
C07273,Yara International,NO,Chemicals
C07274,Siemens Energy,DE,Energy
C07275,Siemens Energy,DE,Energy
C07276,Norsk Hydro,NO,Metals
C07277,Yara International,NO,Chemicals
C07278,DNV GL,NO,Certification
C07279,DNV GL,NO,Certification
C07280,Norsk Hydro,NO,Metals
C07281,Norsk Hydro,NO,Metals
C07282,ABB Norway,NO,Technology
C07283,Yara International,NO,Chemicals
C07284,Vestas Offshore,DK,Offshore Wind
C07285,ABB Norway,NO,Technology
C07286,Vestas Offshore,DK,Offshore Wind
C07287,ABB Norway,NO,Technology
C07288,Polish State,PL,Government
C07289,Norsk Hydro,NO,Metals
C07290,Siemens Energy,DE,Energy
C07291,ABB Norway,NO,Technology
C07292,Kongsberg Defence & Aerospace,NO,Defence
C07293,Vestas Offshore,DK,Offshore Wind
C07294,Siemens Energy,DE,Energy
C07295,ABB Norway,NO,Technology
C07296,Norsk Hydro,NO,Metals
C07297,Vestas Offshore,DK,Offshore Wind
C07298,Yara International,NO,Chemicals
C07299,Vestas Offshore,DK,Offshore Wind
C07300,DNV GL,NO,Certification
C07301,ABB Norway,NO,Technology
C07302,Vestas Offshore,DK,Offshore Wind
C07303,Vestas Offshore,DK,Offshore Wind
C07304,Vestas Offshore,DK,Offshore Wind
C07305,Vestas Offshore,DK,Offshore Wind
C07306,Polish State,PL,Government
C07307,Statkraft AS,NO,Energy
C07308,Kongsberg Defence & Aerospace,NO,Defence
C07309,Siemens Energy,DE,Energy
C07310,Yara International,NO,Chemicals
C07311,Vestas Offshore,DK,Offshore Wind
C07312,Norsk Hydro,NO,Metals
C07313,ABB Norway,NO,Technology
C07314,Siemens Energy,DE,Energy
C07315,Vestas Offshore,DK,Offshore Wind
C07316,Polish State,PL,Government
C07317,DNV GL,NO,Certification
C07318,Kongsberg Defence & Aerospace,NO,Defence
C07319,Siemens Energy,DE,Energy
C07320,Siemens Energy,DE,Energy
C07321,Vestas Offshore,DK,Offshore Wind
C07322,Siemens Energy,DE,Energy
C07323,Norsk Hydro,NO,Metals
C07324,DNV GL,NO,Certification
C07325,Vestas Offshore,DK,Offshore Wind
C07326,DNV GL,NO,Certification
C07327,ABB Norway,NO,Technology
C07328,Statkraft AS,NO,Energy
C07329,Kongsberg Defence & Aerospace,NO,Defence
C07330,Aker Solutions,NO,Engineering
C07331,Norsk Hydro,NO,Metals
C07332,Vestas Offshore,DK,Offshore Wind
C07333,Norsk Hydro,NO,Metals
C07334,Siemens Energy,DE,Energy
C07335,Vestas Offshore,DK,Offshore Wind
C07336,Kongsberg Defence & Aerospace,NO,Defence
C07337,DNV GL,NO,Certification
C07338,DNV GL,NO,Certification
C07339,Siemens Energy,DE,Energy
C07340,ABB Norway,NO,Technology
C07341,Norsk Hydro,NO,Metals
C07342,ABB Norway,NO,Technology
C07343,Yara International,NO,Chemicals
C07344,Vestas Offshore,DK,Offshore Wind
C07345,Yara International,NO,Chemicals
C07346,Norsk Hydro,NO,Metals
C07347,Siemens Energy,DE,Energy
C07348,Statkraft AS,NO,Energy
C07349,Norsk Hydro,NO,Metals
C07350,Kongsberg Defence & Aerospace,NO,Defence
C07351,Vestas Offshore,DK,Offshore Wind
C07352,DNV GL,NO,Certification
C07353,Statkraft AS,NO,Energy
C07354,ABB Norway,NO,Technology
C07355,Kongsberg Defence & Aerospace,NO,Defence
C07356,Aker Solutions,NO,Engineering
C07357,Yara International,NO,Chemicals
C07358,Polish State,PL,Government
C07359,Norsk Hydro,NO,Metals
C07360,Siemens Energy,DE,Energy
C07361,Statkraft AS,NO,Energy
C07362,Siemens Energy,DE,Energy
C07363,Kongsberg Defence & Aerospace,NO,Defence
C07364,Yara International,NO,Chemicals
C07365,Polish State,PL,Government
C07366,Yara International,NO,Chemicals
C07367,DNV GL,NO,Certification
C07368,Polish State,PL,Government
C07369,ABB Norway,NO,Technology
C07370,Polish State,PL,Government
C07371,Kongsberg Defence & Aerospace,NO,Defence
C07372,Statkraft AS,NO,Energy
C07373,DNV GL,NO,Certification
C07374,Norsk Hydro,NO,Metals
C07375,Statkraft AS,NO,Energy
C07376,DNV GL,NO,Certification
C07377,Aker Solutions,NO,Engineering
C07378,Polish State,PL,Government
C07379,Norsk Hydro,NO,Metals
C07380,Siemens Energy,DE,Energy
C07381,Yara International,NO,Chemicals
C07382,Yara International,NO,Chemicals
C07383,DNV GL,NO,Certification
C07384,Kongsberg Defence & Aerospace,NO,Defence
C07385,Siemens Energy,DE,Energy
C07386,Aker Solutions,NO,Engineering
C07387,Vestas Offshore,DK,Offshore Wind
C07388,Aker Solutions,NO,Engineering
C07389,Siemens Energy,DE,Energy
C07390,Aker Solutions,NO,Engineering
C07391,Siemens Energy,DE,Energy
C07392,Kongsberg Defence & Aerospace,NO,Defence
C07393,ABB Norway,NO,Technology
C07394,Siemens Energy,DE,Energy
C07395,Siemens Energy,DE,Energy
C07396,ABB Norway,NO,Technology
C07397,Norsk Hydro,NO,Metals
C07398,DNV GL,NO,Certification
C07399,Statkraft AS,NO,Energy
C07400,Polish State,PL,Government
C07401,Norsk Hydro,NO,Metals
C07402,Aker Solutions,NO,Engineering
C07403,Norsk Hydro,NO,Metals
C07404,ABB Norway,NO,Technology
C07405,Vestas Offshore,DK,Offshore Wind
C07406,Aker Solutions,NO,Engineering
C07407,Aker Solutions,NO,Engineering
C07408,Vestas Offshore,DK,Offshore Wind
C07409,Yara International,NO,Chemicals
C07410,Yara International,NO,Chemicals
C07411,Statkraft AS,NO,Energy
C07412,Vestas Offshore,DK,Offshore Wind
C07413,Polish State,PL,Government
C07414,ABB Norway,NO,Technology
C07415,Norsk Hydro,NO,Metals
C07416,DNV GL,NO,Certification
C07417,Siemens Energy,DE,Energy
C07418,Statkraft AS,NO,Energy
C07419,Yara International,NO,Chemicals
C07420,Aker Solutions,NO,Engineering
C07421,Statkraft AS,NO,Energy
C07422,Kongsberg Defence & Aerospace,NO,Defence
C07423,Aker Solutions,NO,Engineering
C07424,ABB Norway,NO,Technology
C07425,Aker Solutions,NO,Engineering
C07426,Vestas Offshore,DK,Offshore Wind
C07427,DNV GL,NO,Certification
C07428,Norsk Hydro,NO,Metals
C07429,Yara International,NO,Chemicals
C07430,Vestas Offshore,DK,Offshore Wind
C07431,Polish State,PL,Government
C07432,Vestas Offshore,DK,Offshore Wind
C07433,Aker Solutions,NO,Engineering
C07434,ABB Norway,NO,Technology
C07435,DNV GL,NO,Certification
C07436,Norsk Hydro,NO,Metals
C07437,Kongsberg Defence & Aerospace,NO,Defence
C07438,ABB Norway,NO,Technology
C07439,Yara International,NO,Chemicals
C07440,ABB Norway,NO,Technology
C07441,Norsk Hydro,NO,Metals
C07442,DNV GL,NO,Certification
C07443,Norsk Hydro,NO,Metals
C07444,Polish State,PL,Government
C07445,Kongsberg Defence & Aerospace,NO,Defence
C07446,Kongsberg Defence & Aerospace,NO,Defence
C07447,Vestas Offshore,DK,Offshore Wind
C07448,ABB Norway,NO,Technology
C07449,ABB Norway,NO,Technology
C07450,Norsk Hydro,NO,Metals
C07451,Statkraft AS,NO,Energy
C07452,ABB Norway,NO,Technology
C07453,Aker Solutions,NO,Engineering
C07454,Vestas Offshore,DK,Offshore Wind
C07455,Norsk Hydro,NO,Metals
C07456,Polish State,PL,Government
C07457,Kongsberg Defence & Aerospace,NO,Defence
C07458,Statkraft AS,NO,Energy
C07459,ABB Norway,NO,Technology
C07460,Norsk Hydro,NO,Metals
C07461,Statkraft AS,NO,Energy
C07462,Yara International,NO,Chemicals
C07463,Siemens Energy,DE,Energy
C07464,Yara International,NO,Chemicals
C07465,Norsk Hydro,NO,Metals
C07466,Yara International,NO,Chemicals
C07467,Aker Solutions,NO,Engineering
C07468,ABB Norway,NO,Technology
C07469,Norsk Hydro,NO,Metals
C07470,Statkraft AS,NO,Energy
C07471,Siemens Energy,DE,Energy
C07472,DNV GL,NO,Certification
C07473,Yara International,NO,Chemicals
C07474,Kongsberg Defence & Aerospace,NO,Defence
C07475,ABB Norway,NO,Technology
C07476,Vestas Offshore,DK,Offshore Wind
C07477,Yara International,NO,Chemicals
C07478,Kongsberg Defence & Aerospace,NO,Defence
C07479,Vestas Offshore,DK,Offshore Wind
C07480,Siemens Energy,DE,Energy
C07481,Norsk Hydro,NO,Metals
C07482,Vestas Offshore,DK,Offshore Wind
C07483,Siemens Energy,DE,Energy
C07484,Vestas Offshore,DK,Offshore Wind
C07485,Kongsberg Defence & Aerospace,NO,Defence
C07486,ABB Norway,NO,Technology
C07487,Siemens Energy,DE,Energy
C07488,Aker Solutions,NO,Engineering
C07489,Siemens Energy,DE,Energy
C07490,Kongsberg Defence & Aerospace,NO,Defence
C07491,ABB Norway,NO,Technology
C07492,ABB Norway,NO,Technology
C07493,DNV GL,NO,Certification
C07494,Statkraft AS,NO,Energy
C07495,DNV GL,NO,Certification
C07496,Polish State,PL,Government
C07497,Vestas Offshore,DK,Offshore Wind
C07498,Statkraft AS,NO,Energy
C07499,Yara International,NO,Chemicals
C07500,Vestas Offshore,DK,Offshore Wind
C07501,DNV GL,NO,Certification
C07502,Siemens Energy,DE,Energy
C07503,Siemens Energy,DE,Energy
C07504,ABB Norway,NO,Technology
C07505,ABB Norway,NO,Technology
C07506,Siemens Energy,DE,Energy
C07507,Statkraft AS,NO,Energy
C07508,DNV GL,NO,Certification
C07509,Yara International,NO,Chemicals
C07510,Siemens Energy,DE,Energy
C07511,Vestas Offshore,DK,Offshore Wind
C07512,Kongsberg Defence & Aerospace,NO,Defence
C07513,Vestas Offshore,DK,Offshore Wind
C07514,DNV GL,NO,Certification
C07515,ABB Norway,NO,Technology
C07516,Siemens Energy,DE,Energy
C07517,Norsk Hydro,NO,Metals
C07518,Aker Solutions,NO,Engineering
C07519,Siemens Energy,DE,Energy
C07520,Vestas Offshore,DK,Offshore Wind
C07521,Statkraft AS,NO,Energy
C07522,Polish State,PL,Government
C07523,Vestas Offshore,DK,Offshore Wind
C07524,DNV GL,NO,Certification
C07525,Polish State,PL,Government
C07526,Polish State,PL,Government
C07527,DNV GL,NO,Certification
C07528,Yara International,NO,Chemicals
C07529,DNV GL,NO,Certification
C07530,DNV GL,NO,Certification
C07531,DNV GL,NO,Certification
C07532,Statkraft AS,NO,Energy
C07533,Aker Solutions,NO,Engineering
C07534,Norsk Hydro,NO,Metals
C07535,Statkraft AS,NO,Energy
C07536,Statkraft AS,NO,Energy
C07537,Vestas Offshore,DK,Offshore Wind
C07538,Kongsberg Defence & Aerospace,NO,Defence
C07539,Norsk Hydro,NO,Metals
C07540,Siemens Energy,DE,Energy
C07541,ABB Norway,NO,Technology
C07542,Siemens Energy,DE,Energy
C07543,Vestas Offshore,DK,Offshore Wind
C07544,Norsk Hydro,NO,Metals
C07545,Yara International,NO,Chemicals
C07546,DNV GL,NO,Certification
C07547,Siemens Energy,DE,Energy
C07548,Vestas Offshore,DK,Offshore Wind
C07549,ABB Norway,NO,Technology
C07550,Kongsberg Defence & Aerospace,NO,Defence
C07551,Statkraft AS,NO,Energy
C07552,Polish State,PL,Government
C07553,Vestas Offshore,DK,Offshore Wind
C07554,Vestas Offshore,DK,Offshore Wind
C07555,Polish State,PL,Government
C07556,ABB Norway,NO,Technology
C07557,Vestas Offshore,DK,Offshore Wind
C07558,Polish State,PL,Government
C07559,Vestas Offshore,DK,Offshore Wind
C07560,Statkraft AS,NO,Energy
C07561,Aker Solutions,NO,Engineering
C07562,Statkraft AS,NO,Energy
C07563,Statkraft AS,NO,Energy
C07564,Kongsberg Defence & Aerospace,NO,Defence
C07565,Norsk Hydro,NO,Metals
C07566,Aker Solutions,NO,Engineering
C07567,Kongsberg Defence & Aerospace,NO,Defence
C07568,Polish State,PL,Government
C07569,Statkraft AS,NO,Energy
C07570,Kongsberg Defence & Aerospace,NO,Defence
C07571,DNV GL,NO,Certification
C07572,Yara International,NO,Chemicals
C07573,Kongsberg Defence & Aerospace,NO,Defence
C07574,Norsk Hydro,NO,Metals
C07575,Statkraft AS,NO,Energy
C07576,ABB Norway,NO,Technology
C07577,Kongsberg Defence & Aerospace,NO,Defence
C07578,Statkraft AS,NO,Energy
C07579,ABB Norway,NO,Technology
C07580,Kongsberg Defence & Aerospace,NO,Defence
C07581,Statkraft AS,NO,Energy
C07582,Statkraft AS,NO,Energy
C07583,Yara International,NO,Chemicals
C07584,Polish State,PL,Government
C07585,Yara International,NO,Chemicals
C07586,Polish State,PL,Government
C07587,Vestas Offshore,DK,Offshore Wind
C07588,Siemens Energy,DE,Energy
C07589,Kongsberg Defence & Aerospace,NO,Defence
C07590,Statkraft AS,NO,Energy
C07591,Vestas Offshore,DK,Offshore Wind
C07592,ABB Norway,NO,Technology
C07593,Yara International,NO,Chemicals
C07594,Siemens Energy,DE,Energy
C07595,Siemens Energy,DE,Energy
C07596,Vestas Offshore,DK,Offshore Wind
C07597,DNV GL,NO,Certification
C07598,Yara International,NO,Chemicals
C07599,Polish State,PL,Government
C07600,DNV GL,NO,Certification
C07601,Yara International,NO,Chemicals
C07602,Statkraft AS,NO,Energy
C07603,Statkraft AS,NO,Energy
C07604,Yara International,NO,Chemicals
C07605,Kongsberg Defence & Aerospace,NO,Defence
C07606,DNV GL,NO,Certification
C07607,Polish State,PL,Government
C07608,Polish State,PL,Government
C07609,ABB Norway,NO,Technology
C07610,Vestas Offshore,DK,Offshore Wind
C07611,DNV GL,NO,Certification
C07612,Kongsberg Defence & Aerospace,NO,Defence
C07613,Statkraft AS,NO,Energy
C07614,Polish State,PL,Government
C07615,DNV GL,NO,Certification
C07616,Norsk Hydro,NO,Metals
C07617,Siemens Energy,DE,Energy
C07618,Yara International,NO,Chemicals
C07619,Vestas Offshore,DK,Offshore Wind
C07620,Norsk Hydro,NO,Metals
C07621,Statkraft AS,NO,Energy
C07622,Vestas Offshore,DK,Offshore Wind
C07623,Siemens Energy,DE,Energy
C07624,Aker Solutions,NO,Engineering
C07625,Aker Solutions,NO,Engineering
C07626,Polish State,PL,Government
C07627,DNV GL,NO,Certification
C07628,Polish State,PL,Government
C07629,Aker Solutions,NO,Engineering
C07630,Statkraft AS,NO,Energy
C07631,Siemens Energy,DE,Energy
C07632,Statkraft AS,NO,Energy
C07633,Norsk Hydro,NO,Metals
C07634,Statkraft AS,NO,Energy
C07635,DNV GL,NO,Certification
C07636,Vestas Offshore,DK,Offshore Wind
C07637,Norsk Hydro,NO,Metals
C07638,Siemens Energy,DE,Energy
C07639,ABB Norway,NO,Technology
C07640,DNV GL,NO,Certification
C07641,Kongsberg Defence & Aerospace,NO,Defence
C07642,Statkraft AS,NO,Energy
C07643,Siemens Energy,DE,Energy
C07644,Norsk Hydro,NO,Metals
C07645,Statkraft AS,NO,Energy
C07646,Aker Solutions,NO,Engineering
C07647,ABB Norway,NO,Technology
C07648,Norsk Hydro,NO,Metals
C07649,Yara International,NO,Chemicals
C07650,ABB Norway,NO,Technology
C07651,Norsk Hydro,NO,Metals
C07652,Polish State,PL,Government
C07653,DNV GL,NO,Certification
C07654,Aker Solutions,NO,Engineering
C07655,ABB Norway,NO,Technology
C07656,Aker Solutions,NO,Engineering
C07657,Polish State,PL,Government
C07658,Statkraft AS,NO,Energy
C07659,Norsk Hydro,NO,Metals
C07660,Siemens Energy,DE,Energy
C07661,Vestas Offshore,DK,Offshore Wind
C07662,Kongsberg Defence & Aerospace,NO,Defence
C07663,Norsk Hydro,NO,Metals
C07664,Statkraft AS,NO,Energy
C07665,Aker Solutions,NO,Engineering
C07666,Norsk Hydro,NO,Metals
C07667,DNV GL,NO,Certification
C07668,Statkraft AS,NO,Energy
C07669,Statkraft AS,NO,Energy
C07670,Vestas Offshore,DK,Offshore Wind
C07671,Aker Solutions,NO,Engineering
C07672,Aker Solutions,NO,Engineering
C07673,Yara International,NO,Chemicals
C07674,Statkraft AS,NO,Energy
C07675,Vestas Offshore,DK,Offshore Wind
C07676,Statkraft AS,NO,Energy
C07677,Siemens Energy,DE,Energy
C07678,Polish State,PL,Government
C07679,Siemens Energy,DE,Energy
C07680,Polish State,PL,Government
C07681,Yara International,NO,Chemicals
C07682,Aker Solutions,NO,Engineering
C07683,Statkraft AS,NO,Energy
C07684,Polish State,PL,Government
C07685,Aker Solutions,NO,Engineering
C07686,Norsk Hydro,NO,Metals
C07687,ABB Norway,NO,Technology
C07688,Yara International,NO,Chemicals
C07689,Yara International,NO,Chemicals
C07690,ABB Norway,NO,Technology
C07691,Aker Solutions,NO,Engineering
C07692,Siemens Energy,DE,Energy
C07693,Norsk Hydro,NO,Metals
C07694,Yara International,NO,Chemicals
C07695,Aker Solutions,NO,Engineering
C07696,Norsk Hydro,NO,Metals
C07697,DNV GL,NO,Certification
C07698,ABB Norway,NO,Technology
C07699,Vestas Offshore,DK,Offshore Wind
C07700,Norsk Hydro,NO,Metals
C07701,Statkraft AS,NO,Energy
C07702,Statkraft AS,NO,Energy
C07703,ABB Norway,NO,Technology
C07704,Norsk Hydro,NO,Metals
C07705,Norsk Hydro,NO,Metals
C07706,Polish State,PL,Government
C07707,Vestas Offshore,DK,Offshore Wind
C07708,Kongsberg Defence & Aerospace,NO,Defence
C07709,Statkraft AS,NO,Energy
C07710,Kongsberg Defence & Aerospace,NO,Defence
C07711,Statkraft AS,NO,Energy
C07712,Norsk Hydro,NO,Metals
C07713,Kongsberg Defence & Aerospace,NO,Defence
C07714,Vestas Offshore,DK,Offshore Wind
C07715,Aker Solutions,NO,Engineering
C07716,Yara International,NO,Chemicals
C07717,Siemens Energy,DE,Energy
C07718,Vestas Offshore,DK,Offshore Wind
C07719,ABB Norway,NO,Technology
C07720,Yara International,NO,Chemicals
C07721,Yara International,NO,Chemicals
C07722,Statkraft AS,NO,Energy
C07723,Statkraft AS,NO,Energy
C07724,DNV GL,NO,Certification
C07725,Norsk Hydro,NO,Metals
C07726,Norsk Hydro,NO,Metals
C07727,Polish State,PL,Government
C07728,ABB Norway,NO,Technology
C07729,Norsk Hydro,NO,Metals
C07730,Norsk Hydro,NO,Metals
C07731,DNV GL,NO,Certification
C07732,ABB Norway,NO,Technology
C07733,DNV GL,NO,Certification
C07734,Siemens Energy,DE,Energy
C07735,DNV GL,NO,Certification
C07736,DNV GL,NO,Certification
C07737,Kongsberg Defence & Aerospace,NO,Defence
C07738,Kongsberg Defence & Aerospace,NO,Defence
C07739,Aker Solutions,NO,Engineering
C07740,Statkraft AS,NO,Energy
C07741,Aker Solutions,NO,Engineering
C07742,Norsk Hydro,NO,Metals
C07743,Siemens Energy,DE,Energy
C07744,Aker Solutions,NO,Engineering
C07745,Norsk Hydro,NO,Metals
C07746,Norsk Hydro,NO,Metals
C07747,Kongsberg Defence & Aerospace,NO,Defence
C07748,Kongsberg Defence & Aerospace,NO,Defence
C07749,Vestas Offshore,DK,Offshore Wind
C07750,DNV GL,NO,Certification
C07751,ABB Norway,NO,Technology
C07752,Vestas Offshore,DK,Offshore Wind
C07753,Norsk Hydro,NO,Metals
C07754,Aker Solutions,NO,Engineering
C07755,Vestas Offshore,DK,Offshore Wind
C07756,ABB Norway,NO,Technology
C07757,Aker Solutions,NO,Engineering
C07758,Norsk Hydro,NO,Metals
C07759,Statkraft AS,NO,Energy
C07760,Yara International,NO,Chemicals
C07761,Norsk Hydro,NO,Metals
C07762,DNV GL,NO,Certification
C07763,DNV GL,NO,Certification
C07764,Yara International,NO,Chemicals
C07765,Norsk Hydro,NO,Metals
C07766,Norsk Hydro,NO,Metals
C07767,DNV GL,NO,Certification
C07768,Vestas Offshore,DK,Offshore Wind
C07769,DNV GL,NO,Certification
C07770,Kongsberg Defence & Aerospace,NO,Defence
C07771,Aker Solutions,NO,Engineering
C07772,ABB Norway,NO,Technology
C07773,Norsk Hydro,NO,Metals
C07774,Yara International,NO,Chemicals
C07775,Aker Solutions,NO,Engineering
C07776,Yara International,NO,Chemicals
C07777,Siemens Energy,DE,Energy
C07778,ABB Norway,NO,Technology
C07779,Siemens Energy,DE,Energy
C07780,Kongsberg Defence & Aerospace,NO,Defence
C07781,Kongsberg Defence & Aerospace,NO,Defence
C07782,Yara International,NO,Chemicals
C07783,Kongsberg Defence & Aerospace,NO,Defence
C07784,Vestas Offshore,DK,Offshore Wind
C07785,Siemens Energy,DE,Energy
C07786,Siemens Energy,DE,Energy
C07787,Yara International,NO,Chemicals
C07788,Kongsberg Defence & Aerospace,NO,Defence
C07789,Siemens Energy,DE,Energy
C07790,Aker Solutions,NO,Engineering
C07791,Statkraft AS,NO,Energy
C07792,Aker Solutions,NO,Engineering
C07793,Siemens Energy,DE,Energy
C07794,Siemens Energy,DE,Energy
C07795,Aker Solutions,NO,Engineering
C07796,Siemens Energy,DE,Energy
C07797,Kongsberg Defence & Aerospace,NO,Defence
C07798,Polish State,PL,Government
C07799,Polish State,PL,Government
C07800,Polish State,PL,Government
C07801,ABB Norway,NO,Technology
C07802,Yara International,NO,Chemicals
C07803,Statkraft AS,NO,Energy
C07804,Statkraft AS,NO,Energy
C07805,ABB Norway,NO,Technology
C07806,Statkraft AS,NO,Energy
C07807,Siemens Energy,DE,Energy
C07808,Vestas Offshore,DK,Offshore Wind
C07809,Kongsberg Defence & Aerospace,NO,Defence
C07810,DNV GL,NO,Certification
C07811,Siemens Energy,DE,Energy
C07812,Kongsberg Defence & Aerospace,NO,Defence
C07813,Norsk Hydro,NO,Metals
C07814,Aker Solutions,NO,Engineering
C07815,Yara International,NO,Chemicals
C07816,DNV GL,NO,Certification
C07817,Aker Solutions,NO,Engineering
C07818,ABB Norway,NO,Technology
C07819,Kongsberg Defence & Aerospace,NO,Defence
C07820,Norsk Hydro,NO,Metals
C07821,Yara International,NO,Chemicals
C07822,Kongsberg Defence & Aerospace,NO,Defence
C07823,Siemens Energy,DE,Energy
C07824,Aker Solutions,NO,Engineering
C07825,Yara International,NO,Chemicals
C07826,Aker Solutions,NO,Engineering
C07827,Siemens Energy,DE,Energy
C07828,Yara International,NO,Chemicals
C07829,Statkraft AS,NO,Energy
C07830,Norsk Hydro,NO,Metals
C07831,Statkraft AS,NO,Energy
C07832,Polish State,PL,Government
C07833,Siemens Energy,DE,Energy
C07834,Norsk Hydro,NO,Metals
C07835,DNV GL,NO,Certification
C07836,Siemens Energy,DE,Energy
C07837,Vestas Offshore,DK,Offshore Wind
C07838,Yara International,NO,Chemicals
C07839,ABB Norway,NO,Technology
C07840,Siemens Energy,DE,Energy
C07841,Aker Solutions,NO,Engineering
C07842,Polish State,PL,Government
C07843,Norsk Hydro,NO,Metals
C07844,Statkraft AS,NO,Energy
C07845,DNV GL,NO,Certification
C07846,Polish State,PL,Government
C07847,ABB Norway,NO,Technology
C07848,ABB Norway,NO,Technology
C07849,Kongsberg Defence & Aerospace,NO,Defence
C07850,ABB Norway,NO,Technology
C07851,Yara International,NO,Chemicals
C07852,Aker Solutions,NO,Engineering
C07853,Polish State,PL,Government
C07854,Yara International,NO,Chemicals
C07855,Statkraft AS,NO,Energy
C07856,Yara International,NO,Chemicals
C07857,Statkraft AS,NO,Energy
C07858,Yara International,NO,Chemicals
C07859,Siemens Energy,DE,Energy
C07860,ABB Norway,NO,Technology
C07861,Statkraft AS,NO,Energy
C07862,Yara International,NO,Chemicals
C07863,DNV GL,NO,Certification
C07864,Norsk Hydro,NO,Metals
C07865,Aker Solutions,NO,Engineering
C07866,Polish State,PL,Government
C07867,Siemens Energy,DE,Energy
C07868,Statkraft AS,NO,Energy
C07869,ABB Norway,NO,Technology
C07870,DNV GL,NO,Certification
C07871,ABB Norway,NO,Technology
C07872,Aker Solutions,NO,Engineering
C07873,DNV GL,NO,Certification
C07874,Siemens Energy,DE,Energy
C07875,Polish State,PL,Government
C07876,Aker Solutions,NO,Engineering
C07877,Aker Solutions,NO,Engineering
C07878,ABB Norway,NO,Technology
C07879,Yara International,NO,Chemicals
C07880,DNV GL,NO,Certification
C07881,Norsk Hydro,NO,Metals
C07882,DNV GL,NO,Certification
C07883,Vestas Offshore,DK,Offshore Wind
C07884,Kongsberg Defence & Aerospace,NO,Defence
C07885,DNV GL,NO,Certification
C07886,Vestas Offshore,DK,Offshore Wind
C07887,Yara International,NO,Chemicals
C07888,Norsk Hydro,NO,Metals
C07889,Polish State,PL,Government
C07890,Norsk Hydro,NO,Metals
C07891,ABB Norway,NO,Technology
C07892,DNV GL,NO,Certification
C07893,Yara International,NO,Chemicals
C07894,Aker Solutions,NO,Engineering
C07895,Yara International,NO,Chemicals
C07896,Kongsberg Defence & Aerospace,NO,Defence
C07897,DNV GL,NO,Certification
C07898,Polish State,PL,Government
C07899,Siemens Energy,DE,Energy
C07900,Norsk Hydro,NO,Metals
C07901,Vestas Offshore,DK,Offshore Wind
C07902,Polish State,PL,Government
C07903,Vestas Offshore,DK,Offshore Wind
C07904,ABB Norway,NO,Technology
C07905,Aker Solutions,NO,Engineering
C07906,Aker Solutions,NO,Engineering
C07907,Siemens Energy,DE,Energy
C07908,Statkraft AS,NO,Energy
C07909,Polish State,PL,Government
C07910,Aker Solutions,NO,Engineering
C07911,ABB Norway,NO,Technology
C07912,ABB Norway,NO,Technology
C07913,Vestas Offshore,DK,Offshore Wind
C07914,ABB Norway,NO,Technology
C07915,Yara International,NO,Chemicals
C07916,Polish State,PL,Government
C07917,Aker Solutions,NO,Engineering
C07918,Polish State,PL,Government
C07919,Statkraft AS,NO,Energy
C07920,Vestas Offshore,DK,Offshore Wind
C07921,Polish State,PL,Government
C07922,Kongsberg Defence & Aerospace,NO,Defence
C07923,Polish State,PL,Government
C07924,ABB Norway,NO,Technology
C07925,Norsk Hydro,NO,Metals
C07926,Norsk Hydro,NO,Metals
C07927,DNV GL,NO,Certification
C07928,Aker Solutions,NO,Engineering
C07929,Aker Solutions,NO,Engineering
C07930,Kongsberg Defence & Aerospace,NO,Defence
C07931,Polish State,PL,Government
C07932,Vestas Offshore,DK,Offshore Wind
C07933,ABB Norway,NO,Technology
C07934,Vestas Offshore,DK,Offshore Wind
C07935,Kongsberg Defence & Aerospace,NO,Defence
C07936,ABB Norway,NO,Technology
C07937,ABB Norway,NO,Technology
C07938,DNV GL,NO,Certification
C07939,Vestas Offshore,DK,Offshore Wind
C07940,Kongsberg Defence & Aerospace,NO,Defence
C07941,Norsk Hydro,NO,Metals
C07942,Kongsberg Defence & Aerospace,NO,Defence
C07943,Kongsberg Defence & Aerospace,NO,Defence
C07944,Statkraft AS,NO,Energy
C07945,Siemens Energy,DE,Energy
C07946,Yara International,NO,Chemicals
C07947,ABB Norway,NO,Technology
C07948,Statkraft AS,NO,Energy
C07949,Aker Solutions,NO,Engineering
C07950,Siemens Energy,DE,Energy
C07951,Statkraft AS,NO,Energy
C07952,Aker Solutions,NO,Engineering
C07953,Vestas Offshore,DK,Offshore Wind
C07954,Polish State,PL,Government
C07955,Statkraft AS,NO,Energy
C07956,Yara International,NO,Chemicals
C07957,DNV GL,NO,Certification
C07958,Statkraft AS,NO,Energy
C07959,DNV GL,NO,Certification
C07960,Yara International,NO,Chemicals
C07961,DNV GL,NO,Certification
C07962,ABB Norway,NO,Technology
C07963,Norsk Hydro,NO,Metals
C07964,Statkraft AS,NO,Energy
C07965,Polish State,PL,Government
C07966,Yara International,NO,Chemicals
C07967,Statkraft AS,NO,Energy
C07968,Siemens Energy,DE,Energy
C07969,Siemens Energy,DE,Energy
C07970,Yara International,NO,Chemicals
C07971,Aker Solutions,NO,Engineering
C07972,Polish State,PL,Government
C07973,Aker Solutions,NO,Engineering
C07974,Polish State,PL,Government
C07975,Vestas Offshore,DK,Offshore Wind
C07976,Statkraft AS,NO,Energy
C07977,Vestas Offshore,DK,Offshore Wind
C07978,Polish State,PL,Government
C07979,ABB Norway,NO,Technology
C07980,Norsk Hydro,NO,Metals
C07981,Aker Solutions,NO,Engineering
C07982,ABB Norway,NO,Technology
C07983,Yara International,NO,Chemicals
C07984,Kongsberg Defence & Aerospace,NO,Defence
C07985,Norsk Hydro,NO,Metals
C07986,DNV GL,NO,Certification
C07987,Siemens Energy,DE,Energy
C07988,Statkraft AS,NO,Energy
C07989,Siemens Energy,DE,Energy
C07990,DNV GL,NO,Certification
C07991,Aker Solutions,NO,Engineering
C07992,Norsk Hydro,NO,Metals
C07993,Polish State,PL,Government
C07994,ABB Norway,NO,Technology
C07995,Vestas Offshore,DK,Offshore Wind
C07996,Siemens Energy,DE,Energy
C07997,Norsk Hydro,NO,Metals
C07998,Siemens Energy,DE,Energy
C07999,ABB Norway,NO,Technology
C08000,Kongsberg Defence & Aerospace,NO,Defence
C08001,Yara International,NO,Chemicals
C08002,Kongsberg Defence & Aerospace,NO,Defence
C08003,Kongsberg Defence & Aerospace,NO,Defence
C08004,Polish State,PL,Government
C08005,ABB Norway,NO,Technology
C08006,DNV GL,NO,Certification
C08007,Aker Solutions,NO,Engineering
C08008,ABB Norway,NO,Technology
C08009,Siemens Energy,DE,Energy
C08010,Statkraft AS,NO,Energy
C08011,DNV GL,NO,Certification
C08012,Polish State,PL,Government
C08013,Norsk Hydro,NO,Metals
C08014,Aker Solutions,NO,Engineering
C08015,Kongsberg Defence & Aerospace,NO,Defence
C08016,Aker Solutions,NO,Engineering
C08017,ABB Norway,NO,Technology
C08018,ABB Norway,NO,Technology
C08019,Statkraft AS,NO,Energy
C08020,Polish State,PL,Government
C08021,ABB Norway,NO,Technology
C08022,Polish State,PL,Government
C08023,Vestas Offshore,DK,Offshore Wind
C08024,Norsk Hydro,NO,Metals
C08025,Siemens Energy,DE,Energy
C08026,Aker Solutions,NO,Engineering
C08027,Kongsberg Defence & Aerospace,NO,Defence
C08028,ABB Norway,NO,Technology
C08029,Statkraft AS,NO,Energy
C08030,Norsk Hydro,NO,Metals
C08031,Norsk Hydro,NO,Metals
C08032,Aker Solutions,NO,Engineering
C08033,Siemens Energy,DE,Energy
C08034,Aker Solutions,NO,Engineering
C08035,Statkraft AS,NO,Energy
C08036,Vestas Offshore,DK,Offshore Wind
C08037,ABB Norway,NO,Technology
C08038,DNV GL,NO,Certification
C08039,Statkraft AS,NO,Energy
C08040,Siemens Energy,DE,Energy
C08041,Aker Solutions,NO,Engineering
C08042,Yara International,NO,Chemicals
C08043,DNV GL,NO,Certification
C08044,Siemens Energy,DE,Energy
C08045,Norsk Hydro,NO,Metals
C08046,Kongsberg Defence & Aerospace,NO,Defence
C08047,Kongsberg Defence & Aerospace,NO,Defence
C08048,Vestas Offshore,DK,Offshore Wind
C08049,Norsk Hydro,NO,Metals
C08050,Vestas Offshore,DK,Offshore Wind
C08051,Kongsberg Defence & Aerospace,NO,Defence
C08052,Aker Solutions,NO,Engineering
C08053,Polish State,PL,Government
C08054,ABB Norway,NO,Technology
C08055,Siemens Energy,DE,Energy
C08056,Yara International,NO,Chemicals
C08057,Statkraft AS,NO,Energy
C08058,Statkraft AS,NO,Energy
C08059,Vestas Offshore,DK,Offshore Wind
C08060,Polish State,PL,Government
C08061,DNV GL,NO,Certification
C08062,Vestas Offshore,DK,Offshore Wind
C08063,Yara International,NO,Chemicals
C08064,Aker Solutions,NO,Engineering
C08065,Siemens Energy,DE,Energy
C08066,Norsk Hydro,NO,Metals
C08067,Norsk Hydro,NO,Metals
C08068,Vestas Offshore,DK,Offshore Wind
C08069,ABB Norway,NO,Technology
C08070,Vestas Offshore,DK,Offshore Wind
C08071,Yara International,NO,Chemicals
C08072,Siemens Energy,DE,Energy
C08073,ABB Norway,NO,Technology
C08074,Polish State,PL,Government
C08075,Statkraft AS,NO,Energy
C08076,Aker Solutions,NO,Engineering
C08077,Siemens Energy,DE,Energy
C08078,Vestas Offshore,DK,Offshore Wind
C08079,Aker Solutions,NO,Engineering
C08080,Aker Solutions,NO,Engineering
C08081,Yara International,NO,Chemicals
C08082,Polish State,PL,Government
C08083,Kongsberg Defence & Aerospace,NO,Defence
C08084,Kongsberg Defence & Aerospace,NO,Defence
C08085,DNV GL,NO,Certification
C08086,Yara International,NO,Chemicals
C08087,Polish State,PL,Government
C08088,Statkraft AS,NO,Energy
C08089,Norsk Hydro,NO,Metals
C08090,Polish State,PL,Government
C08091,ABB Norway,NO,Technology
C08092,Vestas Offshore,DK,Offshore Wind
C08093,Kongsberg Defence & Aerospace,NO,Defence
C08094,Aker Solutions,NO,Engineering
C08095,Yara International,NO,Chemicals
C08096,Aker Solutions,NO,Engineering
C08097,Yara International,NO,Chemicals
C08098,ABB Norway,NO,Technology
C08099,Vestas Offshore,DK,Offshore Wind
C08100,Statkraft AS,NO,Energy
C08101,Siemens Energy,DE,Energy
C08102,Vestas Offshore,DK,Offshore Wind
C08103,Yara International,NO,Chemicals
C08104,Statkraft AS,NO,Energy
C08105,Kongsberg Defence & Aerospace,NO,Defence
C08106,DNV GL,NO,Certification
C08107,Aker Solutions,NO,Engineering
C08108,Norsk Hydro,NO,Metals
C08109,Norsk Hydro,NO,Metals
C08110,Statkraft AS,NO,Energy
C08111,Polish State,PL,Government
C08112,Polish State,PL,Government
C08113,Polish State,PL,Government
C08114,ABB Norway,NO,Technology
C08115,ABB Norway,NO,Technology
C08116,Norsk Hydro,NO,Metals
C08117,Aker Solutions,NO,Engineering
C08118,Vestas Offshore,DK,Offshore Wind
C08119,Aker Solutions,NO,Engineering
C08120,Polish State,PL,Government
C08121,Yara International,NO,Chemicals
C08122,Polish State,PL,Government
C08123,ABB Norway,NO,Technology
C08124,Polish State,PL,Government
C08125,Aker Solutions,NO,Engineering
C08126,Vestas Offshore,DK,Offshore Wind
C08127,Aker Solutions,NO,Engineering
C08128,Vestas Offshore,DK,Offshore Wind
C08129,Kongsberg Defence & Aerospace,NO,Defence
C08130,ABB Norway,NO,Technology
C08131,ABB Norway,NO,Technology
C08132,Polish State,PL,Government
C08133,Yara International,NO,Chemicals
C08134,Norsk Hydro,NO,Metals
C08135,Polish State,PL,Government
C08136,Siemens Energy,DE,Energy
C08137,Yara International,NO,Chemicals
C08138,Norsk Hydro,NO,Metals
C08139,Statkraft AS,NO,Energy
C08140,Kongsberg Defence & Aerospace,NO,Defence
C08141,Norsk Hydro,NO,Metals
C08142,Vestas Offshore,DK,Offshore Wind
C08143,Siemens Energy,DE,Energy
C08144,Aker Solutions,NO,Engineering
C08145,Polish State,PL,Government
C08146,Aker Solutions,NO,Engineering
C08147,Aker Solutions,NO,Engineering
C08148,Yara International,NO,Chemicals
C08149,ABB Norway,NO,Technology
C08150,Statkraft AS,NO,Energy
C08151,Statkraft AS,NO,Energy
C08152,DNV GL,NO,Certification
C08153,Kongsberg Defence & Aerospace,NO,Defence
C08154,Kongsberg Defence & Aerospace,NO,Defence
C08155,Siemens Energy,DE,Energy
C08156,Polish State,PL,Government
C08157,Norsk Hydro,NO,Metals
C08158,Siemens Energy,DE,Energy
C08159,Yara International,NO,Chemicals
C08160,Yara International,NO,Chemicals
C08161,Kongsberg Defence & Aerospace,NO,Defence
C08162,Kongsberg Defence & Aerospace,NO,Defence
C08163,ABB Norway,NO,Technology
C08164,DNV GL,NO,Certification
C08165,Yara International,NO,Chemicals
C08166,Aker Solutions,NO,Engineering
C08167,ABB Norway,NO,Technology
C08168,Aker Solutions,NO,Engineering
C08169,Siemens Energy,DE,Energy
C08170,Vestas Offshore,DK,Offshore Wind
C08171,DNV GL,NO,Certification
C08172,Kongsberg Defence & Aerospace,NO,Defence
C08173,Yara International,NO,Chemicals
C08174,Vestas Offshore,DK,Offshore Wind
C08175,ABB Norway,NO,Technology
C08176,Vestas Offshore,DK,Offshore Wind
C08177,DNV GL,NO,Certification
C08178,Norsk Hydro,NO,Metals
C08179,Siemens Energy,DE,Energy
C08180,Norsk Hydro,NO,Metals
C08181,Vestas Offshore,DK,Offshore Wind
C08182,Statkraft AS,NO,Energy
C08183,Siemens Energy,DE,Energy
C08184,DNV GL,NO,Certification
C08185,Aker Solutions,NO,Engineering
C08186,Vestas Offshore,DK,Offshore Wind
C08187,ABB Norway,NO,Technology
C08188,Statkraft AS,NO,Energy
C08189,Siemens Energy,DE,Energy
C08190,Kongsberg Defence & Aerospace,NO,Defence
C08191,Vestas Offshore,DK,Offshore Wind
C08192,Norsk Hydro,NO,Metals
C08193,ABB Norway,NO,Technology
C08194,Siemens Energy,DE,Energy
C08195,Aker Solutions,NO,Engineering
C08196,ABB Norway,NO,Technology
C08197,ABB Norway,NO,Technology
C08198,Yara International,NO,Chemicals
C08199,ABB Norway,NO,Technology
C08200,DNV GL,NO,Certification
C08201,Siemens Energy,DE,Energy
C08202,Aker Solutions,NO,Engineering
C08203,Vestas Offshore,DK,Offshore Wind
C08204,Siemens Energy,DE,Energy
C08205,Norsk Hydro,NO,Metals
C08206,Vestas Offshore,DK,Offshore Wind
C08207,DNV GL,NO,Certification
C08208,Norsk Hydro,NO,Metals
C08209,Kongsberg Defence & Aerospace,NO,Defence
C08210,Polish State,PL,Government
C08211,Vestas Offshore,DK,Offshore Wind
C08212,Kongsberg Defence & Aerospace,NO,Defence
C08213,Polish State,PL,Government
C08214,Vestas Offshore,DK,Offshore Wind
C08215,Kongsberg Defence & Aerospace,NO,Defence
C08216,Norsk Hydro,NO,Metals
C08217,ABB Norway,NO,Technology
C08218,Vestas Offshore,DK,Offshore Wind
C08219,Norsk Hydro,NO,Metals
C08220,Aker Solutions,NO,Engineering
C08221,Statkraft AS,NO,Energy
C08222,Norsk Hydro,NO,Metals
C08223,Kongsberg Defence & Aerospace,NO,Defence
C08224,Norsk Hydro,NO,Metals
C08225,Siemens Energy,DE,Energy
C08226,DNV GL,NO,Certification
C08227,Norsk Hydro,NO,Metals
C08228,Norsk Hydro,NO,Metals
C08229,Norsk Hydro,NO,Metals
C08230,Statkraft AS,NO,Energy
C08231,Vestas Offshore,DK,Offshore Wind
C08232,Statkraft AS,NO,Energy
C08233,Siemens Energy,DE,Energy
C08234,Statkraft AS,NO,Energy
C08235,Polish State,PL,Government
C08236,ABB Norway,NO,Technology
C08237,Vestas Offshore,DK,Offshore Wind
C08238,Vestas Offshore,DK,Offshore Wind
C08239,DNV GL,NO,Certification
C08240,ABB Norway,NO,Technology
C08241,Yara International,NO,Chemicals
C08242,Yara International,NO,Chemicals
C08243,Polish State,PL,Government
C08244,Yara International,NO,Chemicals
C08245,Kongsberg Defence & Aerospace,NO,Defence
C08246,DNV GL,NO,Certification
C08247,Yara International,NO,Chemicals
C08248,Vestas Offshore,DK,Offshore Wind
C08249,Aker Solutions,NO,Engineering
C08250,Statkraft AS,NO,Energy
C08251,Polish State,PL,Government
C08252,Norsk Hydro,NO,Metals
C08253,Statkraft AS,NO,Energy
C08254,Siemens Energy,DE,Energy
C08255,Kongsberg Defence & Aerospace,NO,Defence
C08256,ABB Norway,NO,Technology
C08257,Statkraft AS,NO,Energy
C08258,Aker Solutions,NO,Engineering
C08259,Siemens Energy,DE,Energy
C08260,Yara International,NO,Chemicals
C08261,Statkraft AS,NO,Energy
C08262,Siemens Energy,DE,Energy
C08263,Vestas Offshore,DK,Offshore Wind
C08264,Kongsberg Defence & Aerospace,NO,Defence
C08265,Statkraft AS,NO,Energy
C08266,Norsk Hydro,NO,Metals
C08267,Norsk Hydro,NO,Metals
C08268,Norsk Hydro,NO,Metals
C08269,ABB Norway,NO,Technology
C08270,Yara International,NO,Chemicals
C08271,Kongsberg Defence & Aerospace,NO,Defence
C08272,Siemens Energy,DE,Energy
C08273,Kongsberg Defence & Aerospace,NO,Defence
C08274,Yara International,NO,Chemicals
C08275,Norsk Hydro,NO,Metals
C08276,Siemens Energy,DE,Energy
C08277,Yara International,NO,Chemicals
C08278,Vestas Offshore,DK,Offshore Wind
C08279,Polish State,PL,Government
C08280,Kongsberg Defence & Aerospace,NO,Defence
C08281,ABB Norway,NO,Technology
C08282,Siemens Energy,DE,Energy
C08283,Kongsberg Defence & Aerospace,NO,Defence
C08284,Statkraft AS,NO,Energy
C08285,DNV GL,NO,Certification
C08286,Yara International,NO,Chemicals
C08287,Aker Solutions,NO,Engineering
C08288,Statkraft AS,NO,Energy
C08289,Aker Solutions,NO,Engineering
C08290,ABB Norway,NO,Technology
C08291,Vestas Offshore,DK,Offshore Wind
C08292,Polish State,PL,Government
C08293,Aker Solutions,NO,Engineering
C08294,Statkraft AS,NO,Energy
C08295,Kongsberg Defence & Aerospace,NO,Defence
C08296,Polish State,PL,Government
C08297,Vestas Offshore,DK,Offshore Wind
C08298,Aker Solutions,NO,Engineering
C08299,Aker Solutions,NO,Engineering
C08300,ABB Norway,NO,Technology
C08301,Vestas Offshore,DK,Offshore Wind
C08302,Statkraft AS,NO,Energy
C08303,ABB Norway,NO,Technology
C08304,Norsk Hydro,NO,Metals
C08305,Aker Solutions,NO,Engineering
C08306,ABB Norway,NO,Technology
C08307,Yara International,NO,Chemicals
C08308,Vestas Offshore,DK,Offshore Wind
C08309,Siemens Energy,DE,Energy
C08310,Statkraft AS,NO,Energy
C08311,Siemens Energy,DE,Energy
C08312,DNV GL,NO,Certification
C08313,Polish State,PL,Government
C08314,Norsk Hydro,NO,Metals
C08315,Norsk Hydro,NO,Metals
C08316,Aker Solutions,NO,Engineering
C08317,Norsk Hydro,NO,Metals
C08318,ABB Norway,NO,Technology
C08319,Yara International,NO,Chemicals
C08320,Yara International,NO,Chemicals
C08321,Aker Solutions,NO,Engineering
C08322,Statkraft AS,NO,Energy
C08323,Aker Solutions,NO,Engineering
C08324,Siemens Energy,DE,Energy
C08325,Yara International,NO,Chemicals
C08326,Vestas Offshore,DK,Offshore Wind
C08327,Aker Solutions,NO,Engineering
C08328,Aker Solutions,NO,Engineering
C08329,Statkraft AS,NO,Energy
C08330,Kongsberg Defence & Aerospace,NO,Defence
C08331,DNV GL,NO,Certification
C08332,Siemens Energy,DE,Energy
C08333,Norsk Hydro,NO,Metals
C08334,Polish State,PL,Government
C08335,Vestas Offshore,DK,Offshore Wind
C08336,Norsk Hydro,NO,Metals
C08337,DNV GL,NO,Certification
C08338,DNV GL,NO,Certification
C08339,Statkraft AS,NO,Energy
C08340,ABB Norway,NO,Technology
C08341,Norsk Hydro,NO,Metals
C08342,Aker Solutions,NO,Engineering
C08343,Statkraft AS,NO,Energy
C08344,Norsk Hydro,NO,Metals
C08345,ABB Norway,NO,Technology
C08346,Vestas Offshore,DK,Offshore Wind
C08347,Vestas Offshore,DK,Offshore Wind
C08348,ABB Norway,NO,Technology
C08349,Polish State,PL,Government
C08350,DNV GL,NO,Certification
C08351,Aker Solutions,NO,Engineering
C08352,ABB Norway,NO,Technology
C08353,Yara International,NO,Chemicals
C08354,Kongsberg Defence & Aerospace,NO,Defence
C08355,DNV GL,NO,Certification
C08356,Statkraft AS,NO,Energy
C08357,Kongsberg Defence & Aerospace,NO,Defence
C08358,DNV GL,NO,Certification
C08359,Statkraft AS,NO,Energy
C08360,DNV GL,NO,Certification
C08361,Aker Solutions,NO,Engineering
C08362,Aker Solutions,NO,Engineering
C08363,Statkraft AS,NO,Energy
C08364,Norsk Hydro,NO,Metals
C08365,Yara International,NO,Chemicals
C08366,ABB Norway,NO,Technology
C08367,Siemens Energy,DE,Energy
C08368,ABB Norway,NO,Technology
C08369,Yara International,NO,Chemicals
C08370,Statkraft AS,NO,Energy
C08371,DNV GL,NO,Certification
C08372,Kongsberg Defence & Aerospace,NO,Defence
C08373,Statkraft AS,NO,Energy
C08374,Norsk Hydro,NO,Metals
C08375,Vestas Offshore,DK,Offshore Wind
C08376,Vestas Offshore,DK,Offshore Wind
C08377,Aker Solutions,NO,Engineering
C08378,Kongsberg Defence & Aerospace,NO,Defence
C08379,Statkraft AS,NO,Energy
C08380,Aker Solutions,NO,Engineering
C08381,ABB Norway,NO,Technology
C08382,Siemens Energy,DE,Energy
C08383,Yara International,NO,Chemicals
C08384,Norsk Hydro,NO,Metals
C08385,Norsk Hydro,NO,Metals
C08386,Yara International,NO,Chemicals
C08387,ABB Norway,NO,Technology
C08388,Siemens Energy,DE,Energy
C08389,Vestas Offshore,DK,Offshore Wind
C08390,Polish State,PL,Government
C08391,Vestas Offshore,DK,Offshore Wind
C08392,Statkraft AS,NO,Energy
C08393,Yara International,NO,Chemicals
C08394,ABB Norway,NO,Technology
C08395,Statkraft AS,NO,Energy
C08396,Aker Solutions,NO,Engineering
C08397,DNV GL,NO,Certification
C08398,Kongsberg Defence & Aerospace,NO,Defence
C08399,Kongsberg Defence & Aerospace,NO,Defence
C08400,Aker Solutions,NO,Engineering
C08401,Statkraft AS,NO,Energy
C08402,Kongsberg Defence & Aerospace,NO,Defence
C08403,Vestas Offshore,DK,Offshore Wind
C08404,Norsk Hydro,NO,Metals
C08405,Norsk Hydro,NO,Metals
C08406,Aker Solutions,NO,Engineering
C08407,Yara International,NO,Chemicals
C08408,Norsk Hydro,NO,Metals
C08409,ABB Norway,NO,Technology
C08410,Yara International,NO,Chemicals
C08411,Yara International,NO,Chemicals
C08412,Siemens Energy,DE,Energy
C08413,Aker Solutions,NO,Engineering
C08414,ABB Norway,NO,Technology
C08415,Statkraft AS,NO,Energy
C08416,Vestas Offshore,DK,Offshore Wind
C08417,Vestas Offshore,DK,Offshore Wind
C08418,Kongsberg Defence & Aerospace,NO,Defence
C08419,Polish State,PL,Government
C08420,Statkraft AS,NO,Energy
C08421,Kongsberg Defence & Aerospace,NO,Defence
C08422,Polish State,PL,Government
C08423,Kongsberg Defence & Aerospace,NO,Defence
C08424,Polish State,PL,Government
C08425,Norsk Hydro,NO,Metals
C08426,Vestas Offshore,DK,Offshore Wind
C08427,Polish State,PL,Government
C08428,Aker Solutions,NO,Engineering
C08429,DNV GL,NO,Certification
C08430,Polish State,PL,Government
C08431,Statkraft AS,NO,Energy
C08432,ABB Norway,NO,Technology
C08433,Norsk Hydro,NO,Metals
C08434,Vestas Offshore,DK,Offshore Wind
C08435,Norsk Hydro,NO,Metals
C08436,Aker Solutions,NO,Engineering
C08437,Kongsberg Defence & Aerospace,NO,Defence
C08438,Statkraft AS,NO,Energy
C08439,Vestas Offshore,DK,Offshore Wind
C08440,Vestas Offshore,DK,Offshore Wind
C08441,Norsk Hydro,NO,Metals
C08442,Norsk Hydro,NO,Metals
C08443,Norsk Hydro,NO,Metals
C08444,Kongsberg Defence & Aerospace,NO,Defence
C08445,Norsk Hydro,NO,Metals
C08446,Yara International,NO,Chemicals
C08447,Polish State,PL,Government
C08448,Polish State,PL,Government
C08449,ABB Norway,NO,Technology
C08450,Yara International,NO,Chemicals
C08451,Aker Solutions,NO,Engineering
C08452,Kongsberg Defence & Aerospace,NO,Defence
C08453,Siemens Energy,DE,Energy
C08454,Kongsberg Defence & Aerospace,NO,Defence
C08455,Statkraft AS,NO,Energy
C08456,Aker Solutions,NO,Engineering
C08457,Aker Solutions,NO,Engineering
C08458,Norsk Hydro,NO,Metals
C08459,Yara International,NO,Chemicals
C08460,Yara International,NO,Chemicals
C08461,DNV GL,NO,Certification
C08462,ABB Norway,NO,Technology
C08463,Kongsberg Defence & Aerospace,NO,Defence
C08464,Norsk Hydro,NO,Metals
C08465,Aker Solutions,NO,Engineering
C08466,Norsk Hydro,NO,Metals
C08467,DNV GL,NO,Certification
C08468,Yara International,NO,Chemicals
C08469,Yara International,NO,Chemicals
C08470,Norsk Hydro,NO,Metals
C08471,Polish State,PL,Government
C08472,Kongsberg Defence & Aerospace,NO,Defence
C08473,DNV GL,NO,Certification
C08474,Kongsberg Defence & Aerospace,NO,Defence
C08475,Aker Solutions,NO,Engineering
C08476,Yara International,NO,Chemicals
C08477,Siemens Energy,DE,Energy
C08478,DNV GL,NO,Certification
C08479,Statkraft AS,NO,Energy
C08480,ABB Norway,NO,Technology
C08481,Aker Solutions,NO,Engineering
C08482,Norsk Hydro,NO,Metals
C08483,Statkraft AS,NO,Energy
C08484,Norsk Hydro,NO,Metals
C08485,Yara International,NO,Chemicals
C08486,Siemens Energy,DE,Energy
C08487,Norsk Hydro,NO,Metals
C08488,Aker Solutions,NO,Engineering
C08489,Kongsberg Defence & Aerospace,NO,Defence
C08490,Vestas Offshore,DK,Offshore Wind
C08491,ABB Norway,NO,Technology
C08492,Polish State,PL,Government
C08493,Norsk Hydro,NO,Metals
C08494,Siemens Energy,DE,Energy
C08495,Norsk Hydro,NO,Metals
C08496,Polish State,PL,Government
C08497,DNV GL,NO,Certification
C08498,Polish State,PL,Government
C08499,Yara International,NO,Chemicals
C08500,Siemens Energy,DE,Energy
C08501,Yara International,NO,Chemicals
C08502,Norsk Hydro,NO,Metals
C08503,Vestas Offshore,DK,Offshore Wind
C08504,ABB Norway,NO,Technology
C08505,Aker Solutions,NO,Engineering
C08506,Aker Solutions,NO,Engineering
C08507,Siemens Energy,DE,Energy
C08508,Norsk Hydro,NO,Metals
C08509,Vestas Offshore,DK,Offshore Wind
C08510,Yara International,NO,Chemicals
C08511,Polish State,PL,Government
C08512,ABB Norway,NO,Technology
C08513,Statkraft AS,NO,Energy
C08514,Norsk Hydro,NO,Metals
C08515,Vestas Offshore,DK,Offshore Wind
C08516,Vestas Offshore,DK,Offshore Wind
C08517,Polish State,PL,Government
C08518,Vestas Offshore,DK,Offshore Wind
C08519,Yara International,NO,Chemicals
C08520,Norsk Hydro,NO,Metals
C08521,Statkraft AS,NO,Energy
C08522,Aker Solutions,NO,Engineering
C08523,Norsk Hydro,NO,Metals
C08524,ABB Norway,NO,Technology
C08525,Polish State,PL,Government
C08526,Polish State,PL,Government
C08527,DNV GL,NO,Certification
C08528,Kongsberg Defence & Aerospace,NO,Defence
C08529,Kongsberg Defence & Aerospace,NO,Defence
C08530,Siemens Energy,DE,Energy
C08531,ABB Norway,NO,Technology
C08532,Siemens Energy,DE,Energy
C08533,Vestas Offshore,DK,Offshore Wind
C08534,Vestas Offshore,DK,Offshore Wind
C08535,DNV GL,NO,Certification
C08536,Kongsberg Defence & Aerospace,NO,Defence
C08537,Statkraft AS,NO,Energy
C08538,Siemens Energy,DE,Energy
C08539,Aker Solutions,NO,Engineering
C08540,Statkraft AS,NO,Energy
C08541,Yara International,NO,Chemicals
C08542,Polish State,PL,Government
C08543,Statkraft AS,NO,Energy
C08544,DNV GL,NO,Certification
C08545,Polish State,PL,Government
C08546,Norsk Hydro,NO,Metals
C08547,ABB Norway,NO,Technology
C08548,Siemens Energy,DE,Energy
C08549,Siemens Energy,DE,Energy
C08550,Kongsberg Defence & Aerospace,NO,Defence
C08551,DNV GL,NO,Certification
C08552,ABB Norway,NO,Technology
C08553,Vestas Offshore,DK,Offshore Wind
C08554,DNV GL,NO,Certification
C08555,Yara International,NO,Chemicals
C08556,Statkraft AS,NO,Energy
C08557,Kongsberg Defence & Aerospace,NO,Defence
C08558,Norsk Hydro,NO,Metals
C08559,Norsk Hydro,NO,Metals
C08560,Statkraft AS,NO,Energy
C08561,Statkraft AS,NO,Energy
C08562,Yara International,NO,Chemicals
C08563,Yara International,NO,Chemicals
C08564,Statkraft AS,NO,Energy
C08565,DNV GL,NO,Certification
C08566,Kongsberg Defence & Aerospace,NO,Defence
C08567,DNV GL,NO,Certification
C08568,Statkraft AS,NO,Energy
C08569,Vestas Offshore,DK,Offshore Wind
C08570,Statkraft AS,NO,Energy
C08571,Polish State,PL,Government
C08572,Siemens Energy,DE,Energy
C08573,Vestas Offshore,DK,Offshore Wind
C08574,ABB Norway,NO,Technology
C08575,Norsk Hydro,NO,Metals
C08576,DNV GL,NO,Certification
C08577,Norsk Hydro,NO,Metals
C08578,Statkraft AS,NO,Energy
C08579,Vestas Offshore,DK,Offshore Wind
C08580,Siemens Energy,DE,Energy
C08581,Siemens Energy,DE,Energy
C08582,Vestas Offshore,DK,Offshore Wind
C08583,Statkraft AS,NO,Energy
C08584,Polish State,PL,Government
C08585,Norsk Hydro,NO,Metals
C08586,Aker Solutions,NO,Engineering
C08587,Kongsberg Defence & Aerospace,NO,Defence
C08588,Polish State,PL,Government
C08589,Norsk Hydro,NO,Metals
C08590,Siemens Energy,DE,Energy
C08591,ABB Norway,NO,Technology
C08592,DNV GL,NO,Certification
C08593,Vestas Offshore,DK,Offshore Wind
C08594,Statkraft AS,NO,Energy
C08595,ABB Norway,NO,Technology
C08596,Siemens Energy,DE,Energy
C08597,Aker Solutions,NO,Engineering
C08598,Siemens Energy,DE,Energy
C08599,Polish State,PL,Government
C08600,Vestas Offshore,DK,Offshore Wind
C08601,DNV GL,NO,Certification
C08602,Aker Solutions,NO,Engineering
C08603,Polish State,PL,Government
C08604,Vestas Offshore,DK,Offshore Wind
C08605,Aker Solutions,NO,Engineering
C08606,Aker Solutions,NO,Engineering
C08607,Aker Solutions,NO,Engineering
C08608,Norsk Hydro,NO,Metals
C08609,DNV GL,NO,Certification
C08610,Siemens Energy,DE,Energy
C08611,Kongsberg Defence & Aerospace,NO,Defence
C08612,Norsk Hydro,NO,Metals
C08613,Vestas Offshore,DK,Offshore Wind
C08614,Kongsberg Defence & Aerospace,NO,Defence
C08615,DNV GL,NO,Certification
C08616,Statkraft AS,NO,Energy
C08617,Statkraft AS,NO,Energy
C08618,Siemens Energy,DE,Energy
C08619,Siemens Energy,DE,Energy
C08620,Aker Solutions,NO,Engineering
C08621,Vestas Offshore,DK,Offshore Wind
C08622,Aker Solutions,NO,Engineering
C08623,Kongsberg Defence & Aerospace,NO,Defence
C08624,Aker Solutions,NO,Engineering
C08625,Kongsberg Defence & Aerospace,NO,Defence
C08626,Vestas Offshore,DK,Offshore Wind
C08627,Yara International,NO,Chemicals
C08628,Kongsberg Defence & Aerospace,NO,Defence
C08629,DNV GL,NO,Certification
C08630,ABB Norway,NO,Technology
C08631,Aker Solutions,NO,Engineering
C08632,Aker Solutions,NO,Engineering
C08633,DNV GL,NO,Certification
C08634,ABB Norway,NO,Technology
C08635,Siemens Energy,DE,Energy
C08636,Siemens Energy,DE,Energy
C08637,Kongsberg Defence & Aerospace,NO,Defence
C08638,ABB Norway,NO,Technology
C08639,DNV GL,NO,Certification
C08640,Yara International,NO,Chemicals
C08641,Vestas Offshore,DK,Offshore Wind
C08642,Aker Solutions,NO,Engineering
C08643,Norsk Hydro,NO,Metals
C08644,Polish State,PL,Government
C08645,DNV GL,NO,Certification
C08646,Yara International,NO,Chemicals
C08647,Yara International,NO,Chemicals
C08648,Norsk Hydro,NO,Metals
C08649,Siemens Energy,DE,Energy
C08650,Aker Solutions,NO,Engineering
C08651,Polish State,PL,Government
C08652,ABB Norway,NO,Technology
C08653,Statkraft AS,NO,Energy
C08654,Kongsberg Defence & Aerospace,NO,Defence
C08655,DNV GL,NO,Certification
C08656,Siemens Energy,DE,Energy
C08657,Aker Solutions,NO,Engineering
C08658,Vestas Offshore,DK,Offshore Wind
C08659,DNV GL,NO,Certification
C08660,DNV GL,NO,Certification
C08661,ABB Norway,NO,Technology
C08662,Polish State,PL,Government
C08663,Statkraft AS,NO,Energy
C08664,DNV GL,NO,Certification
C08665,DNV GL,NO,Certification
C08666,ABB Norway,NO,Technology
C08667,DNV GL,NO,Certification
C08668,Siemens Energy,DE,Energy
C08669,Vestas Offshore,DK,Offshore Wind
C08670,Kongsberg Defence & Aerospace,NO,Defence
C08671,Kongsberg Defence & Aerospace,NO,Defence
C08672,DNV GL,NO,Certification
C08673,Yara International,NO,Chemicals
C08674,ABB Norway,NO,Technology
C08675,Polish State,PL,Government
C08676,ABB Norway,NO,Technology
C08677,Aker Solutions,NO,Engineering
C08678,DNV GL,NO,Certification
C08679,Statkraft AS,NO,Energy
C08680,Kongsberg Defence & Aerospace,NO,Defence
C08681,Siemens Energy,DE,Energy
C08682,ABB Norway,NO,Technology
C08683,DNV GL,NO,Certification
C08684,Siemens Energy,DE,Energy
C08685,Statkraft AS,NO,Energy
C08686,Kongsberg Defence & Aerospace,NO,Defence
C08687,Statkraft AS,NO,Energy
C08688,Norsk Hydro,NO,Metals
C08689,ABB Norway,NO,Technology
C08690,Yara International,NO,Chemicals
C08691,Kongsberg Defence & Aerospace,NO,Defence
C08692,Norsk Hydro,NO,Metals
C08693,Siemens Energy,DE,Energy
C08694,Polish State,PL,Government
C08695,Yara International,NO,Chemicals
C08696,Yara International,NO,Chemicals
C08697,DNV GL,NO,Certification
C08698,Yara International,NO,Chemicals
C08699,Polish State,PL,Government
C08700,Siemens Energy,DE,Energy
C08701,ABB Norway,NO,Technology
C08702,ABB Norway,NO,Technology
C08703,Yara International,NO,Chemicals
C08704,Vestas Offshore,DK,Offshore Wind
C08705,Aker Solutions,NO,Engineering
C08706,DNV GL,NO,Certification
C08707,Polish State,PL,Government
C08708,Statkraft AS,NO,Energy
C08709,Siemens Energy,DE,Energy
C08710,DNV GL,NO,Certification
C08711,Yara International,NO,Chemicals
C08712,Polish State,PL,Government
C08713,Siemens Energy,DE,Energy
C08714,Norsk Hydro,NO,Metals
C08715,Statkraft AS,NO,Energy
C08716,Vestas Offshore,DK,Offshore Wind
C08717,Aker Solutions,NO,Engineering
C08718,Aker Solutions,NO,Engineering
C08719,Statkraft AS,NO,Energy
C08720,Statkraft AS,NO,Energy
C08721,Kongsberg Defence & Aerospace,NO,Defence
C08722,Aker Solutions,NO,Engineering
C08723,Vestas Offshore,DK,Offshore Wind
C08724,Norsk Hydro,NO,Metals
C08725,Polish State,PL,Government
C08726,Norsk Hydro,NO,Metals
C08727,Statkraft AS,NO,Energy
C08728,Siemens Energy,DE,Energy
C08729,DNV GL,NO,Certification
C08730,Aker Solutions,NO,Engineering
C08731,Yara International,NO,Chemicals
C08732,DNV GL,NO,Certification
C08733,DNV GL,NO,Certification
C08734,Aker Solutions,NO,Engineering
C08735,ABB Norway,NO,Technology
C08736,Yara International,NO,Chemicals
C08737,Norsk Hydro,NO,Metals
C08738,Aker Solutions,NO,Engineering
C08739,Norsk Hydro,NO,Metals
C08740,Norsk Hydro,NO,Metals
C08741,Aker Solutions,NO,Engineering
C08742,Vestas Offshore,DK,Offshore Wind
C08743,Vestas Offshore,DK,Offshore Wind
C08744,DNV GL,NO,Certification
C08745,Vestas Offshore,DK,Offshore Wind
C08746,Norsk Hydro,NO,Metals
C08747,Norsk Hydro,NO,Metals
C08748,Vestas Offshore,DK,Offshore Wind
C08749,DNV GL,NO,Certification
C08750,DNV GL,NO,Certification
C08751,Statkraft AS,NO,Energy
C08752,Polish State,PL,Government
C08753,Norsk Hydro,NO,Metals
C08754,Norsk Hydro,NO,Metals
C08755,Kongsberg Defence & Aerospace,NO,Defence
C08756,Vestas Offshore,DK,Offshore Wind
C08757,DNV GL,NO,Certification
C08758,Siemens Energy,DE,Energy
C08759,Statkraft AS,NO,Energy
C08760,Yara International,NO,Chemicals
C08761,Aker Solutions,NO,Engineering
C08762,Statkraft AS,NO,Energy
C08763,Statkraft AS,NO,Energy
C08764,Siemens Energy,DE,Energy
C08765,Yara International,NO,Chemicals
C08766,ABB Norway,NO,Technology
C08767,Kongsberg Defence & Aerospace,NO,Defence
C08768,DNV GL,NO,Certification
C08769,Vestas Offshore,DK,Offshore Wind
C08770,Statkraft AS,NO,Energy
C08771,Siemens Energy,DE,Energy
C08772,ABB Norway,NO,Technology
C08773,Siemens Energy,DE,Energy
C08774,ABB Norway,NO,Technology
C08775,ABB Norway,NO,Technology
C08776,Norsk Hydro,NO,Metals
C08777,Kongsberg Defence & Aerospace,NO,Defence
C08778,Vestas Offshore,DK,Offshore Wind
C08779,Vestas Offshore,DK,Offshore Wind
C08780,Yara International,NO,Chemicals
C08781,Aker Solutions,NO,Engineering
C08782,Kongsberg Defence & Aerospace,NO,Defence
C08783,ABB Norway,NO,Technology
C08784,ABB Norway,NO,Technology
C08785,Polish State,PL,Government
C08786,Vestas Offshore,DK,Offshore Wind
C08787,Norsk Hydro,NO,Metals
C08788,Kongsberg Defence & Aerospace,NO,Defence
C08789,Statkraft AS,NO,Energy
C08790,DNV GL,NO,Certification
C08791,Siemens Energy,DE,Energy
C08792,Statkraft AS,NO,Energy
C08793,Kongsberg Defence & Aerospace,NO,Defence
C08794,Aker Solutions,NO,Engineering
C08795,Norsk Hydro,NO,Metals
C08796,Yara International,NO,Chemicals
C08797,ABB Norway,NO,Technology
C08798,Yara International,NO,Chemicals
C08799,Norsk Hydro,NO,Metals
C08800,Siemens Energy,DE,Energy
C08801,Aker Solutions,NO,Engineering
C08802,Norsk Hydro,NO,Metals
C08803,Yara International,NO,Chemicals
C08804,Vestas Offshore,DK,Offshore Wind
C08805,Vestas Offshore,DK,Offshore Wind
C08806,DNV GL,NO,Certification
C08807,Norsk Hydro,NO,Metals
C08808,Norsk Hydro,NO,Metals
C08809,Norsk Hydro,NO,Metals
C08810,Vestas Offshore,DK,Offshore Wind
C08811,Siemens Energy,DE,Energy
C08812,Statkraft AS,NO,Energy
C08813,Yara International,NO,Chemicals
C08814,Yara International,NO,Chemicals
C08815,Aker Solutions,NO,Engineering
C08816,Aker Solutions,NO,Engineering
C08817,Polish State,PL,Government
C08818,Aker Solutions,NO,Engineering
C08819,Siemens Energy,DE,Energy
C08820,DNV GL,NO,Certification
C08821,Kongsberg Defence & Aerospace,NO,Defence
C08822,Norsk Hydro,NO,Metals
C08823,ABB Norway,NO,Technology
C08824,Statkraft AS,NO,Energy
C08825,Vestas Offshore,DK,Offshore Wind
C08826,Kongsberg Defence & Aerospace,NO,Defence
C08827,Yara International,NO,Chemicals
C08828,ABB Norway,NO,Technology
C08829,DNV GL,NO,Certification
C08830,Statkraft AS,NO,Energy
C08831,DNV GL,NO,Certification
C08832,Statkraft AS,NO,Energy
C08833,Polish State,PL,Government
C08834,Yara International,NO,Chemicals
C08835,DNV GL,NO,Certification
C08836,Yara International,NO,Chemicals
C08837,Kongsberg Defence & Aerospace,NO,Defence
C08838,Yara International,NO,Chemicals
C08839,DNV GL,NO,Certification
C08840,Polish State,PL,Government
C08841,Norsk Hydro,NO,Metals
C08842,DNV GL,NO,Certification
C08843,Kongsberg Defence & Aerospace,NO,Defence
C08844,Statkraft AS,NO,Energy
C08845,DNV GL,NO,Certification
C08846,Vestas Offshore,DK,Offshore Wind
C08847,Kongsberg Defence & Aerospace,NO,Defence
C08848,ABB Norway,NO,Technology
C08849,Polish State,PL,Government
C08850,Polish State,PL,Government
C08851,Yara International,NO,Chemicals
C08852,Norsk Hydro,NO,Metals
C08853,Statkraft AS,NO,Energy
C08854,DNV GL,NO,Certification
C08855,Yara International,NO,Chemicals
C08856,Siemens Energy,DE,Energy
C08857,Aker Solutions,NO,Engineering
C08858,Yara International,NO,Chemicals
C08859,Kongsberg Defence & Aerospace,NO,Defence
C08860,Norsk Hydro,NO,Metals
C08861,Kongsberg Defence & Aerospace,NO,Defence
C08862,Siemens Energy,DE,Energy
C08863,Aker Solutions,NO,Engineering
C08864,Vestas Offshore,DK,Offshore Wind
C08865,Aker Solutions,NO,Engineering
C08866,Kongsberg Defence & Aerospace,NO,Defence
C08867,DNV GL,NO,Certification
C08868,Siemens Energy,DE,Energy
C08869,Aker Solutions,NO,Engineering
C08870,ABB Norway,NO,Technology
C08871,Statkraft AS,NO,Energy
C08872,Statkraft AS,NO,Energy
C08873,Statkraft AS,NO,Energy
C08874,DNV GL,NO,Certification
C08875,Vestas Offshore,DK,Offshore Wind
C08876,ABB Norway,NO,Technology
C08877,Vestas Offshore,DK,Offshore Wind
C08878,Vestas Offshore,DK,Offshore Wind
C08879,ABB Norway,NO,Technology
C08880,Statkraft AS,NO,Energy
C08881,Vestas Offshore,DK,Offshore Wind
C08882,ABB Norway,NO,Technology
C08883,Aker Solutions,NO,Engineering
C08884,Vestas Offshore,DK,Offshore Wind
C08885,Kongsberg Defence & Aerospace,NO,Defence
C08886,Yara International,NO,Chemicals
C08887,Siemens Energy,DE,Energy
C08888,Vestas Offshore,DK,Offshore Wind
C08889,Kongsberg Defence & Aerospace,NO,Defence
C08890,Kongsberg Defence & Aerospace,NO,Defence
C08891,ABB Norway,NO,Technology
C08892,Aker Solutions,NO,Engineering
C08893,Statkraft AS,NO,Energy
C08894,Siemens Energy,DE,Energy
C08895,Vestas Offshore,DK,Offshore Wind
C08896,Aker Solutions,NO,Engineering
C08897,Siemens Energy,DE,Energy
C08898,ABB Norway,NO,Technology
C08899,Aker Solutions,NO,Engineering
C08900,Statkraft AS,NO,Energy
C08901,Kongsberg Defence & Aerospace,NO,Defence
C08902,Polish State,PL,Government
C08903,Polish State,PL,Government
C08904,Yara International,NO,Chemicals
C08905,Yara International,NO,Chemicals
C08906,Polish State,PL,Government
C08907,Norsk Hydro,NO,Metals
C08908,DNV GL,NO,Certification
C08909,DNV GL,NO,Certification
C08910,Aker Solutions,NO,Engineering
C08911,Statkraft AS,NO,Energy
C08912,ABB Norway,NO,Technology
C08913,Kongsberg Defence & Aerospace,NO,Defence
C08914,Siemens Energy,DE,Energy
C08915,Norsk Hydro,NO,Metals
C08916,DNV GL,NO,Certification
C08917,Aker Solutions,NO,Engineering
C08918,Statkraft AS,NO,Energy
C08919,Norsk Hydro,NO,Metals
C08920,Kongsberg Defence & Aerospace,NO,Defence
C08921,Aker Solutions,NO,Engineering
C08922,Polish State,PL,Government
C08923,Kongsberg Defence & Aerospace,NO,Defence
C08924,ABB Norway,NO,Technology
C08925,DNV GL,NO,Certification
C08926,Yara International,NO,Chemicals
C08927,Statkraft AS,NO,Energy
C08928,Polish State,PL,Government
C08929,DNV GL,NO,Certification
C08930,Vestas Offshore,DK,Offshore Wind
C08931,ABB Norway,NO,Technology
C08932,Yara International,NO,Chemicals
C08933,Aker Solutions,NO,Engineering
C08934,Norsk Hydro,NO,Metals
C08935,Statkraft AS,NO,Energy
C08936,DNV GL,NO,Certification
C08937,Polish State,PL,Government
C08938,Vestas Offshore,DK,Offshore Wind
C08939,Siemens Energy,DE,Energy
C08940,DNV GL,NO,Certification
C08941,Vestas Offshore,DK,Offshore Wind
C08942,Polish State,PL,Government
C08943,DNV GL,NO,Certification
C08944,Aker Solutions,NO,Engineering
C08945,DNV GL,NO,Certification
C08946,Norsk Hydro,NO,Metals
C08947,Kongsberg Defence & Aerospace,NO,Defence
C08948,Kongsberg Defence & Aerospace,NO,Defence
C08949,Norsk Hydro,NO,Metals
C08950,Yara International,NO,Chemicals
C08951,ABB Norway,NO,Technology
C08952,Vestas Offshore,DK,Offshore Wind
C08953,Kongsberg Defence & Aerospace,NO,Defence
C08954,Kongsberg Defence & Aerospace,NO,Defence
C08955,Norsk Hydro,NO,Metals
C08956,ABB Norway,NO,Technology
C08957,Yara International,NO,Chemicals
C08958,ABB Norway,NO,Technology
C08959,Aker Solutions,NO,Engineering
C08960,Siemens Energy,DE,Energy
C08961,Polish State,PL,Government
C08962,Yara International,NO,Chemicals
C08963,DNV GL,NO,Certification
C08964,ABB Norway,NO,Technology
C08965,Kongsberg Defence & Aerospace,NO,Defence
C08966,Vestas Offshore,DK,Offshore Wind
C08967,DNV GL,NO,Certification
C08968,Yara International,NO,Chemicals
C08969,Statkraft AS,NO,Energy
C08970,ABB Norway,NO,Technology
C08971,Statkraft AS,NO,Energy
C08972,Aker Solutions,NO,Engineering
C08973,Statkraft AS,NO,Energy
C08974,Vestas Offshore,DK,Offshore Wind
C08975,DNV GL,NO,Certification
C08976,ABB Norway,NO,Technology
C08977,Aker Solutions,NO,Engineering
C08978,Polish State,PL,Government
C08979,Yara International,NO,Chemicals
C08980,DNV GL,NO,Certification
C08981,Siemens Energy,DE,Energy
C08982,Siemens Energy,DE,Energy
C08983,ABB Norway,NO,Technology
C08984,Norsk Hydro,NO,Metals
C08985,ABB Norway,NO,Technology
C08986,Polish State,PL,Government
C08987,Siemens Energy,DE,Energy
C08988,Siemens Energy,DE,Energy
C08989,Polish State,PL,Government
C08990,Norsk Hydro,NO,Metals
C08991,Yara International,NO,Chemicals
C08992,Siemens Energy,DE,Energy
C08993,Kongsberg Defence & Aerospace,NO,Defence
C08994,Vestas Offshore,DK,Offshore Wind
C08995,Kongsberg Defence & Aerospace,NO,Defence
C08996,Yara International,NO,Chemicals
C08997,Norsk Hydro,NO,Metals
C08998,Kongsberg Defence & Aerospace,NO,Defence
C08999,Kongsberg Defence & Aerospace,NO,Defence
C09000,Vestas Offshore,DK,Offshore Wind
C09001,Aker Solutions,NO,Engineering
C09002,DNV GL,NO,Certification
C09003,Norsk Hydro,NO,Metals
C09004,Aker Solutions,NO,Engineering
C09005,DNV GL,NO,Certification
C09006,Statkraft AS,NO,Energy
C09007,Statkraft AS,NO,Energy
C09008,DNV GL,NO,Certification
C09009,Kongsberg Defence & Aerospace,NO,Defence
C09010,Norsk Hydro,NO,Metals
C09011,Statkraft AS,NO,Energy
C09012,Siemens Energy,DE,Energy
C09013,Aker Solutions,NO,Engineering
C09014,Yara International,NO,Chemicals
C09015,Siemens Energy,DE,Energy
C09016,Aker Solutions,NO,Engineering
C09017,Vestas Offshore,DK,Offshore Wind
C09018,Kongsberg Defence & Aerospace,NO,Defence
C09019,Statkraft AS,NO,Energy
C09020,Norsk Hydro,NO,Metals
C09021,Siemens Energy,DE,Energy
C09022,Polish State,PL,Government
C09023,Norsk Hydro,NO,Metals
C09024,Kongsberg Defence & Aerospace,NO,Defence
C09025,Polish State,PL,Government
C09026,Kongsberg Defence & Aerospace,NO,Defence
C09027,ABB Norway,NO,Technology
C09028,Siemens Energy,DE,Energy
C09029,Polish State,PL,Government
C09030,Statkraft AS,NO,Energy
C09031,Yara International,NO,Chemicals
C09032,ABB Norway,NO,Technology
C09033,Polish State,PL,Government
C09034,Polish State,PL,Government
C09035,Norsk Hydro,NO,Metals
C09036,Siemens Energy,DE,Energy
C09037,Kongsberg Defence & Aerospace,NO,Defence
C09038,ABB Norway,NO,Technology
C09039,Norsk Hydro,NO,Metals
C09040,Yara International,NO,Chemicals
C09041,Polish State,PL,Government
C09042,Kongsberg Defence & Aerospace,NO,Defence
C09043,Polish State,PL,Government
C09044,Aker Solutions,NO,Engineering
C09045,Statkraft AS,NO,Energy
C09046,ABB Norway,NO,Technology
C09047,Yara International,NO,Chemicals
C09048,DNV GL,NO,Certification
C09049,Norsk Hydro,NO,Metals
C09050,Vestas Offshore,DK,Offshore Wind
C09051,DNV GL,NO,Certification
C09052,Polish State,PL,Government
C09053,Yara International,NO,Chemicals
C09054,Yara International,NO,Chemicals
C09055,Yara International,NO,Chemicals
C09056,Vestas Offshore,DK,Offshore Wind
C09057,Statkraft AS,NO,Energy
C09058,Yara International,NO,Chemicals
C09059,Vestas Offshore,DK,Offshore Wind
C09060,Statkraft AS,NO,Energy
C09061,Vestas Offshore,DK,Offshore Wind
C09062,ABB Norway,NO,Technology
C09063,Yara International,NO,Chemicals
C09064,Polish State,PL,Government
C09065,DNV GL,NO,Certification
C09066,ABB Norway,NO,Technology
C09067,Polish State,PL,Government
C09068,Kongsberg Defence & Aerospace,NO,Defence
C09069,DNV GL,NO,Certification
C09070,Yara International,NO,Chemicals
C09071,ABB Norway,NO,Technology
C09072,DNV GL,NO,Certification
C09073,Norsk Hydro,NO,Metals
C09074,Kongsberg Defence & Aerospace,NO,Defence
C09075,Aker Solutions,NO,Engineering
C09076,Kongsberg Defence & Aerospace,NO,Defence
C09077,Siemens Energy,DE,Energy
C09078,Aker Solutions,NO,Engineering
C09079,Aker Solutions,NO,Engineering
C09080,ABB Norway,NO,Technology
C09081,Statkraft AS,NO,Energy
C09082,DNV GL,NO,Certification
C09083,Norsk Hydro,NO,Metals
C09084,Norsk Hydro,NO,Metals
C09085,Siemens Energy,DE,Energy
C09086,DNV GL,NO,Certification
C09087,Kongsberg Defence & Aerospace,NO,Defence
C09088,Polish State,PL,Government
C09089,Kongsberg Defence & Aerospace,NO,Defence
C09090,ABB Norway,NO,Technology
C09091,Aker Solutions,NO,Engineering
C09092,DNV GL,NO,Certification
C09093,Norsk Hydro,NO,Metals
C09094,Siemens Energy,DE,Energy
C09095,Kongsberg Defence & Aerospace,NO,Defence
C09096,Aker Solutions,NO,Engineering
C09097,Polish State,PL,Government
C09098,Siemens Energy,DE,Energy
C09099,Statkraft AS,NO,Energy
C09100,Yara International,NO,Chemicals
C09101,Kongsberg Defence & Aerospace,NO,Defence
C09102,Polish State,PL,Government
C09103,Aker Solutions,NO,Engineering
C09104,Statkraft AS,NO,Energy
C09105,Polish State,PL,Government
C09106,Polish State,PL,Government
C09107,Vestas Offshore,DK,Offshore Wind
C09108,Siemens Energy,DE,Energy
C09109,ABB Norway,NO,Technology
C09110,Statkraft AS,NO,Energy
C09111,Statkraft AS,NO,Energy
C09112,Kongsberg Defence & Aerospace,NO,Defence
C09113,Norsk Hydro,NO,Metals
C09114,Aker Solutions,NO,Engineering
C09115,Kongsberg Defence & Aerospace,NO,Defence
C09116,Yara International,NO,Chemicals
C09117,Siemens Energy,DE,Energy
C09118,ABB Norway,NO,Technology
C09119,Polish State,PL,Government
C09120,Statkraft AS,NO,Energy
C09121,Norsk Hydro,NO,Metals
C09122,Polish State,PL,Government
C09123,Siemens Energy,DE,Energy
C09124,Kongsberg Defence & Aerospace,NO,Defence
C09125,Siemens Energy,DE,Energy
C09126,DNV GL,NO,Certification
C09127,Polish State,PL,Government
C09128,Statkraft AS,NO,Energy
C09129,Yara International,NO,Chemicals
C09130,Yara International,NO,Chemicals
C09131,Norsk Hydro,NO,Metals
C09132,Statkraft AS,NO,Energy
C09133,Norsk Hydro,NO,Metals
C09134,Yara International,NO,Chemicals
C09135,Statkraft AS,NO,Energy
C09136,Statkraft AS,NO,Energy
C09137,Kongsberg Defence & Aerospace,NO,Defence
C09138,Kongsberg Defence & Aerospace,NO,Defence
C09139,Aker Solutions,NO,Engineering
C09140,Siemens Energy,DE,Energy
C09141,Statkraft AS,NO,Energy
C09142,Vestas Offshore,DK,Offshore Wind
C09143,Kongsberg Defence & Aerospace,NO,Defence
C09144,Norsk Hydro,NO,Metals
C09145,Kongsberg Defence & Aerospace,NO,Defence
C09146,ABB Norway,NO,Technology
C09147,Yara International,NO,Chemicals
C09148,Aker Solutions,NO,Engineering
C09149,Statkraft AS,NO,Energy
C09150,Statkraft AS,NO,Energy
C09151,Kongsberg Defence & Aerospace,NO,Defence
C09152,DNV GL,NO,Certification
C09153,Kongsberg Defence & Aerospace,NO,Defence
C09154,ABB Norway,NO,Technology
C09155,Aker Solutions,NO,Engineering
C09156,Aker Solutions,NO,Engineering
C09157,Statkraft AS,NO,Energy
C09158,Yara International,NO,Chemicals
C09159,Aker Solutions,NO,Engineering
C09160,Polish State,PL,Government
C09161,Yara International,NO,Chemicals
C09162,Yara International,NO,Chemicals
C09163,Kongsberg Defence & Aerospace,NO,Defence
C09164,Norsk Hydro,NO,Metals
C09165,Aker Solutions,NO,Engineering
C09166,Norsk Hydro,NO,Metals
C09167,Aker Solutions,NO,Engineering
C09168,Yara International,NO,Chemicals
C09169,Yara International,NO,Chemicals
C09170,Statkraft AS,NO,Energy
C09171,Siemens Energy,DE,Energy
C09172,Kongsberg Defence & Aerospace,NO,Defence
C09173,Norsk Hydro,NO,Metals
C09174,DNV GL,NO,Certification
C09175,Siemens Energy,DE,Energy
C09176,Yara International,NO,Chemicals
C09177,Polish State,PL,Government
C09178,Statkraft AS,NO,Energy
C09179,Statkraft AS,NO,Energy
C09180,Kongsberg Defence & Aerospace,NO,Defence
C09181,Yara International,NO,Chemicals
C09182,Statkraft AS,NO,Energy
C09183,Yara International,NO,Chemicals
C09184,Polish State,PL,Government
C09185,Yara International,NO,Chemicals
C09186,Vestas Offshore,DK,Offshore Wind
C09187,DNV GL,NO,Certification
C09188,ABB Norway,NO,Technology
C09189,Siemens Energy,DE,Energy
C09190,Aker Solutions,NO,Engineering
C09191,Norsk Hydro,NO,Metals
C09192,Yara International,NO,Chemicals
C09193,Norsk Hydro,NO,Metals
C09194,Vestas Offshore,DK,Offshore Wind
C09195,Polish State,PL,Government
C09196,Vestas Offshore,DK,Offshore Wind
C09197,Kongsberg Defence & Aerospace,NO,Defence
C09198,Kongsberg Defence & Aerospace,NO,Defence
C09199,Vestas Offshore,DK,Offshore Wind
C09200,ABB Norway,NO,Technology
C09201,Yara International,NO,Chemicals
C09202,Aker Solutions,NO,Engineering
C09203,DNV GL,NO,Certification
C09204,Siemens Energy,DE,Energy
C09205,ABB Norway,NO,Technology
C09206,Yara International,NO,Chemicals
C09207,DNV GL,NO,Certification
C09208,Vestas Offshore,DK,Offshore Wind
C09209,Vestas Offshore,DK,Offshore Wind
C09210,Norsk Hydro,NO,Metals
C09211,ABB Norway,NO,Technology
C09212,Yara International,NO,Chemicals
C09213,Siemens Energy,DE,Energy
C09214,ABB Norway,NO,Technology
C09215,Siemens Energy,DE,Energy
C09216,Kongsberg Defence & Aerospace,NO,Defence
C09217,DNV GL,NO,Certification
C09218,Yara International,NO,Chemicals
C09219,Vestas Offshore,DK,Offshore Wind
C09220,Kongsberg Defence & Aerospace,NO,Defence
C09221,Polish State,PL,Government
C09222,DNV GL,NO,Certification
C09223,DNV GL,NO,Certification
C09224,Kongsberg Defence & Aerospace,NO,Defence
C09225,Aker Solutions,NO,Engineering
C09226,Siemens Energy,DE,Energy
C09227,Polish State,PL,Government
C09228,Polish State,PL,Government
C09229,Polish State,PL,Government
C09230,Statkraft AS,NO,Energy
C09231,Siemens Energy,DE,Energy
C09232,Polish State,PL,Government
C09233,Norsk Hydro,NO,Metals
C09234,Norsk Hydro,NO,Metals
C09235,Yara International,NO,Chemicals
C09236,Siemens Energy,DE,Energy
C09237,Yara International,NO,Chemicals
C09238,Yara International,NO,Chemicals
C09239,Siemens Energy,DE,Energy
C09240,Yara International,NO,Chemicals
C09241,ABB Norway,NO,Technology
C09242,Aker Solutions,NO,Engineering
C09243,Siemens Energy,DE,Energy
C09244,Vestas Offshore,DK,Offshore Wind
C09245,Statkraft AS,NO,Energy
C09246,Norsk Hydro,NO,Metals
C09247,Kongsberg Defence & Aerospace,NO,Defence
C09248,Norsk Hydro,NO,Metals
C09249,Polish State,PL,Government
C09250,Kongsberg Defence & Aerospace,NO,Defence
C09251,Polish State,PL,Government
C09252,Polish State,PL,Government
C09253,Norsk Hydro,NO,Metals
C09254,Yara International,NO,Chemicals
C09255,Polish State,PL,Government
C09256,Polish State,PL,Government
C09257,Norsk Hydro,NO,Metals
C09258,Siemens Energy,DE,Energy
C09259,Aker Solutions,NO,Engineering
C09260,Polish State,PL,Government
C09261,Aker Solutions,NO,Engineering
C09262,Vestas Offshore,DK,Offshore Wind
C09263,Kongsberg Defence & Aerospace,NO,Defence
C09264,Siemens Energy,DE,Energy
C09265,Kongsberg Defence & Aerospace,NO,Defence
C09266,Statkraft AS,NO,Energy
C09267,Siemens Energy,DE,Energy
C09268,Kongsberg Defence & Aerospace,NO,Defence
C09269,DNV GL,NO,Certification
C09270,Statkraft AS,NO,Energy
C09271,Vestas Offshore,DK,Offshore Wind
C09272,ABB Norway,NO,Technology
C09273,Norsk Hydro,NO,Metals
C09274,Polish State,PL,Government
C09275,Yara International,NO,Chemicals
C09276,Siemens Energy,DE,Energy
C09277,Kongsberg Defence & Aerospace,NO,Defence
C09278,Kongsberg Defence & Aerospace,NO,Defence
C09279,Polish State,PL,Government
C09280,Polish State,PL,Government
C09281,ABB Norway,NO,Technology
C09282,Vestas Offshore,DK,Offshore Wind
C09283,Polish State,PL,Government
C09284,ABB Norway,NO,Technology
C09285,Vestas Offshore,DK,Offshore Wind
C09286,Siemens Energy,DE,Energy
C09287,DNV GL,NO,Certification
C09288,Polish State,PL,Government
C09289,Vestas Offshore,DK,Offshore Wind
C09290,Polish State,PL,Government
C09291,Kongsberg Defence & Aerospace,NO,Defence
C09292,Vestas Offshore,DK,Offshore Wind
C09293,ABB Norway,NO,Technology
C09294,Statkraft AS,NO,Energy
C09295,Kongsberg Defence & Aerospace,NO,Defence
C09296,Vestas Offshore,DK,Offshore Wind
C09297,Aker Solutions,NO,Engineering
C09298,Statkraft AS,NO,Energy
C09299,Siemens Energy,DE,Energy
C09300,Polish State,PL,Government
C09301,ABB Norway,NO,Technology
C09302,Norsk Hydro,NO,Metals
C09303,Polish State,PL,Government
C09304,Siemens Energy,DE,Energy
C09305,Siemens Energy,DE,Energy
C09306,Vestas Offshore,DK,Offshore Wind
C09307,DNV GL,NO,Certification
C09308,Yara International,NO,Chemicals
C09309,Aker Solutions,NO,Engineering
C09310,Statkraft AS,NO,Energy
C09311,Statkraft AS,NO,Energy
C09312,Vestas Offshore,DK,Offshore Wind
C09313,Vestas Offshore,DK,Offshore Wind
C09314,Polish State,PL,Government
C09315,Polish State,PL,Government
C09316,DNV GL,NO,Certification
C09317,Aker Solutions,NO,Engineering
C09318,Siemens Energy,DE,Energy
C09319,Siemens Energy,DE,Energy
C09320,Yara International,NO,Chemicals
C09321,Aker Solutions,NO,Engineering
C09322,Polish State,PL,Government
C09323,Kongsberg Defence & Aerospace,NO,Defence
C09324,Yara International,NO,Chemicals
C09325,Yara International,NO,Chemicals
C09326,Polish State,PL,Government
C09327,DNV GL,NO,Certification
C09328,ABB Norway,NO,Technology
C09329,Vestas Offshore,DK,Offshore Wind
C09330,Siemens Energy,DE,Energy
C09331,Polish State,PL,Government
C09332,Kongsberg Defence & Aerospace,NO,Defence
C09333,ABB Norway,NO,Technology
C09334,Vestas Offshore,DK,Offshore Wind
C09335,DNV GL,NO,Certification
C09336,Yara International,NO,Chemicals
C09337,Norsk Hydro,NO,Metals
C09338,Polish State,PL,Government
C09339,Statkraft AS,NO,Energy
C09340,Norsk Hydro,NO,Metals
C09341,Yara International,NO,Chemicals
C09342,Statkraft AS,NO,Energy
C09343,Vestas Offshore,DK,Offshore Wind
C09344,DNV GL,NO,Certification
C09345,Aker Solutions,NO,Engineering
C09346,DNV GL,NO,Certification
C09347,Siemens Energy,DE,Energy
C09348,Norsk Hydro,NO,Metals
C09349,DNV GL,NO,Certification
C09350,Norsk Hydro,NO,Metals
C09351,Vestas Offshore,DK,Offshore Wind
C09352,Siemens Energy,DE,Energy
C09353,Siemens Energy,DE,Energy
C09354,DNV GL,NO,Certification
C09355,Norsk Hydro,NO,Metals
C09356,Norsk Hydro,NO,Metals
C09357,Norsk Hydro,NO,Metals
C09358,ABB Norway,NO,Technology
C09359,Yara International,NO,Chemicals
C09360,Aker Solutions,NO,Engineering
C09361,Yara International,NO,Chemicals
C09362,Kongsberg Defence & Aerospace,NO,Defence
C09363,Polish State,PL,Government
C09364,Polish State,PL,Government
C09365,Polish State,PL,Government
C09366,Norsk Hydro,NO,Metals
C09367,Polish State,PL,Government
C09368,Aker Solutions,NO,Engineering
C09369,Polish State,PL,Government
C09370,ABB Norway,NO,Technology
C09371,Aker Solutions,NO,Engineering
C09372,Aker Solutions,NO,Engineering
C09373,Yara International,NO,Chemicals
C09374,Vestas Offshore,DK,Offshore Wind
C09375,Siemens Energy,DE,Energy
C09376,ABB Norway,NO,Technology
C09377,DNV GL,NO,Certification
C09378,Statkraft AS,NO,Energy
C09379,Vestas Offshore,DK,Offshore Wind
C09380,Statkraft AS,NO,Energy
C09381,ABB Norway,NO,Technology
C09382,Norsk Hydro,NO,Metals
C09383,DNV GL,NO,Certification
C09384,Siemens Energy,DE,Energy
C09385,Polish State,PL,Government
C09386,Yara International,NO,Chemicals
C09387,Kongsberg Defence & Aerospace,NO,Defence
C09388,Norsk Hydro,NO,Metals
C09389,DNV GL,NO,Certification
C09390,Yara International,NO,Chemicals
C09391,Siemens Energy,DE,Energy
C09392,Aker Solutions,NO,Engineering
C09393,Norsk Hydro,NO,Metals
C09394,Norsk Hydro,NO,Metals
C09395,Aker Solutions,NO,Engineering
C09396,Aker Solutions,NO,Engineering
C09397,Siemens Energy,DE,Energy
C09398,Norsk Hydro,NO,Metals
C09399,Siemens Energy,DE,Energy
C09400,ABB Norway,NO,Technology
C09401,Aker Solutions,NO,Engineering
C09402,Kongsberg Defence & Aerospace,NO,Defence
C09403,Vestas Offshore,DK,Offshore Wind
C09404,Norsk Hydro,NO,Metals
C09405,Polish State,PL,Government
C09406,ABB Norway,NO,Technology
C09407,Statkraft AS,NO,Energy
C09408,Siemens Energy,DE,Energy
C09409,Statkraft AS,NO,Energy
C09410,ABB Norway,NO,Technology
C09411,DNV GL,NO,Certification
C09412,DNV GL,NO,Certification
C09413,DNV GL,NO,Certification
C09414,Statkraft AS,NO,Energy
C09415,ABB Norway,NO,Technology
C09416,Polish State,PL,Government
C09417,Statkraft AS,NO,Energy
C09418,Statkraft AS,NO,Energy
C09419,Statkraft AS,NO,Energy
C09420,Siemens Energy,DE,Energy
C09421,Kongsberg Defence & Aerospace,NO,Defence
C09422,DNV GL,NO,Certification
C09423,Polish State,PL,Government
C09424,Siemens Energy,DE,Energy
C09425,Polish State,PL,Government
C09426,Siemens Energy,DE,Energy
C09427,ABB Norway,NO,Technology
C09428,ABB Norway,NO,Technology
C09429,ABB Norway,NO,Technology
C09430,Polish State,PL,Government
C09431,Yara International,NO,Chemicals
C09432,Vestas Offshore,DK,Offshore Wind
C09433,DNV GL,NO,Certification
C09434,ABB Norway,NO,Technology
C09435,Kongsberg Defence & Aerospace,NO,Defence
C09436,ABB Norway,NO,Technology
C09437,ABB Norway,NO,Technology
C09438,Siemens Energy,DE,Energy
C09439,Aker Solutions,NO,Engineering
C09440,Aker Solutions,NO,Engineering
C09441,Yara International,NO,Chemicals
C09442,Kongsberg Defence & Aerospace,NO,Defence
C09443,Norsk Hydro,NO,Metals
C09444,DNV GL,NO,Certification
C09445,Vestas Offshore,DK,Offshore Wind
C09446,Aker Solutions,NO,Engineering
C09447,Polish State,PL,Government
C09448,Polish State,PL,Government
C09449,Polish State,PL,Government
C09450,Norsk Hydro,NO,Metals
C09451,Polish State,PL,Government
C09452,DNV GL,NO,Certification
C09453,Yara International,NO,Chemicals
C09454,DNV GL,NO,Certification
C09455,Norsk Hydro,NO,Metals
C09456,Norsk Hydro,NO,Metals
C09457,Siemens Energy,DE,Energy
C09458,Statkraft AS,NO,Energy
C09459,Siemens Energy,DE,Energy
C09460,Polish State,PL,Government
C09461,Aker Solutions,NO,Engineering
C09462,Aker Solutions,NO,Engineering
C09463,Polish State,PL,Government
C09464,Norsk Hydro,NO,Metals
C09465,Norsk Hydro,NO,Metals
C09466,DNV GL,NO,Certification
C09467,Kongsberg Defence & Aerospace,NO,Defence
C09468,Siemens Energy,DE,Energy
C09469,Vestas Offshore,DK,Offshore Wind
C09470,Yara International,NO,Chemicals
C09471,Vestas Offshore,DK,Offshore Wind
C09472,ABB Norway,NO,Technology
C09473,Kongsberg Defence & Aerospace,NO,Defence
C09474,Norsk Hydro,NO,Metals
C09475,Siemens Energy,DE,Energy
C09476,Siemens Energy,DE,Energy
C09477,Polish State,PL,Government
C09478,Aker Solutions,NO,Engineering
C09479,Aker Solutions,NO,Engineering
C09480,Aker Solutions,NO,Engineering
C09481,DNV GL,NO,Certification
C09482,ABB Norway,NO,Technology
C09483,Siemens Energy,DE,Energy
C09484,Yara International,NO,Chemicals
C09485,Kongsberg Defence & Aerospace,NO,Defence
C09486,Yara International,NO,Chemicals
C09487,Kongsberg Defence & Aerospace,NO,Defence
C09488,Vestas Offshore,DK,Offshore Wind
C09489,Vestas Offshore,DK,Offshore Wind
C09490,Siemens Energy,DE,Energy
C09491,Yara International,NO,Chemicals
C09492,Yara International,NO,Chemicals
C09493,Yara International,NO,Chemicals
C09494,Yara International,NO,Chemicals
C09495,Aker Solutions,NO,Engineering
C09496,Aker Solutions,NO,Engineering
C09497,Polish State,PL,Government
C09498,Aker Solutions,NO,Engineering
C09499,Statkraft AS,NO,Energy
C09500,DNV GL,NO,Certification
C09501,Aker Solutions,NO,Engineering
C09502,Polish State,PL,Government
C09503,Norsk Hydro,NO,Metals
C09504,Statkraft AS,NO,Energy
C09505,Siemens Energy,DE,Energy
C09506,Yara International,NO,Chemicals
C09507,Norsk Hydro,NO,Metals
C09508,ABB Norway,NO,Technology
C09509,Statkraft AS,NO,Energy
C09510,Vestas Offshore,DK,Offshore Wind
C09511,Statkraft AS,NO,Energy
C09512,DNV GL,NO,Certification
C09513,Vestas Offshore,DK,Offshore Wind
C09514,Kongsberg Defence & Aerospace,NO,Defence
C09515,Yara International,NO,Chemicals
C09516,Norsk Hydro,NO,Metals
C09517,Kongsberg Defence & Aerospace,NO,Defence
C09518,Vestas Offshore,DK,Offshore Wind
C09519,Polish State,PL,Government
C09520,Statkraft AS,NO,Energy
C09521,Aker Solutions,NO,Engineering
C09522,ABB Norway,NO,Technology
C09523,Polish State,PL,Government
C09524,Polish State,PL,Government
C09525,ABB Norway,NO,Technology
C09526,DNV GL,NO,Certification
C09527,Statkraft AS,NO,Energy
C09528,Norsk Hydro,NO,Metals
C09529,Kongsberg Defence & Aerospace,NO,Defence
C09530,Siemens Energy,DE,Energy
C09531,DNV GL,NO,Certification
C09532,Kongsberg Defence & Aerospace,NO,Defence
C09533,Vestas Offshore,DK,Offshore Wind
C09534,Siemens Energy,DE,Energy
C09535,Aker Solutions,NO,Engineering
C09536,Aker Solutions,NO,Engineering
C09537,Vestas Offshore,DK,Offshore Wind
C09538,Statkraft AS,NO,Energy
C09539,Vestas Offshore,DK,Offshore Wind
C09540,DNV GL,NO,Certification
C09541,Aker Solutions,NO,Engineering
C09542,Norsk Hydro,NO,Metals
C09543,Statkraft AS,NO,Energy
C09544,Aker Solutions,NO,Engineering
C09545,Polish State,PL,Government
C09546,Vestas Offshore,DK,Offshore Wind
C09547,Polish State,PL,Government
C09548,ABB Norway,NO,Technology
C09549,Aker Solutions,NO,Engineering
C09550,Norsk Hydro,NO,Metals
C09551,Vestas Offshore,DK,Offshore Wind
C09552,Yara International,NO,Chemicals
C09553,Yara International,NO,Chemicals
C09554,ABB Norway,NO,Technology
C09555,Yara International,NO,Chemicals
C09556,Polish State,PL,Government
C09557,DNV GL,NO,Certification
C09558,Norsk Hydro,NO,Metals
C09559,ABB Norway,NO,Technology
C09560,Polish State,PL,Government
C09561,Kongsberg Defence & Aerospace,NO,Defence
C09562,Vestas Offshore,DK,Offshore Wind
C09563,Norsk Hydro,NO,Metals
C09564,Statkraft AS,NO,Energy
C09565,Aker Solutions,NO,Engineering
C09566,Yara International,NO,Chemicals
C09567,Polish State,PL,Government
C09568,DNV GL,NO,Certification
C09569,Siemens Energy,DE,Energy
C09570,Yara International,NO,Chemicals
C09571,Norsk Hydro,NO,Metals
C09572,Norsk Hydro,NO,Metals
C09573,Norsk Hydro,NO,Metals
C09574,Yara International,NO,Chemicals
C09575,Kongsberg Defence & Aerospace,NO,Defence
C09576,Statkraft AS,NO,Energy
C09577,ABB Norway,NO,Technology
C09578,Norsk Hydro,NO,Metals
C09579,Siemens Energy,DE,Energy
C09580,ABB Norway,NO,Technology
C09581,Aker Solutions,NO,Engineering
C09582,Yara International,NO,Chemicals
C09583,Vestas Offshore,DK,Offshore Wind
C09584,Aker Solutions,NO,Engineering
C09585,Polish State,PL,Government
C09586,Vestas Offshore,DK,Offshore Wind
C09587,Yara International,NO,Chemicals
C09588,Aker Solutions,NO,Engineering
C09589,Norsk Hydro,NO,Metals
C09590,Aker Solutions,NO,Engineering
C09591,Vestas Offshore,DK,Offshore Wind
C09592,Yara International,NO,Chemicals
C09593,Statkraft AS,NO,Energy
C09594,Aker Solutions,NO,Engineering
C09595,Kongsberg Defence & Aerospace,NO,Defence
C09596,Polish State,PL,Government
C09597,Vestas Offshore,DK,Offshore Wind
C09598,ABB Norway,NO,Technology
C09599,DNV GL,NO,Certification
C09600,ABB Norway,NO,Technology
C09601,Statkraft AS,NO,Energy
C09602,Polish State,PL,Government
C09603,Norsk Hydro,NO,Metals
C09604,Aker Solutions,NO,Engineering
C09605,DNV GL,NO,Certification
C09606,Statkraft AS,NO,Energy
C09607,Siemens Energy,DE,Energy
C09608,Statkraft AS,NO,Energy
C09609,Statkraft AS,NO,Energy
C09610,DNV GL,NO,Certification
C09611,Siemens Energy,DE,Energy
C09612,Aker Solutions,NO,Engineering
C09613,Norsk Hydro,NO,Metals
C09614,Vestas Offshore,DK,Offshore Wind
C09615,ABB Norway,NO,Technology
C09616,Polish State,PL,Government
C09617,DNV GL,NO,Certification
C09618,Kongsberg Defence & Aerospace,NO,Defence
C09619,Norsk Hydro,NO,Metals
C09620,Kongsberg Defence & Aerospace,NO,Defence
C09621,Statkraft AS,NO,Energy
C09622,Norsk Hydro,NO,Metals
C09623,Aker Solutions,NO,Engineering
C09624,Siemens Energy,DE,Energy
C09625,Aker Solutions,NO,Engineering
C09626,Polish State,PL,Government
C09627,Aker Solutions,NO,Engineering
C09628,Kongsberg Defence & Aerospace,NO,Defence
C09629,Kongsberg Defence & Aerospace,NO,Defence
C09630,ABB Norway,NO,Technology
C09631,Statkraft AS,NO,Energy
C09632,Vestas Offshore,DK,Offshore Wind
C09633,Siemens Energy,DE,Energy
C09634,Norsk Hydro,NO,Metals
C09635,Norsk Hydro,NO,Metals
C09636,Norsk Hydro,NO,Metals
C09637,Statkraft AS,NO,Energy
C09638,Statkraft AS,NO,Energy
C09639,DNV GL,NO,Certification
C09640,Polish State,PL,Government
C09641,Norsk Hydro,NO,Metals
C09642,Vestas Offshore,DK,Offshore Wind
C09643,Norsk Hydro,NO,Metals
C09644,ABB Norway,NO,Technology
C09645,Vestas Offshore,DK,Offshore Wind
C09646,Vestas Offshore,DK,Offshore Wind
C09647,Kongsberg Defence & Aerospace,NO,Defence
C09648,Yara International,NO,Chemicals
C09649,Statkraft AS,NO,Energy
C09650,Vestas Offshore,DK,Offshore Wind
C09651,ABB Norway,NO,Technology
C09652,Statkraft AS,NO,Energy
C09653,DNV GL,NO,Certification
C09654,Aker Solutions,NO,Engineering
C09655,Vestas Offshore,DK,Offshore Wind
C09656,Statkraft AS,NO,Energy
C09657,Kongsberg Defence & Aerospace,NO,Defence
C09658,ABB Norway,NO,Technology
C09659,Vestas Offshore,DK,Offshore Wind
C09660,Norsk Hydro,NO,Metals
C09661,Siemens Energy,DE,Energy
C09662,Vestas Offshore,DK,Offshore Wind
C09663,Polish State,PL,Government
C09664,Kongsberg Defence & Aerospace,NO,Defence
C09665,DNV GL,NO,Certification
C09666,Polish State,PL,Government
C09667,Norsk Hydro,NO,Metals
C09668,Kongsberg Defence & Aerospace,NO,Defence
C09669,DNV GL,NO,Certification
C09670,Statkraft AS,NO,Energy
C09671,Aker Solutions,NO,Engineering
C09672,ABB Norway,NO,Technology
C09673,Norsk Hydro,NO,Metals
C09674,Kongsberg Defence & Aerospace,NO,Defence
C09675,Yara International,NO,Chemicals
C09676,Kongsberg Defence & Aerospace,NO,Defence
C09677,Kongsberg Defence & Aerospace,NO,Defence
C09678,Aker Solutions,NO,Engineering
C09679,Polish State,PL,Government
C09680,Polish State,PL,Government
C09681,Siemens Energy,DE,Energy
C09682,Polish State,PL,Government
C09683,Polish State,PL,Government
C09684,Statkraft AS,NO,Energy
C09685,Kongsberg Defence & Aerospace,NO,Defence
C09686,Aker Solutions,NO,Engineering
C09687,Kongsberg Defence & Aerospace,NO,Defence
C09688,Kongsberg Defence & Aerospace,NO,Defence
C09689,Siemens Energy,DE,Energy
C09690,Polish State,PL,Government
C09691,Statkraft AS,NO,Energy
C09692,Polish State,PL,Government
C09693,Statkraft AS,NO,Energy
C09694,Vestas Offshore,DK,Offshore Wind
C09695,Vestas Offshore,DK,Offshore Wind
C09696,Kongsberg Defence & Aerospace,NO,Defence
C09697,Aker Solutions,NO,Engineering
C09698,DNV GL,NO,Certification
C09699,Statkraft AS,NO,Energy
C09700,Siemens Energy,DE,Energy
C09701,Siemens Energy,DE,Energy
C09702,DNV GL,NO,Certification
C09703,Polish State,PL,Government
C09704,Yara International,NO,Chemicals
C09705,Polish State,PL,Government
C09706,DNV GL,NO,Certification
C09707,Aker Solutions,NO,Engineering
C09708,Aker Solutions,NO,Engineering
C09709,Statkraft AS,NO,Energy
C09710,Polish State,PL,Government
C09711,Polish State,PL,Government
C09712,Statkraft AS,NO,Energy
C09713,Siemens Energy,DE,Energy
C09714,Siemens Energy,DE,Energy
C09715,Vestas Offshore,DK,Offshore Wind
C09716,Kongsberg Defence & Aerospace,NO,Defence
C09717,Aker Solutions,NO,Engineering
C09718,Siemens Energy,DE,Energy
C09719,Kongsberg Defence & Aerospace,NO,Defence
C09720,Aker Solutions,NO,Engineering
C09721,Polish State,PL,Government
C09722,Norsk Hydro,NO,Metals
C09723,Polish State,PL,Government
C09724,Statkraft AS,NO,Energy
C09725,ABB Norway,NO,Technology
C09726,Yara International,NO,Chemicals
C09727,Siemens Energy,DE,Energy
C09728,Kongsberg Defence & Aerospace,NO,Defence
C09729,Statkraft AS,NO,Energy
C09730,Polish State,PL,Government
C09731,Aker Solutions,NO,Engineering
C09732,ABB Norway,NO,Technology
C09733,Yara International,NO,Chemicals
C09734,Norsk Hydro,NO,Metals
C09735,Statkraft AS,NO,Energy
C09736,DNV GL,NO,Certification
C09737,Yara International,NO,Chemicals
C09738,Vestas Offshore,DK,Offshore Wind
C09739,ABB Norway,NO,Technology
C09740,Statkraft AS,NO,Energy
C09741,Yara International,NO,Chemicals
C09742,Siemens Energy,DE,Energy
C09743,Aker Solutions,NO,Engineering
C09744,Vestas Offshore,DK,Offshore Wind
C09745,Siemens Energy,DE,Energy
C09746,Vestas Offshore,DK,Offshore Wind
C09747,Siemens Energy,DE,Energy
C09748,Norsk Hydro,NO,Metals
C09749,Statkraft AS,NO,Energy
C09750,Siemens Energy,DE,Energy
C09751,Kongsberg Defence & Aerospace,NO,Defence
C09752,Yara International,NO,Chemicals
C09753,Yara International,NO,Chemicals
C09754,Norsk Hydro,NO,Metals
C09755,Aker Solutions,NO,Engineering
C09756,DNV GL,NO,Certification
C09757,Polish State,PL,Government
C09758,DNV GL,NO,Certification
C09759,Yara International,NO,Chemicals
C09760,Kongsberg Defence & Aerospace,NO,Defence
C09761,Polish State,PL,Government
C09762,Kongsberg Defence & Aerospace,NO,Defence
C09763,Yara International,NO,Chemicals
C09764,Statkraft AS,NO,Energy
C09765,ABB Norway,NO,Technology
C09766,Polish State,PL,Government
C09767,Aker Solutions,NO,Engineering
C09768,Polish State,PL,Government
C09769,Yara International,NO,Chemicals
C09770,Statkraft AS,NO,Energy
C09771,Kongsberg Defence & Aerospace,NO,Defence
C09772,Vestas Offshore,DK,Offshore Wind
C09773,Siemens Energy,DE,Energy
C09774,Norsk Hydro,NO,Metals
C09775,ABB Norway,NO,Technology
C09776,Polish State,PL,Government
C09777,Vestas Offshore,DK,Offshore Wind
C09778,Aker Solutions,NO,Engineering
C09779,Polish State,PL,Government
C09780,Kongsberg Defence & Aerospace,NO,Defence
C09781,Polish State,PL,Government
C09782,Yara International,NO,Chemicals
C09783,Norsk Hydro,NO,Metals
C09784,Siemens Energy,DE,Energy
C09785,Vestas Offshore,DK,Offshore Wind
C09786,ABB Norway,NO,Technology
C09787,Siemens Energy,DE,Energy
C09788,Kongsberg Defence & Aerospace,NO,Defence
C09789,DNV GL,NO,Certification
C09790,Aker Solutions,NO,Engineering
C09791,ABB Norway,NO,Technology
C09792,Kongsberg Defence & Aerospace,NO,Defence
C09793,Polish State,PL,Government
C09794,Siemens Energy,DE,Energy
C09795,Siemens Energy,DE,Energy
C09796,Polish State,PL,Government
C09797,Polish State,PL,Government
C09798,DNV GL,NO,Certification
C09799,Kongsberg Defence & Aerospace,NO,Defence
C09800,Polish State,PL,Government
C09801,Polish State,PL,Government
C09802,Yara International,NO,Chemicals
C09803,Aker Solutions,NO,Engineering
C09804,DNV GL,NO,Certification
C09805,Siemens Energy,DE,Energy
C09806,Vestas Offshore,DK,Offshore Wind
C09807,Norsk Hydro,NO,Metals
C09808,Kongsberg Defence & Aerospace,NO,Defence
C09809,Statkraft AS,NO,Energy
C09810,Norsk Hydro,NO,Metals
C09811,Statkraft AS,NO,Energy
C09812,Polish State,PL,Government
C09813,Kongsberg Defence & Aerospace,NO,Defence
C09814,Vestas Offshore,DK,Offshore Wind
C09815,Polish State,PL,Government
C09816,Vestas Offshore,DK,Offshore Wind
C09817,Statkraft AS,NO,Energy
C09818,Vestas Offshore,DK,Offshore Wind
C09819,Yara International,NO,Chemicals
C09820,DNV GL,NO,Certification
C09821,Polish State,PL,Government
C09822,Polish State,PL,Government
C09823,DNV GL,NO,Certification
C09824,Statkraft AS,NO,Energy
C09825,Aker Solutions,NO,Engineering
C09826,Norsk Hydro,NO,Metals
C09827,ABB Norway,NO,Technology
C09828,Vestas Offshore,DK,Offshore Wind
C09829,Polish State,PL,Government
C09830,Polish State,PL,Government
C09831,Aker Solutions,NO,Engineering
C09832,Vestas Offshore,DK,Offshore Wind
C09833,Yara International,NO,Chemicals
C09834,Polish State,PL,Government
C09835,ABB Norway,NO,Technology
C09836,ABB Norway,NO,Technology
C09837,Yara International,NO,Chemicals
C09838,Norsk Hydro,NO,Metals
C09839,Polish State,PL,Government
C09840,ABB Norway,NO,Technology
C09841,Norsk Hydro,NO,Metals
C09842,Statkraft AS,NO,Energy
C09843,Siemens Energy,DE,Energy
C09844,Aker Solutions,NO,Engineering
C09845,Aker Solutions,NO,Engineering
C09846,Vestas Offshore,DK,Offshore Wind
C09847,Norsk Hydro,NO,Metals
C09848,Norsk Hydro,NO,Metals
C09849,Aker Solutions,NO,Engineering
C09850,DNV GL,NO,Certification
C09851,Yara International,NO,Chemicals
C09852,Aker Solutions,NO,Engineering
C09853,Vestas Offshore,DK,Offshore Wind
C09854,Norsk Hydro,NO,Metals
C09855,Kongsberg Defence & Aerospace,NO,Defence
C09856,Aker Solutions,NO,Engineering
C09857,Aker Solutions,NO,Engineering
C09858,Statkraft AS,NO,Energy
C09859,ABB Norway,NO,Technology
C09860,Yara International,NO,Chemicals
C09861,DNV GL,NO,Certification
C09862,Vestas Offshore,DK,Offshore Wind
C09863,DNV GL,NO,Certification
C09864,Vestas Offshore,DK,Offshore Wind
C09865,ABB Norway,NO,Technology
C09866,Aker Solutions,NO,Engineering
C09867,Norsk Hydro,NO,Metals
C09868,ABB Norway,NO,Technology
C09869,Norsk Hydro,NO,Metals
C09870,ABB Norway,NO,Technology
C09871,Aker Solutions,NO,Engineering
C09872,DNV GL,NO,Certification
C09873,Yara International,NO,Chemicals
C09874,Norsk Hydro,NO,Metals
C09875,Statkraft AS,NO,Energy
C09876,Siemens Energy,DE,Energy
C09877,Vestas Offshore,DK,Offshore Wind
C09878,Norsk Hydro,NO,Metals
C09879,Polish State,PL,Government
C09880,Vestas Offshore,DK,Offshore Wind
C09881,Polish State,PL,Government
C09882,Kongsberg Defence & Aerospace,NO,Defence
C09883,Kongsberg Defence & Aerospace,NO,Defence
C09884,DNV GL,NO,Certification
C09885,Siemens Energy,DE,Energy
C09886,Norsk Hydro,NO,Metals
C09887,Aker Solutions,NO,Engineering
C09888,Aker Solutions,NO,Engineering
C09889,Aker Solutions,NO,Engineering
C09890,Siemens Energy,DE,Energy
C09891,Aker Solutions,NO,Engineering
C09892,Norsk Hydro,NO,Metals
C09893,ABB Norway,NO,Technology
C09894,Yara International,NO,Chemicals
C09895,Statkraft AS,NO,Energy
C09896,Aker Solutions,NO,Engineering
C09897,Kongsberg Defence & Aerospace,NO,Defence
C09898,Statkraft AS,NO,Energy
C09899,Aker Solutions,NO,Engineering
C09900,Yara International,NO,Chemicals
C09901,Vestas Offshore,DK,Offshore Wind
C09902,Polish State,PL,Government
C09903,Aker Solutions,NO,Engineering
C09904,ABB Norway,NO,Technology
C09905,Siemens Energy,DE,Energy
C09906,DNV GL,NO,Certification
C09907,Norsk Hydro,NO,Metals
C09908,Siemens Energy,DE,Energy
C09909,Kongsberg Defence & Aerospace,NO,Defence
C09910,Aker Solutions,NO,Engineering
C09911,Aker Solutions,NO,Engineering
C09912,Polish State,PL,Government
C09913,Polish State,PL,Government
C09914,Norsk Hydro,NO,Metals
C09915,Kongsberg Defence & Aerospace,NO,Defence
C09916,Siemens Energy,DE,Energy
C09917,Kongsberg Defence & Aerospace,NO,Defence
C09918,Vestas Offshore,DK,Offshore Wind
C09919,ABB Norway,NO,Technology
C09920,Yara International,NO,Chemicals
C09921,Norsk Hydro,NO,Metals
C09922,Vestas Offshore,DK,Offshore Wind
C09923,ABB Norway,NO,Technology
C09924,Polish State,PL,Government
C09925,Yara International,NO,Chemicals
C09926,Yara International,NO,Chemicals
C09927,Vestas Offshore,DK,Offshore Wind
C09928,Kongsberg Defence & Aerospace,NO,Defence
C09929,Statkraft AS,NO,Energy
C09930,Statkraft AS,NO,Energy
C09931,Aker Solutions,NO,Engineering
C09932,Aker Solutions,NO,Engineering
C09933,Yara International,NO,Chemicals
C09934,Statkraft AS,NO,Energy
C09935,DNV GL,NO,Certification
C09936,Polish State,PL,Government
C09937,Aker Solutions,NO,Engineering
C09938,Vestas Offshore,DK,Offshore Wind
C09939,Aker Solutions,NO,Engineering
C09940,ABB Norway,NO,Technology
C09941,ABB Norway,NO,Technology
C09942,DNV GL,NO,Certification
C09943,DNV GL,NO,Certification
C09944,Aker Solutions,NO,Engineering
C09945,Yara International,NO,Chemicals
C09946,ABB Norway,NO,Technology
C09947,Aker Solutions,NO,Engineering
C09948,Statkraft AS,NO,Energy
C09949,Statkraft AS,NO,Energy
C09950,Yara International,NO,Chemicals
C09951,Siemens Energy,DE,Energy
C09952,Vestas Offshore,DK,Offshore Wind
C09953,ABB Norway,NO,Technology
C09954,Polish State,PL,Government
C09955,Aker Solutions,NO,Engineering
C09956,ABB Norway,NO,Technology
C09957,Kongsberg Defence & Aerospace,NO,Defence
C09958,Vestas Offshore,DK,Offshore Wind
C09959,Norsk Hydro,NO,Metals
C09960,Kongsberg Defence & Aerospace,NO,Defence
C09961,Statkraft AS,NO,Energy
C09962,Statkraft AS,NO,Energy
C09963,Aker Solutions,NO,Engineering
C09964,DNV GL,NO,Certification
C09965,Aker Solutions,NO,Engineering
C09966,ABB Norway,NO,Technology
C09967,Aker Solutions,NO,Engineering
C09968,Vestas Offshore,DK,Offshore Wind
C09969,Vestas Offshore,DK,Offshore Wind
C09970,Siemens Energy,DE,Energy
C09971,Vestas Offshore,DK,Offshore Wind
C09972,Vestas Offshore,DK,Offshore Wind
C09973,Polish State,PL,Government
C09974,Norsk Hydro,NO,Metals
C09975,Vestas Offshore,DK,Offshore Wind
C09976,DNV GL,NO,Certification
C09977,Statkraft AS,NO,Energy
C09978,Norsk Hydro,NO,Metals
C09979,Yara International,NO,Chemicals
C09980,Polish State,PL,Government
C09981,Vestas Offshore,DK,Offshore Wind
C09982,Polish State,PL,Government
C09983,Kongsberg Defence & Aerospace,NO,Defence
C09984,Vestas Offshore,DK,Offshore Wind
C09985,Polish State,PL,Government
C09986,ABB Norway,NO,Technology
C09987,Aker Solutions,NO,Engineering
C09988,Norsk Hydro,NO,Metals
C09989,Yara International,NO,Chemicals
C09990,Statkraft AS,NO,Energy
C09991,Vestas Offshore,DK,Offshore Wind
C09992,Statkraft AS,NO,Energy
C09993,ABB Norway,NO,Technology
C09994,Statkraft AS,NO,Energy
C09995,Aker Solutions,NO,Engineering
C09996,Statkraft AS,NO,Energy
C09997,ABB Norway,NO,Technology
C09998,Statkraft AS,NO,Energy
C09999,Siemens Energy,DE,Energy
C10000,Kongsberg Defence & Aerospace,NO,Defence