transaction_id,customer_id,project_id,loan_amount_nok,guarantee_amount_nok,currency,transaction_date,status,is_green_project
T00001,C05065,P04614,25128464.97,10043789.47,NOK,2020-08-18,Active,False
T00002,C08890,P08917,8961817.42,23090204.33,USD,2025-01-25,Closed,False
T00003,C01834,P03942,6672676.01,8754231.78,USD,2024-10-29,Active,False
T00004,C04469,P09764,45646695.98,18203108.9,EUR,2023-03-17,Default,True
T00005,C01154,P03443,7878950.62,506439.12,USD,2024-04-22,Default,True
T00006,C01542,P06175,32577034.42,13865424.84,USD,2021-04-06,Default,False
T00007,C03402,P03347,36389650.62,17319198.64,EUR,2024-07-27,Default,False
T00008,C05810,P05310,9796981.13,4887507.11,NOK,2021-07-02,Default,True
T00009,C01857,P09103,38166706.82,1968789.93,NOK,2020-10-21,Closed,False
T00010,C05979,P00601,8503770.78,22246316.69,NOK,2025-02-07,Active,True
T00011,C09718,P05672,45356272.31,12092031.2,USD,2021-01-30,Default,False
T00012,C01242,P06524,38716617.15,13076645.43,NOK,2024-02-03,Active,False
T00013,C00443,P01254,20616189.36,24852098.24,NOK,2024-11-20,Default,True
T00014,C03126,P05888,25873045.07,6564126.79,USD,2022-11-17,Active,True
T00015,C00714,P03895,14730447.23,6737342.73,EUR,2020-02-04,Default,True
T00016,C05340,P01233,6396314.0,3680312.41,EUR,2024-02-11,Active,True
T00017,C09491,P02901,49836937.55,17205064.89,NOK,2025-05-17,Default,False
T00018,C09421,P07536,8480663.96,23938529.84,NOK,2021-02-01,Default,False
T00019,C08964,P08767,12917792.49,16520309.23,EUR,2023-08-10,Active,True
T00020,C02231,P00750,44587130.96,6452355.39,USD,2024-04-29,Active,True
T00021,C09718,P08896,25883878.93,23679888.42,EUR,2024-04-22,Default,False
T00022,C00249,P08648,22817580.1,1268787.94,USD,2025-01-25,Default,True
T00023,C03591,P09060,8825994.61,18737960.37,EUR,2024-03-27,Active,True
T00024,C07819,P00702,40723463.75,5643891.35,NOK,2024-05-20,Closed,False
T00025,C03995,P00315,40787445.22,23070806.26,USD,2024-03-25,Default,True
T00026,C07387,P01291,11144407.82,3974272.97,EUR,2021-06-14,Closed,False
T00027,C01403,P00102,27171481.12,16881282.5,NOK,2023-02-07,Default,False
T00028,C08943,P06839,42674055.33,6175812.23,EUR,2025-05-23,Closed,True
T00029,C01515,P04737,42188793.52,24416307.78,USD,2020-11-16,Default,False
T00030,C07378,P05654,18217077.57,2263695.06,EUR,2024-12-04,Active,False
T00031,C05937,P06890,9679772.36,24061963.59,EUR,2021-12-18,Active,True
T00032,C02644,P05454,25957819.25,19397971.14,EUR,2024-08-24,Default,True
T00033,C00789,P01887,28683177.42,21168134.02,NOK,2021-06-14,Closed,False
T00034,C04592,P00279,7520879.51,15611717.45,EUR,2024-10-21,Default,False
T00035,C03545,P08354,24609062.83,22899303.88,EUR,2022-12-18,Active,False
T00036,C07626,P02088,8882014.9,18281552.08,NOK,2023-11-14,Closed,False
T00037,C01214,P00314,44837674.71,20840832.56,NOK,2021-01-15,Active,True
T00038,C02970,P04827,39068157.74,2919703.69,EUR,2024-07-06,Default,True
T00039,C07376,P03848,13981754.8,20260199.82,EUR,2023-04-23,Default,True
T00040,C09942,P06933,36895922.94,15027397.73,EUR,2023-07-08,Active,False
T00041,C09299,P03848,32760534.01,21440274.8,NOK,2021-01-20,Active,False
T00042,C09871,P09581,12523867.38,18218226.57,NOK,2023-06-24,Default,False
T00043,C07829,P09857,13540170.82,12829933.78,NOK,2024-11-11,Default,True
T00044,C04220,P01337,42640317.61,15929705.43,USD,2022-09-25,Default,True
T00045,C00062,P07802,21548695.95,22649771.82,NOK,2025-01-21,Active,True
T00046,C04717,P04906,15572935.5,8914910.45,NOK,2022-04-11,Closed,False
T00047,C09612,P00975,38738371.21,22927093.5,NOK,2024-09-27,Active,True
T00048,C09414,P01025,22395662.08,19567125.31,EUR,2023-01-09,Default,False
T00049,C09908,P00662,29645813.12,15919661.77,EUR,2025-05-26,Default,True
T00050,C01826,P09857,43614050.67,22123500.54,NOK,2025-02-17,Active,True
T00051,C08796,P02099,18716457.38,15247233.29,NOK,2025-09-23,Closed,True
T00052,C06131,P06267,19081844.38,23194896.31,EUR,2024-04-11,Default,False
T00053,C03341,P05564,20647663.69,20840850.43,NOK,2024-10-22,Active,True
T00054,C09977,P03754,31602506.11,13616368.42,USD,2020-04-04,Active,False
T00055,C00311,P04766,37125983.0,22283668.12,USD,2020-04-12,Active,False
T00056,C00078,P03636,2693644.31,18791003.95,USD,2020-02-27,Default,False
T00057,C06229,P09742,5802836.37,22151310.49,EUR,2021-07-25,Active,False
T00058,C08972,P08991,3905525.73,4493838.65,EUR,2020-09-12,Closed,True
T00059,C08381,P03946,48748254.12,14190673.21,EUR,2022-08-30,Active,True
T00060,C05768,P08337,47165314.95,9261628.2,NOK,2022-07-12,Active,False
T00061,C06819,P07336,35250890.93,13331285.13,USD,2020-09-11,Closed,True
T00062,C03306,P04880,44452520.89,19232156.54,USD,2023-01-24,Active,True
T00063,C08032,P07318,44544646.18,23386512.3,USD,2020-10-22,Closed,False
T00064,C04539,P07773,44394466.73,6973705.98,NOK,2021-09-16,Closed,True
T00065,C05372,P02818,9863666.21,7710164.67,NOK,2020-07-30,Closed,True
T00066,C09824,P01100,33182563.06,2443755.15,NOK,2024-11-13,Default,False
T00067,C06045,P05275,48221930.04,16857866.81,USD,2022-12-09,Default,False
T00068,C08500,P01097,38000448.84,4672540.15,NOK,2021-09-30,Active,True
T00069,C09063,P04269,15626016.66,19339052.82,EUR,2021-08-31,Closed,False
T00070,C08339,P06486,16714537.84,11708891.16,USD,2023-03-05,Default,True
T00071,C06407,P07760,3497680.26,3938571.4,NOK,2022-03-13,Closed,True
T00072,C07493,P01348,31058631.0,22935955.57,USD,2020-03-09,Active,False
T00073,C00721,P09387,27610900.41,2118065.88,USD,2025-08-19,Default,False
T00074,C07934,P06247,25752611.18,4189979.19,USD,2021-11-23,Active,False
T00075,C08976,P06870,2062681.48,1728933.22,NOK,2021-05-04,Active,True
T00076,C04545,P06991,32783356.07,6909723.53,EUR,2021-05-13,Closed,False
T00077,C06277,P09211,30283652.79,17905031.2,USD,2020-12-24,Closed,True
T00078,C00357,P01172,24006591.45,21689605.41,USD,2025-01-25,Closed,True
T00079,C07179,P03796,36979293.02,7473960.43,USD,2024-12-03,Default,True
T00080,C04924,P00902,18914699.42,13680693.01,NOK,2021-06-04,Closed,False
T00081,C08759,P00434,7092170.5,5530053.21,USD,2024-10-21,Active,False
T00082,C05905,P03130,49596601.17,16986834.36,USD,2021-06-30,Default,False
T00083,C04832,P03727,6101774.43,751653.02,NOK,2022-08-12,Closed,True
T00084,C06049,P03602,9482160.89,16254672.26,NOK,2025-03-31,Active,True
T00085,C07525,P06229,21743185.66,11315440.96,EUR,2023-12-16,Default,True
T00086,C03700,P07969,5679913.64,17128208.65,USD,2022-11-25,Default,False
T00087,C09997,P01580,19316504.28,14653281.64,NOK,2022-12-13,Default,True
T00088,C08432,P05755,13656339.29,11458035.57,EUR,2025-10-24,Active,False
T00089,C08977,P07088,46873446.74,18766589.26,EUR,2024-06-29,Active,False
T00090,C03370,P04604,31553772.31,24374641.73,USD,2025-06-24,Default,True
T00091,C04963,P00995,17151781.39,19436834.23,NOK,2022-12-04,Active,False
T00092,C05410,P06389,1226884.54,2983670.81,NOK,2020-01-26,Default,True
T00093,C00809,P07784,31927925.7,15420668.49,USD,2025-04-09,Active,False
T00094,C08402,P02648,44043063.38,6322534.1,NOK,2023-11-04,Default,True
T00095,C07852,P00991,16004943.73,15999189.67,EUR,2021-09-28,Closed,False
T00096,C03483,P09410,33313110.59,17225146.95,NOK,2020-07-28,Default,True
T00097,C01811,P09612,38666108.66,21627332.18,USD,2021-07-20,Active,False
T00098,C04011,P07902,3136681.55,12276481.14,EUR,2023-02-05,Active,False
T00099,C08588,P00745,1167403.38,6247535.4,USD,2022-06-11,Closed,True
T00100,C09413,P00775,39030845.23,9652836.26,NOK,2024-06-02,Closed,False
T00101,C03704,P05904,18047280.56,4724820.16,USD,2025-04-26,Default,False
T00102,C08830,P04190,35666300.54,23949648.68,EUR,2021-10-29,Closed,True
T00103,C07715,P00696,25809513.6,8453374.28,USD,2024-10-30,Default,False
T00104,C01277,P01461,32898164.26,4227371.96,NOK,2025-08-16,Active,False
T00105,C05347,P03802,35870321.97,18260362.76,USD,2021-03-24,Closed,True
T00106,C01970,P03218,32151174.85,16905391.75,USD,2025-07-23,Active,False
T00107,C09985,P05935,42556422.57,14010135.32,EUR,2023-08-20,Closed,False
T00108,C02121,P02282,38257669.61,1603286.71,EUR,2023-12-23,Default,False
T00109,C07475,P08216,37681329.21,4693023.3,USD,2023-06-24,Active,False
T00110,C04248,P02455,31227863.09,1343056.13,USD,2024-08-01,Active,False
T00111,C07702,P02569,49408619.29,16248939.07,NOK,2024-06-21,Active,True
T00112,C01692,P08401,12261852.02,21116638.24,NOK,2023-04-19,Closed,True
T00113,C05418,P05875,19791946.2,22345219.36,NOK,2023-08-17,Closed,True
T00114,C02885,P09866,47921744.34,24730005.53,NOK,2022-03-12,Closed,True
T00115,C09071,P04081,16109549.18,14763564.12,EUR,2023-11-22,Closed,False
T00116,C03218,P00201,23122405.04,5816794.35,USD,2021-07-05,Closed,False
T00117,C08033,P02567,12692605.5,3301628.97,EUR,2020-05-04,Default,False
T00118,C09113,P07862,30572173.82,14424800.25,EUR,2020-01-02,Default,False
T00119,C03756,P00033,40093485.08,20756212.8,EUR,2024-05-02,Default,False
T00120,C04291,P09632,7730085.94,10299957.19,USD,2023-06-27,Default,False
T00121,C01102,P05841,11257093.03,9823861.41,EUR,2022-12-14,Default,True
T00122,C00055,P00465,10857734.65,21131092.94,USD,2021-09-28,Closed,False
T00123,C06864,P00983,17913091.74,23357820.74,NOK,2022-02-07,Default,False
T00124,C03301,P07194,7227253.9,5505909.25,EUR,2024-09-10,Active,False
T00125,C01466,P01741,7449647.83,16786811.02,USD,2023-01-02,Active,False
T00126,C07576,P08405,30244625.34,657345.24,USD,2023-01-12,Default,True
T00127,C08424,P09272,11656686.58,21972989.55,EUR,2024-05-02,Active,True
T00128,C00871,P04501,19416600.16,1026800.02,EUR,2022-08-10,Active,False
T00129,C01457,P03707,24836359.14,20363930.21,EUR,2020-01-16,Default,True
T00130,C06237,P02573,37116452.25,12779455.81,USD,2024-08-06,Default,False
T00131,C06123,P00157,47241289.65,4533209.53,USD,2023-03-17,Active,True
T00132,C02871,P01709,42783550.63,5908046.1,EUR,2024-01-04,Active,True
T00133,C03068,P02519,1254059.38,3184907.69,EUR,2024-12-21,Closed,False
T00134,C09193,P08916,6838770.15,8274585.45,EUR,2022-06-01,Active,True
T00135,C00846,P02406,35193246.08,11187176.9,USD,2020-09-04,Default,True
T00136,C01369,P03326,14180463.57,11541898.36,NOK,2025-02-17,Active,True
T00137,C03713,P01069,27494764.05,10249472.82,EUR,2020-01-26,Closed,False
T00138,C09292,P04523,12646549.36,8163636.82,NOK,2023-03-30,Default,False
T00139,C01482,P03365,9292142.18,13110829.0,USD,2024-08-27,Default,False
T00140,C06879,P06828,31213466.95,1213889.84,EUR,2020-12-26,Default,True
T00141,C01909,P02198,10915654.35,4425646.04,EUR,2020-12-07,Closed,False
T00142,C00261,P05807,15182746.46,1960182.35,NOK,2022-07-09,Active,True
T00143,C09505,P08961,43638995.12,22496638.94,USD,2022-02-20,Default,False
T00144,C07257,P08851,11464243.48,14296209.04,EUR,2023-12-31,Closed,False
T00145,C03883,P04408,3131633.41,23375643.0,USD,2022-04-14,Default,False
T00146,C08053,P01193,38788796.97,22613190.15,USD,2022-11-03,Closed,False
T00147,C02864,P05876,2521790.23,21354125.03,EUR,2020-06-08,Default,False
T00148,C02859,P00419,45788379.4,9046277.22,EUR,2025-09-28,Active,False
T00149,C03320,P08086,24012058.52,22567579.41,USD,2022-10-18,Closed,True
T00150,C07211,P07808,26266653.01,17433103.42,NOK,2020-06-21,Closed,True
T00151,C07045,P09418,12535967.81,9316319.87,EUR,2020-12-19,Active,False
T00152,C03834,P09004,14116831.86,11854697.99,EUR,2025-01-23,Active,True
T00153,C03156,P02842,36545515.55,2930388.64,USD,2024-08-24,Active,False
T00154,C06001,P06482,41590387.31,16382251.2,USD,2020-12-19,Active,True
T00155,C06058,P07797,4119907.6,13713298.18,NOK,2025-07-29,Closed,True
T00156,C06505,P06393,15121852.35,3641332.38,EUR,2020-11-25,Active,True
T00157,C07571,P09381,24686842.89,21362670.95,NOK,2024-11-13,Active,False
T00158,C04159,P05235,35142478.79,21550233.98,USD,2021-01-02,Closed,False
T00159,C07064,P08741,23626338.84,22890827.01,NOK,2024-09-22,Closed,False
T00160,C03561,P07053,5224682.08,9377017.38,USD,2023-04-28,Closed,True
T00161,C09075,P01537,14709941.7,1936345.16,NOK,2020-09-14,Default,True
T00162,C01116,P03031,39934555.02,17929992.71,NOK,2020-11-07,Default,False
T00163,C02866,P07180,26556215.45,10598744.47,NOK,2021-12-06,Default,False
T00164,C08464,P04361,31474217.02,18006598.99,USD,2021-05-29,Default,False
T00165,C07495,P01545,5781872.71,24497299.33,NOK,2022-10-01,Closed,True
T00166,C03763,P00326,21193018.68,18876075.27,USD,2024-01-14,Active,False
T00167,C04731,P06816,31598917.28,969952.28,NOK,2020-11-14,Default,False
T00168,C05613,P09422,37824723.35,14704448.38,EUR,2023-05-04,Default,False
T00169,C00757,P09244,15838232.36,12003796.31,NOK,2024-06-12,Closed,False
T00170,C01955,P04918,5178377.06,21854528.72,NOK,2024-10-03,Default,False
T00171,C00584,P05190,39535265.25,4588283.71,USD,2021-10-27,Default,False
T00172,C04800,P06567,15683010.84,5076086.49,EUR,2024-09-12,Closed,False
T00173,C04616,P06015,42837857.81,15336158.35,NOK,2022-04-18,Closed,True
T00174,C07838,P00063,43011230.97,21239915.48,EUR,2025-07-04,Default,False
T00175,C03674,P04374,9990575.55,10396085.05,EUR,2024-08-08,Closed,False
T00176,C09163,P02120,27075005.88,9866299.54,USD,2023-12-19,Closed,True
T00177,C03250,P05121,22020380.79,24837052.27,NOK,2025-09-25,Default,True
T00178,C04690,P06833,25643655.26,9601484.54,USD,2022-07-16,Closed,True
T00179,C01132,P03485,47326080.09,632318.21,EUR,2021-02-20,Closed,False
T00180,C08682,P04759,6231608.68,8002558.81,USD,2020-03-07,Default,False
T00181,C04742,P03918,36935927.5,5673616.28,EUR,2023-11-03,Closed,False
T00182,C03567,P02144,17364252.65,11130790.71,EUR,2025-04-10,Default,False
T00183,C02674,P07167,27611565.25,6426025.51,NOK,2024-09-16,Closed,False
T00184,C09481,P01707,25438356.66,20012234.91,USD,2020-05-27,Active,False
T00185,C08086,P07584,18160503.99,11308881.71,EUR,2023-07-17,Active,True
T00186,C08293,P06947,12869455.29,4744335.74,USD,2021-05-23,Default,True
T00187,C09924,P08401,47295545.66,9365117.18,USD,2022-07-14,Active,True
T00188,C02199,P04087,9016340.94,1416156.77,EUR,2020-11-14,Closed,True
T00189,C08951,P05882,2618104.47,10060164.8,NOK,2024-06-11,Closed,False
T00190,C08004,P09580,34508170.39,13683616.92,USD,2021-02-04,Closed,False
T00191,C05864,P00277,25934679.24,4427188.96,USD,2023-09-13,Active,False
T00192,C07237,P01962,31878811.95,20105992.62,NOK,2021-07-07,Default,True
T00193,C04462,P09955,19887266.23,17673310.14,USD,2024-03-16,Closed,True
T00194,C09102,P04380,6567314.99,19926635.1,NOK,2025-08-18,Active,True
T00195,C00242,P04792,39007171.06,2083841.08,NOK,2022-09-14,Active,True
T00196,C00409,P03370,42120164.18,17859474.21,NOK,2025-10-19,Default,True
T00197,C07673,P06459,38649876.76,15314744.35,NOK,2024-10-24,Active,True
T00198,C01216,P02747,45655159.54,13032519.82,EUR,2023-09-17,Closed,False
T00199,C01959,P02303,1716688.97,21286782.57,NOK,2020-09-19,Active,False
T00200,C00990,P04242,27365855.5,6144229.8,EUR,2021-10-06,Closed,False
T00201,C04453,P09960,19652241.39,7447113.75,USD,2023-12-10,Closed,True
T00202,C04832,P06236,8968652.38,16659547.97,EUR,2020-03-13,Active,False
T00203,C02996,P03857,4509383.36,4791173.53,USD,2025-08-14,Closed,False
T00204,C01573,P00037,47231866.79,24169450.39,NOK,2022-10-30,Default,False
T00205,C04900,P03940,16853808.07,19798425.57,EUR,2021-09-06,Closed,False
T00206,C00574,P06459,30785299.13,8472974.61,EUR,2022-03-01,Default,False
T00207,C09764,P09481,16573290.15,6413374.19,USD,2023-06-15,Active,True
T00208,C01716,P03097,39852371.55,13973062.7,USD,2025-08-19,Default,False
T00209,C06343,P04077,6504003.29,5654692.26,EUR,2022-07-27,Active,False
T00210,C09446,P01387,25980380.51,5619193.64,NOK,2024-08-31,Default,True
T00211,C05112,P07895,6974906.42,12906102.83,NOK,2025-01-23,Closed,False
T00212,C07029,P06044,43807524.93,23239167.57,NOK,2024-12-22,Closed,False
T00213,C04587,P07818,34235015.05,9135756.72,NOK,2022-10-18,Active,True
T00214,C01474,P06064,28546246.95,17699141.67,EUR,2023-03-31,Active,False
T00215,C06201,P03464,7743603.44,9279334.07,EUR,2020-08-21,Default,True
T00216,C07156,P08866,20135433.23,7116564.57,NOK,2024-01-05,Active,False
T00217,C07839,P06666,26813331.8,15958391.42,NOK,2022-02-01,Default,False
T00218,C09413,P05091,49096866.92,2859722.11,USD,2020-06-21,Active,True
T00219,C03036,P06145,39005126.28,11467251.36,USD,2023-06-11,Active,True
T00220,C00188,P04010,5276897.69,10227952.76,NOK,2022-10-23,Closed,True
T00221,C01106,P00860,21348282.28,1090741.37,NOK,2020-11-12,Active,True
T00222,C02711,P06858,15649938.42,11057217.21,USD,2024-11-29,Closed,True
T00223,C01553,P08335,37619766.7,4804037.81,EUR,2022-01-10,Closed,False
T00224,C00062,P03378,34959867.83,7068279.95,USD,2024-06-28,Active,True
T00225,C06811,P07204,46069275.94,3021207.92,EUR,2024-01-07,Closed,False
T00226,C01105,P07854,27812018.51,20138972.76,NOK,2021-08-01,Active,False
T00227,C09157,P00988,37902967.15,20878905.02,NOK,2025-09-16,Active,False
T00228,C00052,P06006,25648648.0,1269229.83,EUR,2020-04-04,Active,True
T00229,C06614,P08396,7263438.83,10810753.61,EUR,2020-08-09,Default,True
T00230,C02449,P08333,38192779.98,8945621.66,USD,2025-07-15,Closed,False
T00231,C05153,P01019,4772584.58,22537956.31,NOK,2022-04-16,Default,True
T00232,C05603,P08971,41678567.49,23324948.79,NOK,2022-11-11,Closed,False
T00233,C05317,P09415,42255931.79,22638655.25,EUR,2023-06-21,Closed,False
T00234,C05648,P01655,40413883.19,13295024.69,EUR,2022-11-29,Closed,False
T00235,C03989,P04638,26118746.18,11109855.41,NOK,2024-05-07,Closed,False
T00236,C02615,P06556,32039600.83,24778121.61,EUR,2023-03-31,Closed,False
T00237,C04295,P05575,5460919.41,13069320.93,EUR,2020-10-09,Closed,False
T00238,C02569,P01490,41333642.16,1859905.33,EUR,2020-12-20,Default,True
T00239,C02824,P00660,14461893.89,18000022.35,USD,2020-06-06,Active,True
T00240,C00278,P04649,47423579.6,24967287.16,USD,2025-09-24,Closed,True
T00241,C02977,P00735,12938186.07,20427768.54,USD,2024-06-19,Closed,False
T00242,C04332,P09216,13945352.23,1823806.5,NOK,2020-08-03,Active,True
T00243,C08482,P00429,42746879.2,16942567.99,USD,2023-03-17,Closed,True
T00244,C03365,P02896,3848580.89,15144000.14,NOK,2020-06-12,Active,False
T00245,C01161,P04741,27914866.87,13326121.44,EUR,2024-11-26,Default,False
T00246,C09201,P02041,29000212.22,3111639.88,EUR,2025-05-21,Active,False
T00247,C03948,P01256,23853555.49,4982874.43,NOK,2023-12-29,Closed,False
T00248,C02707,P06719,18037081.0,13131946.01,EUR,2022-05-27,Closed,False
T00249,C06759,P05678,17255375.6,22835495.13,NOK,2020-05-23,Default,False
T00250,C02524,P07686,23612476.45,13981468.31,NOK,2021-06-27,Active,True
T00251,C00240,P00688,20311410.1,9277981.04,USD,2024-07-16,Closed,False
T00252,C07115,P08819,26366880.39,10318993.63,NOK,2021-07-30,Closed,False
T00253,C05810,P07527,38857597.42,5818179.13,EUR,2022-01-12,Closed,False
T00254,C09797,P03342,38010401.22,9967522.55,EUR,2020-05-07,Active,False
T00255,C09084,P02194,39117447.88,1949069.67,EUR,2022-08-16,Closed,False
T00256,C03814,P06110,43440431.39,1656339.55,USD,2021-09-14,Default,False
T00257,C02815,P05114,43300238.68,16924637.17,EUR,2023-11-06,Closed,True
T00258,C00974,P08995,9249234.61,21038727.49,USD,2020-11-17,Default,False
T00259,C05249,P01756,32340749.46,2252677.67,NOK,2025-07-22,Closed,False
T00260,C06368,P06909,47107249.32,1017109.69,EUR,2020-04-17,Active,True
T00261,C06153,P04508,27600309.84,6420046.18,USD,2023-08-24,Default,True
T00262,C00878,P07357,7877464.94,17097503.97,NOK,2022-07-31,Default,True
T00263,C03586,P07217,39754921.41,22088961.79,EUR,2025-03-31,Closed,False
T00264,C03211,P02144,27103680.38,22970206.47,USD,2022-01-15,Active,True
T00265,C07850,P03390,17681991.99,18221710.05,USD,2020-03-14,Default,False
T00266,C07287,P02770,26998154.21,731409.65,USD,2023-01-15,Active,False
T00267,C00457,P00456,46813705.07,5600837.46,USD,2023-05-24,Default,True
T00268,C06210,P00304,22711301.08,4289411.6,USD,2021-03-06,Active,True
T00269,C06388,P03142,48512028.49,10465844.43,USD,2024-06-22,Closed,True
T00270,C00683,P02592,39361968.5,24001413.51,NOK,2025-08-18,Default,True
T00271,C07603,P02649,45402283.36,24587029.44,NOK,2023-08-19,Active,False
T00272,C06713,P03565,45654426.05,4889653.27,NOK,2024-05-18,Closed,False
T00273,C01343,P04570,5978763.61,23495678.27,NOK,2024-04-30,Closed,False
T00274,C02480,P03953,7414850.53,503425.74,USD,2023-08-16,Default,False
T00275,C08729,P05958,11327483.63,9365910.39,USD,2022-03-18,Closed,True
T00276,C05816,P02106,48733340.69,2546385.64,USD,2021-05-04,Closed,False
T00277,C06768,P08155,47551360.82,23614185.34,USD,2025-06-08,Closed,True
T00278,C04465,P05181,10457972.48,13677880.82,EUR,2025-07-27,Default,True
T00279,C03729,P01745,11284880.91,23529643.73,NOK,2022-09-22,Default,True
T00280,C01559,P03355,8602348.37,24215027.81,EUR,2022-09-30,Default,False
T00281,C06567,P08818,38109622.5,9269449.84,USD,2023-01-12,Default,True
T00282,C09223,P06058,16013745.58,14100655.72,EUR,2024-06-24,Active,False
T00283,C06865,P08205,42198102.17,22955017.21,USD,2024-06-27,Closed,True
T00284,C08295,P05353,18723984.31,6701211.69,NOK,2023-07-19,Default,False
T00285,C03482,P02574,20643793.08,24684073.55,USD,2024-06-02,Default,False
T00286,C02952,P01715,5174392.95,10653883.17,USD,2023-06-27,Default,False
T00287,C06114,P09578,10344804.0,15861862.93,NOK,2020-08-16,Default,False
T00288,C02074,P00301,29686323.14,4725300.58,USD,2022-11-27,Closed,False
T00289,C09299,P05359,21372324.73,15596884.41,NOK,2024-10-03,Default,False
T00290,C03005,P07952,15908623.46,23438690.52,NOK,2021-05-01,Default,True
T00291,C09595,P01957,43885101.71,24011309.57,NOK,2022-08-16,Closed,True
T00292,C07217,P06624,38967886.21,3483928.57,USD,2024-11-23,Default,False
T00293,C07782,P04766,22345981.13,20095993.46,NOK,2025-05-30,Closed,True
T00294,C06242,P00284,31438111.02,20266032.85,NOK,2025-06-10,Closed,False
T00295,C09355,P09966,10026318.3,2481234.9,USD,2022-06-13,Default,False
T00296,C09965,P03215,28604469.25,7687879.91,EUR,2020-11-12,Default,False
T00297,C07478,P08735,9418184.19,12388573.37,EUR,2024-06-14,Closed,True
T00298,C01802,P01975,22124119.34,19900638.04,EUR,2024-07-28,Closed,False
T00299,C00795,P07576,2743642.3,10634709.17,NOK,2020-07-30,Default,False
T00300,C04157,P05886,34200518.09,19619259.6,EUR,2022-02-15,Active,True
T00301,C00244,P06498,6761703.28,13893011.0,USD,2023-08-12,Default,True
T00302,C09715,P00033,25766463.42,24551738.78,NOK,2023-12-12,Closed,True
T00303,C05392,P08123,33276016.26,2126612.0,NOK,2021-05-18,Closed,False
T00304,C05638,P08320,34239973.83,1691901.31,EUR,2023-07-01,Closed,True
T00305,C01243,P00061,49729428.65,4143523.5,EUR,2023-11-20,Default,False
T00306,C07810,P05525,27212900.78,20966198.38,USD,2022-12-20,Closed,True
T00307,C04422,P08816,46932293.68,10863001.76,NOK,2021-07-06,Default,False
T00308,C01515,P05575,9712095.09,24871338.39,NOK,2022-05-17,Active,True
T00309,C05105,P05566,9013076.95,22572113.84,USD,2021-02-24,Closed,False
T00310,C08134,P03400,27399321.41,23616412.96,USD,2021-11-12,Default,True
T00311,C07666,P04493,23153674.99,24202985.72,NOK,2024-11-20,Closed,False
T00312,C03926,P06511,29768869.35,14577786.11,NOK,2025-04-27,Active,False
T00313,C06254,P01680,29973383.64,17973120.27,EUR,2021-11-05,Default,True
T00314,C01711,P08512,22455590.87,16509946.24,USD,2021-09-10,Active,True
T00315,C01455,P09250,42764703.78,5553028.38,USD,2024-05-16,Default,False
T00316,C06630,P06042,3665082.64,6715757.63,EUR,2021-02-14,Active,True
T00317,C00862,P08151,44578872.37,8224036.3,USD,2020-11-19,Default,True
T00318,C03328,P00935,24276846.7,21425642.48,USD,2023-09-26,Active,False
T00319,C02204,P06626,15895091.7,5601622.04,USD,2022-02-20,Default,False
T00320,C06905,P03198,16557127.93,23465626.01,NOK,2020-01-01,Default,True
T00321,C00270,P02519,31968343.25,9859184.02,NOK,2024-03-29,Active,False
T00322,C08128,P00653,11158071.81,13798388.7,NOK,2021-08-16,Closed,True
T00323,C01970,P02406,41183573.51,22553527.58,USD,2022-12-18,Default,False
T00324,C01049,P04975,46715460.01,8762886.27,EUR,2024-11-23,Default,False
T00325,C02773,P08103,31792616.11,22985988.4,EUR,2023-06-18,Closed,True
T00326,C08327,P07156,9365229.6,11334250.85,EUR,2024-11-07,Default,False
T00327,C07354,P02345,47720403.51,24063980.13,USD,2020-02-14,Closed,False
T00328,C02559,P07183,19505530.34,19440055.43,USD,2024-01-03,Active,True
T00329,C03031,P03465,28614215.21,18081170.06,NOK,2023-05-19,Default,False
T00330,C09862,P08886,44628453.09,18522425.21,EUR,2023-07-08,Closed,False
T00331,C06691,P05353,21209487.58,22492081.8,NOK,2025-09-18,Closed,True
T00332,C05845,P09515,45552126.44,829091.68,NOK,2020-03-15,Active,True
T00333,C04890,P07619,13152975.06,7175812.26,USD,2020-10-17,Default,True
T00334,C05292,P00106,19689566.57,1831265.83,EUR,2023-12-26,Active,True
T00335,C06621,P09093,24033132.05,10378570.02,NOK,2020-07-17,Closed,True
T00336,C06503,P00469,8208713.0,22648606.97,NOK,2025-04-06,Closed,False
T00337,C01703,P01065,46778133.72,17074431.46,NOK,2022-08-16,Default,True
T00338,C02022,P01617,24322264.04,16517078.97,EUR,2023-11-11,Active,False
T00339,C07396,P01739,35236545.3,8939630.03,USD,2025-06-25,Active,False
T00340,C04429,P08382,25423634.4,18317099.94,NOK,2025-02-16,Closed,False
T00341,C00370,P01741,39617815.44,15729218.52,EUR,2020-04-14,Default,False
T00342,C04309,P08862,1423576.2,7936265.59,NOK,2025-05-20,Active,False
T00343,C02070,P07749,5641759.92,24239560.79,NOK,2023-04-09,Closed,True
T00344,C01767,P06823,3120741.12,22015253.25,EUR,2022-01-21,Active,True
T00345,C03936,P01849,1622042.63,10529999.3,EUR,2023-06-09,Active,False
T00346,C00001,P03307,16936204.66,16635076.87,NOK,2024-10-15,Default,True
T00347,C02684,P03600,21852867.72,10974410.09,NOK,2021-08-27,Closed,True
T00348,C06903,P00329,25824967.15,9222166.23,EUR,2021-01-30,Closed,True
T00349,C07934,P01802,5781042.19,19605550.18,EUR,2024-01-13,Active,True
T00350,C07525,P05411,43978965.65,3778382.72,NOK,2023-12-11,Default,True
T00351,C05758,P07164,12541616.71,21430197.0,USD,2025-02-14,Closed,False
T00352,C07306,P02540,11911058.27,22431486.5,USD,2023-01-12,Default,False
T00353,C05139,P07458,43617793.55,6396419.23,NOK,2020-01-02,Closed,True
T00354,C00642,P07035,32395827.81,8609179.34,NOK,2025-03-16,Default,True
T00355,C02442,P02402,28027389.89,8871408.19,EUR,2021-08-27,Default,False
T00356,C04188,P04827,21639891.16,21438719.49,USD,2023-03-07,Active,True
T00357,C05263,P08033,26948789.83,15633841.31,USD,2020-10-06,Active,True
T00358,C03696,P03943,7431276.97,18743564.66,USD,2023-07-18,Active,False
T00359,C01560,P06320,10791311.94,9315181.77,NOK,2025-01-14,Active,True
T00360,C01521,P07527,11199119.32,20758032.23,NOK,2021-01-01,Default,False
T00361,C08900,P06863,24048497.83,24039128.55,NOK,2022-08-29,Active,False
T00362,C08345,P09220,25002600.01,11797806.54,USD,2020-11-10,Active,False
T00363,C00694,P02667,31966963.61,4675329.72,EUR,2022-06-12,Active,True
T00364,C01059,P06991,13031550.8,1917986.17,EUR,2023-08-20,Default,False
T00365,C06134,P02354,25613404.05,3780761.27,USD,2025-09-22,Default,False
T00366,C04511,P07627,16064076.46,20655937.05,EUR,2022-11-09,Default,False
T00367,C09146,P09478,22093560.84,16613067.0,USD,2025-01-27,Closed,True
T00368,C09028,P03078,34016131.5,8924390.15,EUR,2025-05-08,Active,True
T00369,C08893,P07685,45618228.22,17176556.39,EUR,2022-05-11,Closed,True
T00370,C08800,P01683,22500789.9,23393155.77,EUR,2020-11-19,Closed,True
T00371,C08504,P08078,16491818.95,4608047.36,NOK,2025-05-21,Active,False
T00372,C08855,P08829,22241207.51,1433111.09,EUR,2024-02-06,Closed,True
T00373,C07392,P00950,30264698.56,10060082.96,NOK,2024-10-30,Closed,False
T00374,C05866,P07673,18417966.98,1341698.42,NOK,2022-07-01,Default,True
T00375,C03414,P01705,41884089.92,1401221.84,USD,2025-07-06,Active,True
T00376,C06169,P02992,47710313.59,7107191.23,NOK,2021-04-06,Closed,False
T00377,C02621,P02726,27010676.48,24666780.16,USD,2025-04-12,Active,False
T00378,C00113,P01004,7639196.04,23011904.21,NOK,2025-10-30,Active,False
T00379,C01505,P01272,8698674.98,13533926.64,EUR,2020-12-09,Closed,False
T00380,C03274,P08542,1231347.87,23440153.94,EUR,2022-10-29,Active,True
T00381,C05047,P06663,46225533.39,5787737.89,NOK,2021-07-07,Default,False
T00382,C06125,P09116,16961677.07,21429966.14,EUR,2022-04-04,Active,True
T00383,C08869,P03675,40271049.01,2199166.1,USD,2021-01-16,Active,False
T00384,C06030,P02836,20762204.43,17506262.99,EUR,2025-09-08,Default,False
T00385,C06890,P06804,12849895.82,17830479.23,USD,2022-12-13,Closed,True
T00386,C02901,P05614,33669785.42,6110241.99,EUR,2025-03-28,Active,True
T00387,C01457,P05360,6676903.97,5149043.4,EUR,2020-09-17,Closed,True
T00388,C05257,P07799,11234908.03,17752674.15,NOK,2024-07-20,Default,False
T00389,C01399,P01578,31839426.66,17766085.51,USD,2025-04-07,Closed,False
T00390,C05272,P00728,37240621.67,15309115.02,NOK,2025-07-26,Default,True
T00391,C03218,P01820,28986178.39,19616284.22,USD,2024-08-17,Closed,False
T00392,C01946,P03041,13956249.95,9999396.42,NOK,2025-07-19,Active,False
T00393,C05773,P09993,32529579.28,2727617.93,NOK,2024-09-19,Active,False
T00394,C09202,P09146,35272418.33,5643275.76,EUR,2021-09-15,Default,True
T00395,C09328,P00259,23867573.46,20279621.0,NOK,2020-10-30,Default,True
T00396,C03883,P00528,30648075.22,6767540.41,NOK,2023-09-18,Active,False
T00397,C05786,P01361,33694663.96,24473809.1,EUR,2023-07-03,Closed,False
T00398,C07134,P02734,13936011.17,7293039.05,USD,2021-01-22,Active,True
T00399,C01264,P06223,19844329.78,11797953.49,EUR,2021-01-14,Closed,False
T00400,C07635,P09006,32977540.7,3066275.79,USD,2022-11-01,Active,True
T00401,C09547,P01433,5345105.47,4172654.89,NOK,2021-09-25,Active,False
T00402,C03110,P02101,27607554.27,3323256.2,USD,2023-12-06,Active,True
T00403,C01139,P06415,2673942.92,2361804.98,EUR,2024-02-25,Default,False
T00404,C07432,P09766,27095617.9,22261305.68,NOK,2024-12-03,Default,False
T00405,C02767,P09900,29013965.5,23843723.01,EUR,2021-06-07,Active,True
T00406,C03364,P04066,17639437.02,24356907.01,NOK,2023-03-13,Active,True
T00407,C06015,P02649,17134028.17,23841001.0,NOK,2022-06-04,Active,True
T00408,C05251,P08209,8398837.6,17597769.75,USD,2023-02-28,Closed,True
T00409,C04890,P03175,4335123.58,9682957.2,EUR,2020-07-22,Default,True
T00410,C05502,P08340,2390538.38,9234905.77,EUR,2020-02-03,Active,False
T00411,C05202,P01941,32625108.16,18255724.87,USD,2024-03-02,Closed,False
T00412,C07268,P04005,13109391.95,17321949.19,NOK,2022-12-25,Closed,True
T00413,C03146,P07314,37101892.27,12903342.77,NOK,2025-03-21,Default,False
T00414,C07342,P04510,1132636.09,1715832.55,USD,2024-05-06,Closed,False
T00415,C00634,P05290,47564522.88,23957176.26,NOK,2024-07-11,Closed,False
T00416,C05887,P09565,25073857.79,24404288.05,EUR,2022-11-25,Active,True
T00417,C03769,P09329,4213637.0,9221381.8,NOK,2022-07-12,Closed,False
T00418,C04896,P05935,32087994.15,3235211.04,NOK,2021-11-08,Default,False
T00419,C02518,P02608,32418334.83,14607607.07,USD,2023-10-19,Closed,False
T00420,C09013,P09015,15593170.05,2165353.7,USD,2022-06-22,Default,True
T00421,C01633,P09295,19236052.62,7118290.25,NOK,2023-11-01,Default,False
T00422,C06562,P01260,15858262.23,19408583.25,NOK,2022-01-23,Closed,True
T00423,C01749,P04644,35633844.53,2546034.77,EUR,2021-07-11,Default,False
T00424,C06533,P07438,10952916.84,1281489.91,EUR,2020-12-21,Active,False
T00425,C02405,P01315,37434680.9,22425449.28,EUR,2022-06-11,Active,False
T00426,C09094,P02115,27690246.52,6176585.97,USD,2021-09-04,Active,False
T00427,C06329,P01108,11139228.34,19972208.19,NOK,2025-09-06,Closed,True
T00428,C02958,P08035,31022063.19,18983908.8,NOK,2024-07-16,Active,False
T00429,C05299,P07885,7615842.5,1249859.86,USD,2020-02-20,Default,True
T00430,C01635,P01641,44049959.73,863173.91,USD,2024-09-14,Closed,True
T00431,C09545,P02225,18489745.51,14115591.72,USD,2025-10-30,Default,True
T00432,C06044,P00042,15286013.66,11581290.81,NOK,2023-12-27,Active,False
T00433,C06095,P05770,30836484.97,14127704.21,EUR,2021-11-01,Active,False
T00434,C09176,P08284,25182762.99,13652300.38,NOK,2025-09-28,Closed,True
T00435,C04666,P06689,47780555.44,24302376.06,USD,2024-05-20,Active,True
T00436,C01801,P02196,8503691.95,2792506.66,EUR,2024-02-01,Default,False
T00437,C04960,P08672,10418574.71,14809001.23,EUR,2023-09-22,Closed,False
T00438,C02687,P08904,20230232.46,5088481.85,USD,2024-11-18,Default,True
T00439,C03767,P01860,19541049.54,20106684.92,USD,2024-02-21,Closed,True
T00440,C07465,P02610,18393888.23,5489746.55,USD,2021-04-19,Default,False
T00441,C08167,P01623,43691977.46,6742607.63,USD,2025-05-16,Active,False
T00442,C01222,P05345,39716470.93,6702732.15,EUR,2021-01-28,Default,False
T00443,C09243,P09098,34011458.05,15584742.12,EUR,2023-09-30,Active,False
T00444,C04139,P00754,42896705.09,17210440.42,EUR,2021-05-05,Active,False
T00445,C08380,P03070,3194984.64,18425482.21,NOK,2024-12-10,Default,False
T00446,C03543,P04598,48068581.86,4798590.14,NOK,2025-05-28,Default,True
T00447,C05195,P06589,31463191.32,20176182.84,USD,2022-04-09,Default,False
T00448,C09791,P00108,43064905.03,3806843.59,NOK,2020-11-25,Default,True
T00449,C08172,P02346,34839652.3,13529770.58,USD,2025-01-22,Active,True
T00450,C05134,P07079,49991508.46,23506927.5,NOK,2022-01-09,Active,True
T00451,C03100,P06907,27492126.77,13022568.94,NOK,2021-01-22,Default,True
T00452,C02363,P09639,49645271.23,12129112.5,EUR,2021-03-18,Active,False
T00453,C06147,P06478,16556011.09,23595387.24,EUR,2024-04-24,Closed,False
T00454,C09773,P00328,8615229.37,10218812.22,USD,2023-03-09,Active,True
T00455,C00284,P09927,12862608.65,22875754.87,USD,2021-07-07,Active,False
T00456,C02599,P02488,3882335.28,24418587.03,USD,2020-12-01,Active,False
T00457,C02479,P08181,11911294.03,1138063.25,EUR,2022-02-01,Active,True
T00458,C06873,P01267,7551324.22,18294658.56,EUR,2024-11-24,Active,True
T00459,C04515,P01993,16457173.4,13043099.7,NOK,2020-07-05,Active,True
T00460,C03382,P00759,4303066.81,14176549.16,EUR,2021-12-21,Active,False
T00461,C02456,P07046,22307302.31,3430624.08,EUR,2025-06-20,Active,True
T00462,C00902,P04046,16169326.46,11567632.76,EUR,2022-04-21,Active,False
T00463,C04810,P06247,2543021.62,20830387.17,NOK,2025-09-04,Closed,False
T00464,C06936,P07730,28834230.63,14775760.2,USD,2025-01-01,Closed,False
T00465,C08568,P08114,10323297.02,13070111.15,NOK,2021-05-02,Default,False
T00466,C00184,P01591,7441914.64,24977162.05,NOK,2025-08-11,Active,False
T00467,C03377,P05301,6693454.22,12178549.08,USD,2024-09-29,Active,False
T00468,C02216,P02355,26022887.25,6770087.15,USD,2020-09-06,Default,False
T00469,C08196,P00571,30939382.95,9765060.58,EUR,2024-02-09,Active,False
T00470,C01236,P05162,46237315.31,1745453.18,NOK,2024-03-17,Active,False
T00471,C09972,P04407,16644709.95,22320239.22,USD,2020-10-13,Default,False
T00472,C06379,P02194,46717053.39,22480355.31,NOK,2021-12-02,Closed,False
T00473,C02031,P09120,45665146.72,2168578.96,USD,2024-04-23,Closed,True
T00474,C07078,P00972,2876940.7,10185006.58,USD,2023-02-11,Active,True
T00475,C00566,P04457,46488982.5,14181411.37,EUR,2021-04-23,Default,True
T00476,C03487,P08446,48511444.69,1899119.67,NOK,2020-02-20,Active,True
T00477,C09749,P09384,39046799.61,15121822.33,USD,2023-05-20,Closed,False
T00478,C02289,P09548,33985820.83,22544493.32,NOK,2024-10-02,Closed,False
T00479,C00812,P02329,35794633.81,1858721.71,USD,2020-06-24,Default,True
T00480,C05345,P02832,28874689.57,4213260.84,NOK,2025-09-07,Active,True
T00481,C08541,P02357,46407589.46,5449473.28,USD,2025-01-19,Closed,False
T00482,C06590,P06572,20079892.88,19386996.06,NOK,2022-08-15,Closed,True
T00483,C06236,P06801,41601196.47,12526851.53,EUR,2020-07-22,Default,True
T00484,C01298,P09730,36474025.05,2961105.28,NOK,2021-09-02,Closed,False
T00485,C00246,P03624,45234925.06,23310840.57,USD,2022-07-19,Default,False
T00486,C01284,P07668,44402328.5,2274879.59,EUR,2020-10-26,Closed,True
T00487,C06216,P02993,4612254.83,13591951.07,EUR,2023-04-13,Default,True
T00488,C07434,P04315,41831489.34,21036325.95,EUR,2024-01-06,Default,True
T00489,C05139,P01980,26489049.07,18517767.69,USD,2025-01-29,Active,True
T00490,C01259,P07318,4069937.64,24925871.02,EUR,2021-09-04,Active,True
T00491,C06512,P02466,39880866.39,22870864.62,NOK,2022-10-28,Closed,True
T00492,C03764,P05588,35942250.58,20485323.67,EUR,2021-01-22,Closed,False
T00493,C06572,P05602,16342535.01,7923227.22,USD,2025-04-06,Default,True
T00494,C00214,P08496,1904170.47,14930494.17,NOK,2025-06-25,Default,False
T00495,C02346,P05450,42814918.64,2271408.3,NOK,2020-11-10,Default,True
T00496,C03910,P00768,48405323.76,19938791.59,EUR,2023-04-30,Active,False
T00497,C02189,P07989,18368046.49,16889738.38,USD,2021-08-03,Default,True
T00498,C01697,P05709,45835754.58,6638700.8,NOK,2022-08-07,Closed,True
T00499,C04552,P08908,16264550.67,10678082.27,USD,2025-10-06,Active,False
T00500,C05183,P03047,12439657.9,23458981.64,NOK,2024-04-03,Active,False
T00501,C05071,P04278,33667092.79,14268374.89,NOK,2024-09-25,Active,False
T00502,C07462,P07068,36955978.08,11911824.86,EUR,2025-01-12,Default,True
T00503,C03911,P06135,46472364.88,6868928.13,USD,2020-09-02,Default,False
T00504,C01242,P05979,32060753.63,20797430.27,NOK,2024-02-10,Active,False
T00505,C07385,P04899,14302943.11,22927179.75,EUR,2025-01-30,Closed,False
T00506,C09655,P06796,25043893.32,9392562.85,USD,2021-10-20,Active,True
T00507,C00605,P07884,4532823.69,23694613.2,USD,2021-03-18,Default,False
T00508,C06286,P08686,38377663.66,17402075.95,USD,2022-02-25,Closed,True
T00509,C00436,P06014,28178478.68,11283256.77,USD,2022-02-17,Default,False
T00510,C03572,P05301,24232188.52,3515038.37,USD,2025-01-06,Closed,True
T00511,C01554,P02809,47428778.0,23644802.88,NOK,2020-09-26,Closed,False
T00512,C04193,P08364,7698891.37,20719137.0,NOK,2020-11-04,Default,False
T00513,C05139,P08105,24739164.33,9887916.18,USD,2024-06-29,Closed,False
T00514,C07138,P07570,3230406.06,5571003.89,NOK,2021-09-01,Closed,False
T00515,C05807,P05085,36724553.04,7010797.06,NOK,2023-11-12,Active,False
T00516,C09510,P02062,27630995.62,23529295.8,NOK,2024-05-31,Default,True
T00517,C06382,P02259,18069477.91,3333667.59,NOK,2021-05-18,Default,False
T00518,C08133,P04332,12362266.85,8163768.64,NOK,2020-09-16,Default,True
T00519,C04897,P07892,15240677.91,14654473.28,USD,2023-12-07,Closed,True
T00520,C01101,P05674,29560636.51,11739929.71,USD,2023-02-24,Active,False
T00521,C01225,P05710,38649356.4,22629169.18,USD,2023-12-21,Closed,False
T00522,C01998,P04421,15846230.08,20981461.51,USD,2022-01-06,Active,True
T00523,C06778,P06818,16174156.22,11825837.8,NOK,2021-11-21,Active,True
T00524,C02680,P08590,19191105.31,14139532.58,USD,2025-07-17,Closed,False
T00525,C03881,P03049,21917590.13,9899021.83,NOK,2024-11-20,Active,True
T00526,C05083,P07172,39160794.24,13283253.21,USD,2020-06-15,Closed,True
T00527,C01761,P06326,13572426.35,10197559.85,EUR,2025-05-05,Active,True
T00528,C05485,P06786,36889074.56,6797985.16,USD,2022-04-21,Active,False
T00529,C09979,P00255,5593264.0,902119.76,EUR,2021-07-06,Active,True
T00530,C01812,P02919,41977915.13,17974766.33,EUR,2022-12-27,Default,True
T00531,C07648,P08213,33767875.69,21160325.85,NOK,2021-02-20,Default,False
T00532,C00853,P08310,17226782.37,21394395.22,EUR,2023-06-17,Closed,False
T00533,C07608,P08790,13692665.95,23090769.65,EUR,2025-03-18,Active,False
T00534,C00236,P02828,37871298.83,19104295.7,EUR,2024-09-26,Closed,True
T00535,C03668,P09673,42216994.16,19502823.05,NOK,2023-07-20,Active,True
T00536,C04497,P07322,12812003.41,6841305.6,NOK,2025-01-14,Closed,True
T00537,C08464,P09471,31437150.89,11286317.15,NOK,2023-12-28,Active,True
T00538,C02151,P07336,5448628.93,15721902.42,NOK,2022-06-29,Closed,False
T00539,C00548,P04898,2974957.71,12980158.42,NOK,2024-03-02,Active,True
T00540,C09127,P03448,6518853.02,22883048.54,EUR,2022-06-17,Active,False
T00541,C04130,P05344,14446123.1,13646105.19,NOK,2022-01-31,Active,False
T00542,C00054,P05931,17366874.79,11215040.67,NOK,2025-10-05,Closed,False
T00543,C00503,P00231,20347425.61,6505183.8,EUR,2022-09-06,Closed,False
T00544,C06531,P05565,27093730.62,23498832.0,EUR,2024-06-03,Default,False
T00545,C04199,P08895,48198634.2,8495007.93,USD,2024-04-11,Default,False
T00546,C02109,P09493,2105624.01,18446908.83,NOK,2025-06-28,Default,False
T00547,C06529,P03641,1690848.86,16015398.69,USD,2022-10-07,Active,False
T00548,C00431,P07649,17714454.32,7093687.79,NOK,2022-07-18,Active,True
T00549,C00084,P05251,28114888.35,19467926.3,EUR,2023-08-08,Default,False
T00550,C08895,P09039,19065254.31,7155864.76,NOK,2020-03-07,Default,True
T00551,C07607,P04682,30045341.45,17699706.74,NOK,2025-02-14,Active,False
T00552,C03818,P02637,3883517.72,8207102.82,USD,2023-09-02,Active,False
T00553,C08105,P01540,27704248.6,5424798.84,EUR,2023-12-20,Active,False
T00554,C02151,P02216,20535651.16,5333212.52,USD,2020-10-24,Default,True
T00555,C09051,P04580,38399681.52,1560900.98,USD,2024-01-12,Active,False
T00556,C08764,P05997,12364134.11,14488406.03,USD,2020-10-11,Default,False
T00557,C05401,P07494,9611333.58,7812280.15,NOK,2025-08-06,Closed,False
T00558,C07322,P06289,37829691.06,10862081.87,USD,2024-10-14,Active,False
T00559,C04879,P07322,9907747.58,6660041.01,USD,2023-05-16,Default,False
T00560,C09572,P05452,1448227.06,2810986.08,EUR,2022-07-07,Active,False
T00561,C02985,P05864,31232438.67,8190893.04,EUR,2024-04-01,Closed,False
T00562,C01071,P03741,5331471.87,1783283.7,USD,2020-08-04,Active,False
T00563,C08246,P04260,42383337.0,17033164.52,USD,2025-07-20,Active,True
T00564,C03515,P05866,45276928.7,21059944.45,NOK,2022-08-09,Closed,True
T00565,C05409,P00244,3397324.54,11878366.92,EUR,2022-09-03,Closed,True
T00566,C05206,P07875,31774594.53,15908360.06,USD,2021-09-17,Closed,False
T00567,C09042,P06981,30841538.74,20324172.37,EUR,2025-04-16,Default,False
T00568,C03839,P07828,38635459.76,6856296.18,EUR,2024-11-21,Default,True
T00569,C07106,P04210,28845750.73,14034783.05,NOK,2022-10-09,Active,True
T00570,C05490,P05130,31759161.31,11734076.27,USD,2021-07-25,Default,True
T00571,C08663,P01172,43865821.66,8863179.87,USD,2021-01-17,Active,False
T00572,C00586,P06505,24530240.63,6461618.15,NOK,2023-03-11,Default,False
T00573,C03116,P04159,47657098.62,20709882.39,USD,2023-05-28,Closed,False
T00574,C03021,P01848,23111627.3,11032125.32,EUR,2023-01-31,Closed,True
T00575,C00278,P09385,39859291.32,8698414.26,EUR,2021-12-18,Closed,False
T00576,C08816,P02230,38692408.43,12777487.05,USD,2023-07-21,Active,True
T00577,C00014,P09513,1312071.23,18272970.46,USD,2021-09-22,Default,False
T00578,C05637,P02361,10178480.53,22365049.98,EUR,2022-08-12,Default,True
T00579,C01951,P08179,16664211.09,24296443.24,USD,2020-10-23,Default,True
T00580,C00275,P01546,32043691.39,23546203.6,EUR,2020-04-02,Active,True
T00581,C05124,P01918,24308357.33,16296883.24,EUR,2021-05-23,Active,True
T00582,C00592,P04978,4302966.6,18424667.44,EUR,2020-08-22,Default,True
T00583,C04386,P01392,28194646.25,14230784.59,NOK,2022-07-06,Active,True
T00584,C02073,P05202,14524523.31,17648463.12,USD,2022-08-13,Default,True
T00585,C04809,P02420,4605586.67,5417973.01,EUR,2021-05-22,Active,False
T00586,C07268,P02772,42662596.09,8255180.41,EUR,2021-11-09,Default,True
T00587,C07369,P08968,13174542.07,5748564.13,EUR,2020-03-21,Closed,True
T00588,C01234,P07747,38751131.46,21235631.33,USD,2022-05-28,Closed,True
T00589,C04827,P09805,4097982.76,16788657.25,USD,2020-12-06,Default,True
T00590,C00649,P09273,23848218.07,8974143.23,USD,2024-01-06,Closed,True
T00591,C02287,P09928,30334131.09,8959273.91,EUR,2023-10-07,Closed,False
T00592,C04052,P00356,7311423.7,21960899.58,EUR,2023-02-27,Closed,False
T00593,C08546,P05785,44314058.98,5592779.15,EUR,2022-12-01,Active,False
T00594,C01182,P06705,21256694.02,9491484.79,USD,2023-02-04,Active,True
T00595,C06474,P06272,29494103.56,23436289.77,NOK,2023-05-12,Default,True
T00596,C08096,P07738,45102179.35,9982960.79,USD,2020-03-15,Active,True
T00597,C08683,P04255,30340619.15,14945211.12,EUR,2021-01-14,Active,True
T00598,C01946,P04271,42802010.49,17268849.68,USD,2023-09-18,Closed,False
T00599,C01128,P01740,32717016.04,21907768.05,EUR,2024-11-08,Active,True
T00600,C05170,P08707,40140198.5,13809965.28,USD,2020-05-09,Closed,False
T00601,C00569,P06827,48906474.07,3249768.43,EUR,2022-05-05,Active,True
T00602,C00562,P08775,31823753.6,11132452.01,NOK,2023-01-17,Default,False
T00603,C07988,P02756,40400859.32,21900423.12,USD,2021-01-28,Closed,True
T00604,C05584,P08770,46183645.23,17152765.28,USD,2024-11-19,Closed,False
T00605,C02763,P01483,43643713.21,13317900.49,NOK,2023-11-02,Closed,True
T00606,C07929,P00112,21215218.25,14153008.22,EUR,2023-04-13,Active,False
T00607,C03436,P07438,26469570.37,10779750.31,USD,2024-02-05,Active,True
T00608,C07626,P01556,13207279.34,22357215.24,USD,2021-09-13,Closed,False
T00609,C09884,P05712,1897300.13,17500834.95,USD,2022-05-31,Closed,True
T00610,C01966,P04447,4598279.58,6129892.57,EUR,2022-11-01,Default,True
T00611,C02468,P04232,2760390.97,16688116.0,USD,2022-09-21,Closed,True
T00612,C04784,P03077,42913593.12,4782364.59,USD,2025-02-13,Closed,False
T00613,C01858,P06787,3571526.12,1250522.51,USD,2020-04-12,Default,True
T00614,C03253,P08623,5143281.29,1280729.6,EUR,2021-08-16,Closed,True
T00615,C01839,P09121,2340142.97,5601561.99,USD,2022-03-20,Closed,True
T00616,C01802,P07288,29956149.17,6159311.32,USD,2023-10-01,Closed,False
T00617,C00238,P00372,9563788.86,8162767.61,EUR,2025-05-28,Active,False
T00618,C09283,P01915,42932227.14,17446545.02,EUR,2024-12-28,Closed,True
T00619,C09415,P01466,13922369.95,20675711.24,EUR,2021-03-23,Closed,False
T00620,C07032,P03328,33149937.81,3497087.58,USD,2025-06-17,Closed,False
T00621,C06363,P03114,47973244.63,14016560.68,USD,2022-04-28,Default,False
T00622,C02571,P09697,9957781.42,15614592.16,EUR,2022-06-16,Active,True
T00623,C07846,P06527,33829455.16,24317423.71,USD,2021-06-20,Active,True
T00624,C00590,P04401,23740535.27,10734492.94,NOK,2024-10-09,Default,False
T00625,C05320,P06983,4308828.23,10894490.61,NOK,2022-02-10,Default,True
T00626,C00096,P04058,32601116.04,11814763.33,EUR,2024-05-08,Default,True
T00627,C07968,P06062,15571816.23,1654981.52,NOK,2024-04-01,Default,False
T00628,C06205,P01101,7414596.34,14410667.74,USD,2024-09-28,Closed,False
T00629,C09441,P07151,39625775.52,16828645.24,USD,2022-07-07,Closed,False
T00630,C04828,P04646,45987427.82,24661451.38,USD,2022-11-20,Default,False
T00631,C08631,P04150,35219214.0,11083613.04,USD,2024-02-25,Active,True
T00632,C05644,P06195,23108453.54,2869740.29,EUR,2023-10-22,Default,False
T00633,C00689,P05893,23616828.23,3750639.02,NOK,2023-04-26,Active,False
T00634,C06231,P05500,1797504.87,7693968.08,USD,2023-11-28,Closed,False
T00635,C02515,P01051,12145337.16,14528733.95,EUR,2024-09-21,Closed,True
T00636,C06683,P01550,30611543.49,12733722.89,NOK,2022-05-26,Closed,False
T00637,C03964,P04837,20667499.2,16482724.43,NOK,2020-12-10,Default,False
T00638,C02056,P09023,48099527.64,7799201.38,USD,2024-01-04,Active,True
T00639,C02242,P05074,16250456.52,11788041.1,NOK,2021-05-17,Closed,True
T00640,C00656,P01173,16001442.86,15616186.23,NOK,2020-03-26,Active,False
T00641,C04888,P09673,13988436.32,5148007.53,USD,2023-06-23,Default,False
T00642,C02236,P09212,18696420.2,14036562.02,EUR,2021-09-13,Active,True
T00643,C02272,P08570,14646572.48,5626471.06,USD,2025-01-12,Closed,True
T00644,C07617,P00405,14904394.3,5243195.51,USD,2025-10-19,Closed,True
T00645,C07243,P08104,30845406.64,8256100.52,USD,2021-04-13,Default,False
T00646,C09478,P05466,21952818.98,18143716.11,USD,2025-01-10,Active,False
T00647,C09521,P00328,48547318.36,5963257.33,EUR,2024-05-20,Active,True
T00648,C06338,P06344,39775707.69,16196760.61,NOK,2022-03-29,Active,False
T00649,C07458,P09163,19894750.15,8160321.89,USD,2022-12-31,Closed,False
T00650,C09965,P09067,7255036.9,5852429.97,NOK,2024-09-03,Active,False
T00651,C00223,P05127,14219101.67,3752797.85,USD,2023-04-26,Default,False
T00652,C09452,P05014,39228124.64,14670543.19,EUR,2021-12-08,Closed,False
T00653,C02421,P00163,46945682.8,11349210.36,NOK,2020-02-23,Closed,False
T00654,C06015,P09056,20229429.73,13383248.9,NOK,2023-06-29,Default,True
T00655,C07887,P06365,39590897.01,18607268.46,USD,2025-05-17,Active,False
T00656,C03850,P09288,37037450.55,10529116.51,NOK,2020-10-18,Default,False
T00657,C01956,P02193,16762591.49,8348174.45,USD,2021-11-18,Default,True
T00658,C06490,P03648,11022937.63,23816938.53,NOK,2021-12-03,Active,True
T00659,C08965,P08979,5727448.12,575088.25,USD,2021-12-22,Closed,False
T00660,C04650,P06839,11510372.25,6282911.34,USD,2021-07-19,Active,True
T00661,C04643,P02420,29104426.74,17687777.2,USD,2024-12-21,Default,False
T00662,C04256,P07271,21947421.5,4027821.7,NOK,2023-05-09,Active,True
T00663,C05768,P03224,13991985.89,1225358.1,NOK,2024-04-10,Closed,False
T00664,C04301,P04340,32902629.92,5251837.11,USD,2022-03-04,Closed,False
T00665,C01201,P06356,47121695.3,24733619.23,USD,2023-09-05,Active,True
T00666,C05737,P04956,9646590.15,14120853.15,USD,2023-02-22,Closed,True
T00667,C09786,P03306,21324655.45,21300193.01,NOK,2023-12-11,Default,False
T00668,C08563,P05972,3246947.83,15536914.3,USD,2022-04-25,Active,False
T00669,C04309,P01691,16315747.51,24037835.75,USD,2023-01-25,Closed,False
T00670,C01888,P08886,40453736.73,16113651.11,USD,2022-09-10,Closed,False
T00671,C00954,P00236,2664033.72,6724224.58,USD,2021-10-13,Default,False
T00672,C07729,P03156,38337854.33,3759553.74,NOK,2021-08-10,Default,False
T00673,C03209,P03284,28429907.71,6683752.94,NOK,2021-06-12,Closed,True
T00674,C06992,P03283,6470511.38,4646000.37,NOK,2025-02-24,Active,True
T00675,C06962,P07357,35537265.31,3190822.01,USD,2021-11-06,Active,True
T00676,C00421,P05056,2562428.56,22109120.61,USD,2024-09-23,Closed,True
T00677,C04543,P06909,10113134.7,4540005.75,NOK,2020-12-31,Active,False
T00678,C09202,P03082,20108932.19,16118013.34,USD,2023-11-04,Default,True
T00679,C06256,P02652,36527029.04,13984444.35,EUR,2024-10-07,Closed,False
T00680,C05326,P02941,40060091.21,18792111.29,USD,2020-02-03,Default,False
T00681,C03320,P04440,38059834.68,23909452.75,NOK,2024-06-05,Active,False
T00682,C08471,P06434,49482190.12,7189565.35,EUR,2023-03-15,Closed,False
T00683,C07941,P04890,5780957.31,23296381.24,NOK,2025-02-08,Active,True
T00684,C05193,P09224,2483547.8,8010126.66,NOK,2024-11-06,Default,False
T00685,C06007,P05795,38991450.87,4652133.67,EUR,2022-10-24,Default,False
T00686,C09576,P01848,28079469.65,15382766.93,USD,2025-08-26,Active,False
T00687,C04133,P03256,3091429.59,15897472.33,USD,2021-11-21,Closed,False
T00688,C05918,P07488,33460115.56,3417435.3,EUR,2024-12-07,Closed,False
T00689,C03267,P04339,38996815.3,8733239.18,EUR,2023-05-20,Default,False
T00690,C02221,P06787,14237423.72,9116605.83,NOK,2023-07-30,Default,False
T00691,C02209,P03989,46615274.07,2660081.64,EUR,2021-08-30,Closed,False
T00692,C09771,P08500,10033741.08,15352915.55,USD,2020-10-20,Default,False
T00693,C06582,P02671,35205682.47,9986953.95,EUR,2024-04-30,Default,True
T00694,C00932,P05728,8842026.81,16935331.44,USD,2024-07-07,Default,True
T00695,C09138,P01032,7197583.83,14324204.85,EUR,2023-05-06,Closed,False
T00696,C04059,P03906,11971427.53,3812239.44,EUR,2025-08-16,Closed,False
T00697,C09332,P08218,16714353.51,16309892.5,EUR,2023-05-16,Closed,True
T00698,C06991,P04227,5076680.61,6102173.08,USD,2024-04-03,Closed,False
T00699,C00460,P00842,18596347.27,20175969.61,NOK,2023-09-19,Closed,True
T00700,C03205,P07998,33232759.79,10338177.39,NOK,2024-04-24,Closed,True
T00701,C02491,P08401,29746102.15,16952490.74,EUR,2020-02-27,Default,False
T00702,C04738,P09689,5993164.43,11856867.17,NOK,2020-02-26,Default,True
T00703,C00762,P05507,32527915.26,2277627.69,USD,2020-10-24,Default,True
T00704,C08836,P06539,38165868.85,21757646.78,EUR,2025-08-19,Active,True
T00705,C00109,P01283,49007443.87,5346923.13,EUR,2021-06-02,Closed,False
T00706,C03161,P00311,37622164.64,6144815.86,USD,2023-07-31,Closed,True
T00707,C07720,P05688,4344348.09,21348621.37,NOK,2021-10-29,Default,False
T00708,C03912,P05760,4188087.41,16407019.91,EUR,2023-12-05,Closed,False
T00709,C06933,P03824,25242609.99,24594158.11,EUR,2024-08-27,Active,False
T00710,C02990,P09056,5758738.25,15018979.14,USD,2022-05-01,Active,False
T00711,C04822,P04628,33497653.87,18884817.99,USD,2023-09-29,Default,True
T00712,C04268,P08079,30568293.53,11198216.98,USD,2024-06-23,Closed,True
T00713,C02254,P03298,37065641.56,4308248.98,USD,2023-06-12,Closed,True
T00714,C03104,P05778,43012923.8,9162646.78,USD,2022-09-29,Active,False
T00715,C02853,P07400,4605875.49,16121136.88,USD,2020-12-24,Active,False
T00716,C07795,P09780,32927973.19,18185243.42,NOK,2022-03-12,Default,False
T00717,C02592,P03731,23681909.99,1327282.24,USD,2020-02-15,Active,False
T00718,C03887,P06340,38925827.01,4775981.86,NOK,2020-06-18,Active,True
T00719,C06634,P06478,37290611.63,2622233.39,USD,2025-06-11,Closed,True
T00720,C06011,P01095,9327844.45,11588894.68,EUR,2025-03-12,Active,False
T00721,C01386,P07589,18990012.13,7058893.92,EUR,2025-01-10,Active,True
T00722,C04105,P03875,32542644.1,15124982.02,USD,2021-05-23,Default,False
T00723,C02662,P02361,33489428.46,8169068.76,EUR,2020-03-15,Default,True
T00724,C03828,P02271,38461803.94,22993481.73,EUR,2020-04-04,Default,False
T00725,C04941,P04703,38837797.7,2494060.9,USD,2022-05-02,Default,True
T00726,C04635,P02664,25335274.13,4627337.87,NOK,2023-03-19,Active,True
T00727,C07830,P01404,39640902.62,14508195.91,NOK,2025-05-04,Closed,False
T00728,C00075,P00402,25327529.24,8330618.03,NOK,2020-12-11,Default,False
T00729,C07928,P01496,15284821.6,20382560.05,USD,2021-12-08,Default,True
T00730,C10000,P07698,23712088.1,23260584.8,USD,2020-06-04,Default,True
T00731,C05011,P01617,6457826.0,1780138.51,EUR,2024-01-26,Active,False
T00732,C04606,P04824,37162963.04,3890663.28,USD,2025-08-03,Closed,False
T00733,C06272,P03492,23344933.38,1093777.35,EUR,2022-05-22,Default,False
T00734,C05357,P01472,38523300.25,14469059.03,EUR,2023-06-30,Active,False
T00735,C00119,P03411,43278798.61,8150819.32,USD,2025-06-11,Default,False
T00736,C03071,P00080,33593633.07,13640545.93,EUR,2024-01-07,Active,False
T00737,C01412,P03633,18744790.91,4016515.57,NOK,2025-08-06,Default,True
T00738,C05275,P08465,17160305.46,11056679.63,USD,2020-08-13,Active,False
T00739,C08209,P09320,4195744.27,19562146.09,NOK,2025-08-17,Closed,True
T00740,C08317,P01389,29868921.87,6965359.17,EUR,2024-02-01,Closed,True
T00741,C09063,P06362,42631246.38,24203930.66,NOK,2023-11-27,Default,True
T00742,C05525,P02507,31992735.29,2900409.88,USD,2025-10-19,Closed,False
T00743,C06382,P01851,38471556.67,2151892.34,NOK,2025-01-16,Default,True
T00744,C02454,P06037,21922195.8,17540112.9,EUR,2022-12-21,Active,True
T00745,C03654,P07226,26040961.47,13502568.86,EUR,2022-08-01,Default,True
T00746,C00543,P04354,38727498.01,24817054.22,EUR,2021-04-16,Closed,False
T00747,C01380,P01813,13859598.97,18202729.9,NOK,2024-06-26,Closed,True
T00748,C03860,P07839,12792777.51,15394379.55,USD,2022-10-27,Default,True
T00749,C01468,P02161,45204038.5,17987833.81,EUR,2023-07-02,Active,True
T00750,C08623,P09692,26857266.88,16400698.74,NOK,2023-04-05,Closed,True
T00751,C01576,P01424,14170067.82,17080245.69,NOK,2020-02-29,Default,True
T00752,C09098,P06549,14879787.1,14794105.12,EUR,2024-10-26,Default,False
T00753,C07858,P06071,37222835.62,9753887.3,NOK,2023-05-10,Default,False
T00754,C01205,P00663,33213474.48,6667994.0,EUR,2023-09-06,Closed,False
T00755,C04213,P04600,36533890.42,24450878.86,NOK,2024-12-30,Closed,False
T00756,C06927,P08944,27920112.8,5713685.19,EUR,2020-06-30,Default,True
T00757,C06061,P08465,39619122.06,23785648.17,NOK,2020-06-08,Default,False
T00758,C09396,P08529,22265923.61,17903096.05,USD,2025-05-06,Closed,True
T00759,C01902,P07142,13307460.38,6848944.19,USD,2024-07-21,Active,False
T00760,C01516,P07788,2005573.22,8887243.28,NOK,2020-07-11,Default,True
T00761,C04076,P04956,17535392.23,19009333.19,EUR,2022-08-13,Default,False
T00762,C01029,P05905,3671901.42,8250338.84,USD,2022-09-16,Active,False
T00763,C09351,P08523,23007600.97,24279851.34,NOK,2023-07-31,Active,True
T00764,C09917,P01904,23323610.64,17136181.09,NOK,2024-04-05,Closed,False
T00765,C04557,P07264,5717360.56,7870994.31,EUR,2025-07-07,Default,True
T00766,C03511,P02874,39173552.01,5076163.25,EUR,2021-08-24,Default,True
T00767,C09596,P01642,15290015.23,8295577.24,NOK,2020-10-15,Default,False
T00768,C06424,P09149,43449317.32,5514019.88,NOK,2024-07-18,Active,False
T00769,C03852,P07674,33406848.2,3411215.71,NOK,2021-05-31,Active,False
T00770,C09643,P08092,14171766.13,14663970.14,NOK,2023-05-15,Active,False
T00771,C08653,P02368,6698763.1,8062866.27,NOK,2025-08-22,Active,False
T00772,C04449,P07377,40062513.84,22693020.4,USD,2022-01-06,Active,False
T00773,C08760,P09462,1971604.37,3627523.77,USD,2025-04-23,Default,False
T00774,C01997,P04804,35330800.85,12417556.1,EUR,2022-10-01,Active,False
T00775,C04330,P04957,48847862.23,22411756.77,USD,2022-12-10,Default,False
T00776,C03468,P08519,33009659.05,6187796.2,EUR,2024-09-08,Default,True
T00777,C05021,P07428,41319663.97,10647699.27,EUR,2020-04-13,Default,True
T00778,C03592,P07040,30850034.17,10378139.26,EUR,2025-06-15,Active,False
T00779,C05354,P09571,41300174.87,15282122.7,USD,2021-10-11,Closed,True
T00780,C03753,P01825,37389227.57,5789500.09,USD,2021-11-04,Active,False
T00781,C09611,P09489,18396075.29,18311564.71,EUR,2020-03-17,Default,True
T00782,C01567,P02928,29031605.71,559194.3,NOK,2022-12-09,Default,True
T00783,C02522,P05995,37525211.07,8120199.69,USD,2023-06-30,Active,True
T00784,C00381,P00554,4259429.58,638410.28,EUR,2025-08-13,Default,False
T00785,C05933,P09297,23167885.46,15922414.65,NOK,2025-06-07,Closed,True
T00786,C03802,P00517,48770737.43,22077654.36,EUR,2021-11-04,Active,False
T00787,C00667,P07145,32944016.42,23962056.22,NOK,2021-08-14,Default,True
T00788,C07605,P02386,7655122.6,1948523.98,NOK,2022-05-29,Active,False
T00789,C07211,P07795,10896810.44,4528573.92,NOK,2025-07-18,Active,True
T00790,C05544,P04558,30638782.63,1746353.98,EUR,2025-07-02,Closed,True
T00791,C00733,P06676,33995480.74,1721366.03,USD,2025-04-09,Closed,True
T00792,C09676,P03045,40998925.88,15880434.5,NOK,2020-11-01,Active,False
T00793,C03644,P09994,28349318.42,5337630.64,USD,2020-08-12,Active,False
T00794,C01804,P04288,46661538.52,24052257.2,USD,2022-11-16,Default,False
T00795,C09314,P08897,21273629.57,10755991.19,EUR,2024-04-17,Default,True
T00796,C00874,P02567,8224735.35,11320274.59,EUR,2021-02-05,Active,True
T00797,C03686,P07595,14177656.51,15285815.61,NOK,2020-10-28,Active,False
T00798,C06306,P03054,29174826.91,23593440.87,USD,2021-06-12,Active,True
T00799,C00219,P02502,40150474.46,14779340.51,NOK,2022-07-20,Active,True
T00800,C06520,P00399,22846258.29,15895006.67,USD,2025-03-05,Default,True
T00801,C06701,P03726,40606520.52,3797964.41,NOK,2024-03-25,Closed,False
T00802,C08968,P05002,22212519.6,23410962.54,EUR,2025-06-03,Default,True
T00803,C09322,P07395,7298969.24,10606841.65,EUR,2021-10-07,Active,False
T00804,C07491,P01572,15075985.31,18824503.25,NOK,2024-02-20,Closed,True
T00805,C01854,P07440,16354238.26,23585342.02,USD,2022-11-15,Closed,True
T00806,C06653,P00273,49542713.62,18469062.61,EUR,2020-04-18,Active,False
T00807,C05041,P07854,23511472.92,3585092.51,EUR,2020-07-20,Default,True
T00808,C04606,P05815,2224768.81,3748736.82,EUR,2021-01-06,Default,True
T00809,C01000,P07263,21686530.66,3060906.32,USD,2022-09-18,Default,True
T00810,C00461,P01652,8624270.88,2959383.56,NOK,2023-01-07,Closed,False
T00811,C03885,P03065,13890850.36,17824019.41,NOK,2023-09-26,Default,True
T00812,C08297,P04541,20712232.93,7284034.05,NOK,2020-04-28,Default,False
T00813,C07862,P04588,43951916.91,870406.24,USD,2022-05-26,Active,False
T00814,C06917,P07607,28218356.54,18946044.1,EUR,2022-06-21,Default,False
T00815,C06088,P03123,40254524.81,13235868.25,EUR,2025-01-13,Closed,False
T00816,C09075,P03954,12990211.14,2407333.48,NOK,2025-07-14,Closed,True
T00817,C05410,P09620,5940143.66,6050116.93,NOK,2024-04-11,Active,True
T00818,C03680,P04643,31443105.42,22914741.32,NOK,2021-03-07,Active,True
T00819,C02740,P08549,21670867.29,22885959.93,USD,2024-06-19,Active,False
T00820,C02292,P05461,46053182.6,9356935.58,NOK,2021-11-14,Closed,True
T00821,C08864,P06059,37469612.93,1050186.38,NOK,2022-05-13,Closed,True
T00822,C07977,P07425,7245452.84,13064889.62,USD,2025-09-03,Closed,True
T00823,C07384,P01352,40097332.82,14119575.09,NOK,2021-11-08,Active,False
T00824,C01574,P03518,42706841.72,10462216.17,NOK,2020-06-10,Default,False
T00825,C00321,P05404,26219057.15,17466876.96,EUR,2020-07-16,Closed,False
T00826,C05531,P08300,13393241.7,5899956.88,USD,2024-11-18,Closed,True
T00827,C02170,P04263,42709340.57,21259426.12,USD,2023-01-08,Default,False
T00828,C04705,P01996,2528770.52,577027.36,NOK,2024-01-06,Closed,True
T00829,C07061,P02127,24097259.68,19398708.43,EUR,2022-08-17,Closed,True
T00830,C01834,P01230,44939074.21,15967579.69,USD,2021-10-16,Closed,True
T00831,C01159,P09954,4759113.05,13956376.3,USD,2023-08-31,Active,False
T00832,C01749,P02290,45083992.38,16588529.01,EUR,2024-09-11,Active,True
T00833,C08640,P02044,3995406.91,9192547.31,NOK,2021-12-04,Active,True
T00834,C01713,P06258,33147912.09,12216671.68,USD,2020-04-01,Closed,False
T00835,C05528,P03481,18322961.07,3555482.87,NOK,2020-03-12,Closed,True
T00836,C09240,P07282,39134687.46,21956161.85,NOK,2025-01-02,Active,False
T00837,C08646,P06424,37933313.13,6459891.89,NOK,2023-07-09,Closed,False
T00838,C03327,P03362,19762899.49,6571440.49,NOK,2023-01-03,Default,False
T00839,C00959,P04124,2671761.94,10508403.34,USD,2023-07-01,Closed,True
T00840,C07292,P09721,24975835.22,925971.13,EUR,2024-11-11,Closed,True
T00841,C04151,P07480,37812082.69,5911347.73,USD,2022-08-28,Active,False
T00842,C09520,P07997,12568509.92,6455363.54,USD,2024-07-23,Active,True
T00843,C08646,P03903,32835704.59,16312973.01,NOK,2020-07-22,Closed,False
T00844,C03031,P06236,23711508.71,16870550.48,EUR,2024-04-06,Default,True
T00845,C02341,P07155,13320162.98,14007983.84,NOK,2020-11-24,Closed,True
T00846,C01988,P09103,27258695.8,13062419.36,EUR,2020-09-22,Default,False
T00847,C07283,P03662,15079892.81,8009467.87,USD,2021-10-30,Default,True
T00848,C08521,P05722,29287299.08,16911575.34,EUR,2025-05-24,Default,False
T00849,C02888,P00182,40523869.92,12319028.96,USD,2021-08-10,Closed,True
T00850,C07564,P02915,30569312.63,23615240.0,NOK,2020-02-12,Closed,False
T00851,C07567,P06145,31260332.94,14712105.27,USD,2024-02-25,Closed,False
T00852,C02442,P07856,21055969.19,11444785.33,EUR,2021-08-02,Active,True
T00853,C09665,P01231,15519990.75,18732855.86,NOK,2025-08-02,Closed,True
T00854,C08549,P09956,3268258.81,9983375.36,USD,2023-01-02,Default,True
T00855,C02934,P01950,8852767.91,11684635.08,EUR,2020-04-27,Closed,False
T00856,C07306,P05987,6998231.31,807301.58,EUR,2021-12-23,Closed,False
T00857,C00475,P03907,18988975.85,13688188.04,NOK,2025-02-25,Closed,True
T00858,C06620,P00710,17696610.2,5681863.44,EUR,2024-07-09,Active,True
T00859,C04256,P01744,11367823.63,9653858.7,USD,2020-02-09,Closed,False
T00860,C08771,P02204,8976842.2,6560749.55,USD,2023-03-25,Closed,False
T00861,C03778,P07159,19106746.81,8285363.78,NOK,2023-03-31,Default,False
T00862,C09181,P03126,39928026.36,7494150.95,EUR,2021-10-14,Closed,False
T00863,C09414,P02462,5914506.41,5428861.37,NOK,2025-02-13,Active,True
T00864,C08172,P00518,2792004.5,22294236.69,EUR,2022-02-15,Closed,False
T00865,C03383,P03196,47389235.36,16565754.09,USD,2022-04-22,Closed,False
T00866,C05805,P08918,3445475.96,11952061.14,USD,2023-02-24,Closed,True
T00867,C06892,P08443,23690027.4,18377321.27,USD,2020-09-02,Closed,False
T00868,C03689,P09372,28254430.6,13416203.19,USD,2022-08-15,Closed,False
T00869,C09351,P01905,44071340.42,20878059.25,EUR,2022-05-11,Active,True
T00870,C05280,P00977,3004910.38,5759467.83,USD,2023-06-13,Closed,True
T00871,C05719,P00784,47986008.77,17900520.64,NOK,2020-01-30,Closed,True
T00872,C03131,P05846,2823679.32,20145679.03,NOK,2021-09-17,Closed,False
T00873,C02573,P05411,18099407.9,1725679.34,USD,2024-12-31,Active,True
T00874,C01767,P06248,10388692.78,14814040.99,EUR,2025-04-19,Active,False
T00875,C03877,P06037,8810321.77,24003371.35,USD,2022-10-22,Active,False
T00876,C04823,P00681,40264440.85,20944029.4,EUR,2020-04-01,Active,False
T00877,C02869,P03342,39493901.89,14925185.24,USD,2025-10-07,Default,True
T00878,C01561,P02709,23331707.18,21807076.28,EUR,2025-07-03,Closed,True
T00879,C03579,P00444,28947457.52,4163182.23,NOK,2023-10-31,Closed,False
T00880,C00467,P06870,32977399.91,12857583.04,USD,2020-06-11,Closed,True
T00881,C04650,P07896,2808588.44,15404884.39,NOK,2020-01-31,Active,True
T00882,C05295,P09753,3608287.89,13576542.46,EUR,2024-07-03,Closed,False
T00883,C02630,P07548,41320868.0,2608271.96,EUR,2021-11-08,Closed,True
T00884,C08350,P07336,35730944.67,12195703.22,NOK,2023-01-14,Closed,False
T00885,C08253,P06873,20623720.23,20694405.34,NOK,2021-02-21,Default,False
T00886,C03381,P06384,12220552.83,3251636.04,NOK,2020-11-10,Closed,False
T00887,C06175,P02344,30567249.7,6959174.19,USD,2025-04-04,Default,True
T00888,C04004,P08035,26984420.9,19828013.61,NOK,2023-08-05,Active,True
T00889,C06897,P05618,33367834.53,10096252.99,EUR,2021-02-21,Active,False
T00890,C03965,P03043,40477487.27,21462901.22,NOK,2024-09-06,Default,True
T00891,C01498,P09484,28222616.37,14846308.41,NOK,2020-02-10,Active,True
T00892,C06092,P01198,40622021.6,23283376.92,NOK,2025-02-17,Active,False
T00893,C02539,P01115,49653249.33,24594089.89,EUR,2023-02-05,Active,False
T00894,C09436,P07839,36315659.06,526315.77,USD,2023-10-02,Closed,False
T00895,C05589,P06405,1999280.75,3149498.33,NOK,2023-11-10,Closed,False
T00896,C00099,P04934,35010607.57,14268385.02,NOK,2024-09-13,Active,False
T00897,C09296,P01333,16669090.79,15518983.66,NOK,2020-04-23,Default,True
T00898,C05655,P04059,32139937.71,5372783.64,EUR,2023-01-22,Active,True
T00899,C04641,P06622,21854983.63,11961961.9,USD,2025-01-06,Closed,False
T00900,C00273,P06734,9728049.47,13599206.32,USD,2025-05-24,Active,True
T00901,C08987,P07595,9526968.07,1705166.85,EUR,2022-04-09,Active,True
T00902,C09631,P01605,5055297.06,18200091.73,USD,2021-07-02,Default,True
T00903,C04227,P08017,25933999.89,2445253.29,EUR,2022-10-21,Active,True
T00904,C05646,P03862,37936840.12,4338445.27,USD,2024-06-09,Default,True
T00905,C00882,P08004,49748080.18,10643043.65,USD,2025-07-22,Closed,True
T00906,C08412,P08337,26751607.17,5694360.03,EUR,2025-09-20,Default,False
T00907,C07287,P05196,35417779.06,12271703.55,EUR,2024-09-18,Active,False
T00908,C03152,P03790,44521933.17,12537162.61,USD,2021-10-23,Active,True
T00909,C05571,P06683,45030936.04,6025006.34,USD,2020-04-10,Active,False
T00910,C02986,P05647,15151483.96,21346058.5,EUR,2021-04-24,Closed,True
T00911,C00470,P05196,35044745.04,5478328.0,EUR,2024-01-20,Active,False
T00912,C01920,P08655,10352769.52,12552126.39,EUR,2021-11-15,Closed,True
T00913,C07406,P05485,48359116.02,21949721.0,NOK,2025-08-26,Default,False
T00914,C03461,P05433,35903105.04,12317158.44,USD,2021-08-07,Default,True
T00915,C07368,P06687,38831874.51,12412582.84,USD,2025-09-19,Active,False
T00916,C08464,P03186,10091022.63,15234466.02,EUR,2022-03-15,Closed,False
T00917,C07577,P06547,37474332.77,10520253.09,NOK,2025-05-03,Closed,False
T00918,C03175,P00072,2113792.0,16376814.62,USD,2022-11-14,Closed,True
T00919,C07092,P02611,6280855.96,16259338.2,NOK,2023-07-21,Default,True
T00920,C08729,P03414,2409764.06,20055017.26,EUR,2020-08-25,Closed,True
T00921,C05317,P05929,40140246.6,19054961.55,USD,2021-11-21,Default,False
T00922,C01379,P05944,45983399.8,6574822.17,EUR,2020-11-18,Closed,False
T00923,C05123,P06267,36167839.28,12022246.25,USD,2025-08-27,Closed,True
T00924,C08249,P09083,4782837.49,17114605.15,USD,2025-09-14,Active,False
T00925,C04243,P06548,42364593.43,4477377.33,EUR,2021-12-04,Closed,True
T00926,C07684,P00460,2686757.69,11859398.31,NOK,2025-03-26,Closed,False
T00927,C08012,P09030,35995800.87,21952955.24,EUR,2025-09-09,Default,False
T00928,C08838,P03356,12203965.46,3672549.23,NOK,2025-04-29,Active,False
T00929,C04640,P08507,34160139.96,11617061.65,USD,2025-10-01,Default,False
T00930,C07515,P01406,34407302.36,21728580.43,USD,2023-11-05,Closed,True
T00931,C04605,P05925,38636009.57,2788302.45,NOK,2023-08-24,Active,False
T00932,C05364,P00347,34587238.86,20778113.27,EUR,2024-02-26,Default,True
T00933,C06036,P00698,12837706.63,19110919.94,USD,2024-11-01,Default,True
T00934,C00852,P09056,2961207.19,11120204.09,EUR,2022-03-14,Active,False
T00935,C01763,P05165,47896481.11,22436148.85,NOK,2021-09-13,Closed,False
T00936,C02272,P09027,2446150.45,742594.06,USD,2021-04-27,Default,True
T00937,C07554,P00929,32740283.49,19191023.13,USD,2022-11-17,Closed,True
T00938,C09689,P01614,4694789.49,7354659.16,NOK,2020-12-10,Active,False
T00939,C08587,P06253,40749634.81,7174163.54,EUR,2025-02-04,Closed,True
T00940,C03794,P02851,38894943.44,23364569.95,EUR,2023-03-31,Active,False
T00941,C08135,P00894,26099322.43,16928200.15,NOK,2025-01-20,Active,False
T00942,C02687,P05411,39344227.88,17099449.29,USD,2020-10-22,Default,False
T00943,C06587,P01545,29841682.07,14446016.88,NOK,2021-06-19,Active,True
T00944,C06601,P03310,19915575.37,10917651.85,USD,2024-09-27,Default,True
T00945,C08804,P00894,26505163.21,21502385.11,NOK,2025-07-31,Closed,False
T00946,C06626,P04553,18875000.52,10663196.03,NOK,2022-04-23,Closed,True
T00947,C01550,P09219,2499045.5,23936095.97,EUR,2022-07-03,Active,True
T00948,C03325,P05465,16769628.16,9816070.49,USD,2020-02-07,Active,True
T00949,C05292,P00553,4234491.45,14326502.27,USD,2020-09-02,Default,True
T00950,C02935,P04772,44105438.82,14813195.76,NOK,2022-04-21,Closed,False
T00951,C03774,P07937,10846035.36,13841732.08,NOK,2020-12-11,Closed,True
T00952,C00927,P08195,4889945.76,21293019.57,EUR,2020-07-05,Closed,True
T00953,C02766,P01227,25545195.91,6058129.98,USD,2021-07-17,Default,True
T00954,C03663,P03131,1513458.11,3428092.5,NOK,2022-02-23,Active,False
T00955,C09799,P03925,22500004.84,21585356.04,NOK,2021-02-18,Closed,True
T00956,C04750,P05013,36498431.68,4862300.31,USD,2024-07-09,Active,False
T00957,C02282,P03022,34228490.7,23197008.37,NOK,2020-11-09,Closed,False
T00958,C02794,P03611,29845465.37,8724509.66,EUR,2023-09-28,Active,True
T00959,C08024,P06962,41145031.3,21383345.93,EUR,2025-05-23,Default,True
T00960,C04361,P08989,29206136.04,1981037.29,NOK,2025-09-03,Default,False
T00961,C08503,P02226,13686290.44,3991707.8,EUR,2025-10-10,Closed,True
T00962,C02121,P01958,23520890.54,13775595.25,USD,2022-02-08,Active,True
T00963,C08732,P05607,46043603.95,3961698.61,EUR,2022-11-23,Closed,True
T00964,C06149,P01370,27064471.32,7993113.47,EUR,2021-08-31,Closed,True
T00965,C02634,P07668,2761212.87,22854316.54,NOK,2022-08-26,Active,True
T00966,C08665,P05165,13315561.63,5385361.77,NOK,2023-11-01,Default,True
T00967,C04968,P00181,13455014.24,11468111.53,USD,2021-05-26,Closed,True
T00968,C02796,P05843,22750501.78,2795750.67,NOK,2023-02-03,Default,True
T00969,C01704,P08824,32915409.74,19819310.78,NOK,2021-08-26,Active,False
T00970,C04234,P06819,49081680.48,6642697.54,NOK,2020-01-22,Active,True
T00971,C00643,P07989,36361164.83,13979166.7,NOK,2022-03-20,Default,True
T00972,C09573,P03190,48113096.57,3619256.68,NOK,2025-02-03,Closed,True
T00973,C00876,P08227,2597467.07,17698546.61,EUR,2021-08-27,Default,True
T00974,C07466,P01793,34470914.07,8202104.9,NOK,2024-09-03,Active,False
T00975,C05101,P03796,32809260.14,3372274.55,NOK,2023-04-15,Active,True
T00976,C06722,P04284,32416796.68,592599.37,EUR,2022-02-04,Active,False
T00977,C08082,P04227,27786835.59,3000054.69,NOK,2022-04-13,Closed,False
T00978,C03029,P01865,8962336.0,18406929.68,USD,2025-05-31,Active,True
T00979,C00910,P09071,36159709.72,1210827.7,NOK,2023-01-18,Default,False
T00980,C04678,P03279,47742766.5,6654690.13,USD,2024-06-04,Active,False
T00981,C06644,P03585,18554395.51,8889108.07,EUR,2021-07-13,Closed,False
T00982,C05450,P04832,49918469.84,9856199.32,EUR,2023-09-24,Default,False
T00983,C04405,P07034,10323370.8,12452737.61,NOK,2020-12-27,Default,False
T00984,C06771,P00604,11359297.59,19126112.52,USD,2025-09-18,Closed,False
T00985,C07930,P04218,12963231.99,23207529.16,USD,2025-08-20,Default,True
T00986,C00683,P03316,29584753.2,15004963.77,EUR,2024-04-26,Default,False
T00987,C06741,P05107,39464463.35,9073689.84,NOK,2020-02-09,Default,False
T00988,C09501,P07596,9551457.68,1988372.21,EUR,2025-10-12,Active,True
T00989,C00145,P05923,29577516.7,19965180.93,NOK,2020-12-14,Default,False
T00990,C00889,P06967,36741891.76,7386287.13,NOK,2022-11-10,Closed,False
T00991,C01027,P03639,36489156.45,18084643.24,EUR,2022-03-07,Closed,False
T00992,C07068,P01274,8205234.14,9325596.04,NOK,2020-05-30,Closed,True
T00993,C08002,P05907,42845673.76,2512290.74,USD,2020-11-13,Default,False
T00994,C00953,P07715,37025750.66,9547132.97,NOK,2022-12-21,Closed,True
T00995,C08718,P07126,14024950.49,5712456.95,NOK,2023-01-30,Default,True
T00996,C01789,P07703,22092658.47,1019017.39,USD,2020-06-23,Active,False
T00997,C05562,P00156,46185350.36,24569048.64,USD,2021-02-13,Active,False
T00998,C02015,P06825,16532569.95,3925087.5,EUR,2023-11-03,Default,True
T00999,C04864,P04960,28809735.45,11514455.7,USD,2020-08-16,Default,True
T01000,C09583,P06870,48139338.24,21249316.87,USD,2021-02-06,Active,True
T01001,C03734,P03093,10441378.84,8542465.7,NOK,2024-11-13,Active,False
T01002,C02959,P04929,32546102.73,19905173.78,USD,2021-02-04,Closed,True
T01003,C05449,P08610,14966332.73,8660778.9,NOK,2025-03-30,Closed,True
T01004,C08937,P04012,16474601.61,4398753.81,EUR,2022-04-28,Active,True
T01005,C06389,P08060,21099333.54,1172015.35,USD,2022-10-04,Active,False
T01006,C09660,P06080,6447902.7,17488031.1,NOK,2025-05-28,Active,True
T01007,C06090,P08340,7270327.23,10394661.8,NOK,2021-05-06,Closed,False
T01008,C06915,P08559,2600683.82,22591470.43,NOK,2021-08-08,Closed,False
T01009,C04518,P02014,22855365.48,23334634.12,USD,2021-06-22,Active,True
T01010,C01977,P02996,44565496.63,10952364.11,USD,2022-08-01,Active,False
T01011,C09315,P02371,40927597.15,18631954.57,USD,2024-11-27,Default,True
T01012,C01984,P06562,24445392.92,518403.49,NOK,2020-09-16,Closed,False
T01013,C05143,P08642,39454582.86,20389798.26,EUR,2024-02-28,Active,True
T01014,C09424,P04205,42317459.12,19552417.32,EUR,2024-01-04,Closed,False
T01015,C03562,P06660,35528582.2,9959829.74,NOK,2024-09-25,Default,True
T01016,C06255,P04882,45521865.11,13259507.72,EUR,2023-11-14,Default,True
T01017,C00147,P06309,34447061.99,17138839.95,USD,2021-03-02,Active,False
T01018,C05231,P05805,4133216.62,22112415.02,NOK,2024-01-11,Active,True
T01019,C07032,P03610,40711499.82,7179101.01,EUR,2020-07-31,Closed,False
T01020,C00796,P04212,25274180.09,8129745.76,EUR,2024-04-28,Closed,True
T01021,C02287,P01717,49865754.49,19777205.61,USD,2021-03-20,Closed,True
T01022,C08700,P07275,29916310.12,3454619.13,USD,2025-03-27,Active,False
T01023,C08192,P08608,27397877.45,3359450.75,USD,2021-08-18,Default,False
T01024,C04938,P01629,9060938.5,7310720.2,NOK,2021-05-11,Active,True
T01025,C01847,P08509,7732441.23,15711515.5,USD,2020-09-15,Closed,False
T01026,C05169,P02093,7625491.06,21386975.27,EUR,2024-05-17,Default,False
T01027,C08599,P01415,23761974.88,4908546.28,USD,2020-09-17,Default,False
T01028,C09813,P07493,3950133.57,9712940.82,NOK,2020-11-17,Active,True
T01029,C08460,P03536,28302981.12,11328765.71,USD,2020-12-31,Active,False
T01030,C07128,P05540,49269504.11,12565806.19,NOK,2020-04-07,Active,False
T01031,C07594,P05552,47148308.89,16187894.62,EUR,2021-06-28,Active,False
T01032,C07544,P05517,31652253.18,23178186.97,NOK,2025-04-02,Active,False
T01033,C02837,P03893,38167405.31,23711303.41,EUR,2024-08-02,Default,True
T01034,C03336,P01563,32760156.6,22877876.6,NOK,2020-01-25,Active,False
T01035,C06768,P06320,10945425.01,7422410.09,NOK,2024-12-01,Default,True
T01036,C05355,P09384,23513992.34,21285804.45,USD,2020-05-11,Default,False
T01037,C00304,P06995,7718093.11,9201329.36,NOK,2022-04-09,Active,False
T01038,C06499,P03745,16260985.55,17735166.35,USD,2025-02-13,Active,False
T01039,C00691,P09026,6821665.96,5313050.93,NOK,2025-03-08,Closed,True
T01040,C04633,P07143,2940526.3,16977322.26,NOK,2025-09-22,Active,True
T01041,C01253,P06917,16330328.28,13203331.92,USD,2022-04-27,Default,True
T01042,C09929,P06685,2598941.85,23899192.3,EUR,2024-06-16,Closed,True
T01043,C01374,P01474,9646816.11,17072228.68,EUR,2021-06-07,Closed,True
T01044,C07309,P06546,30588242.43,13164675.94,EUR,2020-10-22,Default,False
T01045,C05241,P02102,25468396.72,5475859.45,NOK,2023-05-20,Active,False
T01046,C01620,P04526,44367303.92,24805786.63,EUR,2022-11-08,Active,False
T01047,C01865,P03820,28643933.66,4454285.54,EUR,2020-12-07,Active,True
T01048,C06811,P04714,8543185.51,16300866.14,EUR,2023-04-26,Default,True
T01049,C08541,P07374,33384514.02,24273582.74,EUR,2025-10-27,Default,False
T01050,C08209,P06852,49988264.52,23431156.53,NOK,2023-08-20,Default,True
T01051,C09755,P00211,8668082.34,16811379.09,USD,2023-01-15,Active,True
T01052,C07883,P04540,12548158.43,9679888.65,USD,2020-07-12,Default,True
T01053,C04319,P05196,9826412.03,21660559.19,NOK,2024-05-06,Default,True
T01054,C07539,P07598,36040365.78,7679111.77,NOK,2024-06-07,Active,True
T01055,C08387,P00477,15814452.71,23256178.7,USD,2025-03-30,Closed,False
T01056,C00241,P08013,22013498.07,13683444.51,USD,2021-07-09,Active,False
T01057,C07419,P08472,30899540.69,3663175.13,EUR,2021-06-07,Active,False
T01058,C04452,P05821,43343480.06,21098427.75,USD,2024-07-08,Default,False
T01059,C04833,P07201,22954627.1,24683096.6,NOK,2023-07-29,Default,True
T01060,C04325,P02550,10006635.57,3193888.35,EUR,2024-04-03,Closed,True
T01061,C03334,P04600,10201814.83,8296319.25,NOK,2024-09-16,Active,True
T01062,C05737,P09459,26922394.5,19801272.09,NOK,2023-07-29,Default,True
T01063,C04343,P06547,1094219.4,24811117.48,USD,2021-03-16,Active,False
T01064,C06666,P09837,27247393.71,15421647.61,NOK,2021-04-29,Default,False
T01065,C01886,P04667,28077541.54,14505311.3,NOK,2023-05-16,Default,False
T01066,C07453,P07155,8399870.21,5146323.63,EUR,2022-05-28,Closed,False
T01067,C04482,P00377,8997238.24,12669766.3,EUR,2022-03-27,Default,False
T01068,C04741,P01051,26564171.49,13854007.25,EUR,2021-10-26,Active,True
T01069,C02170,P00733,38616216.23,2931212.22,USD,2021-07-29,Active,True
T01070,C08229,P09431,39811827.38,17727396.71,EUR,2020-02-28,Default,True
T01071,C03798,P07609,10558258.86,13403896.47,USD,2021-02-10,Default,True
T01072,C08171,P02867,41579429.08,21601198.31,NOK,2022-04-21,Default,True
T01073,C08012,P02053,38689080.21,7054745.59,USD,2021-01-08,Active,False
T01074,C06512,P09742,3693535.04,1465078.22,USD,2021-12-31,Default,True
T01075,C00086,P07490,44564060.21,11815332.38,EUR,2021-03-26,Active,True
T01076,C03804,P07046,46517160.22,1224608.24,NOK,2020-09-19,Closed,True
T01077,C02071,P04089,2894035.12,4998374.1,USD,2024-08-17,Active,True
T01078,C09388,P09590,6496493.91,15208251.87,NOK,2020-06-02,Closed,False
T01079,C06902,P01977,19651418.97,672399.06,NOK,2020-10-02,Closed,False
T01080,C07945,P00439,2402969.97,24426537.28,USD,2023-05-08,Active,True
T01081,C04845,P09286,33376982.95,23060970.41,NOK,2021-10-10,Default,True
T01082,C00706,P02517,33051936.72,9279929.64,NOK,2020-06-15,Closed,False
T01083,C08713,P07667,12685782.89,17583965.57,USD,2021-08-01,Active,False
T01084,C05144,P01090,13675275.14,19205803.18,NOK,2020-10-04,Closed,True
T01085,C09017,P01090,30631773.41,14465231.84,EUR,2024-05-03,Closed,True
T01086,C07288,P02514,28091759.17,14039569.53,NOK,2025-04-28,Default,False
T01087,C02944,P06831,36625033.14,19110156.41,EUR,2021-09-09,Default,False
T01088,C08633,P01614,2859340.73,4968655.67,EUR,2022-05-30,Active,False
T01089,C03496,P00422,34626286.0,23158158.79,EUR,2025-07-14,Closed,True
T01090,C09502,P03435,20286909.4,9733611.78,EUR,2022-03-14,Active,True
T01091,C01470,P08557,3190287.4,9387983.36,NOK,2024-09-27,Active,True
T01092,C03484,P02661,36236933.36,15685417.96,NOK,2022-10-23,Closed,True
T01093,C00216,P08384,11554352.51,24166705.1,USD,2023-01-09,Default,True
T01094,C07413,P02338,3193083.65,22101135.63,NOK,2024-08-23,Closed,True
T01095,C00455,P05070,20372489.49,14631339.92,EUR,2024-09-16,Default,True
T01096,C03716,P02039,4190543.51,14963443.33,NOK,2025-02-07,Default,True
T01097,C07300,P06910,42921618.79,5335293.29,EUR,2023-02-18,Closed,False
T01098,C01850,P04445,28423999.91,14361197.66,NOK,2023-04-28,Default,True
T01099,C03338,P02072,14182605.97,23636144.21,EUR,2023-03-17,Default,True
T01100,C06571,P04666,49652940.67,15273605.92,NOK,2025-08-17,Default,False
T01101,C05317,P00762,34270221.47,10538013.28,USD,2024-04-04,Default,False
T01102,C03876,P08542,45473822.87,19437888.47,USD,2022-02-17,Default,False
T01103,C04900,P08353,39637156.32,17662332.22,EUR,2022-10-27,Default,True
T01104,C06178,P02807,23742862.02,10387033.71,NOK,2022-06-21,Active,True
T01105,C02978,P02193,6698382.51,2082099.49,EUR,2021-02-19,Active,False
T01106,C05493,P08787,20751085.67,23069095.15,EUR,2023-03-03,Default,True
T01107,C09826,P04681,38492060.95,16889690.93,EUR,2023-03-22,Closed,False
T01108,C06316,P07481,44393769.06,13395557.95,NOK,2025-04-08,Active,False
T01109,C01339,P00298,24915427.22,20129111.45,NOK,2024-05-18,Default,True
T01110,C03930,P08555,45172089.97,9657810.82,EUR,2023-12-11,Active,False
T01111,C01927,P02484,48880009.72,16916195.21,EUR,2024-11-06,Active,False
T01112,C02423,P05186,49801551.9,8951733.47,NOK,2024-07-06,Closed,False
T01113,C09895,P04012,20407820.62,8702178.38,USD,2024-08-16,Closed,False
T01114,C01630,P00939,49039185.88,21184185.47,NOK,2020-03-21,Default,True
T01115,C01441,P08128,21751750.28,22599706.07,USD,2022-05-21,Default,False
T01116,C02612,P01537,41952934.52,10208813.59,USD,2022-07-27,Closed,False
T01117,C03977,P09541,16358537.63,17265392.11,USD,2023-01-26,Closed,True
T01118,C00771,P03189,28173062.0,23645282.13,EUR,2022-04-13,Default,True
T01119,C09956,P09772,19999332.75,15949185.97,EUR,2022-03-27,Default,False
T01120,C07065,P07517,6051060.07,18126194.11,USD,2020-02-28,Closed,True
T01121,C05154,P06576,2409372.72,14895967.48,EUR,2023-07-04,Active,True
T01122,C05346,P05858,25810931.64,8303014.98,EUR,2023-06-28,Default,True
T01123,C08140,P05542,34913297.41,10190035.68,NOK,2023-06-12,Active,True
T01124,C00160,P00909,37274437.47,11186436.91,USD,2023-09-09,Default,False
T01125,C04102,P00468,12479214.1,4225519.67,EUR,2025-06-01,Closed,False
T01126,C05262,P00388,2792548.18,11956582.21,USD,2025-06-02,Default,True
T01127,C06227,P05424,34426278.11,19166895.95,EUR,2023-05-25,Closed,False
T01128,C05284,P00522,36630776.81,15245334.69,EUR,2024-10-12,Default,False
T01129,C05972,P09040,43960547.15,19508991.85,NOK,2023-10-15,Active,True
T01130,C08376,P00173,3914758.48,21338690.05,EUR,2021-08-08,Default,True
T01131,C08198,P04986,13269345.21,7675978.35,EUR,2022-05-31,Default,False
T01132,C04246,P07353,36288677.27,23058226.88,EUR,2022-01-10,Default,False
T01133,C00746,P00483,34013503.1,1469935.24,USD,2025-07-13,Active,True
T01134,C04779,P07451,7930477.56,5811957.49,EUR,2022-12-07,Active,False
T01135,C06224,P01720,37869240.8,2138402.09,NOK,2022-07-12,Active,True
T01136,C05834,P09918,42985314.21,6296183.13,NOK,2021-12-09,Active,True
T01137,C08020,P04536,37074022.87,9703360.56,EUR,2020-04-05,Active,True
T01138,C09554,P04565,43395637.66,9620946.9,EUR,2024-01-12,Active,True
T01139,C09070,P05466,27185562.77,4674833.16,EUR,2024-07-18,Default,False
T01140,C06474,P00686,22537791.46,3560491.19,USD,2025-07-20,Active,True
T01141,C04104,P04975,35402397.89,3235468.51,NOK,2020-10-19,Active,True
T01142,C02490,P06475,16003797.26,22375997.71,EUR,2024-05-09,Default,True
T01143,C04796,P08211,14438514.76,12220132.62,EUR,2022-07-12,Closed,False
T01144,C07915,P04536,15558334.77,1677827.1,USD,2020-09-18,Active,True
T01145,C00703,P09249,14908823.42,12432535.76,NOK,2021-11-29,Default,True
T01146,C00677,P07882,46746391.83,10837827.79,USD,2021-08-19,Closed,True
T01147,C04998,P05324,26575664.78,13696993.42,USD,2024-01-31,Default,True
T01148,C08348,P01404,19422414.04,6129377.66,EUR,2022-03-07,Closed,False
T01149,C03025,P03338,7822017.38,15181344.77,EUR,2024-09-15,Default,False
T01150,C05602,P06667,45343886.27,4810554.75,USD,2023-07-02,Active,False
T01151,C03804,P05200,12285804.5,23630592.63,NOK,2021-12-08,Default,False
T01152,C00228,P05555,10708198.12,19544823.6,NOK,2022-06-15,Active,True
T01153,C06367,P04265,42032221.54,6345573.09,USD,2020-12-15,Default,False
T01154,C00901,P03394,27592203.68,5362630.99,USD,2021-04-06,Active,True
T01155,C06805,P09056,25029563.04,24246386.55,EUR,2025-08-16,Closed,False
T01156,C07584,P04810,26510732.37,14898598.71,EUR,2024-07-28,Closed,True
T01157,C08852,P04926,32681174.71,23172913.85,EUR,2022-12-21,Closed,False
T01158,C01328,P06273,26742609.3,16171304.65,USD,2021-01-17,Closed,False
T01159,C05242,P09658,16987269.14,18871929.43,USD,2023-04-10,Default,True
T01160,C07061,P02236,13016096.58,22211135.01,NOK,2020-02-02,Default,False
T01161,C08656,P05271,5948436.65,16172536.62,EUR,2025-02-22,Closed,False
T01162,C07748,P04834,3353400.28,2244043.42,EUR,2024-03-09,Active,True
T01163,C07274,P02543,7567760.19,11403102.0,NOK,2025-03-12,Closed,False
T01164,C02165,P08708,14455852.45,1406709.24,EUR,2025-02-15,Default,False
T01165,C02739,P03628,43454703.78,5831305.72,USD,2025-06-06,Active,True
T01166,C03350,P08452,46127498.29,1522887.03,NOK,2022-03-22,Active,False
T01167,C06892,P09771,27814393.69,11139492.2,USD,2025-10-05,Default,False
T01168,C00122,P01087,2955331.16,16868895.52,USD,2024-10-06,Active,False
T01169,C00997,P07297,35643265.94,15598973.75,EUR,2024-01-29,Default,True
T01170,C04716,P04015,39710282.0,8718993.13,EUR,2024-08-16,Active,False
T01171,C03610,P09676,4571516.53,23579916.11,EUR,2023-11-21,Active,True
T01172,C01998,P00757,22111231.12,15354976.05,NOK,2020-06-23,Default,True
T01173,C09170,P01351,43502178.12,3823480.61,EUR,2022-04-11,Closed,False
T01174,C02618,P08234,47677271.8,21315705.67,USD,2022-06-17,Default,False
T01175,C02806,P04142,25930947.38,2343034.4,EUR,2020-02-23,Default,True
T01176,C07497,P00260,8331044.99,23556999.03,EUR,2020-10-19,Active,False
T01177,C01505,P01795,22914012.99,24720758.38,EUR,2025-05-18,Default,True
T01178,C06269,P02392,22764158.51,17237970.05,NOK,2022-08-05,Default,True
T01179,C08811,P08936,29155999.58,9945800.87,USD,2020-07-05,Closed,False
T01180,C04219,P04902,38617561.38,20846735.34,NOK,2023-12-25,Active,True
T01181,C02943,P03803,41876477.85,18509164.3,NOK,2020-10-19,Default,True
T01182,C03330,P02762,16538619.01,3943152.76,USD,2025-06-10,Closed,True
T01183,C04424,P02520,39054140.48,3426944.42,USD,2022-09-22,Default,False
T01184,C06221,P04543,11658848.11,14629504.26,NOK,2020-12-28,Default,False
T01185,C03163,P05981,8338936.88,1053234.22,EUR,2023-06-11,Closed,True
T01186,C05485,P06777,45430519.72,20842249.73,NOK,2022-08-18,Closed,False
T01187,C05286,P00791,21909079.73,4853404.1,NOK,2022-12-29,Closed,False
T01188,C04560,P06118,34419511.09,1180701.54,NOK,2022-07-29,Default,True
T01189,C00823,P06687,6041599.29,17068829.98,USD,2021-01-18,Closed,True
T01190,C05483,P03123,14959024.96,19957443.05,NOK,2024-04-30,Default,True
T01191,C09115,P00935,24349008.9,4133958.88,EUR,2022-08-09,Default,True
T01192,C09624,P07389,36285470.52,3406445.03,USD,2025-02-25,Closed,False
T01193,C02530,P09710,47308902.07,2423247.03,EUR,2024-02-19,Closed,True
T01194,C05718,P02645,21542489.6,5895823.6,NOK,2021-01-14,Closed,False
T01195,C08934,P01037,25287741.94,9820105.93,NOK,2022-12-04,Default,True
T01196,C07982,P00776,47011582.17,1357498.49,EUR,2024-12-16,Default,False
T01197,C02911,P06868,21916570.61,15446403.5,USD,2023-01-08,Default,False
T01198,C04974,P07335,26679278.83,19378490.25,USD,2025-03-05,Closed,True
T01199,C02959,P08752,13211908.2,19472984.1,USD,2023-09-24,Active,True
T01200,C04349,P01754,25554517.65,23933644.5,EUR,2024-04-27,Active,False
T01201,C09865,P05783,18286593.51,16025868.86,NOK,2024-02-13,Active,True
T01202,C09035,P08607,39789962.99,14991492.98,EUR,2023-02-15,Default,False
T01203,C05499,P08580,32486962.37,9611437.42,NOK,2025-03-19,Active,False
T01204,C09921,P07763,21794024.43,4140914.24,EUR,2024-12-31,Active,False
T01205,C00529,P03700,34661731.29,1055819.3,EUR,2024-05-27,Closed,True
T01206,C06998,P07989,29721457.66,21241393.12,USD,2025-03-21,Default,True
T01207,C07978,P04205,11129447.89,17466204.67,USD,2022-09-12,Closed,True
T01208,C01626,P06058,49052335.39,1178040.99,NOK,2022-10-28,Closed,False
T01209,C07348,P07931,24278622.9,5709431.13,EUR,2020-12-30,Closed,False
T01210,C00566,P05852,36960939.86,17290742.59,NOK,2024-06-08,Active,True
T01211,C05237,P00853,7736905.43,22591689.08,USD,2022-02-12,Default,False
T01212,C01235,P08937,46872886.46,14429546.42,NOK,2025-03-12,Active,False
T01213,C05185,P00575,4443059.37,6017612.12,USD,2020-08-15,Active,True
T01214,C06843,P04041,44367742.12,19287758.47,USD,2021-04-27,Active,True
T01215,C01547,P02416,41340735.32,15537610.92,NOK,2023-06-03,Active,False
T01216,C02218,P06360,44450578.32,18116956.77,USD,2025-08-19,Closed,False
T01217,C05892,P05932,22133833.25,21492203.28,EUR,2021-05-03,Default,False
T01218,C00329,P06066,36875564.93,4516472.71,USD,2021-01-15,Active,False
T01219,C06162,P05413,17805634.79,1266246.31,NOK,2024-10-10,Closed,False
T01220,C03518,P02050,48647582.08,5592077.35,EUR,2024-06-23,Default,False
T01221,C07671,P06834,25221549.23,11896728.47,NOK,2025-08-28,Default,True
T01222,C08060,P05480,2219047.27,23511195.49,NOK,2020-08-25,Active,False
T01223,C03743,P07975,28787369.45,3718175.23,NOK,2023-03-13,Default,True
T01224,C09861,P04827,15430728.96,15322030.59,USD,2024-04-01,Default,False
T01225,C07127,P02852,5714503.13,18791841.75,USD,2023-06-23,Closed,True
T01226,C05072,P00979,11657557.32,21403293.05,NOK,2023-10-07,Closed,False
T01227,C01299,P04486,12544814.4,24095007.63,NOK,2021-05-16,Active,False
T01228,C08387,P03154,1151307.53,5579370.97,USD,2020-05-17,Active,False
T01229,C05566,P05360,27605313.51,23501885.53,NOK,2020-07-05,Default,True
T01230,C02460,P08341,26980552.72,10758456.56,NOK,2023-03-14,Closed,True
T01231,C05756,P02047,5432140.49,6814678.62,NOK,2024-03-04,Default,True
T01232,C01091,P04213,30273298.12,6538456.12,USD,2020-06-08,Default,True
T01233,C08401,P00905,37453696.34,17336077.51,NOK,2021-10-20,Closed,True
T01234,C08966,P08523,11190769.49,22094187.99,USD,2020-11-27,Active,True
T01235,C03591,P05049,48495470.12,7736887.23,EUR,2025-08-24,Active,True
T01236,C03910,P01309,22395444.32,23750020.11,EUR,2023-02-17,Active,False
T01237,C07588,P08270,31624405.08,1770798.16,NOK,2021-04-27,Active,True
T01238,C07602,P09759,30772225.81,4498298.92,USD,2021-07-22,Active,True
T01239,C05524,P00315,21217649.29,23690833.89,EUR,2020-01-06,Closed,False
T01240,C01818,P06081,7608008.68,15770264.65,USD,2023-09-26,Active,True
T01241,C04303,P04499,45587995.36,9741382.74,EUR,2022-08-01,Closed,False
T01242,C08678,P07602,46207086.59,21427065.77,EUR,2023-07-29,Active,False
T01243,C02431,P04648,10617720.52,20462478.2,NOK,2021-04-18,Default,True
T01244,C04983,P08705,48135659.16,2094179.43,USD,2023-10-25,Closed,True
T01245,C00345,P04706,47497141.87,8511163.91,USD,2023-01-26,Closed,True
T01246,C01599,P02988,26543028.8,15592407.53,NOK,2021-01-28,Active,True
T01247,C08092,P03415,15539473.26,8280232.28,NOK,2024-05-19,Closed,False
T01248,C07436,P01347,2682016.76,7620703.01,USD,2021-07-30,Active,False
T01249,C07384,P09179,35289841.24,14135328.28,NOK,2024-12-17,Closed,False
T01250,C04714,P08792,49243400.5,544351.58,USD,2023-04-11,Closed,True
T01251,C01521,P08505,45160815.85,4627859.94,USD,2024-07-25,Active,True
T01252,C00566,P00032,45129811.82,12470748.35,NOK,2021-10-18,Active,True
T01253,C08507,P05494,6300428.82,5567169.16,EUR,2022-04-04,Active,True
T01254,C07961,P07209,49296392.69,1456274.6,USD,2024-03-29,Closed,False
T01255,C03654,P07616,17421805.45,2481016.72,EUR,2020-03-05,Default,True
T01256,C03207,P00278,29673732.8,5570391.97,EUR,2020-05-19,Closed,False
T01257,C06296,P09347,42336190.27,19052335.56,USD,2020-04-18,Closed,False
T01258,C06595,P09149,48999381.8,12367812.11,EUR,2021-02-13,Closed,True
T01259,C09520,P03580,37791820.18,23699779.47,USD,2023-03-05,Closed,True
T01260,C06873,P03363,29715844.4,6211685.4,USD,2021-07-13,Active,False
T01261,C09609,P09888,39618969.33,5394960.16,NOK,2023-03-31,Default,True
T01262,C02459,P03743,11120382.61,20648766.71,EUR,2021-11-26,Default,True
T01263,C05572,P01217,17565716.01,12988524.09,USD,2020-04-04,Closed,False
T01264,C05786,P07900,38168954.16,11299201.58,USD,2021-11-23,Active,True
T01265,C07757,P04707,44068504.56,24980849.66,USD,2025-09-30,Active,False
T01266,C03940,P06984,13946468.84,20724309.55,NOK,2025-06-28,Closed,True
T01267,C05746,P04174,12871494.43,3298507.95,USD,2022-01-15,Closed,False
T01268,C05277,P06811,43798497.25,6085596.81,EUR,2025-06-30,Default,False
T01269,C05003,P04819,31571168.87,5410368.13,EUR,2023-07-12,Active,True
T01270,C04243,P01722,34496451.08,10097344.7,NOK,2025-04-27,Active,True
T01271,C08952,P02741,18885997.4,6033901.15,NOK,2022-03-16,Active,True
T01272,C08491,P03769,30667900.55,1258517.69,NOK,2021-04-09,Active,True
T01273,C08594,P03821,1649308.54,10319877.23,NOK,2020-10-20,Default,True
T01274,C05445,P02468,41783955.94,12058769.58,USD,2023-05-25,Active,False
T01275,C02967,P07680,22662576.62,1677782.21,NOK,2022-10-24,Default,False
T01276,C08543,P00898,15876888.4,16835155.84,EUR,2020-11-21,Default,False
T01277,C04880,P08586,4016480.67,7516392.73,USD,2023-03-02,Default,False
T01278,C04484,P09090,27628252.63,17033976.44,EUR,2022-03-01,Active,False
T01279,C00873,P08292,49152616.77,3151726.21,EUR,2022-08-05,Closed,True
T01280,C02908,P06803,21935447.69,14358190.31,USD,2023-09-09,Active,True
T01281,C02371,P06343,49269397.88,23812420.45,NOK,2024-02-14,Closed,False
T01282,C07852,P02685,9095710.01,6914991.83,NOK,2023-01-10,Active,True
T01283,C09087,P02816,34519491.71,22281889.11,EUR,2021-05-10,Closed,True
T01284,C03330,P09493,20059808.69,19554204.12,USD,2023-03-27,Active,True
T01285,C05145,P01292,23539690.15,9251602.41,USD,2025-02-14,Closed,False
T01286,C09152,P01659,18282347.13,3242371.54,EUR,2023-08-29,Closed,False
T01287,C00179,P00374,27103016.7,11363266.92,USD,2025-10-03,Closed,True
T01288,C09523,P09101,39057665.69,9489256.4,USD,2025-05-21,Active,False
T01289,C08033,P03666,45401966.6,18023751.73,USD,2025-06-29,Default,True
T01290,C04297,P00295,13831970.95,1642590.87,USD,2021-10-07,Closed,True
T01291,C05891,P02747,31682868.4,13855541.59,USD,2020-02-15,Default,True
T01292,C09205,P01399,31527395.39,6487891.51,USD,2020-11-15,Closed,True
T01293,C06258,P05919,40921530.1,11673603.75,NOK,2024-05-11,Active,True
T01294,C04228,P07053,14496116.74,24990388.5,EUR,2021-10-14,Active,True
T01295,C02673,P04994,43767528.32,3198104.05,USD,2021-10-07,Active,True
T01296,C00363,P07326,17642463.9,9574638.59,NOK,2024-08-20,Closed,False
T01297,C05339,P03360,42029736.24,14314980.9,NOK,2021-05-02,Default,False
T01298,C08612,P01784,14890890.59,2446422.34,USD,2025-09-02,Default,True
T01299,C08947,P02445,45689671.19,21810302.54,NOK,2025-02-13,Default,False
T01300,C03790,P03051,8788492.31,8761263.32,USD,2023-06-23,Active,True
T01301,C01834,P03120,36182577.84,16112471.03,NOK,2024-07-05,Default,True
T01302,C05822,P04018,1287659.35,12384586.41,EUR,2021-01-27,Active,True
T01303,C01235,P09789,5883558.6,19722436.58,NOK,2023-04-01,Closed,False
T01304,C08465,P03354,14562709.33,9113920.8,EUR,2025-04-22,Closed,False
T01305,C08939,P03598,25219769.11,10424403.73,USD,2022-06-09,Active,False
T01306,C07666,P06136,27834017.53,19410810.4,USD,2022-09-29,Active,True
T01307,C09423,P09241,19859914.84,20853187.75,EUR,2021-06-01,Active,False
T01308,C04903,P04590,22579369.53,2980788.04,EUR,2025-05-20,Closed,False
T01309,C00953,P07908,20738995.45,13112840.4,NOK,2021-07-02,Active,False
T01310,C00010,P05199,19375120.73,4541384.57,USD,2023-11-18,Default,True
T01311,C02461,P07276,37983326.49,3502597.25,USD,2023-04-05,Closed,False
T01312,C09458,P05920,38827081.95,5015712.22,EUR,2021-09-27,Default,True
T01313,C09922,P05223,23261340.98,12166636.15,EUR,2025-09-04,Closed,False
T01314,C08331,P04612,15704867.86,11355297.35,EUR,2022-08-02,Closed,True
T01315,C06200,P02655,23666976.06,1655682.24,EUR,2024-06-30,Closed,True
T01316,C01576,P03710,24442467.99,16847341.11,NOK,2023-05-14,Closed,False
T01317,C05443,P08255,4077311.42,6915021.91,EUR,2023-02-06,Closed,False
T01318,C04436,P04908,2536704.58,3887525.74,EUR,2020-06-20,Active,True
T01319,C09237,P06408,7730619.19,22832691.96,USD,2023-08-09,Active,False
T01320,C08722,P08574,21806091.87,21626027.23,USD,2025-02-09,Closed,True
T01321,C05110,P06960,20200370.38,15533313.99,NOK,2025-02-07,Active,False
T01322,C09131,P06980,10851552.54,10252607.76,USD,2020-01-07,Default,False
T01323,C06548,P01784,28255263.17,3082433.63,USD,2024-11-06,Active,False
T01324,C02421,P06833,27623091.92,8803121.3,USD,2023-08-01,Closed,False
T01325,C02874,P05229,20115044.8,20452912.88,NOK,2024-11-11,Closed,True
T01326,C04600,P00508,17289305.26,16532316.59,NOK,2022-02-26,Default,False
T01327,C09360,P00696,8337110.94,13026757.9,USD,2021-06-13,Default,False
T01328,C01099,P08159,31667997.57,7214443.08,EUR,2020-03-02,Active,False
T01329,C01497,P02269,23627905.39,9108264.08,NOK,2024-06-12,Active,True
T01330,C02052,P03418,24875042.37,5930620.3,USD,2021-11-15,Closed,False
T01331,C09666,P01364,48572954.94,13793601.06,EUR,2023-12-27,Default,True
T01332,C02487,P00496,4722922.0,23592148.83,NOK,2023-06-22,Active,True
T01333,C05686,P00208,9258985.88,2833482.61,USD,2020-07-13,Closed,True
T01334,C05150,P04113,18807853.09,22829861.8,EUR,2024-06-12,Default,False
T01335,C09555,P05420,18072864.7,20052444.3,EUR,2022-01-03,Active,False
T01336,C04151,P07713,15243314.42,819934.23,EUR,2022-07-18,Default,True
T01337,C08265,P03587,25443672.4,16621763.62,USD,2020-08-13,Active,False
T01338,C07872,P03779,2172624.32,9691295.81,NOK,2023-01-27,Active,True
T01339,C06944,P03834,41724963.91,17779848.97,NOK,2022-09-21,Closed,True
T01340,C07487,P08057,43355918.5,23343870.27,EUR,2025-03-29,Closed,False
T01341,C02185,P04139,17793646.67,8504977.48,NOK,2024-12-21,Active,False
T01342,C00372,P09537,34160223.96,17324299.06,EUR,2022-09-20,Active,False
T01343,C04365,P08790,11414911.95,17010275.73,EUR,2020-06-07,Default,True
T01344,C00446,P01151,41857102.8,4620386.86,NOK,2024-04-19,Active,True
T01345,C07813,P01825,9845671.42,11873199.78,NOK,2020-02-15,Active,False
T01346,C06543,P03736,14909425.71,20085834.79,USD,2022-01-21,Active,True
T01347,C00953,P01064,11200185.9,23933559.26,USD,2022-08-26,Closed,True
T01348,C08567,P03173,31730149.15,19188025.64,NOK,2023-04-03,Default,True
T01349,C02086,P03793,39370981.96,15930383.24,USD,2025-08-26,Active,False
T01350,C07506,P05148,26611952.73,13054785.93,NOK,2020-07-26,Active,False
T01351,C06556,P02522,5707717.7,3868216.69,EUR,2023-04-18,Default,True
T01352,C01425,P07197,30673487.51,20994336.53,USD,2022-02-02,Default,True
T01353,C05359,P07157,26600811.36,21937975.69,EUR,2025-05-24,Active,False
T01354,C02707,P07182,42023828.03,20705772.11,NOK,2021-12-05,Closed,True
T01355,C03978,P00436,23834976.3,10173142.55,EUR,2024-09-01,Active,False
T01356,C07814,P09829,3495702.9,24553323.69,NOK,2021-08-11,Closed,False
T01357,C02816,P07247,27481739.87,11378187.54,NOK,2020-03-25,Closed,True
T01358,C04632,P07775,14095095.02,10146511.14,NOK,2022-09-13,Closed,True
T01359,C03927,P08616,45063779.93,1954270.32,USD,2023-12-02,Closed,True
T01360,C09762,P00368,28928925.55,566306.14,EUR,2020-07-30,Closed,False
T01361,C07856,P03792,29301902.16,2909023.66,USD,2020-04-25,Default,True
T01362,C06617,P08225,22867515.07,12172458.66,EUR,2021-08-03,Active,False
T01363,C05322,P07808,36872376.48,18018473.21,EUR,2024-12-04,Closed,False
T01364,C04377,P04555,14884633.9,19967552.03,NOK,2025-05-08,Closed,False
T01365,C07218,P02375,10869702.71,7656942.68,EUR,2020-04-12,Active,False
T01366,C01396,P08836,10697554.75,8748515.8,NOK,2025-03-03,Closed,False
T01367,C01223,P02388,48282675.16,9870289.63,EUR,2023-11-03,Active,False
T01368,C01404,P05791,10680743.89,18340892.17,EUR,2024-08-14,Default,True
T01369,C05682,P02608,30316155.33,16211293.79,EUR,2023-08-24,Active,True
T01370,C05289,P05279,17718060.51,3089311.87,EUR,2021-04-25,Default,False
T01371,C04921,P01516,32466445.91,2882878.1,EUR,2021-06-15,Active,True
T01372,C04804,P00448,28581418.13,15416369.13,USD,2020-07-05,Closed,False
T01373,C07528,P02924,18619671.47,20508337.27,EUR,2025-02-16,Default,False
T01374,C00571,P04116,13721146.96,5994963.19,NOK,2023-03-15,Closed,False
T01375,C06765,P07972,8513179.83,24652493.99,USD,2025-05-27,Active,False
T01376,C04119,P02757,25378660.72,13575697.72,NOK,2025-09-22,Closed,True
T01377,C02662,P02191,13105270.83,24342629.03,USD,2022-12-27,Closed,True
T01378,C04126,P08361,26002304.07,7249303.81,NOK,2020-11-22,Default,False
T01379,C00865,P05593,25032192.83,10001467.73,EUR,2020-02-19,Active,True
T01380,C05091,P01539,47615626.5,13519634.11,USD,2024-01-31,Active,False
T01381,C05527,P07395,4222997.37,13037116.95,EUR,2025-03-09,Default,True
T01382,C02770,P06503,19876658.8,5206448.33,EUR,2020-02-20,Default,False
T01383,C09082,P05830,30906553.7,10669025.11,NOK,2023-11-13,Active,False
T01384,C04257,P02462,35677697.05,20941606.22,EUR,2023-12-25,Closed,True
T01385,C04323,P04710,18019426.51,23818799.32,NOK,2021-12-29,Closed,False
T01386,C07221,P01531,17255412.62,6821559.94,EUR,2021-07-20,Default,True
T01387,C00337,P04462,11565578.28,889048.34,USD,2025-08-07,Default,False
T01388,C07981,P08728,9708669.64,1483522.46,USD,2020-11-04,Active,True
T01389,C03188,P09628,5698949.68,12635189.46,NOK,2023-12-02,Closed,False
T01390,C01677,P03329,45050293.3,3226554.34,EUR,2022-11-24,Active,True
T01391,C09710,P03381,25767734.9,19012202.84,USD,2023-01-09,Default,True
T01392,C07956,P09355,26402972.41,19172933.53,EUR,2021-05-28,Default,False
T01393,C09624,P05608,15598027.45,3840545.41,EUR,2024-06-23,Closed,True
T01394,C08005,P07320,3804219.48,2917404.62,EUR,2022-11-14,Closed,True
T01395,C08526,P02260,2903362.7,13328114.45,USD,2024-12-02,Closed,True
T01396,C03066,P09761,7247679.92,6494030.47,USD,2021-02-01,Closed,False
T01397,C03313,P00184,2546192.58,18149457.74,NOK,2023-01-16,Closed,False
T01398,C06995,P03150,38859891.49,12118268.14,NOK,2024-06-24,Active,False
T01399,C07997,P05692,20442046.05,22820391.77,USD,2023-12-28,Closed,False
T01400,C00767,P01545,28461878.55,8674845.35,USD,2022-05-12,Default,True
T01401,C09835,P07556,16373031.41,3702904.62,EUR,2020-04-19,Closed,True
T01402,C02210,P02730,20645118.99,22992956.47,EUR,2020-09-02,Active,True
T01403,C06023,P07663,17876716.45,24656743.67,USD,2024-10-29,Default,False
T01404,C06132,P04089,1479046.11,12874105.4,NOK,2020-08-04,Closed,False
T01405,C08347,P09147,42504852.45,16263226.42,USD,2023-01-08,Active,True
T01406,C02272,P08935,14264183.59,15502284.7,EUR,2020-01-15,Active,False
T01407,C09630,P07259,19463312.51,9835863.68,USD,2024-07-27,Closed,False
T01408,C09597,P03851,19537676.07,21259198.66,NOK,2022-09-12,Default,False
T01409,C01996,P07086,43269297.95,21713471.65,NOK,2022-07-21,Closed,False
T01410,C04651,P01428,22436985.44,15701286.32,EUR,2021-11-30,Active,True
T01411,C00734,P06712,15542392.61,23048285.67,NOK,2021-02-25,Closed,False
T01412,C05659,P08774,29884401.73,22663238.14,NOK,2021-02-07,Closed,False
T01413,C09020,P06164,7759191.23,9710189.27,USD,2023-05-08,Default,True
T01414,C02112,P03244,33088234.54,1793687.91,NOK,2023-06-25,Closed,True
T01415,C07303,P06471,5768027.68,21422254.94,USD,2023-05-03,Default,True
T01416,C08675,P05595,15311068.43,8703307.01,EUR,2024-06-11,Default,True
T01417,C01024,P08531,41954515.95,16295175.8,NOK,2024-02-03,Closed,False
T01418,C00445,P02446,9320040.57,15477371.84,EUR,2024-12-01,Closed,True
T01419,C00659,P04907,33619054.84,4675209.74,NOK,2021-09-20,Closed,True
T01420,C09761,P09459,25384102.11,11483277.85,USD,2022-04-03,Default,False
T01421,C07132,P00720,13933730.77,17719346.63,EUR,2024-07-30,Default,False
T01422,C01791,P05124,11222957.87,2236488.83,EUR,2020-08-06,Default,False
T01423,C06740,P00866,26406504.46,2232800.5,NOK,2023-01-28,Active,False
T01424,C08514,P00245,27605025.46,19646273.05,NOK,2024-06-30,Closed,True
T01425,C02194,P05623,33965470.02,10674417.63,USD,2024-07-04,Default,True
T01426,C02035,P08729,21578343.83,23945129.62,EUR,2021-09-17,Default,True
T01427,C00304,P04829,15191511.22,2679906.03,NOK,2023-06-24,Closed,True
T01428,C03878,P07409,48005368.45,6268976.89,NOK,2020-05-15,Default,False
T01429,C09168,P07500,31104671.73,9335551.3,EUR,2023-02-15,Active,True
T01430,C03344,P04324,19348025.65,2141911.73,NOK,2025-05-06,Active,False
T01431,C07026,P01187,38288519.64,9443469.48,USD,2025-08-17,Closed,False
T01432,C01384,P05022,20136905.83,20648654.31,NOK,2020-10-20,Closed,False
T01433,C04031,P09239,47782222.04,22559646.89,NOK,2025-02-16,Active,True
T01434,C03733,P09863,27441307.12,20967381.27,USD,2022-06-12,Active,True
T01435,C01404,P00223,22121818.68,20739309.26,USD,2021-08-30,Active,True
T01436,C00202,P07345,1191531.61,9089281.36,NOK,2024-09-12,Closed,True
T01437,C02831,P01102,40485307.83,16259136.85,EUR,2024-12-31,Default,True
T01438,C06664,P01539,30916285.01,17691971.94,EUR,2023-04-02,Active,True
T01439,C04041,P04693,45767395.77,20588263.58,EUR,2025-08-23,Default,True
T01440,C00165,P01333,26104405.05,15448743.2,EUR,2020-01-22,Default,True
T01441,C06392,P03069,40847304.05,4660268.57,EUR,2024-03-12,Active,True
T01442,C05627,P07517,20111041.13,1296295.45,USD,2020-01-10,Active,False
T01443,C04167,P01494,48214108.71,20277750.34,EUR,2022-10-20,Default,True
T01444,C07212,P06528,40887079.4,19670790.31,USD,2021-12-26,Default,False
T01445,C08962,P08106,29506569.02,24540921.33,NOK,2020-06-29,Closed,True
T01446,C04494,P08433,33195678.04,2764753.94,EUR,2020-02-23,Default,True
T01447,C09210,P08264,5341336.25,11772989.17,EUR,2020-08-14,Active,False
T01448,C01982,P07485,18557767.31,16796063.58,USD,2021-11-23,Default,False
T01449,C01584,P08063,26860805.49,11771140.19,EUR,2024-04-20,Closed,False
T01450,C00309,P04076,49740828.05,14897381.34,NOK,2021-01-12,Default,True
T01451,C07025,P06079,24118658.03,13855881.76,USD,2022-09-07,Closed,False
T01452,C01039,P03739,43316958.73,19380784.04,USD,2022-03-04,Active,False
T01453,C02235,P03620,8331951.56,3749241.02,USD,2021-10-23,Default,True
T01454,C04218,P03898,30597660.87,6397314.73,USD,2022-09-29,Closed,True
T01455,C04628,P02154,40591963.8,7638118.77,NOK,2020-07-10,Default,False
T01456,C06500,P06472,27758103.68,17214560.6,EUR,2025-06-12,Active,True
T01457,C04842,P03086,18494298.88,8346544.34,USD,2023-07-17,Default,False
T01458,C01652,P00360,45443204.98,24687031.88,EUR,2020-08-06,Closed,True
T01459,C04542,P00970,35599377.78,20236006.47,EUR,2023-06-25,Active,False
T01460,C00490,P01186,32213247.04,21034753.28,USD,2023-01-17,Closed,False
T01461,C05916,P02742,5487907.26,11569117.48,USD,2021-03-31,Active,False
T01462,C04265,P06635,19890052.15,15530171.67,NOK,2023-05-23,Active,True
T01463,C03436,P09554,48703111.86,24381056.99,NOK,2024-03-14,Default,False
T01464,C05992,P02629,27785991.67,23386742.4,EUR,2024-10-17,Active,True
T01465,C06088,P06014,47822811.0,3783739.61,NOK,2021-06-11,Closed,False
T01466,C06912,P06601,23004252.38,9231530.94,EUR,2022-07-05,Active,False
T01467,C02780,P02556,36379795.87,20625828.64,USD,2023-11-02,Closed,True
T01468,C00509,P02588,7355664.07,1884257.51,NOK,2023-11-16,Active,False
T01469,C05796,P03935,11587655.46,18002799.79,NOK,2020-01-31,Active,False
T01470,C08253,P09800,35318713.96,5469425.25,EUR,2022-07-15,Active,True
T01471,C07927,P08429,36507931.51,5517049.43,NOK,2024-12-06,Active,True
T01472,C01272,P05401,15710646.27,11947171.54,NOK,2020-07-19,Closed,True
T01473,C02189,P07877,17284844.13,22185950.84,NOK,2020-07-08,Default,True
T01474,C04258,P03586,45048634.31,18713119.17,USD,2020-09-27,Closed,True
T01475,C02974,P03434,45577263.22,15562929.05,NOK,2020-10-20,Default,False
T01476,C00997,P06965,24611329.29,22811620.04,USD,2022-05-09,Active,False
T01477,C09072,P07861,28466534.89,4214101.22,EUR,2024-04-14,Active,False
T01478,C04736,P09794,41402078.25,7506363.12,EUR,2024-06-10,Active,False
T01479,C05698,P05447,35678403.15,10902898.08,EUR,2022-11-20,Closed,False
T01480,C02952,P04629,16611486.88,8632328.27,USD,2024-08-20,Active,True
T01481,C07082,P06156,8142853.16,4083538.37,EUR,2024-07-12,Closed,False
T01482,C08212,P01902,11711538.48,6639488.43,NOK,2024-01-27,Closed,True
T01483,C05822,P03841,18115024.47,11110817.36,EUR,2024-06-04,Active,False
T01484,C00856,P01933,40815758.03,15757598.44,USD,2023-09-19,Closed,False
T01485,C07848,P02517,40643880.82,16443216.02,NOK,2022-01-24,Active,False
T01486,C08514,P08230,25683080.95,23011285.01,USD,2021-04-11,Active,True
T01487,C08108,P01011,13569926.91,20705951.16,USD,2024-06-04,Default,False
T01488,C08556,P05163,24436474.61,7225154.39,USD,2021-09-12,Active,True
T01489,C06848,P04884,22576349.31,14029574.68,EUR,2024-01-15,Default,False
T01490,C05732,P05476,4205490.69,11854314.23,EUR,2024-06-30,Default,True
T01491,C08004,P03194,21487064.39,4680642.82,USD,2022-01-21,Default,False
T01492,C02852,P07028,19813772.57,4712252.78,USD,2020-10-27,Default,True
T01493,C05805,P03157,10146891.49,4332385.04,USD,2025-03-25,Active,False
T01494,C01284,P01866,49255115.31,23912168.96,EUR,2025-04-29,Active,False
T01495,C04271,P01847,19131143.07,10358836.17,USD,2024-05-09,Active,True
T01496,C00225,P06013,4484490.11,21304489.4,EUR,2024-05-12,Default,False
T01497,C02937,P01177,9039946.42,16304869.03,NOK,2022-06-28,Default,False
T01498,C07161,P02987,39528124.67,5374356.35,NOK,2022-12-06,Active,True
T01499,C04343,P02119,21352773.98,16847525.11,NOK,2022-10-27,Default,False
T01500,C00514,P02089,35160493.53,3069569.04,EUR,2021-02-06,Closed,True
T01501,C08125,P00888,24663969.39,4298723.03,NOK,2024-10-12,Active,False
T01502,C00195,P07771,47768409.6,13724612.89,USD,2024-06-06,Default,False
T01503,C07881,P09692,1472396.66,10430855.16,NOK,2025-01-17,Closed,True
T01504,C08270,P07926,41944571.67,10214366.35,EUR,2022-02-23,Active,False
T01505,C09367,P09457,36561145.64,6240735.89,USD,2020-09-11,Default,True
T01506,C01588,P08281,17386823.06,21224703.57,USD,2025-05-19,Default,True
T01507,C09973,P02218,10760633.29,23130135.14,EUR,2020-05-04,Default,False
T01508,C01169,P07762,9219659.16,9190875.21,NOK,2020-06-11,Active,False
T01509,C03856,P00099,47403569.75,19751799.77,EUR,2024-12-31,Default,True
T01510,C01643,P06056,46308901.68,1017890.7,NOK,2025-10-13,Default,True
T01511,C03450,P05238,42100688.17,5453331.75,USD,2023-11-01,Closed,False
T01512,C01155,P07199,45842230.41,12563792.44,USD,2025-01-08,Active,True
T01513,C02230,P08773,37860668.64,24673678.14,EUR,2023-03-24,Closed,True
T01514,C08823,P05925,10090535.3,16036812.46,USD,2020-10-03,Closed,True
T01515,C09776,P07233,17290788.59,18610929.89,USD,2022-08-20,Default,True
T01516,C05182,P07667,7150000.23,14306963.85,EUR,2021-02-08,Default,True
T01517,C05238,P02820,15006088.49,3057730.44,USD,2024-03-28,Default,False
T01518,C09420,P02972,27566064.88,9083084.8,USD,2021-12-11,Closed,True
T01519,C04375,P06436,46139928.98,21238794.83,EUR,2024-07-19,Active,False
T01520,C01487,P06477,16214123.76,4565884.48,NOK,2025-04-10,Active,True
T01521,C01339,P02822,45718246.26,16072069.18,EUR,2020-09-23,Default,False
T01522,C00998,P04606,21236645.1,6742953.84,NOK,2024-02-22,Default,False
T01523,C09221,P08012,17512704.83,19366398.39,NOK,2020-12-31,Default,False
T01524,C08798,P01007,2182504.06,13202503.8,USD,2023-07-02,Active,True
T01525,C05478,P00706,3782799.99,5680134.35,EUR,2024-11-13,Default,True
T01526,C09576,P00088,16960334.51,3698732.19,NOK,2023-05-21,Active,True
T01527,C01001,P06453,9480174.73,16001593.87,USD,2022-04-10,Active,True
T01528,C06461,P02590,11193589.57,23563882.39,USD,2023-05-05,Default,False
T01529,C06712,P08808,10920284.97,4436633.35,NOK,2022-10-19,Closed,True
T01530,C02930,P09850,14130590.48,14669566.66,NOK,2021-02-06,Default,True
T01531,C09374,P08269,7015660.44,15138749.69,EUR,2021-01-02,Active,False
T01532,C00007,P00879,19854232.64,24813523.04,EUR,2023-09-05,Active,False
T01533,C09780,P01873,15865813.16,6002704.47,NOK,2024-03-17,Closed,False
T01534,C03074,P04640,10837909.88,2477599.73,EUR,2023-10-27,Closed,False
T01535,C07379,P01947,34285549.94,1566679.53,USD,2023-04-16,Active,True
T01536,C02338,P01289,34043454.63,13531856.45,USD,2025-10-18,Default,True
T01537,C01255,P02188,44680683.23,2416078.51,NOK,2021-10-22,Closed,True
T01538,C08507,P04034,27277571.53,19580528.55,EUR,2023-05-04,Default,True
T01539,C02580,P09018,46765091.23,15904951.46,USD,2021-08-09,Closed,False
T01540,C08763,P03318,40540646.9,1612517.76,USD,2024-10-22,Default,False
T01541,C07022,P02923,11006767.44,12064425.81,USD,2023-09-12,Active,True
T01542,C02135,P07723,40225866.92,626555.46,NOK,2021-01-23,Active,False
T01543,C00422,P02065,7465572.11,4936110.93,NOK,2024-12-24,Default,True
T01544,C05423,P01164,44356280.0,9276510.35,EUR,2024-10-28,Closed,False
T01545,C05698,P06156,49484650.86,23015069.27,USD,2024-02-16,Default,False
T01546,C07101,P03176,18334424.97,8984265.62,NOK,2024-02-25,Active,True
T01547,C05758,P07755,9445729.94,10425307.33,USD,2020-05-24,Active,False
T01548,C01281,P02436,22163937.87,9427427.33,NOK,2020-07-18,Active,True
T01549,C07096,P09177,30215987.66,18138975.23,USD,2021-11-06,Default,False
T01550,C04846,P08814,20422828.1,19468544.91,USD,2022-04-24,Default,True
T01551,C01798,P09645,33879427.59,12928289.69,USD,2023-06-19,Closed,False
T01552,C00883,P07919,47009981.15,3628514.09,NOK,2020-12-22,Closed,False
T01553,C05397,P03429,37087506.19,14423613.99,USD,2025-06-29,Closed,True
T01554,C04827,P00656,2394651.44,17532910.64,NOK,2025-06-02,Closed,True
T01555,C07450,P07260,9886220.86,3564889.41,USD,2022-02-08,Active,False
T01556,C08108,P08022,7086187.3,971410.48,USD,2022-11-08,Closed,True
T01557,C02127,P02527,1228510.95,19718457.59,NOK,2025-07-09,Active,True
T01558,C03396,P01526,18332959.54,9150882.75,NOK,2025-03-11,Active,False
T01559,C04827,P07611,47884845.26,12023529.55,USD,2022-06-28,Closed,True
T01560,C05202,P03741,8243655.97,13947142.19,NOK,2024-08-22,Active,True
T01561,C09432,P01593,42596422.9,12842688.57,NOK,2025-02-09,Closed,True
T01562,C06651,P08886,22300763.9,15592602.71,NOK,2023-06-04,Default,True
T01563,C09447,P01509,21352653.0,19457817.86,USD,2024-08-12,Active,False
T01564,C08102,P08737,16792135.13,2825697.58,USD,2024-09-28,Closed,True
T01565,C07359,P09000,41283504.72,8350344.3,USD,2021-04-26,Active,False
T01566,C09902,P09892,6583219.38,24232166.8,NOK,2022-05-13,Active,False
T01567,C08002,P05923,22540641.17,22652428.1,NOK,2020-10-23,Active,True
T01568,C05346,P05570,13671772.77,18399776.43,EUR,2020-10-20,Closed,True
T01569,C04634,P00646,17915195.45,4864295.99,EUR,2020-01-30,Default,True
T01570,C06272,P03483,44988004.43,6157770.95,USD,2021-08-19,Active,True
T01571,C09972,P04946,37087114.41,19485631.49,USD,2023-07-08,Default,True
T01572,C07451,P09198,6250802.43,9910309.77,EUR,2020-03-31,Closed,False
T01573,C08736,P04688,38380121.37,8066545.65,EUR,2023-08-01,Default,True
T01574,C04730,P08803,21015471.07,5395476.24,USD,2024-01-20,Default,False
T01575,C00921,P02523,15767203.83,12517598.54,EUR,2020-06-11,Active,True
T01576,C02470,P09747,14163846.78,3026385.95,NOK,2020-11-20,Default,True
T01577,C06146,P07473,8766584.7,22779714.85,NOK,2022-01-22,Active,True
T01578,C00657,P09517,35494332.82,3633840.61,NOK,2024-08-07,Active,False
T01579,C02932,P07837,28488563.96,7280359.84,NOK,2020-08-19,Active,True
T01580,C06914,P05403,35061228.59,14346191.89,NOK,2020-01-06,Closed,True
T01581,C04673,P08207,11460626.75,23072484.07,USD,2025-03-06,Closed,False
T01582,C05676,P02528,9492012.36,10768812.82,NOK,2020-11-24,Active,False
T01583,C07353,P07171,19843868.91,7637331.66,EUR,2023-08-18,Active,True
T01584,C07855,P07518,13121565.35,17093794.83,NOK,2021-04-02,Closed,True
T01585,C00726,P07619,12901340.35,7941915.82,NOK,2022-03-25,Default,False
T01586,C08108,P00916,5473175.07,14444310.66,USD,2025-08-18,Closed,True
T01587,C06164,P03137,46824405.45,10008614.78,EUR,2022-05-27,Default,True
T01588,C06807,P04504,24757470.21,14434875.83,NOK,2022-04-01,Active,False
T01589,C08662,P02130,41680236.56,11404204.59,NOK,2021-12-16,Closed,False
T01590,C07728,P07499,31869585.55,11158361.28,EUR,2022-12-02,Closed,True
T01591,C04253,P06113,30681281.75,22669902.86,NOK,2022-07-31,Closed,True
T01592,C09854,P07311,1409966.24,17535925.76,NOK,2023-08-20,Closed,True
T01593,C09760,P09048,39404238.7,12961088.73,USD,2025-08-12,Default,True
T01594,C03678,P04020,22207678.89,11317421.15,EUR,2021-02-26,Active,False
T01595,C08590,P02009,27360985.31,15769633.31,EUR,2025-10-23,Closed,True
T01596,C09692,P09310,20021538.19,18048379.02,NOK,2021-05-15,Closed,True
T01597,C00650,P09629,7140813.33,12406976.04,NOK,2020-09-17,Active,False
T01598,C08313,P08659,3623104.1,11052990.21,USD,2023-11-04,Closed,True
T01599,C01968,P03957,42956362.45,7258343.27,NOK,2023-08-02,Active,True
T01600,C03772,P01455,24598753.53,11373924.77,EUR,2024-03-13,Active,False
T01601,C02133,P07326,7157791.01,10136714.7,USD,2022-06-07,Active,True
T01602,C07754,P07702,41827079.67,23388780.56,EUR,2020-08-03,Active,True
T01603,C08214,P05433,46562242.77,4415623.98,NOK,2023-11-13,Default,True
T01604,C02571,P07154,38501567.84,24496627.97,EUR,2023-04-26,Default,False
T01605,C05080,P09493,5507640.09,23807860.49,EUR,2024-12-18,Default,True
T01606,C00042,P05459,43562202.73,14453895.78,EUR,2025-01-19,Active,False
T01607,C02081,P04106,26452512.16,19956321.37,NOK,2022-05-22,Default,False
T01608,C00963,P07800,15556540.14,24597283.18,EUR,2024-08-30,Active,False
T01609,C02459,P02929,33344492.96,20337366.06,USD,2022-08-04,Default,False
T01610,C04643,P03761,19209325.0,20715554.79,EUR,2024-07-20,Active,True
T01611,C09879,P01880,7937368.01,7458714.58,USD,2020-10-24,Closed,True
T01612,C03180,P03869,6203687.61,5970361.47,EUR,2020-08-10,Closed,True
T01613,C08351,P05034,28189937.66,22199598.72,USD,2024-12-18,Default,True
T01614,C09342,P03188,6968710.38,23689009.01,NOK,2021-05-08,Closed,True
T01615,C06638,P06509,10766023.11,23522967.06,EUR,2023-07-14,Closed,True
T01616,C04130,P08314,3986503.1,21450067.63,USD,2020-06-27,Default,True
T01617,C00392,P06516,23156806.21,10640871.44,USD,2021-11-28,Default,False
T01618,C01356,P09223,45379298.4,1698543.39,NOK,2022-10-22,Active,True
T01619,C02729,P01289,2665793.37,1447803.76,USD,2025-03-22,Active,False
T01620,C07403,P07313,45236245.65,695318.22,EUR,2022-10-19,Default,False
T01621,C02434,P09696,5301281.79,15850839.85,USD,2021-05-13,Default,False
T01622,C00073,P00908,33323591.07,18961215.77,NOK,2025-10-21,Closed,False
T01623,C03181,P01516,38646462.23,24555067.43,USD,2020-10-29,Active,False
T01624,C02006,P05235,12540246.35,15620443.37,EUR,2022-04-17,Closed,False
T01625,C05798,P06627,32884835.7,9423578.46,USD,2023-06-15,Default,False
T01626,C03482,P07067,28253987.04,10685991.26,NOK,2025-10-11,Default,True
T01627,C04383,P06599,25092307.41,15298685.51,EUR,2020-04-10,Default,True
T01628,C02021,P06674,20309641.01,2022953.29,USD,2022-06-09,Default,False
T01629,C09739,P00220,48312529.4,591904.41,NOK,2021-03-14,Active,True
T01630,C02816,P07275,31867015.71,20585232.39,NOK,2022-11-09,Default,False
T01631,C02107,P08660,43977861.65,3733973.37,EUR,2022-08-07,Default,False
T01632,C03487,P05100,28063347.97,13183571.69,NOK,2022-08-18,Closed,True
T01633,C00484,P00597,36874257.32,22916988.71,EUR,2021-05-24,Default,True
T01634,C02224,P09992,36078259.89,17595423.43,EUR,2021-03-26,Default,True
T01635,C03984,P07878,33370720.61,6950689.57,EUR,2022-09-12,Default,True
T01636,C02978,P03983,45385138.56,19468734.37,NOK,2021-08-24,Default,True
T01637,C06127,P08129,49761742.1,17302872.02,NOK,2023-08-27,Default,True
T01638,C09885,P06071,8497806.79,6433524.77,NOK,2025-08-26,Active,True
T01639,C07297,P01317,45078444.95,9843535.77,USD,2020-01-19,Closed,False
T01640,C05130,P08864,15709104.9,9348920.74,EUR,2022-01-15,Default,False
T01641,C07561,P09144,2520978.23,14251368.35,EUR,2023-09-17,Closed,False
T01642,C02076,P02532,33952758.23,7146706.8,EUR,2021-01-22,Default,False
T01643,C07842,P09423,11868799.89,10959088.8,NOK,2021-08-26,Closed,False
T01644,C01510,P03302,10997457.22,7578219.38,NOK,2024-03-04,Closed,False
T01645,C04197,P08582,26749365.33,15980885.9,EUR,2024-11-12,Closed,True
T01646,C07532,P01518,37514083.27,17109275.86,USD,2021-08-27,Closed,False
T01647,C01289,P03640,35097401.05,23044565.03,NOK,2022-07-25,Closed,True
T01648,C00291,P01886,15788867.82,24638954.34,USD,2020-05-12,Closed,False
T01649,C07397,P08550,39876716.58,7486747.83,USD,2021-01-10,Closed,True
T01650,C02298,P06587,1061350.19,6466161.59,EUR,2020-02-16,Default,False
T01651,C08290,P03322,33283580.88,13733811.37,EUR,2023-07-29,Closed,True
T01652,C07490,P03513,7593706.0,4553454.98,NOK,2023-01-22,Closed,False
T01653,C07012,P00464,27414515.21,9565759.51,USD,2021-01-22,Closed,True
T01654,C08978,P04233,11134471.12,24930873.99,USD,2021-06-29,Active,True
T01655,C04762,P03624,31869870.58,15307162.52,EUR,2024-06-04,Active,False
T01656,C00883,P02148,41800044.13,11784541.42,USD,2024-09-21,Active,True
T01657,C08895,P00587,11424724.25,9986961.02,NOK,2021-11-01,Default,True
T01658,C09551,P02940,9562588.74,4079590.69,NOK,2022-02-10,Active,False
T01659,C07682,P00300,21904955.85,13031796.85,NOK,2022-07-03,Active,False
T01660,C05499,P06492,47180452.5,951636.6,EUR,2022-02-26,Closed,False
T01661,C03964,P08384,39191995.64,20854196.34,USD,2023-05-08,Closed,True
T01662,C03103,P01669,17818809.33,7857524.5,USD,2021-06-21,Default,True
T01663,C06570,P05869,31273578.33,3558441.65,EUR,2021-04-09,Active,True
T01664,C07265,P05585,42461110.06,23317344.46,EUR,2020-10-04,Active,False
T01665,C06976,P06763,26245095.02,22607744.35,NOK,2024-01-29,Closed,True
T01666,C06936,P04841,44232235.74,16086905.99,NOK,2023-05-26,Default,True
T01667,C06249,P08826,28465431.02,12248380.19,USD,2025-10-23,Active,False
T01668,C07093,P06555,47029164.46,23935984.05,USD,2025-06-09,Closed,False
T01669,C06938,P07070,17778385.9,17034042.8,USD,2024-08-20,Active,True
T01670,C00107,P06997,33853477.77,22924920.99,USD,2020-10-11,Default,True
T01671,C06709,P08780,17411077.03,16305474.35,USD,2020-08-29,Closed,False
T01672,C00906,P01704,46171898.71,21294430.28,EUR,2025-10-28,Default,True
T01673,C00657,P00353,19769458.62,14329815.45,EUR,2023-12-23,Closed,True
T01674,C08877,P05708,26793265.62,16552322.99,EUR,2022-11-08,Active,False
T01675,C02619,P09109,33627101.23,6484966.08,NOK,2022-02-19,Active,True
T01676,C01377,P00441,46264957.32,590749.28,USD,2023-12-27,Active,False
T01677,C01274,P00387,4561680.81,24143687.53,USD,2023-03-31,Default,True
T01678,C02679,P01754,37496130.34,16707745.37,EUR,2025-08-30,Closed,False
T01679,C03640,P02510,48150825.87,841083.26,USD,2025-03-21,Active,False
T01680,C01069,P03476,31949783.93,3018255.91,USD,2022-01-01,Default,False
T01681,C07438,P00596,17570618.28,20981698.42,EUR,2020-09-12,Active,True
T01682,C08307,P00257,2638780.09,11997447.91,EUR,2022-06-12,Default,True
T01683,C05081,P07348,35944673.16,17142714.81,EUR,2020-10-29,Default,False
T01684,C03304,P03009,2860065.54,17638398.32,EUR,2024-06-29,Active,True
T01685,C05938,P09911,28217574.16,9933140.29,USD,2024-09-21,Active,True
T01686,C02848,P05968,38516144.43,17543941.21,NOK,2020-06-20,Active,False
T01687,C09271,P06970,6876611.95,8143728.56,NOK,2022-10-20,Closed,False
T01688,C08397,P08623,14786738.47,13686655.1,EUR,2021-05-27,Default,True
T01689,C07493,P03774,31122474.7,17573193.03,NOK,2021-11-20,Active,False
T01690,C01486,P06757,6196511.01,21569682.79,USD,2020-06-16,Active,True
T01691,C01517,P07814,9664774.92,15424929.11,EUR,2025-04-19,Active,False
T01692,C08395,P05794,12490208.68,11366571.81,NOK,2025-04-28,Active,False
T01693,C04519,P02786,12544134.25,3305101.16,USD,2023-04-23,Default,True
T01694,C05343,P01111,24852621.91,24780894.16,NOK,2021-09-09,Active,True
T01695,C09381,P03619,24707098.3,8860771.94,EUR,2020-06-30,Active,False
T01696,C06951,P01691,38761873.62,10474555.75,USD,2023-12-03,Default,True
T01697,C02372,P03335,46991084.39,9293495.5,NOK,2023-12-09,Closed,True
T01698,C01261,P08437,17460669.45,16800199.89,NOK,2020-06-27,Active,False
T01699,C07346,P08237,48695310.49,24917362.94,USD,2021-02-25,Active,True
T01700,C00181,P08197,2966875.18,4500694.42,NOK,2022-09-11,Default,True
T01701,C04608,P02297,48688448.42,5478048.91,NOK,2020-07-05,Closed,False
T01702,C05846,P01381,14057599.38,20301561.27,NOK,2024-03-02,Default,True
T01703,C01725,P05190,33539328.34,9139107.44,EUR,2024-02-03,Closed,False
T01704,C00603,P01098,40268290.21,17202401.36,EUR,2021-05-25,Default,True
T01705,C05995,P00504,20914221.89,1540700.52,EUR,2021-06-10,Default,True
T01706,C06444,P01677,29993107.15,700234.22,EUR,2021-03-31,Default,False
T01707,C04805,P03874,22927669.11,13822037.02,USD,2020-10-14,Default,False
T01708,C05473,P01799,35493283.4,8919745.79,USD,2024-08-15,Closed,False
T01709,C04710,P08012,29759844.97,14643187.39,EUR,2020-09-29,Default,False
T01710,C02996,P00859,38047096.6,16949864.68,NOK,2021-06-19,Active,True
T01711,C07290,P04525,45327045.75,15920117.34,USD,2021-02-06,Closed,False
T01712,C09137,P00140,29880138.79,12456188.88,EUR,2023-09-25,Active,True
T01713,C00727,P08429,37756273.17,5858281.17,EUR,2023-11-12,Closed,True
T01714,C00383,P08065,42242159.16,15276893.11,EUR,2023-05-21,Active,False
T01715,C02494,P07670,22975612.64,3256564.52,USD,2023-02-22,Closed,False
T01716,C00387,P05910,23682812.72,22174660.52,EUR,2022-04-04,Active,True
T01717,C00905,P04927,38899483.36,9045853.95,USD,2021-12-09,Active,False
T01718,C04319,P08097,36282947.71,8634839.0,NOK,2025-09-23,Closed,False
T01719,C03271,P05591,1262884.51,3654678.54,EUR,2023-11-12,Closed,False
T01720,C09136,P07284,11459277.51,8673085.41,USD,2023-06-06,Default,True
T01721,C08413,P06481,8709380.3,19848689.02,NOK,2020-08-22,Default,True
T01722,C03790,P09052,10553679.34,13770580.45,EUR,2023-03-10,Closed,False
T01723,C03438,P01446,9548308.4,2790513.33,EUR,2024-11-05,Default,False
T01724,C03574,P07248,31079123.06,21023114.47,USD,2021-11-09,Default,True
T01725,C02195,P06240,18134651.65,23646326.03,NOK,2020-06-15,Default,True
T01726,C08654,P05168,23374826.1,14356700.93,EUR,2021-02-15,Active,True
T01727,C02916,P06620,38872287.02,2994588.11,EUR,2022-12-04,Closed,False
T01728,C04540,P07888,17327587.65,10502108.58,USD,2025-03-26,Closed,True
T01729,C01661,P01512,37028599.09,21530300.66,EUR,2025-02-23,Closed,True
T01730,C02462,P06121,49351352.12,11898938.18,USD,2020-10-22,Active,False
T01731,C05303,P02380,49769934.42,2915403.1,USD,2025-06-27,Active,False
T01732,C00001,P05447,1332572.88,1449452.18,NOK,2021-05-31,Active,True
T01733,C05396,P08435,9321612.43,20630839.29,NOK,2020-02-23,Closed,True
T01734,C09008,P05043,11407000.96,3896555.66,NOK,2020-11-19,Default,True
T01735,C07438,P07494,26827631.04,12700630.28,NOK,2021-04-14,Active,True
T01736,C03719,P01847,2266268.08,3291341.6,NOK,2024-10-02,Default,True
T01737,C08687,P08980,21464485.84,2969104.5,EUR,2023-11-20,Closed,True
T01738,C06138,P03844,31872983.62,8893798.36,NOK,2020-06-26,Closed,False
T01739,C03189,P06254,4568013.06,3969620.91,NOK,2024-08-29,Active,True
T01740,C07948,P02058,11674512.68,13114234.07,USD,2024-06-20,Closed,True
T01741,C03512,P09328,48833390.39,4913910.44,NOK,2024-02-11,Default,True
T01742,C04250,P02644,42445714.34,8160238.59,EUR,2024-10-16,Active,False
T01743,C01196,P03157,4733777.36,23316700.38,USD,2024-07-20,Default,False
T01744,C04216,P01498,14988100.56,21865459.79,EUR,2024-07-06,Default,False
T01745,C02130,P00134,11052221.84,4216534.93,USD,2023-08-06,Default,False
T01746,C02085,P03259,32982585.62,14379585.47,NOK,2023-11-15,Active,True
T01747,C09516,P03594,39353904.19,19749610.74,USD,2021-05-14,Active,True
T01748,C01136,P04539,20504947.9,16989874.43,USD,2021-10-28,Closed,True
T01749,C04859,P08328,39389877.27,4887750.38,EUR,2022-10-19,Default,True
T01750,C00664,P02648,36310205.93,1110186.79,NOK,2025-05-04,Default,True
T01751,C05579,P04476,27019846.25,6107982.38,NOK,2025-06-23,Active,False
T01752,C08061,P07410,21785171.78,18781159.53,NOK,2023-12-23,Closed,True
T01753,C04322,P01666,10264983.84,20878041.48,EUR,2023-04-01,Default,True
T01754,C05014,P05630,16597828.43,24212945.49,NOK,2024-03-29,Default,False
T01755,C09622,P02367,25245676.31,22784071.13,EUR,2024-01-13,Active,False
T01756,C08644,P06039,45570973.5,24545737.75,NOK,2024-04-16,Active,True
T01757,C00980,P02515,33076847.1,3823247.19,EUR,2023-05-04,Closed,False
T01758,C06680,P08637,45984398.04,9870563.38,EUR,2020-06-15,Default,False
T01759,C02531,P05394,6438822.51,10534742.92,NOK,2024-04-14,Default,False
T01760,C01983,P06482,13338001.25,13874917.26,EUR,2021-05-06,Default,True
T01761,C04965,P07335,9383534.09,5363239.47,USD,2025-10-15,Closed,False
T01762,C01718,P06153,47547092.72,1941370.69,EUR,2023-06-13,Default,True
T01763,C09271,P01881,21803189.01,10216301.05,NOK,2025-06-30,Default,False
T01764,C01486,P01291,46218486.89,11075569.24,NOK,2024-08-21,Closed,True
T01765,C01173,P00493,14190303.8,18520508.67,USD,2025-07-06,Active,False
T01766,C07929,P04798,1283608.08,1257593.83,USD,2025-05-29,Active,True
T01767,C02097,P04918,41619234.92,5719842.94,USD,2024-12-04,Default,True
T01768,C04993,P02606,19417071.72,21385248.19,NOK,2020-11-10,Active,False
T01769,C00042,P01427,4252933.74,7266822.11,USD,2025-01-23,Closed,True
T01770,C09684,P01943,40883411.31,3267010.95,USD,2023-05-21,Default,True
T01771,C00440,P00991,28703440.34,11008820.71,NOK,2025-09-22,Closed,False
T01772,C04888,P09540,43868301.4,17616837.01,NOK,2023-11-20,Active,True
T01773,C03451,P02635,3911357.35,4681900.02,USD,2020-12-09,Default,True
T01774,C00387,P05291,49258072.36,20144870.0,USD,2021-11-25,Default,True
T01775,C06672,P00091,21037468.62,11733380.29,NOK,2021-09-30,Closed,False
T01776,C09005,P05429,6619877.4,1965496.46,USD,2024-08-24,Active,False
T01777,C02210,P06421,46629421.8,13181162.06,USD,2023-02-23,Active,False
T01778,C04426,P03348,32897589.97,10618620.85,NOK,2020-12-24,Default,False
T01779,C04989,P04725,32884404.34,13147327.99,NOK,2025-04-26,Default,True
T01780,C04627,P09243,24156835.07,15424238.78,EUR,2023-07-09,Active,True
T01781,C09652,P08548,23605675.84,18317150.17,USD,2025-02-14,Closed,True
T01782,C03668,P07020,2395994.65,16022403.25,NOK,2023-10-31,Default,True
T01783,C08415,P00594,29308166.41,24422577.18,NOK,2025-09-27,Default,False
T01784,C01028,P09634,35516645.66,24826975.14,USD,2023-04-24,Closed,False
T01785,C04123,P08776,20658006.51,24762000.23,NOK,2023-03-16,Default,False
T01786,C05348,P07286,18693922.24,3351547.68,EUR,2020-03-23,Active,True
T01787,C02888,P00187,30855604.98,15445621.11,EUR,2025-08-14,Closed,True
T01788,C06688,P01057,1697819.81,14488429.33,USD,2020-02-14,Closed,True
T01789,C00149,P00348,18887396.57,3750726.04,NOK,2021-06-19,Default,True
T01790,C05757,P01333,33906250.95,15213863.39,EUR,2025-10-25,Closed,True
T01791,C09708,P06687,34454711.58,13245902.36,USD,2022-01-21,Default,False
T01792,C03506,P00985,28026934.29,12641022.52,USD,2020-08-05,Active,True
T01793,C05770,P06930,23836592.64,1302519.77,EUR,2020-07-06,Active,True
T01794,C04205,P01235,49904524.17,15291662.98,EUR,2022-06-16,Closed,False
T01795,C09621,P01049,5845661.83,14495025.85,NOK,2025-10-25,Active,False
T01796,C03290,P03533,33411485.87,3964044.28,EUR,2023-07-23,Default,False
T01797,C06837,P06705,37855702.52,20631570.36,USD,2023-09-03,Active,False
T01798,C01058,P03636,23934423.96,7263651.52,EUR,2025-09-15,Active,True
T01799,C05722,P05350,14524531.56,21173106.36,USD,2020-08-26,Closed,True
T01800,C02959,P01057,2872177.31,1206755.8,EUR,2022-08-13,Active,True
T01801,C09650,P04375,14192748.14,12348256.5,USD,2021-12-11,Active,True
T01802,C07551,P01535,33796019.06,10929891.01,EUR,2022-04-26,Closed,False
T01803,C02161,P03886,22895717.54,6703794.05,NOK,2025-03-27,Active,True
T01804,C08862,P05243,29807286.84,663742.4,EUR,2022-06-04,Active,True
T01805,C00573,P07816,33771149.75,1256736.69,EUR,2025-05-17,Default,False
T01806,C04837,P00480,11348011.97,16545506.09,USD,2023-07-03,Closed,False
T01807,C09427,P04365,40168410.54,6056972.38,NOK,2020-10-13,Closed,False
T01808,C03989,P02243,4169386.13,17224549.97,USD,2023-04-15,Active,False
T01809,C03377,P09164,46380807.61,1969179.87,EUR,2025-04-22,Closed,False
T01810,C06947,P03637,28816233.51,4432729.27,EUR,2025-07-22,Closed,True
T01811,C07204,P04143,4969225.89,18226674.86,EUR,2021-08-09,Closed,True
T01812,C00159,P07541,43610876.28,14082976.94,NOK,2023-04-30,Active,True
T01813,C04227,P09569,35771159.88,12818033.82,NOK,2025-02-05,Closed,True
T01814,C00352,P06895,18506938.35,24250964.47,USD,2025-05-05,Closed,False
T01815,C04863,P05467,18654984.22,1919789.96,EUR,2023-04-03,Default,True
T01816,C04499,P08295,40583297.98,3060976.89,NOK,2024-08-04,Active,True
T01817,C07977,P01173,35146341.3,22421911.32,USD,2022-11-01,Default,True
T01818,C00757,P06508,48540420.84,15139965.19,USD,2024-07-15,Closed,False
T01819,C02681,P08431,3811703.73,23774647.69,EUR,2024-06-23,Active,True
T01820,C05027,P08710,7743438.18,22078338.92,NOK,2025-03-09,Active,True
T01821,C01984,P03834,15811354.73,17430600.35,USD,2021-09-26,Closed,True
T01822,C03636,P02871,18283842.72,1628959.33,NOK,2022-11-11,Active,False
T01823,C08875,P09623,9847816.81,12241176.59,NOK,2021-03-02,Active,False
T01824,C09430,P00272,46796767.3,6297668.43,EUR,2023-04-29,Closed,False
T01825,C07489,P05562,23130372.04,2011176.39,NOK,2023-07-24,Active,False
T01826,C06124,P00148,8977807.01,7525561.04,NOK,2022-06-20,Active,False
T01827,C04583,P08475,20533218.09,7601565.05,NOK,2025-02-07,Default,True
T01828,C09878,P03854,35960553.09,1290475.67,NOK,2020-12-26,Closed,False
T01829,C08597,P07834,26789048.31,618815.68,USD,2021-05-23,Default,True
T01830,C00681,P05086,21989624.04,4489845.07,NOK,2021-07-04,Closed,True
T01831,C09691,P05921,17837519.99,1264493.39,NOK,2021-07-17,Default,False
T01832,C09239,P07255,15143473.48,16144407.17,NOK,2022-05-17,Default,False
T01833,C03209,P06969,33966502.42,22836382.38,USD,2024-04-22,Active,False
T01834,C01912,P09483,2406408.1,17937418.59,NOK,2023-11-11,Closed,False
T01835,C06381,P09484,32567787.11,2574549.04,EUR,2024-09-13,Default,False
T01836,C09371,P01134,23335819.71,2930593.29,USD,2022-07-31,Closed,True
T01837,C05645,P06692,37047076.62,8298605.67,USD,2021-11-22,Active,False
T01838,C09305,P07102,40454458.64,10765026.38,EUR,2022-02-09,Closed,True
T01839,C01241,P08262,29088422.17,12413129.89,NOK,2020-09-25,Active,True
T01840,C01480,P04854,32107733.59,20956767.35,NOK,2023-02-15,Default,False
T01841,C03111,P07110,44933994.37,4830719.03,NOK,2021-04-25,Closed,False
T01842,C08442,P05372,13071000.9,17892752.79,NOK,2020-11-07,Default,True
T01843,C01740,P06245,26325197.65,16060169.43,USD,2025-07-08,Default,True
T01844,C04043,P06812,44397844.26,14964979.02,NOK,2023-08-28,Default,False
T01845,C02774,P04762,27359364.47,21120936.39,EUR,2022-12-15,Default,True
T01846,C00603,P01283,41550260.52,20144643.01,NOK,2022-08-10,Closed,True
T01847,C05195,P01024,6386869.69,10296989.9,NOK,2020-08-31,Active,False
T01848,C02973,P01139,32456919.27,15735230.35,EUR,2025-05-28,Closed,False
T01849,C08896,P03786,11471445.33,1144555.05,EUR,2024-06-01,Default,False
T01850,C06662,P02908,40338719.42,2081516.7,NOK,2020-02-05,Closed,False
T01851,C04772,P04675,48730532.61,4309874.02,NOK,2020-09-26,Active,False
T01852,C00941,P02506,28131741.02,6624251.73,NOK,2022-04-01,Active,False
T01853,C06635,P04977,5679907.14,6978057.19,EUR,2024-08-24,Default,False
T01854,C02353,P04764,19594357.25,17769227.79,NOK,2021-05-03,Closed,False
T01855,C04176,P07622,24456199.67,22250370.07,USD,2024-05-03,Active,True
T01856,C07540,P01569,31953704.49,21634256.39,EUR,2023-07-14,Default,False
T01857,C09640,P00473,10033364.66,21563161.18,NOK,2021-04-04,Active,False
T01858,C00270,P00571,5398864.81,17648257.67,USD,2020-06-28,Default,False
T01859,C05964,P06683,13816363.46,22927346.42,EUR,2024-09-15,Active,False
T01860,C08460,P04451,43101097.91,14878874.83,USD,2020-12-05,Active,False
T01861,C01941,P00768,30247036.5,11849080.07,EUR,2025-06-05,Active,False
T01862,C09562,P08909,15713952.22,6193459.5,NOK,2024-12-16,Closed,False
T01863,C02577,P06937,24188288.41,15242792.07,EUR,2024-05-15,Active,True
T01864,C06228,P06048,43205369.78,8952810.5,EUR,2023-10-24,Active,True
T01865,C05654,P03590,13976296.11,6718834.06,EUR,2022-07-28,Active,False
T01866,C06371,P00868,8715101.4,7820937.07,NOK,2022-02-23,Active,True
T01867,C09418,P08476,29790130.05,24352853.36,EUR,2022-11-02,Active,False
T01868,C07277,P01764,44531484.85,23182637.18,NOK,2021-06-23,Closed,False
T01869,C01856,P09999,5328979.85,10892405.31,USD,2024-09-18,Closed,False
T01870,C06711,P02606,4101025.61,17620072.16,USD,2025-07-01,Active,False
T01871,C03847,P00974,34059897.43,9041205.36,EUR,2021-08-16,Closed,False
T01872,C04586,P00255,10027929.25,9207039.09,NOK,2022-09-27,Closed,False
T01873,C02899,P08422,45094627.7,2750884.22,NOK,2025-02-20,Active,False
T01874,C07057,P03866,31417892.03,11487128.04,NOK,2024-01-19,Closed,True
T01875,C06852,P04195,18793450.35,4626220.72,NOK,2021-02-16,Closed,False
T01876,C05194,P05197,5574825.88,19812592.79,NOK,2023-10-05,Closed,True
T01877,C04074,P05071,38095927.89,4825976.9,EUR,2025-06-25,Active,False
T01878,C07214,P09754,42271558.25,22348918.89,NOK,2023-10-06,Closed,True
T01879,C06871,P02109,21303982.94,7658245.33,EUR,2023-02-26,Closed,True
T01880,C03104,P02962,1394120.25,20105159.2,USD,2022-11-28,Default,True
T01881,C02780,P02454,19196347.3,7161818.64,EUR,2025-07-02,Default,True
T01882,C05043,P01744,25347217.53,6983252.58,USD,2025-02-16,Default,False
T01883,C05810,P04648,19397072.8,21142338.85,EUR,2023-06-16,Closed,True
T01884,C08468,P02397,23325459.65,6329771.23,USD,2024-12-02,Active,False
T01885,C08991,P04269,3299530.48,19632096.31,EUR,2024-08-11,Default,True
T01886,C08894,P09164,22670772.82,13640530.34,EUR,2021-07-01,Default,False
T01887,C04397,P08670,49268351.33,543176.87,EUR,2024-09-17,Default,True
T01888,C08861,P01987,21230019.63,6168338.46,USD,2023-11-27,Closed,False
T01889,C05054,P06351,9986071.57,5272736.62,NOK,2024-10-27,Default,False
T01890,C03545,P00521,16725105.28,8771478.51,EUR,2021-02-15,Closed,False
T01891,C01473,P06571,41320291.74,8295438.01,USD,2020-11-12,Closed,True
T01892,C03370,P06476,39243998.52,18339162.69,NOK,2025-05-18,Default,True
T01893,C00393,P07634,20371978.71,19468699.88,EUR,2024-08-07,Closed,False
T01894,C00653,P00529,49539156.28,20036331.1,EUR,2023-08-23,Default,False
T01895,C05153,P01319,39724860.23,12288504.92,NOK,2023-09-16,Active,True
T01896,C05415,P01190,40864396.14,24411223.38,USD,2024-10-13,Default,False
T01897,C09537,P07057,42117240.34,4761251.8,USD,2022-05-20,Closed,False
T01898,C02250,P02437,15236208.27,1765209.14,NOK,2023-11-06,Closed,True
T01899,C06505,P03476,43404456.01,16803255.54,USD,2021-02-28,Closed,False
T01900,C05449,P05954,21084730.98,17238244.33,NOK,2021-03-14,Default,False
T01901,C03577,P08537,14320023.67,20902545.98,EUR,2024-08-22,Active,True
T01902,C04220,P00591,22872790.25,21711026.52,NOK,2024-12-12,Closed,True
T01903,C06284,P05580,24260468.35,17478022.12,EUR,2020-08-17,Default,False
T01904,C04841,P02594,22341684.46,10732619.74,EUR,2025-08-29,Closed,True
T01905,C01122,P06140,7061171.3,19507099.17,NOK,2021-02-20,Closed,False
T01906,C03141,P03895,21348087.71,23057208.25,USD,2024-01-26,Default,False
T01907,C08659,P07644,41983287.09,4345823.42,EUR,2024-06-12,Closed,True
T01908,C05013,P08960,2575939.37,9101897.39,NOK,2024-06-25,Active,True
T01909,C04652,P09860,6266978.41,4409268.68,USD,2020-08-17,Default,False
T01910,C09596,P07048,12282716.11,1585273.32,USD,2022-08-20,Default,True
T01911,C04878,P08719,23772020.15,13254207.78,USD,2022-01-15,Closed,True
T01912,C05284,P05952,8449060.97,13679544.51,EUR,2024-08-30,Closed,False
T01913,C00141,P02571,3418875.13,678040.13,EUR,2023-09-05,Active,False
T01914,C09204,P00025,41766440.39,10734310.3,USD,2022-02-13,Active,True
T01915,C02129,P02300,4755971.61,19356286.12,EUR,2021-01-26,Closed,False
T01916,C08783,P07548,2990626.33,16515212.54,USD,2022-09-12,Active,False
T01917,C06854,P00676,46897484.38,11662456.83,NOK,2022-12-15,Active,False
T01918,C03211,P09270,2073806.79,18464026.14,EUR,2025-09-24,Closed,False
T01919,C02511,P04570,27409212.79,3636911.31,USD,2021-10-09,Active,False
T01920,C02685,P00739,43687529.52,4796586.41,EUR,2022-07-31,Active,True
T01921,C09119,P08648,16938757.74,11298413.71,NOK,2021-09-22,Default,True
T01922,C01612,P00900,15834023.29,16080949.59,USD,2022-05-05,Active,True
T01923,C00545,P09577,27854461.28,21082754.99,EUR,2021-07-07,Default,True
T01924,C03117,P04465,36043681.95,6197446.51,USD,2025-05-31,Active,False
T01925,C01533,P00835,34476052.73,8978737.31,USD,2020-11-23,Closed,False
T01926,C09623,P02817,22914763.18,17424067.5,USD,2020-09-10,Active,True
T01927,C08659,P02900,37124178.73,10358790.81,USD,2025-06-16,Active,True
T01928,C06019,P06975,36026139.35,6847597.16,EUR,2023-03-23,Default,True
T01929,C00850,P08959,11068747.27,13571873.64,EUR,2023-11-22,Closed,False
T01930,C00303,P02800,44834406.18,18232273.82,EUR,2023-02-25,Closed,False
T01931,C09428,P04218,46876096.06,18557845.24,USD,2023-04-20,Default,False
T01932,C09494,P08171,25421381.58,18256915.98,EUR,2024-12-11,Active,True
T01933,C05573,P07028,46089204.42,2275419.25,NOK,2020-04-04,Active,True
T01934,C04103,P09152,18100008.43,7453627.29,USD,2023-01-19,Active,False
T01935,C04097,P07740,4612117.57,18232156.22,USD,2023-06-06,Active,True
T01936,C03947,P00197,34814035.31,7988418.74,NOK,2025-07-09,Active,True
T01937,C04831,P07186,1254022.83,1088381.73,EUR,2021-01-14,Default,False
T01938,C00616,P02017,47989615.32,8116517.34,USD,2025-04-22,Default,True
T01939,C04419,P02870,27115347.05,20033895.68,EUR,2024-01-09,Closed,False
T01940,C03843,P07839,24558095.19,21782836.68,EUR,2024-01-03,Closed,False
T01941,C01083,P02650,49158048.28,1813027.95,USD,2024-12-03,Active,True
T01942,C03015,P05260,33872796.53,8252465.72,USD,2023-11-03,Closed,True
T01943,C02810,P03947,47214966.48,14712031.3,USD,2023-03-23,Active,False
T01944,C01297,P00622,34915802.67,3296172.22,NOK,2024-12-07,Closed,True
T01945,C08619,P07932,14643918.84,22772407.59,USD,2020-12-22,Default,True
T01946,C00338,P02896,36201054.89,7230605.68,NOK,2024-09-22,Active,False
T01947,C00994,P04327,36081145.19,11185444.4,EUR,2021-08-20,Closed,False
T01948,C05531,P02623,15952449.65,2810746.89,EUR,2025-08-14,Closed,False
T01949,C04738,P00872,36284636.33,23548236.52,EUR,2020-08-06,Default,False
T01950,C01839,P04181,19824343.04,24601187.11,EUR,2021-08-16,Default,False
T01951,C01465,P03323,8680631.59,19709151.35,EUR,2021-02-13,Default,True
T01952,C09590,P09867,38250366.19,11395568.39,NOK,2020-02-02,Closed,True
T01953,C06845,P03017,20912266.98,11825166.2,EUR,2021-12-06,Closed,True
T01954,C02867,P09736,18343018.59,19451217.92,USD,2020-03-01,Default,True
T01955,C07520,P08085,7172528.29,15367425.76,EUR,2024-04-03,Default,True
T01956,C03551,P06270,33608408.84,11078859.44,USD,2024-02-29,Active,True
T01957,C01410,P01371,43436809.39,21630780.45,USD,2021-09-02,Active,False
T01958,C03376,P01007,27561861.86,15775294.02,NOK,2020-10-18,Closed,False
T01959,C04191,P05269,37871617.5,24497545.95,EUR,2021-07-28,Default,True
T01960,C03050,P05127,41903092.58,19122632.27,EUR,2020-10-01,Active,True
T01961,C06213,P02056,17627889.51,21212641.19,USD,2024-02-10,Default,True
T01962,C04800,P02776,15695241.38,7284321.36,USD,2023-11-24,Active,False
T01963,C05121,P04640,25494183.17,1639629.01,USD,2022-05-28,Closed,False
T01964,C04465,P07955,9684095.77,23458517.25,NOK,2021-08-07,Active,False
T01965,C03612,P06027,38668909.18,22954263.52,NOK,2024-09-08,Default,False
T01966,C02377,P00725,32963127.86,14166492.3,USD,2023-12-20,Closed,False
T01967,C01408,P03328,23987097.04,17462892.94,EUR,2021-02-25,Closed,True
T01968,C00463,P00993,17076944.58,15058965.0,EUR,2020-12-18,Active,True
T01969,C05965,P04920,9984466.86,24826413.51,USD,2020-04-01,Closed,True
T01970,C08768,P00975,8589992.93,18998309.47,NOK,2024-08-04,Default,True
T01971,C09548,P09584,6350174.03,4340026.61,NOK,2024-07-15,Active,True
T01972,C06178,P01359,1389968.3,23391995.47,EUR,2020-10-05,Closed,False
T01973,C09438,P04436,26447350.87,17525720.74,NOK,2022-12-21,Closed,True
T01974,C04544,P09709,44591226.63,8909042.53,EUR,2024-02-03,Closed,True
T01975,C06127,P03395,31293192.69,11640252.34,EUR,2022-08-04,Closed,True
T01976,C06811,P02024,19636381.34,4466163.27,USD,2024-07-03,Active,True
T01977,C09262,P00381,21167689.07,22778696.98,USD,2025-01-10,Default,True
T01978,C07593,P04135,30659860.46,14369570.9,USD,2024-05-06,Default,False
T01979,C08283,P09181,27752166.85,1310523.13,EUR,2022-04-21,Active,False
T01980,C08027,P01046,21919266.83,24191422.39,NOK,2020-12-10,Default,False
T01981,C07523,P09523,12240874.39,4436064.75,NOK,2024-05-22,Default,False
T01982,C04566,P01292,3383661.7,9881124.54,EUR,2025-10-14,Closed,False
T01983,C04700,P04099,40837822.93,14028603.62,NOK,2023-03-14,Default,True
T01984,C02153,P07550,10256492.33,16487077.19,EUR,2025-05-08,Active,False
T01985,C05468,P01572,34081222.11,2249167.18,USD,2020-07-07,Active,False
T01986,C05404,P00266,20286121.72,18486802.28,EUR,2024-01-23,Closed,True
T01987,C05157,P07809,48059795.07,24955284.84,EUR,2020-07-20,Active,False
T01988,C09970,P01668,1533779.32,11512144.06,EUR,2020-10-20,Default,False
T01989,C01833,P03834,41604728.21,24198652.6,USD,2022-07-26,Closed,True
T01990,C07985,P00122,1137388.53,14928365.14,USD,2022-09-11,Active,True
T01991,C08694,P06124,37959808.71,9468261.73,USD,2025-09-15,Default,True
T01992,C04221,P03835,41113690.38,22602117.13,EUR,2025-05-01,Active,False
T01993,C09021,P09485,28328058.14,8914443.72,USD,2025-01-08,Active,True
T01994,C05909,P06653,27542550.59,1009660.81,EUR,2025-09-28,Active,True
T01995,C03718,P03244,9573262.53,17643896.04,NOK,2020-10-08,Default,False
T01996,C02121,P03904,49111089.17,18873446.41,EUR,2022-07-23,Closed,False
T01997,C02078,P07826,18426460.53,5627543.97,NOK,2025-03-18,Active,False
T01998,C08882,P00726,20831753.73,20042918.19,EUR,2021-12-04,Active,False
T01999,C00399,P00892,14055128.38,17373773.18,USD,2022-05-26,Closed,False
T02000,C02912,P01914,46467990.88,3650546.94,USD,2023-07-30,Closed,True
T02001,C03409,P01843,37007293.18,1838507.97,EUR,2024-07-15,Closed,False
T02002,C02007,P07339,40442428.95,13889203.56,EUR,2021-03-28,Default,True
T02003,C09640,P03962,24355022.49,12721448.81,USD,2020-03-09,Default,False
T02004,C07742,P04881,22727205.13,1609136.48,EUR,2020-02-29,Default,False
T02005,C07490,P07522,19134994.94,24901392.25,NOK,2025-06-17,Default,True
T02006,C03690,P08780,20561900.73,11574650.68,USD,2022-05-28,Default,False
T02007,C01354,P05244,31068217.03,22123885.08,EUR,2025-06-02,Default,True
T02008,C07302,P07820,20995549.78,17029582.12,EUR,2024-11-01,Active,True
T02009,C00684,P06977,7120341.56,21748271.88,USD,2023-08-16,Default,True
T02010,C01403,P07120,28013084.07,14859650.1,EUR,2025-08-25,Active,False
T02011,C03180,P05207,12534092.02,21168190.7,EUR,2024-07-06,Closed,False
T02012,C08599,P08351,33824792.93,13086821.78,USD,2023-07-24,Default,True
T02013,C08254,P02785,49238976.75,24730830.82,EUR,2024-11-21,Active,False
T02014,C09249,P04298,7769885.34,9122381.14,NOK,2023-11-25,Closed,False
T02015,C00653,P02402,49279429.03,14592178.61,EUR,2022-12-31,Active,True
T02016,C02064,P04994,31920455.01,3214164.06,EUR,2021-03-29,Active,False
T02017,C03490,P02525,13910504.63,9837951.3,USD,2025-07-31,Closed,False
T02018,C05344,P04385,41588852.4,15861626.25,EUR,2023-11-28,Closed,True
T02019,C00646,P00163,33720094.99,14423232.49,EUR,2020-12-10,Default,True
T02020,C00566,P04150,24187540.84,24600983.1,NOK,2024-11-27,Active,False
T02021,C01961,P04710,4292932.5,23935919.95,EUR,2023-12-25,Active,False
T02022,C09009,P03551,26441865.37,8810637.18,EUR,2022-12-12,Closed,False
T02023,C05366,P09585,34635850.66,13401298.23,NOK,2024-08-05,Closed,True
T02024,C09247,P02243,23608476.96,5986952.66,USD,2021-05-14,Default,True
T02025,C02960,P07721,17454830.16,9748535.25,NOK,2024-11-09,Default,True
T02026,C00174,P06085,8540993.29,3780054.32,USD,2025-02-06,Default,True
T02027,C03528,P02162,38049923.71,2540943.36,USD,2023-08-31,Closed,True
T02028,C07207,P02966,39836886.53,12434131.28,NOK,2022-02-04,Active,False
T02029,C03610,P04850,43862660.3,11315025.83,USD,2022-01-07,Default,True
T02030,C07720,P00603,5154790.6,13411119.79,NOK,2021-02-14,Default,True
T02031,C04064,P03702,40194239.95,4341225.03,USD,2023-05-31,Closed,True
T02032,C00414,P02336,36366052.97,16457419.32,USD,2024-11-05,Active,True
T02033,C07416,P05428,47083185.69,14156089.33,USD,2021-03-13,Active,False
T02034,C03316,P08944,15937806.04,21694959.75,USD,2021-01-28,Active,True
T02035,C03626,P09648,19383683.2,8962009.89,USD,2023-05-07,Default,True
T02036,C07842,P07310,29088160.48,13204762.76,NOK,2020-01-27,Closed,False
T02037,C09650,P07796,16943535.28,11766048.19,NOK,2025-03-03,Active,True
T02038,C04894,P01990,44245051.14,14955262.88,USD,2024-12-17,Active,True
T02039,C03302,P07574,5818670.98,4203402.28,NOK,2021-12-16,Default,True
T02040,C05354,P01777,13415953.19,14914788.89,EUR,2020-10-10,Closed,False
T02041,C02804,P05587,45412368.02,4904955.75,NOK,2025-09-14,Default,True
T02042,C05594,P08035,18748980.27,20290620.24,USD,2022-03-04,Active,False
T02043,C00603,P01285,43386247.24,24586584.17,NOK,2021-05-15,Active,True
T02044,C05979,P02104,30409695.09,20724491.26,NOK,2020-04-28,Active,True
T02045,C07785,P06226,19896791.78,24706695.17,NOK,2022-04-27,Default,False
T02046,C07938,P01703,31145116.32,21141669.26,EUR,2020-06-10,Closed,True
T02047,C07118,P05149,9134427.13,3019051.91,USD,2022-04-27,Closed,False
T02048,C06560,P09501,12277660.27,6790073.81,EUR,2025-10-21,Default,True
T02049,C09579,P01866,4705596.7,1083971.15,NOK,2023-04-15,Closed,False
T02050,C01963,P07516,4942523.89,12188045.17,EUR,2023-02-25,Closed,False
T02051,C03537,P00244,17827178.7,4876429.25,USD,2022-06-29,Active,False
T02052,C07950,P01623,23855722.21,8522433.02,USD,2021-10-07,Closed,True
T02053,C09512,P08948,24375154.63,13384662.58,NOK,2025-03-06,Active,True
T02054,C04937,P06382,12654374.24,11512018.0,NOK,2022-10-02,Active,True
T02055,C00607,P01517,25888505.71,24068118.47,EUR,2021-11-20,Default,False
T02056,C08629,P03759,5758464.18,12559126.35,NOK,2020-01-21,Default,False
T02057,C08151,P08277,17499372.69,16067383.94,EUR,2024-04-13,Active,False
T02058,C08394,P05695,36112128.86,19940805.98,EUR,2020-04-20,Active,True
T02059,C07051,P06395,44499756.97,13390451.21,EUR,2022-11-26,Default,False
T02060,C03758,P08803,8801602.57,12449690.52,USD,2024-04-05,Closed,False
T02061,C07262,P04323,22317386.42,1104476.54,USD,2025-05-15,Default,False
T02062,C05179,P03343,12494475.84,3893415.34,EUR,2020-03-06,Active,True
T02063,C07596,P08079,38132258.96,13403924.77,NOK,2022-02-23,Closed,False
T02064,C01116,P06584,29647322.76,3230338.65,NOK,2020-05-21,Default,True
T02065,C03601,P06537,40993245.84,4614925.1,EUR,2024-03-23,Default,True
T02066,C06140,P02729,16277871.16,21705302.28,EUR,2024-06-23,Default,False
T02067,C01506,P08859,49153371.23,23798128.62,EUR,2024-05-27,Closed,False
T02068,C01804,P07362,23909685.23,23731230.2,USD,2024-03-10,Default,False
T02069,C06101,P09949,3449227.4,2394105.17,NOK,2021-07-28,Closed,False
T02070,C07349,P04186,46328335.65,20317846.82,EUR,2021-02-26,Closed,False
T02071,C02070,P05675,20296948.43,6580524.32,USD,2023-02-02,Closed,True
T02072,C01662,P02554,22494281.73,14645378.96,USD,2022-02-06,Default,False
T02073,C06789,P08159,19920778.39,2079441.24,USD,2021-07-05,Closed,True
T02074,C02430,P07581,28527678.09,20767487.57,USD,2021-09-03,Closed,False
T02075,C09368,P03782,18757288.72,22421462.62,USD,2022-02-11,Closed,False
T02076,C07073,P03091,46417638.09,19407232.82,NOK,2022-11-21,Default,False
T02077,C04540,P04175,40330234.02,23009627.28,NOK,2025-04-16,Active,True
T02078,C03410,P00558,45938833.21,12257393.03,NOK,2023-02-14,Active,False
T02079,C04911,P09217,2850792.11,9642658.31,NOK,2021-12-27,Active,True
T02080,C07596,P01662,36761111.2,11587387.12,EUR,2024-11-14,Default,True
T02081,C04422,P07265,39500230.21,19659535.18,USD,2021-12-26,Default,True
T02082,C04951,P01942,17803924.95,9096272.48,EUR,2025-10-26,Closed,True
T02083,C03497,P01317,18967846.31,18604624.33,USD,2024-10-10,Default,True
T02084,C04985,P01424,1593092.53,6997987.87,NOK,2021-08-26,Default,False
T02085,C05411,P07151,32347746.76,12346371.11,EUR,2023-02-01,Default,True
T02086,C00315,P07593,49049945.01,14052405.44,EUR,2024-11-22,Default,True
T02087,C05530,P08351,12562668.46,1721482.18,NOK,2025-01-23,Default,True
T02088,C00191,P02479,44098980.48,22904013.22,NOK,2023-12-27,Closed,True
T02089,C03129,P08552,49669247.61,5262037.22,USD,2021-01-05,Active,True
T02090,C01126,P07040,24424712.13,15481723.31,EUR,2022-09-26,Active,True
T02091,C08379,P07999,41268777.4,11396469.24,EUR,2022-02-13,Active,False
T02092,C06504,P06583,10572825.55,19371269.87,NOK,2021-01-13,Active,True
T02093,C02326,P05292,40948094.58,17220299.48,EUR,2025-04-21,Closed,True
T02094,C08536,P01236,14565918.79,2166076.05,NOK,2023-03-01,Closed,False
T02095,C09357,P08578,3051960.24,6047716.97,EUR,2021-05-08,Active,True
T02096,C05514,P05014,13486708.01,7945706.9,NOK,2022-04-29,Closed,False
T02097,C02681,P08921,48303721.77,9727434.29,NOK,2023-07-11,Default,False
T02098,C09068,P05637,39921618.44,23347265.0,EUR,2023-02-19,Active,False
T02099,C05023,P02575,29373207.8,15600321.68,USD,2022-02-03,Default,True
T02100,C05704,P09859,27079815.21,14710261.04,USD,2020-04-26,Active,True
T02101,C00878,P08511,26115422.11,12829323.31,NOK,2025-01-16,Active,False
T02102,C09291,P00783,49619547.82,3059985.75,EUR,2025-09-06,Closed,False
T02103,C06617,P08889,15637538.37,10296319.55,EUR,2021-07-24,Active,True
T02104,C02038,P04911,30373177.12,11766351.48,USD,2023-04-23,Closed,False
T02105,C04600,P01272,40315812.32,22212510.35,EUR,2023-09-04,Closed,False
T02106,C04603,P00564,45079857.65,13010912.27,EUR,2021-08-05,Default,False
T02107,C09959,P00629,12143720.62,12563435.58,USD,2022-10-16,Active,False
T02108,C06947,P06515,3714749.45,20243309.97,NOK,2021-01-27,Active,True
T02109,C08021,P00302,38211250.85,2820144.68,USD,2021-04-21,Closed,False
T02110,C00546,P06571,19695345.07,21244829.08,USD,2021-04-07,Default,True
T02111,C06046,P04101,23349382.69,20717902.78,NOK,2020-08-09,Default,True
T02112,C03543,P03601,8573972.3,9856417.59,USD,2022-02-09,Closed,True
T02113,C08225,P02605,16878843.96,18567989.81,NOK,2024-01-27,Closed,False
T02114,C07082,P07791,39505468.15,16108922.4,EUR,2021-05-26,Default,False
T02115,C03400,P00487,29805760.73,24037388.84,USD,2020-09-16,Active,False
T02116,C01465,P09544,14190615.35,17751824.41,EUR,2025-10-14,Closed,True
T02117,C06892,P03671,28432256.63,3776133.3,EUR,2020-04-16,Closed,False
T02118,C09997,P09419,48299175.4,11270387.78,EUR,2020-02-20,Default,False
T02119,C08275,P00287,15077671.62,10559388.0,EUR,2024-10-24,Active,True
T02120,C01719,P01059,49289698.34,11914891.37,USD,2022-05-04,Active,False
T02121,C01648,P03173,8335490.2,11749649.05,EUR,2020-03-16,Default,False
T02122,C02757,P00940,17152213.52,10014132.79,NOK,2025-05-03,Default,True
T02123,C08797,P09254,47016599.35,12040994.79,USD,2022-03-31,Closed,True
T02124,C02475,P07689,17370611.15,16296144.33,EUR,2025-03-04,Active,True
T02125,C06685,P06156,38290343.34,7487321.15,USD,2021-11-13,Active,True
T02126,C09377,P04757,15394433.81,24331503.84,NOK,2024-10-03,Active,False
T02127,C02605,P05286,3659995.66,6238074.11,EUR,2023-11-09,Active,True
T02128,C01854,P08709,3606126.05,22403963.43,USD,2023-11-18,Active,True
T02129,C01615,P00679,27153025.83,22947809.68,NOK,2024-07-05,Default,True
T02130,C09470,P00945,31764013.5,14353428.8,USD,2024-03-27,Closed,False
T02131,C07238,P04319,43755429.44,1061513.73,EUR,2023-09-15,Active,False
T02132,C05821,P07755,4454013.9,898362.04,NOK,2023-08-20,Closed,True
T02133,C06826,P03386,20392023.26,19674665.36,NOK,2024-10-21,Active,False
T02134,C01187,P03548,11108988.56,2337996.92,EUR,2024-04-07,Active,True
T02135,C03244,P08229,13442521.77,15804608.33,EUR,2024-01-20,Active,True
T02136,C09187,P02627,18537072.99,9576852.88,NOK,2022-11-06,Closed,False
T02137,C08153,P07960,2897481.3,11237004.73,USD,2022-05-22,Default,False
T02138,C00200,P07139,2293136.15,1520853.15,USD,2024-06-17,Default,True
T02139,C02598,P04568,33238681.09,23561228.91,NOK,2020-02-25,Active,False
T02140,C05840,P00554,49916901.25,12976981.12,NOK,2022-04-05,Active,False
T02141,C02507,P07402,45320646.16,22298091.5,USD,2025-09-25,Closed,True
T02142,C08004,P03505,6342442.45,9545746.58,EUR,2020-07-19,Closed,False
T02143,C01743,P03003,15982988.29,18793922.85,USD,2025-05-21,Default,True
T02144,C04380,P03233,29635071.96,15925469.01,EUR,2023-05-22,Default,True
T02145,C05954,P01083,6830290.95,24143327.31,USD,2023-12-30,Default,True
T02146,C06691,P07601,22542151.13,14290942.17,USD,2024-07-19,Active,False
T02147,C04096,P07512,13953324.65,501711.99,USD,2023-08-07,Default,False
T02148,C07156,P08078,27925659.13,7072370.39,USD,2023-09-19,Default,False
T02149,C07046,P06102,40732135.82,16270493.75,USD,2020-01-23,Default,True
T02150,C01583,P04205,42634049.91,22459556.77,EUR,2023-03-06,Default,True
T02151,C09976,P05056,48276308.98,20102108.44,NOK,2021-08-31,Default,True
T02152,C00960,P03322,35718559.92,7510942.67,USD,2021-08-30,Default,True
T02153,C05180,P02921,21267795.86,17594721.21,USD,2020-07-02,Closed,True
T02154,C04503,P06493,11298978.14,6697853.11,USD,2021-03-08,Active,False
T02155,C01791,P03093,24665011.9,13432097.79,NOK,2024-04-24,Closed,True
T02156,C03624,P02515,39368227.25,15652275.84,NOK,2025-07-06,Closed,True
T02157,C06221,P08402,2196312.25,12969839.55,USD,2020-05-11,Closed,False
T02158,C03025,P01599,24118574.68,8700229.15,EUR,2025-07-15,Active,False
T02159,C04944,P03241,17366845.14,19256366.89,EUR,2024-08-26,Closed,True
T02160,C09733,P09852,6238420.64,15219784.4,EUR,2024-06-28,Closed,True
T02161,C01955,P07704,44574663.17,22382117.75,EUR,2020-02-15,Default,True
T02162,C05709,P05793,23391432.78,16040950.66,NOK,2022-04-14,Default,False
T02163,C00441,P05260,22715374.05,2442092.26,EUR,2022-10-19,Closed,True
T02164,C08401,P02653,6460694.41,5051338.25,NOK,2020-08-05,Default,True
T02165,C06602,P07324,3141653.75,8852864.46,NOK,2024-04-09,Active,True
T02166,C08851,P01050,7868415.67,24048090.02,NOK,2022-04-28,Closed,False
T02167,C00711,P00476,29514908.06,8869917.79,EUR,2021-10-05,Default,True
T02168,C01235,P06133,48402090.34,11110418.3,NOK,2021-03-03,Closed,True
T02169,C02907,P09332,46870116.62,5830597.72,USD,2021-06-14,Closed,True
T02170,C02599,P07018,23333467.12,10204696.68,USD,2020-10-30,Active,False
T02171,C00699,P08359,2586865.28,15498901.03,EUR,2023-07-28,Default,True
T02172,C00331,P03148,46685648.66,8687916.65,NOK,2020-03-21,Active,False
T02173,C08557,P09883,48146022.81,17176701.99,EUR,2022-01-22,Closed,True
T02174,C05862,P00125,39904231.71,4434465.0,NOK,2020-03-09,Closed,False
T02175,C08588,P03519,27971101.66,3598720.63,NOK,2023-02-27,Closed,False
T02176,C00797,P00017,35575242.03,2221387.6,USD,2020-01-01,Active,True
T02177,C04094,P09535,43964471.53,21265058.87,NOK,2020-12-13,Closed,True
T02178,C09644,P00845,19766028.23,14183887.07,NOK,2024-10-29,Active,True
T02179,C08352,P02672,45427127.82,22972681.91,USD,2021-06-20,Default,True
T02180,C06636,P01456,21284325.95,22096388.68,EUR,2024-10-24,Closed,True
T02181,C03825,P03983,24022003.32,10932656.45,EUR,2025-07-25,Default,False
T02182,C03406,P05317,1893745.77,17371507.85,EUR,2021-05-12,Closed,False
T02183,C02039,P03095,11057835.34,1597643.41,NOK,2021-04-01,Default,True
T02184,C01999,P07253,49440039.73,9738300.35,USD,2020-01-30,Active,False
T02185,C09161,P09422,14765160.07,17351010.36,NOK,2022-03-16,Active,False
T02186,C00715,P05944,36272215.4,17950178.74,NOK,2022-02-15,Active,False
T02187,C08563,P05630,45442465.81,15414105.56,USD,2022-08-06,Closed,False
T02188,C00227,P07489,2669437.25,19377852.24,EUR,2025-10-16,Active,False
T02189,C04522,P08655,26509636.51,21816486.93,NOK,2020-06-13,Closed,False
T02190,C05304,P09821,34007452.8,11634234.77,USD,2020-09-25,Default,False
T02191,C07043,P01395,1333590.12,7610505.82,USD,2020-08-09,Active,True
T02192,C09949,P07726,12107024.33,3117321.55,NOK,2025-03-20,Closed,True
T02193,C09105,P01735,40992767.27,4429280.64,USD,2020-03-23,Active,True
T02194,C02375,P02909,16566955.54,6778060.36,USD,2020-04-06,Active,False
T02195,C03683,P02146,29444603.42,2768621.58,EUR,2025-04-15,Active,False
T02196,C01968,P03121,46987763.35,18921818.86,EUR,2022-11-28,Active,False
T02197,C02665,P09138,14979818.94,1826839.9,USD,2025-05-09,Default,True
T02198,C07177,P06035,15648351.2,6479826.93,EUR,2023-02-02,Default,True
T02199,C07941,P05792,11592360.08,19144044.7,USD,2021-04-15,Default,True
T02200,C09464,P02529,42086537.66,16140686.81,USD,2022-08-25,Closed,True
T02201,C00243,P07739,14923483.23,5661904.9,EUR,2021-04-21,Closed,False
T02202,C09453,P05706,7782181.19,3818497.02,NOK,2023-11-15,Default,False
T02203,C06958,P01093,42974523.86,14651305.22,EUR,2021-02-07,Closed,False
T02204,C01674,P04418,45687943.21,13974446.24,USD,2024-04-18,Default,False
T02205,C04710,P06942,26345779.96,9286296.99,USD,2020-11-26,Closed,False
T02206,C09507,P03193,17824510.11,6352392.49,EUR,2021-03-01,Closed,False
T02207,C02551,P08250,3770553.65,15991846.07,EUR,2024-03-07,Active,True
T02208,C04224,P08191,12710402.85,23284227.74,USD,2023-06-14,Closed,True
T02209,C02468,P00968,7723422.76,6058367.83,USD,2023-06-16,Closed,False
T02210,C09052,P06647,9005190.01,18598193.5,USD,2024-11-24,Default,True
T02211,C04479,P05140,22448874.64,14688505.6,NOK,2023-01-25,Closed,True
T02212,C01440,P08843,37504230.47,21256734.69,NOK,2025-07-18,Default,False
T02213,C08945,P09393,27324064.63,21237593.52,NOK,2022-09-17,Active,True
T02214,C00698,P06074,15553612.43,22258814.18,USD,2025-10-09,Active,False
T02215,C02283,P05235,40790222.06,6237324.62,USD,2025-05-21,Closed,True
T02216,C01912,P08407,39208197.62,12546686.31,EUR,2020-10-20,Default,True
T02217,C09422,P09183,43122579.16,14780445.21,USD,2022-11-27,Default,True
T02218,C01154,P01075,1851474.32,9977875.0,EUR,2023-02-19,Active,True
T02219,C09680,P05550,18825307.46,14335601.07,EUR,2024-04-10,Closed,False
T02220,C06344,P08672,42419266.01,11383122.64,USD,2021-05-14,Active,True
T02221,C00036,P08657,42124057.45,12733204.99,USD,2025-06-10,Closed,True
T02222,C08533,P03755,21768540.73,16743777.8,USD,2025-01-22,Closed,False
T02223,C06121,P08931,13473957.2,10333543.94,USD,2024-10-22,Default,False
T02224,C01548,P07899,33499288.98,22554789.01,USD,2025-06-10,Default,True
T02225,C00038,P05725,37745274.79,16856457.49,USD,2024-06-27,Active,False
T02226,C05648,P02018,25719537.01,16772617.97,NOK,2023-02-18,Default,True
T02227,C07355,P06076,5606721.69,21098838.37,EUR,2023-08-03,Default,True
T02228,C01104,P03310,27516212.0,23758460.18,NOK,2025-07-31,Closed,True
T02229,C04240,P05765,6828717.8,15008356.1,NOK,2022-11-12,Active,True
T02230,C08489,P01695,30059023.89,5487480.72,NOK,2021-08-06,Active,True
T02231,C06583,P02460,8968425.02,18513552.63,NOK,2022-02-22,Default,False
T02232,C09361,P08793,39684814.91,24215805.15,USD,2021-12-04,Default,False
T02233,C02654,P06532,25106365.55,971670.73,EUR,2021-12-07,Default,True
T02234,C09357,P04572,43787566.84,21495609.87,EUR,2022-09-07,Default,True
T02235,C04369,P05071,17988223.51,22329280.11,EUR,2023-07-23,Default,True
T02236,C06615,P01025,14661325.65,8072335.24,NOK,2024-11-04,Default,True
T02237,C07889,P02214,21414220.37,20419544.47,USD,2023-03-02,Closed,True
T02238,C06457,P06851,23857794.38,21034796.56,NOK,2025-04-15,Default,True
T02239,C02557,P02782,45103158.99,6283366.73,EUR,2024-11-27,Closed,True
T02240,C04541,P08251,43004800.3,23176858.17,EUR,2023-12-23,Default,True
T02241,C00819,P09966,13210363.93,17739007.58,USD,2021-06-14,Active,False
T02242,C03782,P06745,20430337.99,3027713.15,NOK,2023-05-18,Closed,False
T02243,C02228,P05263,20219655.74,13799911.08,USD,2022-06-22,Closed,True
T02244,C00133,P06199,22063142.2,24848830.15,NOK,2020-05-14,Default,False
T02245,C02664,P01575,44126095.76,2128033.46,USD,2023-04-19,Closed,False
T02246,C08982,P05899,6128681.39,5953181.68,EUR,2024-01-30,Closed,True
T02247,C00122,P09506,42440412.41,12222177.85,USD,2021-03-22,Default,False
T02248,C00083,P02820,36225214.07,23449355.81,NOK,2021-10-03,Active,True
T02249,C04276,P05098,17663213.45,8640379.5,USD,2021-05-01,Default,False
T02250,C07695,P02124,1895196.91,2860869.54,EUR,2021-08-03,Default,False
T02251,C01839,P05856,5319944.43,18841302.99,EUR,2021-01-08,Active,False
T02252,C07417,P08434,38306201.61,21932260.31,NOK,2020-12-21,Closed,True
T02253,C05072,P05310,16918421.87,18435038.48,EUR,2022-08-30,Closed,True
T02254,C08128,P02897,44837975.57,22089179.73,USD,2023-12-12,Active,False
T02255,C09107,P09574,37271655.4,11662260.41,NOK,2022-03-13,Closed,False
T02256,C05382,P05256,19460537.66,24326729.23,USD,2024-02-19,Active,False
T02257,C02840,P02122,26128470.2,20427354.44,USD,2020-11-10,Active,True
T02258,C06025,P08349,5432006.41,23505914.28,NOK,2024-03-26,Default,True
T02259,C07137,P07880,2917588.5,3282342.81,EUR,2024-06-06,Active,True
T02260,C03827,P06903,35861795.57,19668997.69,NOK,2023-08-24,Default,True
T02261,C08068,P08629,35171325.66,1464188.07,NOK,2021-02-27,Default,False
T02262,C06837,P03477,44231687.76,4861061.71,EUR,2025-10-20,Default,True
T02263,C02456,P00225,10096357.04,13187536.21,EUR,2020-02-05,Closed,False
T02264,C04387,P02542,42032718.12,19413823.38,USD,2021-09-08,Default,True
T02265,C01801,P00847,22385377.63,11554311.65,NOK,2020-07-02,Default,False
T02266,C06281,P05053,35362658.48,10423934.98,NOK,2025-03-04,Active,True
T02267,C09635,P05517,8411841.08,13955745.78,USD,2023-12-02,Default,False
T02268,C00451,P07616,5162320.37,3390992.11,EUR,2024-01-13,Default,True
T02269,C07965,P04089,8249156.6,15787235.11,NOK,2020-11-12,Closed,False
T02270,C05320,P09472,10407868.07,20266354.73,EUR,2020-07-04,Active,False
T02271,C09586,P07701,33452444.58,16947724.94,NOK,2025-07-01,Closed,True
T02272,C06479,P00602,16654702.92,7347073.43,EUR,2023-09-26,Active,False
T02273,C03218,P02233,20022723.81,8543116.04,NOK,2020-04-17,Active,True
T02274,C07227,P04670,7451286.94,14765582.46,USD,2020-12-13,Closed,True
T02275,C05073,P09202,36946554.8,16368751.73,NOK,2023-12-01,Closed,True
T02276,C05667,P05947,19424214.94,21911824.76,EUR,2024-06-04,Active,False
T02277,C02353,P02639,24050403.73,4140049.03,NOK,2024-05-24,Closed,True
T02278,C08586,P08550,15330502.82,574822.02,USD,2020-03-25,Active,True
T02279,C08827,P08834,43158780.74,17320556.83,NOK,2025-07-17,Default,False
T02280,C08109,P05062,25918811.78,14529740.5,NOK,2023-11-18,Active,False
T02281,C02159,P01997,22017348.82,8117899.23,NOK,2023-07-05,Default,True
T02282,C03469,P01565,5282355.54,3444755.46,EUR,2024-11-17,Closed,False
T02283,C06932,P04151,18214960.13,12884523.53,USD,2021-09-20,Default,True
T02284,C04708,P03295,36833025.64,18955730.07,EUR,2022-04-30,Active,False
T02285,C08989,P06917,36088073.57,24487020.41,NOK,2025-05-26,Active,False
T02286,C03051,P09391,35229224.93,23047254.95,NOK,2025-06-16,Active,True
T02287,C01871,P02382,41719342.15,20442636.94,USD,2022-04-27,Active,False
T02288,C07597,P03956,30821388.26,2469433.33,EUR,2024-05-20,Closed,False
T02289,C06190,P07871,4833325.48,17518978.53,USD,2023-06-13,Closed,False
T02290,C06839,P09362,19248267.26,3714264.98,USD,2023-10-10,Closed,False
T02291,C09842,P07093,23433945.23,5153463.42,NOK,2021-01-01,Default,True
T02292,C05472,P07689,25643631.17,19549821.26,NOK,2024-09-19,Active,False
T02293,C05884,P08832,31649818.38,13217124.64,EUR,2024-08-28,Default,True
T02294,C07872,P09695,38724923.25,13328379.82,USD,2025-05-24,Closed,False
T02295,C08803,P03438,22144324.98,1874982.64,EUR,2021-05-03,Default,True
T02296,C05817,P07107,18581940.07,9435297.44,EUR,2025-06-09,Active,True
T02297,C02793,P08190,47975702.05,15742624.54,NOK,2024-04-02,Active,False
T02298,C06522,P05837,27648683.11,7695786.56,NOK,2020-09-09,Closed,True
T02299,C03981,P03052,3682692.13,12041923.11,EUR,2024-09-13,Default,True
T02300,C07848,P02367,2524807.07,17030764.29,NOK,2025-10-28,Closed,False
T02301,C07704,P09975,33792397.58,23702300.49,EUR,2024-06-25,Closed,False
T02302,C01406,P00351,49708491.63,5413768.34,EUR,2022-02-14,Default,True
T02303,C03914,P02779,30533627.15,22731916.2,EUR,2023-06-11,Active,True
T02304,C01427,P04150,30316556.7,19513528.19,NOK,2022-03-07,Closed,False
T02305,C05443,P08055,28690653.56,1470724.08,NOK,2025-02-19,Active,True
T02306,C07275,P04114,12030779.83,21956646.83,NOK,2022-10-06,Active,True
T02307,C06160,P08881,32828944.82,15401993.69,USD,2020-08-04,Active,True
T02308,C01129,P06350,12582427.25,15879636.13,EUR,2025-10-12,Closed,True
T02309,C08701,P03028,41061562.82,6153824.42,USD,2020-06-27,Default,True
T02310,C03097,P05829,20924378.03,3702463.51,NOK,2023-10-16,Closed,False
T02311,C03541,P07893,31595881.16,13645265.43,NOK,2024-02-12,Default,True
T02312,C09573,P09783,16548430.14,6793595.33,NOK,2020-11-19,Default,False
T02313,C03960,P08552,10165859.6,14939042.73,NOK,2024-05-29,Default,False
T02314,C06131,P03964,39197833.91,16619605.08,EUR,2025-01-28,Default,False
T02315,C06789,P00640,13961202.06,24776934.62,NOK,2024-06-29,Active,False
T02316,C05720,P00661,4618300.17,12535356.44,USD,2023-01-15,Default,False
T02317,C08271,P02557,41553720.86,9279226.02,EUR,2022-04-24,Active,True
T02318,C07188,P07744,46691989.32,2780944.97,EUR,2025-04-15,Closed,False
T02319,C06366,P03771,17757058.69,20877391.53,USD,2020-07-21,Active,False
T02320,C09874,P06753,14399053.98,15293674.35,USD,2022-07-29,Closed,False
T02321,C07554,P07850,17853916.61,20914677.65,EUR,2023-11-13,Default,True
T02322,C06557,P04098,47695127.14,22402167.12,USD,2025-04-15,Closed,False
T02323,C00876,P03516,43160300.54,17104767.39,EUR,2020-03-02,Active,True
T02324,C00594,P08722,22602128.19,24817794.39,USD,2023-01-19,Active,True
T02325,C06318,P09755,30950673.49,4686778.93,EUR,2020-12-16,Closed,True
T02326,C08593,P07893,44126947.15,10884415.85,EUR,2022-04-21,Default,True
T02327,C08580,P04968,1374219.44,13655391.52,NOK,2022-07-22,Active,False
T02328,C02318,P00569,24500479.72,8122224.56,USD,2021-01-23,Closed,True
T02329,C02910,P03068,39428330.23,6146912.38,NOK,2024-03-25,Default,True
T02330,C03270,P02315,25000604.6,2593825.48,NOK,2022-08-15,Active,True
T02331,C04901,P03640,35303150.73,16752401.86,NOK,2020-12-25,Closed,False
T02332,C02674,P05505,12705757.14,18118549.41,EUR,2024-04-30,Default,True
T02333,C04502,P09987,10050486.83,7337115.95,EUR,2025-08-12,Closed,False
T02334,C04666,P04641,6931825.26,19099444.0,EUR,2020-12-29,Closed,True
T02335,C06686,P05848,20260054.25,14000361.34,USD,2024-10-27,Closed,False
T02336,C07003,P08042,46931533.84,5867525.63,NOK,2024-11-13,Default,False
T02337,C07947,P05012,43521189.81,1388401.66,EUR,2022-06-27,Active,False
T02338,C08031,P04191,15310898.4,6096709.95,EUR,2023-01-17,Active,True
T02339,C01782,P07558,46122923.5,1307357.59,NOK,2022-03-13,Closed,False
T02340,C07923,P02328,20323074.84,12437879.32,USD,2021-01-30,Closed,True
T02341,C03571,P06520,9510736.9,21407307.75,NOK,2023-04-28,Default,False
T02342,C02039,P06954,43477549.18,7928695.9,USD,2024-11-12,Closed,False
T02343,C04407,P06706,48911271.25,5401079.55,EUR,2020-02-13,Active,True
T02344,C00093,P06039,30288127.49,19144924.08,EUR,2023-07-25,Active,True
T02345,C09635,P05506,18049843.81,22081383.59,NOK,2021-09-07,Closed,True
T02346,C08077,P09141,28286716.07,23559521.89,NOK,2020-05-22,Active,False
T02347,C06668,P07670,19813137.73,14609472.75,EUR,2023-07-12,Closed,False
T02348,C06045,P08262,4368116.05,13180607.33,USD,2024-11-21,Active,True
T02349,C05534,P00476,43462527.16,11717493.26,NOK,2024-11-30,Default,True
T02350,C05732,P03581,47306616.1,8310325.11,NOK,2023-12-05,Active,True
T02351,C00495,P03997,13520781.68,13902845.65,EUR,2022-06-07,Closed,True
T02352,C09788,P08502,46692171.78,18707380.15,EUR,2022-08-15,Default,False
T02353,C01053,P05438,12477527.25,11947855.45,EUR,2025-02-07,Active,True
T02354,C05851,P04980,49128918.81,10152047.5,USD,2021-09-21,Default,True
T02355,C08134,P02544,25626170.33,20509321.15,EUR,2021-09-12,Active,False
T02356,C06676,P07369,16560522.72,23741710.37,NOK,2023-10-11,Closed,False
T02357,C00073,P04218,25905573.01,20548691.68,NOK,2025-01-27,Default,True
T02358,C08792,P07202,20530475.86,16046608.98,USD,2021-05-26,Default,False
T02359,C09963,P00771,5737720.58,3703036.42,EUR,2023-11-17,Closed,False
T02360,C06321,P07510,22377537.17,12830847.12,EUR,2025-09-27,Active,True
T02361,C06952,P09865,3099396.79,21630333.11,EUR,2023-04-16,Closed,True
T02362,C04472,P03321,4837278.31,7809923.87,USD,2023-12-12,Active,False
T02363,C08093,P08484,41492307.53,22932284.52,USD,2020-04-05,Default,False
T02364,C05676,P01908,15117166.27,22057693.0,EUR,2024-11-13,Active,True
T02365,C04163,P06497,16656032.76,9785819.05,NOK,2021-12-29,Active,True
T02366,C08999,P09841,48419330.56,19872294.08,NOK,2023-04-07,Closed,False
T02367,C08397,P05676,5943177.73,823586.57,EUR,2020-05-19,Default,True
T02368,C05779,P09529,35328801.6,17349462.24,EUR,2023-04-23,Default,False
T02369,C07656,P05441,1027171.25,12883726.38,NOK,2023-07-07,Default,False
T02370,C05405,P03213,25386666.69,23528063.67,USD,2023-06-04,Default,False
T02371,C06090,P01053,9807152.57,10353303.94,EUR,2022-03-29,Default,True
T02372,C05824,P07892,37018227.19,17319222.87,USD,2022-09-29,Default,True
T02373,C09543,P02071,10744799.3,15184945.7,NOK,2022-04-13,Active,True
T02374,C04346,P06181,13832257.46,18670108.27,NOK,2024-04-21,Default,False
T02375,C01058,P08233,10313970.21,16984273.64,EUR,2024-05-23,Default,True
T02376,C00034,P04012,28649856.25,9818350.1,EUR,2022-10-24,Closed,True
T02377,C06534,P06292,40665407.82,13883095.72,USD,2024-11-04,Default,True
T02378,C00179,P04709,34946145.9,19348369.29,NOK,2025-02-25,Closed,False
T02379,C04845,P04784,40575343.56,16511628.35,USD,2024-06-24,Default,False
T02380,C05876,P03569,5570588.6,18758011.13,EUR,2021-12-24,Active,False
T02381,C09316,P03530,17962427.61,23510590.24,EUR,2022-11-06,Default,False
T02382,C03275,P00061,43425258.88,1383076.14,USD,2024-03-25,Closed,False
T02383,C03934,P09506,45038352.51,7001162.12,NOK,2022-06-17,Default,False
T02384,C08092,P02745,41308452.14,23100583.87,USD,2025-08-05,Default,True
T02385,C03313,P03513,45559854.23,504863.76,USD,2023-07-03,Active,True
T02386,C04395,P00268,34857297.18,2185270.37,NOK,2021-04-16,Active,True
T02387,C00121,P08251,41888294.73,11512190.04,EUR,2024-07-09,Closed,True
T02388,C04150,P03250,48524524.8,4244563.99,EUR,2020-02-08,Closed,True
T02389,C05281,P01255,5305932.26,9092911.99,NOK,2024-01-28,Default,False
T02390,C06149,P06445,28535884.52,2696583.96,USD,2022-06-03,Closed,False
T02391,C03458,P09124,31406437.49,4722930.2,EUR,2023-08-19,Closed,False
T02392,C05578,P02179,46108140.89,19486432.86,EUR,2024-01-06,Active,True
T02393,C02592,P01910,34490829.3,22714861.81,USD,2020-09-29,Active,True
T02394,C02070,P02953,48445085.14,9651229.91,USD,2021-09-20,Closed,True
T02395,C08449,P02802,22445194.55,17592122.07,EUR,2022-04-15,Default,True
T02396,C01313,P08092,40912814.41,9180345.15,EUR,2024-04-24,Default,True
T02397,C01742,P08615,40605518.14,4064154.5,EUR,2024-05-31,Default,True
T02398,C08258,P00838,31853025.68,13851348.38,NOK,2021-12-27,Active,False
T02399,C08633,P08566,2587350.42,22770780.23,EUR,2021-03-20,Closed,False
T02400,C08557,P07014,38856009.81,4472537.83,EUR,2021-11-07,Default,True
T02401,C04687,P07189,42729128.0,1074136.69,EUR,2022-02-19,Active,False
T02402,C01247,P05442,34490352.0,18960235.54,NOK,2020-07-06,Closed,True
T02403,C07102,P02204,21408663.37,4586401.83,NOK,2022-11-14,Default,True
T02404,C02047,P05276,2606323.6,1497733.96,NOK,2024-12-26,Active,False
T02405,C04983,P04058,30836733.99,17516483.1,EUR,2022-03-26,Closed,False
T02406,C07243,P00567,11248996.26,16447334.98,EUR,2025-07-14,Closed,False
T02407,C04269,P04502,24646840.86,8200682.61,USD,2020-07-20,Active,False
T02408,C08226,P06914,16450686.35,4799554.57,USD,2021-05-21,Closed,True
T02409,C04401,P00462,43591161.97,549546.75,EUR,2021-06-26,Active,False
T02410,C07920,P09421,11023331.64,15927402.74,USD,2022-06-23,Closed,False
T02411,C03051,P03104,32341900.48,1716830.62,USD,2024-05-22,Closed,False
T02412,C07664,P01851,44360232.71,7991071.32,EUR,2021-07-26,Active,True
T02413,C05615,P05193,46161499.37,6986859.59,USD,2024-01-19,Default,False
T02414,C05470,P08104,22374129.88,6668601.75,NOK,2022-06-13,Closed,False
T02415,C02197,P07392,6536115.18,2183435.33,USD,2022-05-08,Closed,True
T02416,C05163,P07369,10994479.22,3146585.59,EUR,2020-07-31,Closed,False
T02417,C00607,P02837,40473007.1,7504482.23,USD,2025-05-04,Closed,False
T02418,C00950,P02002,47444405.16,10556168.48,EUR,2023-05-25,Default,True
T02419,C08661,P07524,32589478.69,21936473.75,USD,2023-03-05,Closed,False
T02420,C01687,P05769,31633420.07,11801697.35,NOK,2025-03-15,Default,True
T02421,C08385,P05163,16056983.09,17597634.69,NOK,2022-09-15,Default,False
T02422,C03013,P01245,8628014.89,23276973.64,USD,2021-09-24,Closed,False
T02423,C09385,P07738,8616359.29,14459703.54,USD,2021-11-08,Default,False
T02424,C05217,P05383,47653147.38,23017384.57,EUR,2025-02-17,Active,True
T02425,C05707,P07534,33654043.72,4729376.46,NOK,2023-05-11,Closed,True
T02426,C03393,P00846,11045373.53,977873.11,EUR,2020-09-09,Active,True
T02427,C06148,P08383,35831308.05,8114690.23,EUR,2024-09-05,Active,False
T02428,C09663,P03395,15958385.62,2873594.49,NOK,2021-01-08,Closed,True
T02429,C03751,P06284,44078390.33,22859535.3,EUR,2023-06-29,Default,True
T02430,C04599,P04288,4036405.4,19140056.33,USD,2024-05-27,Closed,True
T02431,C07409,P09925,26581461.12,9404783.47,NOK,2024-10-30,Default,False
T02432,C04595,P06335,29414944.1,1423799.11,USD,2024-06-24,Default,False
T02433,C00381,P01682,4126655.65,13797398.51,USD,2020-12-25,Default,False
T02434,C09487,P07357,19536855.17,19246508.66,NOK,2022-02-23,Default,True
T02435,C02222,P05434,48935699.98,19326870.31,EUR,2021-03-23,Active,True
T02436,C09293,P05330,30811344.75,14721010.65,USD,2022-05-16,Default,True
T02437,C03149,P04918,35854578.92,10277110.16,NOK,2023-10-27,Closed,False
T02438,C01675,P07220,10741673.15,17415974.95,USD,2023-10-09,Default,False
T02439,C02625,P04644,2821792.61,22799349.42,NOK,2025-02-26,Closed,False
T02440,C00342,P09482,34443568.56,3789416.18,NOK,2022-10-10,Default,False
T02441,C04196,P05514,34320422.88,14073751.98,USD,2024-02-04,Closed,False
T02442,C01853,P06070,32724361.19,23466591.09,EUR,2020-11-18,Default,True
T02443,C08213,P02261,28015021.03,10202007.11,NOK,2020-09-30,Closed,False
T02444,C07098,P09878,13070331.99,5276681.25,USD,2020-01-09,Closed,True
T02445,C00948,P04398,20197193.2,11641534.64,NOK,2025-06-23,Default,False
T02446,C09445,P01564,44421397.84,19398928.11,USD,2025-08-17,Closed,True
T02447,C06692,P05793,38176191.73,7828908.73,USD,2023-01-05,Active,True
T02448,C04168,P00647,3639150.71,7829351.75,NOK,2021-12-28,Closed,False
T02449,C09879,P03933,20218126.95,21155336.83,USD,2024-06-09,Closed,False
T02450,C05961,P01927,17629730.36,16473735.32,EUR,2023-06-03,Default,True
T02451,C09124,P09060,34621510.85,16896680.35,USD,2025-03-07,Active,True
T02452,C02629,P04095,38185840.39,19930012.95,NOK,2022-01-19,Default,False
T02453,C01118,P02450,6854583.33,20309619.97,USD,2020-04-17,Default,False
T02454,C00322,P07539,24606928.63,18576195.12,USD,2022-01-23,Default,True
T02455,C05868,P04965,9869779.39,24903797.59,USD,2021-11-02,Default,False
T02456,C01495,P05708,26507860.78,7343228.71,EUR,2021-06-22,Default,True
T02457,C09260,P04142,14885573.91,1752799.17,NOK,2020-01-30,Default,True
T02458,C08125,P01322,46241983.68,20179428.11,NOK,2022-12-24,Default,False
T02459,C09845,P07054,14900580.03,20428315.63,USD,2025-05-14,Active,False
T02460,C09939,P01595,39457833.68,21883076.95,NOK,2023-02-09,Active,True
T02461,C02953,P02025,39812957.48,18780638.92,USD,2025-08-09,Active,False
T02462,C01300,P08426,27350504.4,4395930.34,NOK,2021-07-24,Default,True
T02463,C07143,P04313,12665458.21,20037679.24,USD,2020-03-01,Closed,True
T02464,C03645,P07745,1871431.68,21675625.82,USD,2025-02-16,Closed,False
T02465,C07560,P02593,28366674.78,5924098.57,NOK,2022-07-21,Closed,False
T02466,C02151,P07453,16052659.73,23210338.5,EUR,2025-10-24,Default,False
T02467,C01859,P08196,29781071.79,9595424.57,EUR,2022-03-15,Closed,False
T02468,C03262,P03933,10422406.11,18767200.01,EUR,2023-08-07,Closed,True
T02469,C04357,P00816,8708455.74,1783037.9,NOK,2025-03-22,Closed,True
T02470,C03628,P01188,42282874.57,18996758.65,USD,2022-03-31,Default,True
T02471,C08834,P02322,7605778.24,17599722.69,EUR,2022-10-10,Closed,False
T02472,C07718,P06959,20816310.56,21108832.83,USD,2021-04-19,Closed,False
T02473,C03122,P00805,4958085.81,16131647.14,USD,2025-10-08,Active,True
T02474,C09241,P07783,41851517.51,14332637.86,EUR,2020-02-17,Closed,True
T02475,C02610,P07210,36435697.28,17742469.03,EUR,2021-03-09,Default,True
T02476,C01061,P02247,42335718.17,4715435.01,EUR,2025-04-04,Active,False
T02477,C08521,P01323,38145202.81,12412577.99,USD,2022-03-12,Closed,False
T02478,C06291,P00624,6578962.27,4494883.03,USD,2020-11-23,Default,True
T02479,C01386,P03891,20108060.89,3046412.1,NOK,2021-07-26,Closed,False
T02480,C06830,P04275,47169731.66,23302596.24,NOK,2024-06-13,Default,False
T02481,C03524,P08408,46294424.89,17091642.8,NOK,2025-06-19,Active,True
T02482,C05989,P04657,29616503.43,23113700.53,NOK,2023-05-29,Closed,False
T02483,C02713,P00549,17906289.52,9052117.33,EUR,2020-04-06,Default,True
T02484,C08628,P06304,15925923.0,13937936.52,USD,2021-03-28,Closed,False
T02485,C03332,P07411,43457954.35,2751518.28,EUR,2021-11-01,Active,False
T02486,C07690,P08369,23766058.78,23965289.74,NOK,2025-05-15,Closed,False
T02487,C03716,P08327,31625355.57,4247003.2,NOK,2024-08-13,Default,True
T02488,C02745,P00650,28925317.18,10383706.09,EUR,2021-11-05,Closed,True
T02489,C00339,P06706,28420951.09,9844535.62,NOK,2020-04-25,Default,False
T02490,C02589,P00208,15438205.87,23453614.72,EUR,2021-10-19,Default,False
T02491,C00144,P02049,37955629.06,23688396.85,EUR,2022-09-05,Active,True
T02492,C08945,P01876,26922373.95,20544518.12,EUR,2022-08-22,Default,False
T02493,C05577,P09281,7404874.31,20285364.66,NOK,2020-09-19,Active,False
T02494,C00143,P04872,22029773.42,3291728.52,EUR,2023-11-07,Active,False
T02495,C08038,P03240,18235072.11,20348998.41,EUR,2024-09-02,Default,True
T02496,C05764,P09862,37900525.74,9430901.03,USD,2023-02-22,Closed,True
T02497,C04421,P01162,1897725.34,10569488.39,NOK,2021-01-30,Default,True
T02498,C04118,P02267,12658673.0,10139874.72,EUR,2020-06-27,Active,True
T02499,C03855,P03960,45851338.67,14025652.9,NOK,2022-05-27,Closed,True
T02500,C01757,P09588,41748312.67,7446317.26,EUR,2023-08-12,Active,False
T02501,C05821,P08091,7187832.05,15015092.42,NOK,2025-04-07,Closed,False
T02502,C04662,P01217,30710324.66,17879231.73,USD,2021-09-01,Closed,True
T02503,C08347,P06220,20587543.7,21859881.77,USD,2022-03-05,Active,False
T02504,C02495,P05647,9718213.72,16214190.52,USD,2024-09-29,Active,False
T02505,C04669,P02457,39035447.45,17628574.91,USD,2023-10-08,Default,False
T02506,C04773,P06267,27542869.64,17049157.5,NOK,2024-11-11,Closed,False
T02507,C01277,P03306,27048344.31,5900465.33,NOK,2020-05-01,Default,True
T02508,C04835,P06983,11301276.5,8655552.69,NOK,2024-09-10,Closed,True
T02509,C01253,P03465,23397176.78,14072973.76,USD,2023-11-26,Closed,True
T02510,C03353,P00308,21212725.43,22480657.21,USD,2022-08-27,Closed,False
T02511,C07792,P02133,22818843.01,10505140.84,EUR,2020-02-17,Closed,True
T02512,C04641,P09385,30366970.44,17508148.73,NOK,2021-06-02,Default,False
T02513,C05253,P09415,33146207.92,16303278.87,USD,2025-04-02,Active,True
T02514,C08352,P09375,22031531.01,18502393.53,NOK,2024-09-15,Active,False
T02515,C03777,P02337,28572693.56,18813962.57,NOK,2022-07-31,Closed,True
T02516,C00645,P07410,8396199.5,22365066.51,USD,2020-08-30,Active,True
T02517,C01997,P09827,32430498.49,13263923.36,EUR,2024-08-03,Default,True
T02518,C08622,P07944,18869248.2,19794753.87,USD,2023-03-20,Active,True
T02519,C08612,P00717,15830914.43,836325.96,EUR,2023-09-22,Default,True
T02520,C08711,P08461,20110220.41,18003579.17,NOK,2025-01-12,Active,True
T02521,C01209,P06680,22454152.46,14251737.06,EUR,2022-10-13,Closed,False
T02522,C05618,P03560,6853447.35,19794980.56,USD,2022-12-17,Active,True
T02523,C03319,P09655,40927796.58,8391286.96,USD,2025-08-31,Active,True
T02524,C02313,P03190,47681762.8,9217292.57,USD,2020-02-08,Default,True
T02525,C09271,P05044,45834869.48,22503169.4,EUR,2020-08-21,Active,True
T02526,C02994,P02380,26455671.82,16881838.71,NOK,2025-04-04,Active,True
T02527,C04325,P08088,30727316.33,1178567.72,EUR,2021-05-27,Active,False
T02528,C06489,P07867,29946431.65,15302705.6,USD,2024-09-15,Default,False
T02529,C06947,P09224,23973606.21,22058517.85,USD,2022-03-25,Closed,True
T02530,C04270,P09148,21699843.87,8640383.1,USD,2024-12-11,Default,True
T02531,C07148,P03359,5407824.3,10611910.23,EUR,2025-01-07,Default,True
T02532,C04742,P05788,9902621.78,20485257.46,EUR,2021-08-24,Closed,True
T02533,C00295,P00797,41976486.77,12562682.36,EUR,2021-06-06,Closed,True
T02534,C06352,P00834,40375916.98,12965710.1,NOK,2020-02-20,Active,False
T02535,C09788,P03225,7628885.23,10648530.59,EUR,2023-07-13,Default,False
T02536,C05474,P09472,23271765.25,20363662.85,EUR,2020-10-12,Closed,False
T02537,C08288,P05381,49475852.4,5926616.66,EUR,2020-05-23,Closed,True
T02538,C08144,P01106,3047217.43,8326462.92,NOK,2020-05-25,Default,False
T02539,C07270,P04398,12413293.64,9790842.47,USD,2024-08-17,Active,True
T02540,C07632,P07140,35697597.52,13682550.18,NOK,2024-02-23,Default,True
T02541,C02811,P05391,47102107.22,1699899.87,NOK,2021-01-16,Default,True
T02542,C00250,P02444,44557559.44,24732187.86,USD,2023-12-13,Closed,True
T02543,C08816,P08412,21056491.18,5312143.9,EUR,2021-08-02,Active,True
T02544,C04226,P01866,8993485.79,18903535.76,NOK,2022-05-11,Default,True
T02545,C02350,P07784,40227362.88,20537567.69,USD,2022-12-12,Default,False
T02546,C00543,P03151,2104977.18,2694319.34,NOK,2020-10-12,Active,False
T02547,C08131,P09211,11409512.56,20703592.47,USD,2023-12-11,Closed,False
T02548,C09594,P05225,31546029.84,20889031.3,USD,2025-08-18,Closed,True
T02549,C01147,P01743,49161423.96,11887404.74,NOK,2023-11-19,Closed,False
T02550,C09927,P07048,15400810.85,21387338.74,NOK,2020-04-08,Active,True
T02551,C03780,P02448,14619457.15,22901858.76,USD,2022-05-27,Default,False
T02552,C04763,P04423,39331766.06,23805761.12,USD,2020-08-07,Default,True
T02553,C00927,P07897,19365897.59,4018250.59,EUR,2023-06-05,Default,True
T02554,C05992,P06310,33748804.73,17348375.55,USD,2022-04-16,Closed,True
T02555,C07044,P01404,42693329.98,22394206.36,EUR,2024-03-13,Default,False
T02556,C03524,P08504,33392179.37,22393477.72,EUR,2020-10-12,Closed,True
T02557,C04236,P08262,23670038.67,5799535.14,NOK,2025-05-30,Closed,False
T02558,C01963,P09544,3887363.73,9301913.12,NOK,2023-11-30,Default,False
T02559,C03722,P08426,4893274.87,23755305.14,NOK,2021-11-01,Closed,False
T02560,C09273,P01654,2361141.61,10959952.58,EUR,2022-02-28,Active,False
T02561,C06176,P05587,8623818.91,8793981.87,USD,2022-05-28,Default,True
T02562,C03518,P08105,44465010.33,18235370.77,NOK,2022-09-12,Active,False
T02563,C03395,P09133,29119305.12,19874998.81,USD,2024-04-29,Default,False
T02564,C09214,P06313,49639757.81,14128932.59,EUR,2020-09-29,Closed,True
T02565,C04670,P07393,39221193.46,22712486.03,USD,2020-07-29,Default,False
T02566,C09525,P02629,28688300.34,9607624.71,NOK,2024-08-24,Active,False
T02567,C06884,P06703,26788057.4,17168903.94,NOK,2021-09-07,Active,True
T02568,C04126,P03198,39758557.27,24161505.74,NOK,2023-05-29,Closed,False
T02569,C08663,P07140,24137391.81,8430741.56,NOK,2021-03-04,Closed,False
T02570,C00397,P06164,19161218.11,15871705.37,EUR,2020-09-15,Closed,False
T02571,C04191,P01009,49468195.75,9573615.27,NOK,2023-04-12,Active,False
T02572,C09706,P01012,25797609.16,24757455.11,EUR,2020-06-19,Default,False
T02573,C00090,P04945,13814021.33,20192556.45,USD,2025-05-10,Closed,True
T02574,C01450,P01112,8863843.49,10256683.61,NOK,2020-06-03,Default,True
T02575,C00083,P09103,30391074.26,3386970.97,USD,2022-08-31,Closed,False
T02576,C06600,P05324,42169443.87,19226912.24,EUR,2021-04-02,Closed,False
T02577,C03922,P08649,28604007.13,19879972.23,USD,2020-07-02,Active,True
T02578,C04686,P00633,44669083.48,6875882.32,EUR,2020-10-26,Active,False
T02579,C02422,P03090,45008224.81,22499433.13,USD,2024-05-26,Active,False
T02580,C06295,P06542,45249806.02,6051787.16,EUR,2022-11-16,Default,False
T02581,C01624,P08867,31386013.73,20843334.95,USD,2023-01-07,Default,False
T02582,C01102,P03841,18897901.69,15649764.3,EUR,2021-10-12,Default,True
T02583,C06867,P08616,22261680.6,8454846.0,NOK,2025-01-13,Default,False
T02584,C03951,P03544,20575220.27,10266901.7,NOK,2024-08-25,Default,True
T02585,C05902,P07572,3882525.58,12342086.66,NOK,2024-10-31,Active,False
T02586,C07763,P05885,9538006.81,20408915.58,NOK,2024-12-17,Closed,True
T02587,C00469,P02471,17112860.61,12979355.31,USD,2020-12-23,Active,False
T02588,C00225,P03571,9852154.97,4243730.79,NOK,2020-03-09,Default,False
T02589,C04254,P03647,17684532.02,3691488.62,EUR,2022-05-01,Default,False
T02590,C00491,P06478,40012532.17,13532906.54,USD,2020-10-31,Closed,True
T02591,C02596,P09037,49966996.54,10728479.5,USD,2023-06-04,Default,True
T02592,C06025,P01087,39391734.69,18315810.75,EUR,2020-03-27,Closed,False
T02593,C04940,P03961,39009570.5,20373307.82,EUR,2020-09-21,Closed,False
T02594,C06757,P07634,38829680.55,7187512.08,EUR,2020-09-21,Closed,True
T02595,C06247,P03796,41249499.86,14976323.3,EUR,2024-03-21,Active,True
T02596,C04744,P03196,22347486.12,5517651.2,USD,2022-01-11,Closed,True
T02597,C06528,P05606,43020221.92,3035299.19,NOK,2020-04-22,Default,True
T02598,C00933,P08936,31942209.76,1747191.63,EUR,2024-05-19,Active,False
T02599,C02343,P03525,20736179.05,19029144.48,EUR,2023-06-19,Active,False
T02600,C02133,P03452,24727377.59,5300753.93,EUR,2021-08-03,Closed,False
T02601,C08220,P06269,36469861.1,14807349.4,USD,2021-01-10,Closed,False
T02602,C08985,P04324,19320146.09,18118383.33,NOK,2021-08-14,Closed,True
T02603,C05425,P00454,14855616.14,2864368.14,NOK,2020-09-20,Closed,False
T02604,C05785,P02581,38944539.24,10465732.86,NOK,2024-05-08,Default,False
T02605,C00221,P06755,14816766.54,19519904.66,EUR,2022-01-24,Default,False
T02606,C03973,P06367,19561896.91,22806034.75,NOK,2021-07-28,Active,False
T02607,C00307,P09106,29657874.89,22090860.28,NOK,2024-12-25,Active,True
T02608,C08558,P04643,12567643.98,17464023.64,EUR,2024-08-09,Closed,False
T02609,C01562,P04394,16699063.66,2978250.52,USD,2025-05-27,Active,False
T02610,C02671,P07928,27485914.48,12471524.14,USD,2020-12-28,Default,True
T02611,C05776,P03796,7261945.13,13127686.94,EUR,2025-03-12,Active,True
T02612,C09342,P01417,9339027.37,6206428.61,USD,2022-11-16,Active,True
T02613,C06007,P06599,12691822.29,14486196.21,EUR,2024-09-22,Default,True
T02614,C02478,P01092,34320586.71,19736155.28,NOK,2024-04-01,Default,True
T02615,C04666,P07591,35801222.45,7111900.07,EUR,2021-01-08,Closed,False
T02616,C03568,P05053,12605616.91,4596510.23,USD,2021-09-11,Closed,True
T02617,C02402,P04281,12366345.73,9181826.38,USD,2020-06-26,Closed,True
T02618,C08919,P03293,8378529.68,5179721.58,NOK,2023-10-04,Closed,False
T02619,C05836,P00028,37864920.66,9709028.52,EUR,2020-04-22,Closed,True
T02620,C07934,P01292,26971515.69,3430688.58,EUR,2020-09-21,Closed,False
T02621,C03295,P03663,18791940.94,4740507.52,EUR,2024-01-30,Active,False
T02622,C03354,P04692,1100250.19,21616739.88,EUR,2022-02-01,Default,False
T02623,C09782,P02670,45281316.5,9847244.66,USD,2021-11-09,Active,False
T02624,C00851,P08136,39349455.65,7971943.05,EUR,2023-12-12,Closed,True
T02625,C05417,P02031,5203950.66,20939531.36,USD,2024-02-26,Closed,False
T02626,C05870,P04207,23004734.11,14530153.64,USD,2020-10-21,Default,True
T02627,C09570,P04117,15619533.25,16332253.69,USD,2023-12-29,Active,True
T02628,C01771,P06241,44123470.05,5038404.45,USD,2022-11-30,Closed,True
T02629,C06382,P00031,26503749.69,19711502.87,NOK,2020-06-03,Active,True
T02630,C06460,P06059,14338667.45,14025050.56,EUR,2022-08-30,Closed,True
T02631,C07480,P08300,48185659.53,7279166.48,EUR,2024-12-16,Default,True
T02632,C03208,P04178,13465793.75,9890283.92,EUR,2024-06-30,Active,False
T02633,C06476,P09886,8656506.82,4377183.22,NOK,2022-08-08,Closed,False
T02634,C08180,P06253,38767872.0,18128860.07,EUR,2020-08-04,Closed,True
T02635,C06631,P05367,42148552.35,22702920.81,NOK,2020-03-10,Active,True
T02636,C06033,P04671,39684121.89,20077803.29,EUR,2024-06-14,Active,True
T02637,C00967,P02910,10457587.83,20528122.91,NOK,2022-05-14,Default,True
T02638,C07741,P04727,22660495.28,18702580.16,NOK,2020-04-28,Default,False
T02639,C08201,P04437,31299783.52,18491757.63,EUR,2020-01-01,Default,False
T02640,C01793,P08267,18339006.03,8621408.25,NOK,2024-11-08,Closed,True
T02641,C03971,P06394,20540008.61,2089309.39,NOK,2023-06-09,Closed,True
T02642,C00851,P03830,31794263.62,16444989.66,EUR,2025-10-30,Active,False
T02643,C04947,P09405,28594608.9,4804957.6,USD,2024-02-02,Default,False
T02644,C01429,P01181,3552724.39,3323229.25,NOK,2022-10-12,Closed,False
T02645,C06149,P01834,15336633.92,12387132.91,USD,2021-11-04,Default,True
T02646,C06661,P00365,20314563.88,4693657.76,USD,2024-09-10,Default,True
T02647,C01944,P08939,17409027.95,12176305.01,EUR,2021-01-12,Default,True
T02648,C05725,P04990,5991918.32,2946905.61,USD,2023-03-25,Closed,True
T02649,C07935,P06422,20221678.32,3680737.47,NOK,2024-09-02,Active,False
T02650,C01441,P06205,35690846.09,20187556.14,EUR,2022-03-08,Closed,True
T02651,C06531,P07130,14452992.42,2631848.9,USD,2021-05-10,Active,False
T02652,C06388,P09024,45984392.6,11787738.59,EUR,2020-06-09,Closed,True
T02653,C02302,P02908,30405018.49,20515189.11,NOK,2020-03-28,Default,True
T02654,C03745,P08285,2483771.09,14543675.66,EUR,2024-01-11,Default,False
T02655,C06003,P06050,45088859.07,6633547.99,USD,2021-08-22,Active,True
T02656,C00777,P09804,7349437.62,13505351.53,EUR,2021-02-01,Closed,False
T02657,C06242,P02435,26835562.04,19836521.04,USD,2024-03-24,Closed,False
T02658,C00114,P00687,33785125.16,18878807.53,USD,2023-05-05,Active,False
T02659,C07492,P04928,46535696.98,13603147.1,NOK,2023-09-28,Default,False
T02660,C00822,P00299,40974341.97,7017613.65,USD,2021-07-20,Active,True
T02661,C02928,P04755,38522307.84,2512777.13,EUR,2020-12-13,Default,True
T02662,C09088,P08948,47329669.31,5062308.15,EUR,2023-03-28,Default,True
T02663,C00039,P06176,6978209.57,9955124.77,USD,2022-01-15,Closed,True
T02664,C04399,P02913,4459175.7,4665974.92,USD,2025-05-27,Closed,False
T02665,C04628,P00833,20318862.06,8502915.22,EUR,2025-02-20,Default,True
T02666,C04638,P07944,9564445.13,11972906.64,EUR,2020-01-15,Default,True
T02667,C02449,P01425,43844851.21,12484850.76,NOK,2023-04-24,Active,True
T02668,C04448,P03318,24907693.33,3841047.9,NOK,2022-05-16,Active,False
T02669,C02663,P05034,22156936.35,16303841.4,NOK,2022-01-05,Closed,False
T02670,C05876,P06108,32854544.95,2761129.11,NOK,2020-04-05,Active,True
T02671,C07775,P05249,12745369.18,6094231.22,EUR,2024-10-18,Closed,False
T02672,C04120,P07819,4658842.51,17391736.66,USD,2023-02-01,Active,False
T02673,C05096,P06006,37513567.21,13632474.18,NOK,2025-09-02,Closed,True
T02674,C05380,P06614,42519334.03,21229542.25,EUR,2022-06-17,Closed,True
T02675,C04807,P00605,14061522.17,3475669.66,EUR,2023-12-03,Closed,True
T02676,C03822,P02514,8500192.37,8203202.77,EUR,2024-01-23,Closed,True
T02677,C04112,P03643,48133814.96,22100360.86,EUR,2025-06-02,Default,True
T02678,C08264,P06142,43940438.74,4092693.01,NOK,2022-06-06,Default,False
T02679,C08154,P01268,7317614.0,17410495.58,NOK,2024-08-09,Closed,False
T02680,C07808,P01941,40610643.03,21389989.5,EUR,2022-08-12,Active,False
T02681,C05012,P04074,26442875.44,24179598.88,NOK,2025-07-04,Closed,False
T02682,C09709,P04732,22978093.61,23902173.62,NOK,2020-10-29,Active,True
T02683,C05434,P05515,16702382.23,9962009.71,NOK,2025-06-27,Closed,False
T02684,C02457,P08691,34854420.58,5575261.66,NOK,2024-07-19,Closed,True
T02685,C00867,P03664,25519300.22,18103409.62,USD,2023-11-29,Closed,False
T02686,C08221,P05711,12995863.99,4848262.92,EUR,2024-08-24,Active,True
T02687,C05300,P01750,3930634.65,9087916.83,EUR,2024-10-20,Default,False
T02688,C09996,P02720,35542946.44,1771161.22,NOK,2024-06-02,Default,True
T02689,C04868,P07242,38222304.35,17197424.04,USD,2025-06-20,Default,True
T02690,C05484,P06658,5543944.2,17913689.44,NOK,2020-06-30,Default,False
T02691,C02566,P07857,5445560.51,22898637.73,NOK,2022-03-05,Closed,False
T02692,C05060,P04264,13816356.74,8027032.11,NOK,2020-02-10,Default,True
T02693,C09972,P08567,5922269.19,20674560.76,USD,2022-11-24,Default,False
T02694,C06479,P01220,39697158.65,24152386.79,USD,2020-09-26,Closed,False
T02695,C09366,P05053,5906885.73,21147544.96,NOK,2022-09-04,Closed,True
T02696,C04049,P06928,45368568.91,20742106.01,NOK,2023-06-01,Default,True
T02697,C05601,P04140,6821778.21,17058533.08,USD,2020-06-14,Active,False
T02698,C07955,P00266,44648510.36,17168788.55,NOK,2025-10-28,Closed,True
T02699,C07145,P01502,30510972.06,13702801.64,NOK,2022-02-13,Default,True
T02700,C00672,P06484,27758418.99,16937349.06,USD,2025-08-28,Closed,False
T02701,C00405,P02304,33078520.15,14191540.08,USD,2025-08-17,Active,True
T02702,C05889,P05801,47827830.53,23218332.11,EUR,2021-04-16,Closed,False
T02703,C08975,P08830,12755905.35,7478941.67,NOK,2021-05-24,Active,True
T02704,C07454,P09042,4878801.55,11848425.82,EUR,2022-08-20,Closed,True
T02705,C00670,P02218,21643649.77,554025.57,USD,2021-07-26,Active,False
T02706,C07594,P02180,36685053.66,22780887.54,USD,2022-08-13,Default,False
T02707,C02414,P04668,30475343.43,5170054.88,USD,2025-05-12,Closed,False
T02708,C03372,P06057,9161736.16,21717525.95,NOK,2024-07-22,Active,False
T02709,C00223,P05455,22908131.82,22889670.55,USD,2020-02-02,Active,True
T02710,C03761,P01993,41719525.4,17789413.29,EUR,2023-05-25,Default,False
T02711,C01290,P06934,40503234.47,15120708.45,USD,2020-10-13,Closed,True
T02712,C03645,P05813,9254715.88,6574031.56,NOK,2021-08-20,Active,True
T02713,C02404,P01872,29307132.39,21963523.43,USD,2020-11-22,Default,False
T02714,C01892,P03091,25928632.52,3095939.09,USD,2024-04-17,Active,True
T02715,C01504,P09255,17996196.0,19139399.83,EUR,2022-08-06,Closed,False
T02716,C06410,P08147,14401346.19,14672088.28,USD,2023-08-04,Closed,True
T02717,C05420,P09463,44132520.96,2057423.08,EUR,2023-03-11,Default,False
T02718,C01413,P08510,48681376.56,12189989.64,NOK,2024-03-31,Closed,True
T02719,C03524,P07977,6805303.0,21867301.16,USD,2024-01-08,Default,False
T02720,C01201,P07274,29082236.26,1991168.19,EUR,2023-08-16,Closed,True
T02721,C08749,P04010,1245074.38,17500491.27,EUR,2021-01-17,Closed,False
T02722,C08488,P09945,13519512.48,10282850.65,EUR,2021-01-26,Closed,False
T02723,C09211,P02958,46668844.98,12695166.89,NOK,2024-04-15,Closed,False
T02724,C08718,P09144,40951804.24,5322736.95,NOK,2023-08-22,Default,True
T02725,C06064,P09491,15822555.49,18665901.18,NOK,2022-09-17,Default,True
T02726,C06520,P00816,30227987.18,20470599.99,EUR,2022-02-09,Active,False
T02727,C02504,P03469,37176628.1,19809695.26,EUR,2022-06-24,Active,False
T02728,C06342,P02298,46585575.22,23164182.42,EUR,2020-06-21,Closed,True
T02729,C05589,P03953,30071270.86,8446690.28,USD,2023-02-16,Closed,False
T02730,C02243,P09590,26984355.43,14549823.41,USD,2022-10-01,Default,False
T02731,C01335,P00978,45232635.79,20008091.67,USD,2025-01-17,Active,False
T02732,C01761,P05457,46837799.54,4342580.6,USD,2022-04-19,Active,True
T02733,C07225,P05189,14064686.74,9441766.0,USD,2021-07-16,Closed,True
T02734,C04538,P09935,47926870.08,11193935.18,NOK,2024-03-04,Default,True
T02735,C03248,P05845,24394289.97,1282759.93,USD,2021-06-02,Active,True
T02736,C06362,P08670,10433400.34,1195317.28,EUR,2020-01-05,Active,True
T02737,C06770,P08680,3987402.28,16727165.08,USD,2021-07-27,Closed,False
T02738,C01668,P05551,4609398.58,13583078.85,USD,2024-10-23,Default,False
T02739,C05848,P09190,35855646.25,16914453.89,USD,2020-05-22,Default,False
T02740,C07716,P07660,5033662.5,8911835.7,NOK,2020-01-16,Closed,True
T02741,C01338,P03815,39405318.84,3220115.32,EUR,2025-03-01,Active,True
T02742,C06007,P05456,43943264.15,5633518.89,NOK,2022-12-19,Default,True
T02743,C04032,P07156,15929923.58,4026647.95,USD,2024-09-13,Active,False
T02744,C03526,P04795,8582178.96,11540650.65,EUR,2021-01-27,Default,True
T02745,C00771,P02269,41718414.78,18183250.81,NOK,2022-08-24,Default,True
T02746,C09156,P02746,15729258.35,17018749.76,EUR,2021-06-07,Closed,True
T02747,C00977,P05446,23332421.54,15338629.01,NOK,2021-08-16,Closed,False
T02748,C08844,P06819,26572323.58,24586939.38,NOK,2020-10-27,Active,False
T02749,C08382,P00473,9255199.43,15006951.57,USD,2023-01-29,Default,True
T02750,C05870,P09310,28944439.27,4529902.31,NOK,2025-05-02,Closed,True
T02751,C05604,P05332,32003184.63,22807003.51,NOK,2020-05-06,Closed,False
T02752,C01063,P00543,30913953.71,10142284.89,USD,2020-11-09,Closed,False
T02753,C04944,P02636,7711813.94,16124168.41,EUR,2024-03-29,Default,False
T02754,C02306,P02835,1099200.51,11811499.9,NOK,2022-05-16,Default,True
T02755,C03979,P01318,39522948.19,13244325.04,NOK,2020-10-04,Active,True
T02756,C03852,P06177,38061540.87,3001008.27,EUR,2025-06-05,Default,True
T02757,C06623,P02832,15212740.79,10944022.53,EUR,2024-04-04,Closed,True
T02758,C08589,P01477,47894499.19,3973663.46,USD,2022-12-05,Active,False
T02759,C02644,P01596,31860268.6,19493928.42,NOK,2025-08-01,Active,True
T02760,C07157,P02893,31521934.23,21384290.05,USD,2020-11-06,Closed,False
T02761,C05823,P01857,12834181.97,11424974.67,EUR,2021-06-26,Active,True
T02762,C07754,P05603,18241262.13,19297233.88,USD,2020-01-27,Active,True
T02763,C03931,P00615,18513186.82,2195606.98,USD,2023-04-22,Closed,False
T02764,C06408,P05732,37904838.57,19862528.56,EUR,2025-01-25,Default,True
T02765,C07255,P08539,33461302.44,19304045.46,USD,2022-09-17,Active,False
T02766,C07554,P07528,26131978.57,802224.48,EUR,2021-02-26,Active,True
T02767,C03410,P00271,2013317.67,9329553.66,NOK,2023-06-01,Closed,True
T02768,C02243,P07886,2240095.07,18707937.77,NOK,2025-08-26,Default,False
T02769,C08967,P02400,1152727.79,4430699.56,USD,2024-01-21,Default,False
T02770,C08548,P02623,12336394.65,19495652.36,EUR,2024-12-05,Closed,True
T02771,C09010,P06942,1859613.2,19310997.93,USD,2025-05-22,Default,True
T02772,C09861,P05834,10097003.28,11409913.37,NOK,2022-08-19,Closed,False
T02773,C02764,P06652,30396477.22,3573645.2,EUR,2025-08-07,Active,True
T02774,C04872,P02847,33853147.01,11753831.39,NOK,2023-08-10,Default,True
T02775,C07679,P06219,45104709.09,13384624.51,EUR,2021-04-24,Closed,False
T02776,C01982,P03393,2696095.38,5050193.48,EUR,2021-09-18,Default,False
T02777,C03855,P09112,7824873.87,8353166.29,USD,2022-12-24,Closed,False
T02778,C02785,P01663,25920542.41,19662847.82,EUR,2024-08-28,Default,False
T02779,C05578,P01784,26432576.76,6711466.27,EUR,2022-07-09,Active,True
T02780,C04413,P06548,23794559.29,14934381.46,USD,2025-03-30,Default,True
T02781,C02618,P08569,39962194.77,22444105.59,NOK,2023-06-10,Closed,True
T02782,C04241,P06319,44874788.58,19099558.45,EUR,2024-10-13,Active,False
T02783,C05607,P04515,31864193.21,20514073.79,USD,2023-12-12,Closed,True
T02784,C03927,P07009,27401370.2,13710866.05,NOK,2023-07-13,Default,False
T02785,C09272,P00443,3787159.8,7943785.05,NOK,2021-04-16,Default,True
T02786,C00042,P06237,41808814.38,17042915.38,NOK,2022-11-05,Active,False
T02787,C09141,P05394,11503561.04,23148119.43,USD,2021-07-26,Default,False
T02788,C05871,P02116,36618938.95,4684368.57,EUR,2020-10-22,Active,False
T02789,C06397,P09130,34264863.52,22401566.17,NOK,2021-09-14,Default,True
T02790,C06688,P03978,1815839.18,16901335.7,USD,2022-10-31,Active,False
T02791,C06381,P00939,13860622.32,1926596.82,USD,2021-12-26,Closed,False
T02792,C08930,P09079,39518126.26,5643714.15,EUR,2020-03-29,Default,False
T02793,C08694,P00735,17829776.08,15932436.88,USD,2024-03-11,Closed,True
T02794,C04404,P04595,27909885.46,582573.1,NOK,2021-05-08,Active,False
T02795,C02779,P04904,29130974.2,7785348.77,USD,2023-07-17,Default,True
T02796,C09422,P01628,49974243.05,19664777.13,EUR,2020-10-30,Default,True
T02797,C00816,P04841,43863625.6,15684651.63,USD,2022-01-16,Closed,False
T02798,C08367,P03657,36934659.75,16134475.49,USD,2020-09-14,Active,False
T02799,C02166,P00495,48283389.5,12353466.76,USD,2024-11-24,Closed,False
T02800,C06821,P03397,41217962.97,4937104.88,NOK,2021-06-05,Closed,False
T02801,C01453,P06470,42121197.6,5611479.85,USD,2022-09-29,Default,True
T02802,C02139,P06326,29873755.61,21023021.51,NOK,2025-10-02,Active,True
T02803,C09508,P00443,46988371.36,819020.82,NOK,2021-06-14,Default,True
T02804,C03551,P02278,39646045.59,8181234.68,EUR,2020-09-04,Active,True
T02805,C06613,P01587,47162898.35,18132563.65,EUR,2025-01-15,Default,False
T02806,C01480,P07021,27118123.9,954981.47,NOK,2022-01-23,Active,False
T02807,C04134,P01389,1371568.31,6563978.24,USD,2020-05-02,Active,False
T02808,C01741,P02844,29853692.91,24106269.22,NOK,2020-06-04,Active,False
T02809,C00061,P07810,30448180.42,8629304.47,USD,2022-05-30,Default,False
T02810,C03504,P06643,49286947.08,5121602.85,EUR,2024-04-11,Closed,False
T02811,C07250,P03588,38944433.75,7940365.46,NOK,2023-11-03,Active,True
T02812,C01840,P09672,7317230.4,4080965.61,USD,2025-05-04,Active,False
T02813,C06365,P00892,5814946.81,5311008.84,USD,2022-04-03,Closed,True
T02814,C09416,P02691,22932347.05,18382182.06,USD,2021-08-05,Default,True
T02815,C08208,P06874,40971389.48,12946764.97,USD,2021-04-18,Active,True
T02816,C01642,P09600,30126286.79,10510049.0,EUR,2025-06-17,Active,True
T02817,C07230,P09283,23164164.78,2537168.67,USD,2020-05-02,Active,False
T02818,C07287,P09512,8992815.33,24035953.44,NOK,2025-09-03,Default,False
T02819,C05173,P04037,36271441.74,19505886.31,USD,2024-03-05,Default,True
T02820,C07528,P02745,33792613.05,9913439.69,EUR,2020-07-10,Default,True
T02821,C09459,P02949,49805497.59,13960512.39,EUR,2022-06-01,Closed,False
T02822,C07886,P02072,15830368.9,17753206.94,EUR,2021-08-01,Active,False
T02823,C06977,P02398,5390223.4,4575619.53,USD,2022-10-27,Active,False
T02824,C03285,P09230,11571712.06,12785966.55,NOK,2021-06-29,Default,False
T02825,C01163,P01873,26921885.08,11890664.19,NOK,2023-04-25,Default,True
T02826,C07423,P05317,20118310.48,12715401.32,NOK,2023-07-30,Active,True
T02827,C09417,P09102,30154031.14,3999960.73,NOK,2023-06-21,Default,True
T02828,C09128,P00363,20170958.79,24321332.35,USD,2020-08-13,Closed,True
T02829,C05285,P06481,13459510.39,9084965.01,EUR,2024-08-15,Default,False
T02830,C00187,P06876,42980268.21,10559220.15,NOK,2020-12-30,Active,True
T02831,C09966,P07169,21793188.13,8059746.2,USD,2020-10-05,Closed,True
T02832,C04126,P03345,15837816.17,7892127.88,USD,2024-01-18,Default,True
T02833,C08430,P02348,32809601.61,1682221.54,EUR,2022-11-26,Default,True
T02834,C05073,P06908,31968318.76,13404345.99,NOK,2022-03-07,Active,True
T02835,C04827,P03669,37153457.81,23221223.25,USD,2025-09-17,Active,True
T02836,C08850,P06098,15630854.75,19161473.27,EUR,2022-09-01,Active,False
T02837,C05607,P05732,48643593.04,9557683.26,NOK,2020-10-29,Active,True
T02838,C04141,P09893,46741885.82,11079614.58,NOK,2021-02-28,Closed,False
T02839,C01569,P08221,40986689.25,16533094.54,USD,2024-08-02,Closed,True
T02840,C06496,P00123,22024127.96,24835482.95,EUR,2022-09-26,Active,False
T02841,C01952,P09108,20399895.27,8423802.5,EUR,2023-05-16,Active,False
T02842,C09092,P03783,39747804.68,5228997.71,EUR,2023-11-16,Default,True
T02843,C02695,P05001,43662889.89,10026367.77,EUR,2023-05-03,Active,False
T02844,C03809,P01312,19483232.37,18291436.72,EUR,2024-08-02,Active,True
T02845,C05945,P01849,15872029.75,23896056.5,USD,2023-09-03,Closed,False
T02846,C02825,P08849,48669674.76,17753288.38,EUR,2020-07-12,Default,False
T02847,C04939,P03915,37146806.67,22742806.8,USD,2021-08-09,Active,True
T02848,C08846,P06347,31231076.87,19746563.45,EUR,2021-02-10,Active,True
T02849,C09946,P02385,7332384.17,859116.26,EUR,2022-06-15,Active,True
T02850,C06665,P01430,17760753.59,2928733.13,NOK,2020-05-23,Active,True
T02851,C05828,P08393,45750381.91,4035080.86,USD,2024-12-03,Closed,True
T02852,C05671,P00788,7619133.64,19986890.76,NOK,2023-10-24,Closed,True
T02853,C06526,P09040,31774184.91,6965951.36,EUR,2022-07-09,Default,False
T02854,C06292,P01777,25376353.18,16002401.02,USD,2022-12-06,Default,True
T02855,C04940,P00372,15952666.43,6070050.74,USD,2022-01-05,Default,True
T02856,C09903,P06648,28614488.36,14596907.72,NOK,2020-03-29,Default,True
T02857,C02199,P07351,29728235.86,1055528.45,USD,2025-05-07,Active,True
T02858,C05636,P08966,26686842.59,13595659.35,EUR,2024-07-11,Closed,True
T02859,C00868,P04398,36909595.2,20880216.43,USD,2022-11-26,Default,True
T02860,C03163,P07734,2747269.9,10646548.16,USD,2024-05-31,Default,False
T02861,C08404,P01778,34172169.68,10573829.61,NOK,2025-03-24,Active,False
T02862,C02134,P02413,28820107.39,13453631.09,EUR,2023-07-01,Closed,True
T02863,C07414,P04223,25448525.69,2247166.95,EUR,2024-09-12,Active,False
T02864,C07737,P07180,22583582.52,7376240.75,NOK,2024-10-18,Closed,False
T02865,C04312,P02724,40568383.83,11196796.65,USD,2020-06-16,Active,True
T02866,C01708,P07724,19167047.13,10853893.81,EUR,2022-05-19,Closed,False
T02867,C02798,P03499,9624365.05,2378140.16,NOK,2023-08-25,Default,True
T02868,C08940,P08004,49705190.36,19236796.17,USD,2025-01-09,Default,False
T02869,C02143,P08307,36995499.65,9390222.84,NOK,2025-08-30,Active,True
T02870,C00998,P07996,47917814.16,20746542.37,USD,2022-04-08,Active,True
T02871,C04154,P09958,39022705.79,24327951.35,NOK,2022-08-30,Closed,False
T02872,C08361,P05205,34079912.86,5291581.52,USD,2022-04-06,Active,False
T02873,C01698,P05602,26032480.89,18985031.5,NOK,2020-04-04,Active,False
T02874,C03598,P07494,15701083.78,24628011.04,EUR,2021-07-12,Default,True
T02875,C02096,P02722,41140668.66,23343008.3,NOK,2024-01-09,Default,False
T02876,C06340,P09667,44628888.85,9491701.25,EUR,2020-03-12,Active,False
T02877,C04569,P03409,2861850.14,20229159.41,NOK,2021-08-21,Active,False
T02878,C00822,P00859,33515004.26,15106480.22,EUR,2023-09-19,Closed,False
T02879,C05559,P09484,6931061.48,11820798.99,USD,2022-09-16,Active,True
T02880,C08106,P07618,19272427.63,11944121.46,NOK,2022-09-26,Closed,True
T02881,C07602,P02515,32865121.2,18849308.07,EUR,2023-06-14,Active,False
T02882,C08892,P06124,18027556.83,12901387.1,EUR,2024-11-01,Active,True
T02883,C04245,P09285,42367957.33,5348941.49,NOK,2021-11-04,Default,False
T02884,C08871,P03953,24071455.33,12539214.33,NOK,2024-08-11,Closed,False
T02885,C06196,P06984,14101073.7,1985505.34,USD,2024-03-04,Active,False
T02886,C06634,P01289,22937938.83,5205871.7,NOK,2020-01-29,Active,False
T02887,C06646,P07156,7903589.14,22723332.58,USD,2021-12-11,Default,False
T02888,C03700,P04787,43236668.91,12194329.17,USD,2024-06-18,Active,True
T02889,C01216,P05333,37856395.38,22058613.09,NOK,2020-03-19,Closed,True
T02890,C07118,P04066,24221831.57,19037794.63,NOK,2024-07-21,Active,False
T02891,C03855,P00321,21440402.35,5214320.86,USD,2025-04-25,Default,True
T02892,C06820,P01629,24103531.01,15139427.94,EUR,2020-03-03,Closed,False
T02893,C04405,P01232,31564566.0,19212313.47,USD,2023-02-12,Active,True
T02894,C04363,P09188,40495570.78,4373773.81,EUR,2022-11-22,Closed,True
T02895,C05913,P09111,17904622.53,17766841.21,USD,2022-02-17,Closed,True
T02896,C07415,P02630,30711162.48,22459131.9,EUR,2020-03-25,Closed,True
T02897,C08917,P01062,49921978.07,2866845.15,EUR,2021-05-29,Default,True
T02898,C05840,P07161,4285543.04,5114335.77,USD,2022-01-28,Closed,True
T02899,C06762,P03151,14970554.32,15855390.45,USD,2023-06-22,Closed,True
T02900,C05713,P00924,18251407.97,9258391.5,NOK,2025-04-20,Default,False
T02901,C06562,P03223,4568907.98,8799621.95,USD,2023-07-12,Active,False
T02902,C09423,P04664,48353151.74,4722826.38,USD,2020-06-19,Default,False
T02903,C04723,P09381,45248483.06,12749364.71,USD,2021-03-18,Default,True
T02904,C03792,P02027,40245335.58,10919667.98,USD,2021-01-25,Active,False
T02905,C00871,P02571,5659636.55,10656668.05,NOK,2020-06-11,Default,True
T02906,C00136,P02468,5962170.94,16260486.81,EUR,2024-08-05,Active,True
T02907,C03780,P07875,24687979.23,9033152.68,USD,2025-02-12,Active,False
T02908,C03315,P09262,33190802.37,7972568.72,EUR,2023-04-01,Active,False
T02909,C09328,P04736,13976686.43,6629545.81,NOK,2023-09-04,Active,True
T02910,C06811,P03650,9837918.47,517820.21,EUR,2022-09-22,Closed,True
T02911,C08036,P06988,3754602.72,24311230.45,NOK,2022-02-10,Active,True
T02912,C08926,P08265,12968060.05,9673768.6,EUR,2024-11-11,Closed,True
T02913,C05351,P00395,29575711.02,1733655.17,USD,2020-04-06,Closed,True
T02914,C03657,P00758,38767896.55,8771351.96,NOK,2021-08-20,Active,False
T02915,C00807,P08293,27498019.98,18074404.53,USD,2022-03-22,Default,False
T02916,C00027,P03497,49416938.04,15303396.63,USD,2022-08-24,Default,False
T02917,C09123,P08952,44405027.35,835071.97,EUR,2024-05-13,Closed,True
T02918,C01270,P07185,17735566.46,12645780.79,EUR,2022-11-08,Active,False
T02919,C05937,P07576,44697964.92,11585925.44,USD,2024-04-04,Closed,False
T02920,C09967,P04451,42630784.27,6648557.26,NOK,2024-10-06,Active,True
T02921,C08163,P08268,30007649.09,5573607.86,NOK,2022-02-01,Closed,False
T02922,C09389,P07329,20865712.16,24764344.53,NOK,2020-04-16,Default,True
T02923,C07924,P05659,14375900.39,2571990.29,NOK,2022-01-16,Active,False
T02924,C00398,P03154,22509454.57,11964147.97,EUR,2022-05-22,Default,True
T02925,C00083,P08645,29105956.11,11672833.61,NOK,2023-02-06,Default,False
T02926,C08153,P00548,43596866.95,11124163.64,NOK,2021-05-02,Default,False
T02927,C08670,P07374,12740536.21,23441650.6,USD,2022-07-14,Closed,True
T02928,C06725,P06774,22422047.97,2104077.94,USD,2024-09-13,Default,True
T02929,C06662,P01878,46092275.58,13805864.16,USD,2025-08-26,Closed,True
T02930,C04024,P08289,46622802.19,17587731.11,EUR,2023-12-08,Closed,True
T02931,C05265,P03050,10023339.64,13909343.23,USD,2023-12-04,Closed,True
T02932,C07369,P08070,32122943.55,2804419.86,USD,2025-06-09,Active,False
T02933,C07133,P08939,49990572.85,19620293.73,USD,2024-04-16,Default,True
T02934,C03750,P08931,17542170.4,2006188.21,EUR,2023-09-02,Closed,False
T02935,C04670,P00440,42991987.83,21560459.81,USD,2020-01-27,Closed,True
T02936,C00992,P05814,39199837.63,10957532.08,NOK,2020-01-11,Active,False
T02937,C00650,P04294,30814264.89,7977738.59,USD,2024-12-30,Default,False
T02938,C06564,P03189,30864726.61,11962739.14,EUR,2024-04-30,Default,False
T02939,C03244,P02172,27326880.91,17277186.54,USD,2025-01-25,Default,True
T02940,C00234,P09892,7606032.59,22906387.36,NOK,2023-06-27,Closed,True
T02941,C04611,P06759,35390329.69,5325974.17,NOK,2021-03-19,Default,False
T02942,C06863,P00862,15711222.59,22898411.85,USD,2023-04-02,Active,False
T02943,C09447,P06073,5186038.43,11373153.87,EUR,2021-09-13,Closed,False
T02944,C05541,P03156,26019787.95,24846241.8,EUR,2022-04-12,Default,True
T02945,C03734,P08829,2814404.42,15692986.77,NOK,2024-08-19,Active,False
T02946,C02210,P09990,1281691.77,4339286.93,NOK,2024-12-21,Active,True
T02947,C05148,P01344,14116198.96,17548866.21,USD,2023-10-14,Default,False
T02948,C06619,P05935,8688565.88,4314166.93,USD,2023-01-24,Closed,False
T02949,C09888,P07183,9010344.85,19640797.11,EUR,2025-01-17,Default,False
T02950,C09335,P00907,24374559.2,22622809.01,NOK,2020-08-13,Default,False
T02951,C00630,P02468,7668896.59,23339758.46,EUR,2025-08-19,Closed,False
T02952,C07044,P02160,1301823.05,8259889.27,EUR,2025-06-14,Default,True
T02953,C08285,P01759,40166414.82,1494210.67,NOK,2023-02-10,Default,False
T02954,C02003,P09094,11079764.47,3942461.53,USD,2020-03-04,Active,True
T02955,C05633,P03951,17597322.4,10651519.28,NOK,2025-08-18,Default,False
T02956,C06976,P08565,34371703.94,14038922.33,NOK,2025-01-24,Default,False
T02957,C02174,P02570,18124830.82,10792273.36,NOK,2021-08-15,Default,False
T02958,C09200,P05439,17753151.92,8859176.63,USD,2021-10-31,Closed,False
T02959,C04110,P02394,33374919.65,13465509.98,USD,2021-07-26,Active,True
T02960,C04557,P01274,46269341.26,5799544.68,USD,2023-07-25,Closed,True
T02961,C07597,P09663,13524094.05,1675975.99,USD,2023-10-11,Default,True
T02962,C06156,P08793,16317738.83,17441065.44,EUR,2022-02-08,Active,False
T02963,C07075,P01885,36141561.58,22592758.03,NOK,2024-06-02,Active,False
T02964,C00853,P01295,23948042.22,4460674.33,NOK,2020-12-14,Default,True
T02965,C01777,P05112,45151148.9,10716381.72,EUR,2020-08-07,Closed,True
T02966,C00778,P00495,18682861.02,20013568.68,USD,2024-02-21,Active,True
T02967,C00279,P01887,25523643.58,6510810.02,EUR,2024-06-15,Active,True
T02968,C04928,P07500,10727828.54,17045287.44,NOK,2023-06-16,Closed,False
T02969,C00463,P00121,47676229.85,3966534.07,EUR,2022-11-30,Closed,False
T02970,C07370,P02627,6532416.62,4884812.25,USD,2020-07-02,Closed,True
T02971,C07191,P02554,41222532.6,3609546.57,USD,2025-05-17,Default,True
T02972,C04722,P05437,10596696.37,17817379.79,NOK,2023-01-29,Default,False
T02973,C05354,P06667,24219507.22,15231000.28,USD,2023-12-20,Active,True
T02974,C06386,P04541,14331823.38,20359516.6,USD,2020-10-31,Closed,True
T02975,C08550,P09361,46530409.86,17373724.79,EUR,2025-03-31,Closed,True
T02976,C01430,P09602,42609756.83,11804209.67,EUR,2020-02-05,Default,True
T02977,C08939,P00290,5048766.21,18229356.94,USD,2021-04-26,Default,False
T02978,C05022,P00281,36069294.9,5757159.63,NOK,2020-06-15,Default,True
T02979,C01183,P05680,6525923.93,22838510.44,EUR,2021-04-22,Active,True
T02980,C02266,P09184,33658550.64,19071510.01,USD,2025-09-21,Default,False
T02981,C01460,P09282,25990570.43,3219568.86,USD,2022-07-02,Active,True
T02982,C00277,P02369,23708177.67,22461057.32,NOK,2025-02-17,Default,False
T02983,C05191,P04849,12015389.27,12172683.67,USD,2021-12-25,Default,False
T02984,C00972,P00027,19016733.05,4427532.73,USD,2022-05-27,Active,False
T02985,C02349,P03722,49486318.49,5552216.79,EUR,2024-09-21,Active,True
T02986,C07879,P05887,12592854.03,9816952.94,EUR,2023-07-23,Active,False
T02987,C04802,P02274,20420562.68,20135613.58,EUR,2022-03-29,Active,False
T02988,C05916,P02818,29100158.36,16821158.93,USD,2025-05-12,Active,True
T02989,C05152,P04989,47072948.13,8064157.74,EUR,2024-05-15,Active,False
T02990,C02352,P06559,16917345.62,8704416.73,EUR,2022-07-09,Active,False
T02991,C04245,P04948,32215852.41,18288624.86,EUR,2023-04-20,Closed,False
T02992,C06765,P01569,28726657.42,1497014.95,USD,2021-07-02,Closed,True
T02993,C01722,P03432,40339048.83,16294574.95,USD,2023-09-02,Closed,False
T02994,C01093,P09567,26970898.5,20834756.28,USD,2022-04-19,Default,True
T02995,C07287,P01466,4737295.79,17008394.18,EUR,2023-09-04,Active,False
T02996,C09138,P02247,14915774.7,8457917.76,EUR,2023-01-05,Closed,False
T02997,C06361,P00180,46993377.02,16640725.41,EUR,2022-05-31,Default,False
T02998,C07594,P05235,36708068.6,11747681.46,NOK,2024-08-21,Active,False
T02999,C05627,P04256,43287229.75,1107839.6,NOK,2021-05-24,Active,False
T03000,C02516,P09288,13608314.31,19102570.9,EUR,2020-05-04,Active,True
T03001,C03097,P06987,8223319.58,11056714.91,USD,2022-03-30,Closed,True
T03002,C04408,P03645,34074158.25,9178236.1,USD,2020-05-28,Active,False
T03003,C06437,P09188,20932980.2,12418223.17,EUR,2023-11-25,Active,False
T03004,C05963,P09636,9239271.08,15812325.48,USD,2020-07-12,Closed,False
T03005,C03637,P07022,24569850.18,651674.9,NOK,2024-11-10,Active,True
T03006,C09417,P03569,39934608.52,22304510.85,USD,2023-08-15,Closed,True
T03007,C05380,P00145,39494986.07,508291.35,EUR,2021-10-27,Default,True
T03008,C06467,P07675,23458754.76,8548101.47,EUR,2022-04-11,Default,True
T03009,C05477,P03629,42285032.56,6699623.61,EUR,2023-11-12,Closed,True
T03010,C03053,P03580,7009441.13,20027259.89,USD,2022-01-07,Closed,False
T03011,C07478,P03426,1811348.4,6824547.12,NOK,2022-09-24,Default,True
T03012,C02564,P09865,15980978.87,15559374.01,NOK,2022-07-11,Closed,True
T03013,C05495,P05729,6913647.44,8294640.0,USD,2021-03-30,Active,False
T03014,C07553,P02083,37466024.41,9729053.03,USD,2023-08-04,Default,True
T03015,C03912,P01431,17622034.3,9131270.66,USD,2024-05-29,Closed,True
T03016,C07351,P08186,45625596.72,24977695.71,EUR,2024-01-25,Default,True
T03017,C07808,P00417,18403949.01,4007438.24,NOK,2025-01-23,Active,False
T03018,C07886,P07021,6703285.65,10298697.82,NOK,2023-02-10,Default,False
T03019,C09028,P02036,7259762.51,8876015.09,NOK,2020-08-18,Active,False
T03020,C03638,P07426,42976608.96,1541757.81,NOK,2024-11-08,Active,False
T03021,C01303,P04384,13447008.09,4010702.82,USD,2020-11-14,Closed,False
T03022,C09625,P09732,11570040.35,11788887.82,USD,2023-05-06,Closed,False
T03023,C02602,P01326,23128049.16,7853231.45,NOK,2022-04-24,Closed,True
T03024,C06840,P02023,42856094.07,23917241.13,NOK,2021-10-04,Closed,True
T03025,C07594,P01071,2601870.43,16153071.3,USD,2025-08-16,Active,False
T03026,C00623,P03675,12521676.15,24769933.23,USD,2021-01-29,Active,False
T03027,C06197,P01547,42751391.48,16491095.07,USD,2022-01-04,Default,False
T03028,C09290,P09312,36961799.24,5940954.86,USD,2021-03-19,Closed,True
T03029,C07711,P07040,39170954.19,9134560.51,NOK,2023-10-09,Closed,True
T03030,C08672,P00551,30580631.99,21824275.48,NOK,2024-09-09,Default,False
T03031,C04523,P03957,14949533.81,954984.06,NOK,2021-08-01,Default,True
T03032,C01161,P06922,41299154.91,9695230.89,NOK,2024-12-21,Active,True
T03033,C07949,P03727,47466596.49,10671606.04,USD,2024-03-15,Default,False
T03034,C08328,P02028,19340040.66,8522889.48,NOK,2022-11-11,Default,False
T03035,C09532,P02604,24160864.84,13180107.72,USD,2022-01-08,Default,False
T03036,C01549,P08462,11538909.19,14578761.01,EUR,2025-04-04,Default,True
T03037,C06089,P08279,14586676.83,3078302.79,EUR,2021-01-10,Closed,False
T03038,C07446,P01983,44795722.73,16727952.35,NOK,2023-11-05,Default,True
T03039,C02898,P04225,18937136.26,18142017.58,NOK,2022-02-09,Closed,True
T03040,C02236,P07751,9631112.85,20312179.05,USD,2025-08-02,Active,False
T03041,C02372,P04430,20302133.31,12172161.5,USD,2020-08-18,Closed,False
T03042,C08897,P05540,43308339.52,14878647.84,NOK,2025-10-18,Closed,False
T03043,C04341,P00440,42835082.18,5795015.32,USD,2020-10-12,Active,False
T03044,C05687,P03026,43856977.47,1333559.5,EUR,2021-01-29,Default,False
T03045,C01828,P04420,24452636.19,4285254.27,EUR,2021-06-19,Closed,False
T03046,C07001,P01007,30400043.7,13324959.09,NOK,2025-06-30,Closed,False
T03047,C05600,P00602,34615075.38,23022750.66,NOK,2025-07-24,Closed,False
T03048,C07150,P00588,2306288.94,22441075.27,USD,2024-10-10,Closed,False
T03049,C08858,P04465,39018420.99,23190586.05,NOK,2024-04-23,Active,True
T03050,C01656,P01563,1379079.68,16339728.97,EUR,2020-05-13,Closed,False
T03051,C05948,P00125,38953507.54,23538888.37,USD,2025-01-13,Default,True
T03052,C01619,P03977,32324428.9,4402514.46,EUR,2021-05-21,Active,False
T03053,C02974,P06849,38154328.76,17909313.19,NOK,2020-05-11,Default,True
T03054,C00044,P02918,14261096.48,6895331.72,EUR,2021-03-19,Default,False
T03055,C00009,P01872,9178101.77,22392498.64,EUR,2022-02-21,Closed,False
T03056,C06013,P03062,12051192.49,18895283.64,NOK,2022-01-22,Default,False
T03057,C00757,P06309,19638355.19,1971700.36,EUR,2020-04-17,Default,True
T03058,C08947,P00068,18987919.17,5910297.89,EUR,2024-01-15,Default,True
T03059,C07857,P05678,24957396.97,6981796.02,EUR,2022-07-29,Closed,False
T03060,C05922,P05423,46319365.91,12888452.91,EUR,2021-10-19,Closed,True
T03061,C00555,P08471,32077941.84,21160650.99,USD,2020-12-11,Active,True
T03062,C06460,P03590,16536857.85,16928663.1,USD,2025-04-28,Default,True
T03063,C04367,P08319,3612408.51,5946194.7,USD,2025-10-30,Closed,False
T03064,C08856,P05899,31884408.99,12318455.33,USD,2021-06-18,Active,False
T03065,C07038,P01773,32593906.07,21827578.01,NOK,2021-12-31,Default,False
T03066,C03002,P00558,18964331.24,10936986.46,USD,2023-03-20,Active,False
T03067,C02661,P09647,32360834.86,5347149.81,EUR,2022-06-30,Closed,False
T03068,C02851,P01645,9356780.38,580326.22,NOK,2023-06-03,Default,False
T03069,C07959,P03542,5628633.08,22021034.59,USD,2022-06-16,Default,True
T03070,C04318,P02954,3430008.9,12283325.94,NOK,2024-05-09,Active,True
T03071,C06357,P09165,2581173.16,9516797.46,NOK,2025-03-03,Closed,False
T03072,C06396,P04171,31277651.41,12256538.22,USD,2020-05-21,Active,True
T03073,C01001,P02040,42163402.06,7089253.48,EUR,2023-12-25,Default,False
T03074,C08419,P09176,13130312.8,6193534.2,USD,2022-04-12,Default,True
T03075,C08112,P02531,35974784.58,24818751.85,NOK,2023-07-17,Default,False
T03076,C01744,P04900,18088863.14,22319883.72,USD,2025-10-09,Closed,False
T03077,C01186,P08768,41147171.81,19480466.18,NOK,2022-02-28,Active,True
T03078,C09173,P00767,23994711.21,23861289.38,USD,2021-08-11,Active,True
T03079,C07001,P04030,40666010.73,8969515.86,USD,2020-10-15,Default,False
T03080,C04389,P05809,23881384.37,7502242.77,USD,2023-03-03,Default,True
T03081,C01409,P06744,34836112.99,16220617.33,NOK,2021-04-29,Default,False
T03082,C05769,P03465,24725202.95,3619237.75,EUR,2020-05-06,Default,True
T03083,C05426,P08981,35223657.01,7547949.67,EUR,2022-08-17,Closed,False
T03084,C03367,P09555,20889825.53,11454414.35,EUR,2020-01-31,Closed,False
T03085,C00461,P02835,44880167.87,7779674.93,EUR,2025-07-15,Closed,True
T03086,C06764,P07561,49555453.81,19571437.04,USD,2022-12-29,Closed,False
T03087,C08770,P03991,37482480.2,20126774.45,NOK,2020-05-07,Closed,False
T03088,C06571,P00807,35106886.29,20533886.48,EUR,2021-06-18,Closed,True
T03089,C09749,P00310,12483510.4,11307827.71,USD,2023-11-30,Default,False
T03090,C05635,P07862,43223677.65,16351380.28,USD,2023-04-13,Default,False
T03091,C03734,P02335,49449974.25,9920529.85,NOK,2023-10-10,Closed,True
T03092,C00934,P05623,40698307.77,10645892.5,USD,2020-12-19,Default,False
T03093,C09298,P05045,33286478.84,18485544.26,USD,2022-06-05,Closed,True
T03094,C03630,P00235,5775734.52,16243641.16,EUR,2024-05-16,Active,False
T03095,C04341,P06766,47103156.42,1097122.36,EUR,2020-01-27,Default,True
T03096,C05485,P03018,35994419.21,10664226.63,EUR,2023-02-27,Default,True
T03097,C00886,P01248,49212822.49,10465903.96,NOK,2022-12-22,Closed,True
T03098,C05769,P09626,30203944.51,3994796.7,NOK,2025-04-06,Default,False
T03099,C03636,P07101,25199616.79,23477528.54,USD,2024-06-06,Active,True
T03100,C08276,P09261,3176507.94,3313004.0,NOK,2022-05-03,Default,True
T03101,C05821,P05610,32902739.85,3043769.21,NOK,2023-10-01,Default,True
T03102,C02383,P03322,25764614.7,18073920.18,USD,2020-07-25,Default,True
T03103,C05093,P06890,27086429.81,4607122.08,NOK,2022-12-27,Closed,False
T03104,C07112,P08722,41040178.88,18711176.39,USD,2021-01-18,Active,True
T03105,C00142,P03392,8317226.0,20279962.18,NOK,2025-01-11,Active,True
T03106,C00728,P00109,19192529.1,17235643.54,NOK,2020-08-12,Default,False
T03107,C09182,P07927,37713310.52,11349773.68,NOK,2021-08-09,Default,False
T03108,C08822,P04011,41148857.44,19996132.93,USD,2024-01-14,Closed,True
T03109,C01058,P03264,37991769.98,16240671.68,EUR,2023-07-23,Active,True
T03110,C03976,P00917,32868960.41,14118798.94,NOK,2021-01-16,Active,False
T03111,C09707,P01374,49704233.26,9245042.08,EUR,2021-06-05,Closed,True
T03112,C00334,P05890,4616264.16,17267138.41,EUR,2022-01-14,Default,False
T03113,C04552,P08001,20008383.57,20161129.6,EUR,2020-10-19,Closed,True
T03114,C01832,P08517,49722457.15,10845429.43,USD,2025-08-13,Closed,False
T03115,C03195,P01964,29238666.81,3925610.36,EUR,2021-11-28,Active,True
T03116,C04731,P05089,29648016.27,8466908.29,NOK,2020-07-18,Default,False
T03117,C07426,P09608,20494963.47,4182479.15,USD,2023-10-24,Closed,False
T03118,C00169,P00857,35523758.47,7260878.36,USD,2020-02-06,Default,False
T03119,C07474,P05325,39973503.54,7107614.87,NOK,2023-07-06,Default,True
T03120,C03358,P04011,40672857.22,22282341.64,NOK,2020-09-30,Default,True
T03121,C08601,P00955,22517475.0,1830835.93,USD,2024-01-13,Default,False
T03122,C07093,P00470,29462699.33,4285362.27,USD,2024-08-05,Active,True
T03123,C04178,P06762,22371165.11,18166150.22,NOK,2021-06-20,Active,True
T03124,C03896,P08637,20105913.49,10053368.71,NOK,2020-03-24,Default,True
T03125,C04313,P02601,18857813.76,20381458.99,EUR,2023-06-03,Closed,False
T03126,C03789,P02200,36485392.19,12470500.66,EUR,2020-06-21,Active,False
T03127,C08243,P06694,13010775.98,5522058.34,EUR,2023-01-13,Default,True
T03128,C01925,P09825,21512131.95,5955005.14,NOK,2022-01-31,Closed,True
T03129,C01320,P04661,34408973.28,23234816.54,USD,2020-07-10,Closed,True
T03130,C04915,P07885,21170526.58,18579030.26,USD,2023-11-07,Closed,True
T03131,C06500,P07485,14633291.07,8106592.59,EUR,2022-03-01,Default,True
T03132,C00922,P02272,11777468.45,11832101.44,NOK,2024-07-04,Default,True
T03133,C07412,P04812,26086178.14,11938575.65,USD,2021-11-23,Default,True
T03134,C01576,P08075,18943907.34,12716196.08,EUR,2023-09-26,Closed,False
T03135,C07355,P07596,44392955.97,6679831.17,EUR,2022-02-18,Closed,True
T03136,C08849,P06811,16577019.22,5574639.63,NOK,2020-08-28,Default,True
T03137,C00476,P00798,40592207.35,1676298.91,EUR,2022-03-22,Default,False
T03138,C09713,P00617,19268492.13,1444491.98,EUR,2024-11-28,Closed,False
T03139,C03102,P02598,32460248.32,2040288.11,EUR,2021-10-24,Default,False
T03140,C01295,P08413,33867335.57,16253129.69,EUR,2020-05-07,Default,False
T03141,C00733,P04077,11774236.41,20327041.94,NOK,2025-05-12,Default,False
T03142,C03392,P02173,32896981.35,5763551.77,USD,2022-12-06,Closed,True
T03143,C09875,P08131,16672574.0,10900423.64,EUR,2025-07-06,Closed,True
T03144,C05123,P07098,44216960.85,5313361.78,NOK,2025-02-18,Default,True
T03145,C06013,P05333,26118504.66,14509266.38,NOK,2022-03-20,Default,True
T03146,C03264,P03791,23329293.04,22205573.07,NOK,2024-01-23,Active,True
T03147,C02026,P01851,14925951.5,19724530.94,USD,2024-05-31,Active,True
T03148,C00521,P00338,25750024.4,1959600.95,USD,2022-06-29,Closed,False
T03149,C01785,P07954,10541301.01,19171217.11,NOK,2021-07-03,Default,True
T03150,C06948,P00132,32522396.86,16066898.25,USD,2020-06-23,Default,False
T03151,C02795,P07347,33782637.05,22703626.23,USD,2020-08-12,Default,True
T03152,C00818,P07808,18915882.55,11000030.91,NOK,2021-11-30,Closed,False
T03153,C01739,P09777,28894692.07,18999719.34,NOK,2024-07-28,Active,False
T03154,C01723,P01008,32376254.62,1028151.27,EUR,2021-02-13,Active,True
T03155,C04727,P08992,23944012.04,5487380.24,USD,2020-02-03,Closed,False
T03156,C05359,P02863,26516417.79,9748718.97,NOK,2024-05-20,Active,True
T03157,C04713,P08330,22432496.2,11370886.77,USD,2021-07-27,Default,False
T03158,C02817,P01347,48984378.81,16318473.88,USD,2021-07-07,Default,True
T03159,C06923,P02650,13567021.21,1003324.0,NOK,2023-07-19,Closed,True
T03160,C05215,P03688,36323637.4,2171747.47,USD,2024-05-30,Default,True
T03161,C00440,P06771,17927075.8,7081628.84,NOK,2020-05-15,Default,True
T03162,C06641,P02970,46601635.14,24905248.49,NOK,2025-05-24,Default,True
T03163,C08356,P04341,3801764.97,9399562.88,EUR,2024-02-06,Closed,False
T03164,C00193,P03189,39716274.29,21386874.52,EUR,2022-09-28,Default,False
T03165,C05079,P04306,3207991.64,17075560.53,USD,2021-11-01,Active,True
T03166,C00981,P05762,10059302.0,10353808.19,EUR,2025-10-29,Active,False
T03167,C02977,P08245,24633112.84,12599484.33,EUR,2025-08-22,Closed,True
T03168,C02226,P07607,21754600.16,22388664.58,EUR,2021-10-08,Active,True
T03169,C08267,P04184,5408048.85,9329700.98,EUR,2025-07-26,Active,True
T03170,C09795,P09117,30984446.67,7756505.36,USD,2021-04-12,Active,False
T03171,C00945,P05951,34440757.26,7047833.23,EUR,2023-02-20,Default,True
T03172,C01076,P05295,19813473.35,17650490.51,USD,2020-05-16,Closed,True
T03173,C01173,P06672,24993342.34,7853644.97,EUR,2022-12-01,Closed,False
T03174,C08727,P06030,48937160.83,12300117.41,EUR,2025-09-18,Closed,True
T03175,C00547,P08469,43194804.45,10991523.13,USD,2024-04-12,Active,False
T03176,C06990,P06036,11194265.44,10392547.77,NOK,2024-04-16,Default,True
T03177,C09445,P03980,44905666.91,18864275.61,EUR,2024-08-24,Closed,False
T03178,C07853,P05255,32536047.73,23234313.23,EUR,2020-04-04,Default,True
T03179,C05265,P09211,17722639.27,9840499.81,EUR,2024-10-26,Closed,False
T03180,C06110,P03647,47231801.19,21215536.31,NOK,2022-01-08,Default,False
T03181,C04341,P00873,10420901.31,24453620.57,USD,2024-06-04,Closed,True
T03182,C03382,P06341,8391855.98,2967478.92,NOK,2022-11-24,Closed,True
T03183,C09040,P06519,16606220.46,10375638.95,USD,2020-02-25,Closed,True
T03184,C01268,P08030,48473892.91,11466401.12,EUR,2024-08-24,Default,False
T03185,C02035,P01777,13186498.91,9750467.37,NOK,2021-06-03,Active,True
T03186,C06921,P06479,43216772.32,14668723.07,NOK,2020-07-26,Closed,True
T03187,C02559,P01412,36527716.46,3497869.41,USD,2024-01-13,Closed,False
T03188,C05457,P01254,18383836.37,18552240.4,EUR,2020-01-27,Closed,False
T03189,C08158,P08341,46503219.88,12678590.85,EUR,2022-08-25,Default,False
T03190,C03945,P05625,10196931.88,19002935.0,NOK,2020-10-23,Default,True
T03191,C04786,P03591,31633308.99,21774026.19,NOK,2021-10-30,Active,True
T03192,C07643,P04640,32762065.52,21777891.69,EUR,2021-04-09,Default,True
T03193,C08456,P05192,9165034.97,24267043.62,NOK,2025-09-06,Closed,True
T03194,C00566,P09177,26494884.75,912169.88,USD,2022-01-01,Closed,False
T03195,C00474,P05817,27346168.37,6625386.16,EUR,2023-10-24,Active,True
T03196,C07847,P08621,25996462.0,8710306.9,NOK,2020-04-30,Active,True
T03197,C04630,P00146,6720560.02,20296017.3,EUR,2021-02-07,Default,True
T03198,C07241,P00097,14730074.29,7406448.09,USD,2023-11-07,Closed,False
T03199,C07223,P05358,36155893.21,21454017.05,USD,2022-07-08,Closed,False
T03200,C08534,P09618,42221058.87,3501657.72,NOK,2020-05-15,Default,True
T03201,C07021,P00337,5472290.97,14689196.77,USD,2021-05-22,Active,True
T03202,C09949,P07377,36603926.77,13204262.21,EUR,2021-03-20,Closed,True
T03203,C03509,P06217,15789055.68,24726484.57,EUR,2021-05-15,Default,True
T03204,C09859,P02404,12116358.8,17667027.65,EUR,2025-09-14,Default,True
T03205,C07993,P03310,29106601.7,24783751.71,USD,2023-11-10,Active,True
T03206,C07677,P07815,40755803.2,9472827.84,USD,2025-08-22,Default,False
T03207,C07614,P07010,11236735.21,1836300.42,NOK,2020-01-09,Default,True
T03208,C03910,P00451,11860630.75,10128983.85,NOK,2021-10-14,Closed,False
T03209,C02714,P07630,18850086.8,20334668.97,NOK,2024-03-31,Default,True
T03210,C01937,P03805,32155026.64,20044883.04,EUR,2025-06-21,Default,False
T03211,C05794,P01761,27072225.19,10099578.68,EUR,2022-04-03,Closed,False
T03212,C05630,P02777,36764192.18,22501044.91,NOK,2020-12-25,Closed,False
T03213,C05108,P00593,3652794.64,7019422.61,EUR,2022-12-13,Active,True
T03214,C00658,P03152,27583212.86,11534963.49,NOK,2024-08-04,Closed,True
T03215,C00235,P07181,14408172.74,17974281.9,EUR,2023-08-20,Closed,False
T03216,C03662,P02865,41550391.81,3951953.88,EUR,2025-10-25,Default,True
T03217,C03879,P09753,5773366.89,10099352.28,EUR,2022-03-16,Closed,False
T03218,C06610,P03666,36317279.76,1137595.14,USD,2022-03-15,Default,True
T03219,C02598,P09647,2439774.73,3431174.44,NOK,2023-05-05,Default,True
T03220,C00323,P01589,49541494.67,24877264.91,USD,2020-03-22,Closed,False
T03221,C04889,P04327,42416918.8,24565484.69,EUR,2021-10-08,Active,True
T03222,C00661,P08377,1313719.91,11209476.71,EUR,2022-12-11,Closed,False
T03223,C08429,P06842,31047830.55,12737404.38,EUR,2021-04-04,Active,False
T03224,C01340,P06840,27103003.99,15612072.28,USD,2020-12-12,Default,False
T03225,C09353,P06076,39112590.85,21071368.53,NOK,2023-12-03,Default,False
T03226,C04427,P03681,23960490.33,18322156.49,USD,2021-02-24,Closed,True
T03227,C06031,P09665,34295352.73,22593685.61,USD,2021-04-10,Default,True
T03228,C04811,P01219,5664418.75,16115436.8,NOK,2021-05-19,Active,False
T03229,C07424,P02986,46892846.32,10101532.86,EUR,2025-10-27,Active,True
T03230,C09949,P01484,11665113.64,1305008.68,NOK,2020-10-17,Active,True
T03231,C00728,P06004,42469061.46,19852564.44,EUR,2023-10-15,Default,False
T03232,C05070,P06099,7969547.06,11090579.43,NOK,2020-04-01,Active,True
T03233,C07447,P09035,43654569.81,13990980.35,USD,2025-08-29,Closed,False
T03234,C08367,P01481,14215695.53,6605408.02,EUR,2024-09-10,Active,False
T03235,C02570,P03738,44174083.58,18409581.73,EUR,2021-08-25,Closed,True
T03236,C02826,P08336,5905425.95,12648861.36,USD,2024-01-14,Default,False
T03237,C03165,P01618,42406994.48,24900875.22,USD,2020-02-22,Active,True
T03238,C02045,P06291,16673744.25,8783892.51,NOK,2022-02-20,Closed,False
T03239,C05306,P03249,44795888.81,16014503.17,USD,2020-02-15,Default,True
T03240,C06012,P07617,16985144.67,18550809.82,EUR,2022-02-19,Closed,False
T03241,C01512,P00520,49006164.98,8596521.0,EUR,2025-06-23,Default,False
T03242,C08021,P02828,25607889.09,22251008.21,EUR,2023-02-14,Active,True
T03243,C00903,P09624,18285214.08,15739758.24,USD,2023-10-24,Default,True
T03244,C07518,P09661,17509003.89,19027656.09,USD,2022-04-02,Active,True
T03245,C03101,P08048,27585701.2,24253603.19,EUR,2024-03-29,Default,True
T03246,C00963,P07626,42269806.71,7401417.36,NOK,2020-11-21,Closed,True
T03247,C05660,P03304,24876063.13,19173549.49,USD,2020-03-14,Default,True
T03248,C06772,P07393,25701318.28,12708237.53,USD,2024-07-25,Default,True
T03249,C05337,P09381,9214883.73,1376246.27,NOK,2023-09-24,Default,True
T03250,C06646,P00482,24194547.36,15943352.18,USD,2023-03-02,Closed,False
T03251,C07584,P03334,48567838.55,11675007.02,USD,2021-08-20,Closed,False
T03252,C04357,P04835,11486283.82,15107225.8,USD,2020-10-06,Active,True
T03253,C05433,P03593,45641846.93,5000934.66,USD,2024-07-03,Closed,True
T03254,C06705,P01784,4078113.23,5115333.78,EUR,2025-02-01,Default,True
T03255,C06914,P02165,12360671.1,24776757.52,NOK,2024-03-10,Closed,True
T03256,C06866,P08658,21523372.72,15496758.64,EUR,2022-06-29,Active,False
T03257,C07415,P08562,33602565.51,2256569.3,USD,2024-10-03,Default,True
T03258,C07927,P07521,38126891.49,3363297.85,EUR,2021-01-30,Default,False
T03259,C06973,P03552,47510354.36,22269982.35,USD,2025-07-20,Default,True
T03260,C04608,P05799,36212524.87,4354697.37,USD,2024-03-04,Active,True
T03261,C09090,P04796,5988420.59,21632236.26,EUR,2023-09-11,Closed,False
T03262,C01858,P01848,35509442.34,18418120.06,NOK,2023-05-19,Default,True
T03263,C03990,P05308,40214050.65,12441913.95,NOK,2021-08-15,Default,False
T03264,C05146,P04135,40949123.54,21874625.7,EUR,2022-09-14,Active,False
T03265,C05813,P06841,34066812.76,8014361.59,USD,2025-10-19,Default,True
T03266,C09016,P03641,8328880.33,6283019.77,NOK,2024-05-02,Default,False
T03267,C06027,P07878,5968961.86,786949.04,NOK,2022-11-01,Default,True
T03268,C09089,P01355,35858144.45,21215162.68,EUR,2023-08-05,Default,False
T03269,C02874,P09819,1394121.04,20065934.1,EUR,2024-07-05,Default,True
T03270,C05744,P06349,45413303.39,16976802.4,USD,2025-03-10,Closed,False
T03271,C07318,P08438,8151402.28,10507158.54,EUR,2025-10-14,Closed,True
T03272,C09335,P09598,25477964.41,15577652.17,NOK,2020-03-23,Default,True
T03273,C07866,P05384,46095727.39,16134602.43,EUR,2024-07-20,Default,False
T03274,C05202,P03272,38197421.39,20775101.62,USD,2023-12-11,Default,False
T03275,C05013,P06961,26374537.14,15657931.63,NOK,2024-01-25,Default,True
T03276,C00581,P06109,38315432.04,8462351.66,NOK,2024-05-14,Active,True
T03277,C09641,P01502,28931317.29,12219008.37,USD,2024-09-14,Default,True
T03278,C08633,P03147,44573904.72,21284147.25,EUR,2024-03-07,Active,True
T03279,C05549,P09724,41508609.19,4946683.44,USD,2024-05-18,Active,False
T03280,C02485,P01984,2217971.62,14641320.95,USD,2023-10-13,Closed,True
T03281,C02830,P01587,20759313.57,1764479.16,EUR,2020-12-10,Closed,True
T03282,C04312,P05582,31983473.42,9841028.95,EUR,2023-09-12,Default,False
T03283,C03518,P01662,15188332.39,13858821.78,EUR,2021-01-13,Closed,True
T03284,C00660,P02536,11658125.25,20068932.23,EUR,2020-06-08,Closed,True
T03285,C04840,P09624,26403955.51,15521251.42,USD,2023-04-17,Default,False
T03286,C04152,P01010,6416589.62,2871736.43,EUR,2021-07-27,Closed,True
T03287,C03423,P02490,19358899.79,11417584.33,USD,2022-03-11,Closed,False
T03288,C02429,P06108,16368885.93,13032942.36,USD,2025-01-30,Default,True
T03289,C01722,P00570,25163134.25,24590677.55,USD,2025-10-24,Default,False
T03290,C02976,P05183,17781748.14,11941413.58,EUR,2025-09-06,Closed,False
T03291,C03507,P03661,17489129.24,18344218.25,EUR,2021-12-08,Active,False
T03292,C03016,P03692,30739146.56,13693105.1,NOK,2025-10-17,Closed,True
T03293,C05525,P02612,46115777.45,17741785.05,EUR,2025-05-04,Active,False
T03294,C02594,P09759,36097206.41,12864044.37,EUR,2024-08-30,Active,False
T03295,C01503,P03579,5250234.2,9124302.02,NOK,2024-03-07,Closed,True
T03296,C08601,P04756,13166876.86,13191612.06,USD,2022-02-03,Closed,False
T03297,C09683,P02225,41633225.54,18565477.96,USD,2022-11-12,Closed,False
T03298,C03643,P09771,5614825.7,2343345.69,NOK,2020-10-07,Closed,True
T03299,C02930,P06136,46150119.49,3971857.95,NOK,2022-10-31,Closed,True
T03300,C00541,P05532,14108638.66,5845726.52,NOK,2023-06-30,Default,False
T03301,C07185,P08208,3323855.15,660591.99,USD,2023-02-20,Default,True
T03302,C01949,P09129,6451585.32,16267759.31,NOK,2024-05-07,Default,True
T03303,C03833,P06791,3012649.7,8608923.45,NOK,2022-06-23,Closed,False
T03304,C08642,P05674,41223526.4,11417482.54,EUR,2023-09-02,Closed,False
T03305,C00660,P06354,22767193.87,12245547.44,EUR,2025-09-11,Closed,False
T03306,C04322,P09826,22279919.2,13129504.5,EUR,2023-09-30,Active,True
T03307,C01363,P08969,31607657.5,13277216.74,EUR,2021-06-30,Default,True
T03308,C00248,P04095,40440424.87,2495590.17,USD,2023-12-17,Closed,False
T03309,C08074,P00944,2615093.61,5813115.61,EUR,2020-10-12,Active,False
T03310,C07614,P02630,31278053.73,6303067.8,USD,2022-10-16,Active,False
T03311,C05514,P06733,14916183.67,18828384.94,EUR,2020-07-28,Closed,True
T03312,C04137,P09388,40983236.95,14239428.44,USD,2020-04-16,Default,False
T03313,C09609,P09824,18063818.24,5414114.23,USD,2024-10-18,Active,True
T03314,C01649,P09310,15365839.88,18433310.07,USD,2020-05-23,Closed,True
T03315,C05794,P00594,1387913.82,8859210.65,USD,2022-10-17,Default,False
T03316,C09060,P02005,26260539.18,14787014.27,USD,2020-11-20,Default,False
T03317,C00871,P07729,29060213.91,20480328.66,NOK,2021-04-29,Default,True
T03318,C06212,P00661,27424624.64,10486812.67,EUR,2020-03-02,Active,True
T03319,C06006,P04688,30878409.71,680135.69,USD,2023-11-26,Closed,True
T03320,C06386,P00985,8121250.57,18986659.17,USD,2022-04-18,Default,False
T03321,C04170,P09193,28103374.7,3011796.76,NOK,2025-03-08,Active,True
T03322,C09261,P07327,48617218.17,768788.6,USD,2023-09-25,Active,False
T03323,C07670,P00269,22201686.81,9936680.02,USD,2025-03-06,Active,True
T03324,C04802,P02775,1329695.97,5216507.54,EUR,2020-03-19,Active,True
T03325,C05527,P02716,25403604.22,17254402.15,EUR,2022-07-09,Default,True
T03326,C01431,P02782,32810516.07,7050344.94,EUR,2024-02-27,Default,False
T03327,C03706,P02442,8521720.22,8474208.64,NOK,2022-06-23,Active,True
T03328,C09134,P07915,37782196.55,1496153.58,EUR,2025-01-06,Active,False
T03329,C08872,P06872,31564076.91,20849996.12,USD,2024-08-22,Default,False
T03330,C09629,P09145,26957644.45,23543484.89,NOK,2020-07-12,Default,False
T03331,C08171,P02355,1860022.59,6527304.35,EUR,2025-02-13,Closed,True
T03332,C05312,P09226,3594473.06,18265506.75,USD,2025-03-28,Default,False
T03333,C09691,P01160,38463521.97,21522668.48,NOK,2021-09-10,Active,False
T03334,C09960,P01891,17479608.89,22395046.71,USD,2021-12-21,Default,False
T03335,C00278,P07517,22422013.66,13417698.95,EUR,2022-04-03,Closed,True
T03336,C01847,P00620,11319970.56,23568691.72,USD,2022-07-31,Closed,False
T03337,C06525,P06527,41840250.82,16731727.45,EUR,2021-07-29,Active,False
T03338,C08006,P03196,5110248.14,20114958.65,USD,2020-05-13,Active,False
T03339,C06699,P07225,22454946.75,19660160.81,NOK,2022-07-09,Closed,False
T03340,C09683,P09477,40233132.1,1733576.7,USD,2020-05-17,Active,False
T03341,C08116,P07227,4928364.06,19959215.22,USD,2022-03-03,Active,False
T03342,C07625,P09067,44336494.65,16134673.53,USD,2024-01-07,Default,False
T03343,C02451,P03987,27733801.0,15715825.6,NOK,2021-05-20,Closed,True
T03344,C04072,P06082,2411385.45,13681167.28,EUR,2021-02-06,Default,False
T03345,C00396,P06908,7832116.04,9935506.96,USD,2020-09-29,Default,True
T03346,C09164,P01927,19738484.2,21576094.7,USD,2025-04-09,Closed,True
T03347,C07698,P09439,37275761.79,11676119.11,EUR,2022-10-06,Active,True
T03348,C08534,P03642,37078382.99,10687762.64,NOK,2023-05-28,Default,True
T03349,C00584,P09432,21129622.89,4107790.77,EUR,2024-01-14,Default,True
T03350,C00810,P08758,41124824.39,3973473.78,NOK,2025-06-16,Default,False
T03351,C09944,P07930,27510307.26,19579072.47,USD,2020-08-22,Active,True
T03352,C03625,P06292,38172164.27,22503938.22,NOK,2023-05-18,Active,False
T03353,C01114,P04838,5629742.97,12705315.63,USD,2021-04-24,Active,False
T03354,C08275,P04761,29597509.63,6321819.69,NOK,2024-03-18,Default,False
T03355,C04530,P07336,36390955.85,8861951.39,EUR,2025-03-19,Active,True
T03356,C01883,P05407,18686303.32,5545662.08,EUR,2021-08-07,Default,False
T03357,C06632,P01595,48560193.05,22324053.41,NOK,2023-01-07,Default,False
T03358,C08017,P08350,40815560.76,16059566.48,USD,2020-09-12,Active,True
T03359,C06874,P05613,28511470.12,16067766.99,USD,2020-12-17,Default,True
T03360,C00124,P00418,40574397.93,21560492.8,NOK,2024-07-01,Default,True
T03361,C00642,P01843,28819277.42,1629193.09,NOK,2024-04-17,Default,False
T03362,C01936,P06461,38808244.57,3322346.05,EUR,2025-06-25,Closed,False
T03363,C02728,P09205,23651730.16,3872385.09,USD,2021-02-24,Active,True
T03364,C00482,P09304,14803394.43,8867246.88,NOK,2025-02-14,Closed,True
T03365,C04843,P03525,30913070.26,14694683.36,USD,2023-11-18,Active,True
T03366,C07005,P03223,16096977.58,515051.88,USD,2023-12-11,Active,True
T03367,C05105,P07397,1528347.86,10024833.99,EUR,2022-07-06,Closed,True
T03368,C01785,P05983,30888452.39,24857873.96,NOK,2022-03-04,Active,True
T03369,C05466,P02229,16858358.24,6921429.1,NOK,2022-01-28,Closed,True
T03370,C03680,P02075,20373466.62,11376430.26,USD,2025-06-14,Closed,False
T03371,C05540,P05004,34850754.49,16478198.46,USD,2025-02-02,Default,False
T03372,C01045,P07883,19448238.74,18298843.7,EUR,2020-01-09,Closed,False
T03373,C05072,P02347,34559192.88,7033744.43,USD,2021-07-26,Closed,True
T03374,C07224,P01100,3475412.37,11944946.9,EUR,2022-11-14,Default,True
T03375,C02677,P07723,32673211.12,12668776.37,USD,2022-01-11,Closed,False
T03376,C00476,P03570,26599285.99,13806317.33,EUR,2023-08-19,Default,True
T03377,C00778,P00341,31073862.69,11737570.0,EUR,2022-01-18,Closed,True
T03378,C06755,P05868,2479835.56,20310532.12,USD,2022-06-08,Active,False
T03379,C04949,P01803,40065187.04,9848790.91,EUR,2021-06-22,Active,True
T03380,C00255,P03911,28805051.34,24082775.7,EUR,2023-08-26,Default,False
T03381,C00711,P04878,3890601.53,9274651.76,NOK,2023-10-19,Default,True
T03382,C03896,P00125,33790477.17,8028606.27,NOK,2020-07-21,Default,False
T03383,C02253,P08312,38832535.47,20352995.69,USD,2023-11-06,Closed,False
T03384,C03731,P07423,3204370.22,7605552.15,USD,2024-08-22,Closed,False
T03385,C00039,P08962,48530989.24,11410442.88,USD,2025-01-18,Active,False
T03386,C03512,P01244,7111588.47,11439611.27,USD,2023-04-24,Default,True
T03387,C09655,P00980,30304788.14,6995705.42,EUR,2022-05-29,Active,False
T03388,C01808,P09878,34392438.83,11027134.17,USD,2021-12-22,Default,False
T03389,C00655,P03585,32237203.73,8732969.72,NOK,2020-08-26,Default,False
T03390,C07427,P05344,41786408.06,9271235.3,NOK,2020-11-08,Closed,True
T03391,C04651,P00058,13095172.56,9347555.04,USD,2023-09-27,Default,True
T03392,C03462,P07229,32856448.42,20456243.06,NOK,2022-03-01,Closed,True
T03393,C02170,P01761,21701914.56,22735903.25,NOK,2020-07-16,Default,True
T03394,C02755,P03393,46289331.47,7579713.77,USD,2025-04-21,Active,True
T03395,C08985,P04466,17253276.7,17522866.68,USD,2021-07-02,Active,False
T03396,C05421,P01346,27134989.16,22487039.14,USD,2024-06-07,Active,False
T03397,C00577,P01727,31396984.46,23765401.48,USD,2023-04-01,Default,True
T03398,C04375,P09562,8092630.81,5982850.48,USD,2025-01-09,Closed,False
T03399,C09098,P02470,25121667.92,12573352.47,NOK,2024-12-03,Default,False
T03400,C01020,P08740,36885124.08,19209214.61,NOK,2023-04-03,Active,False
T03401,C02843,P06096,12230839.25,20936568.03,NOK,2024-05-23,Closed,True
T03402,C08277,P09353,21791673.25,8263516.05,USD,2024-04-28,Closed,True
T03403,C05954,P04289,12836267.31,3104926.41,NOK,2021-09-09,Closed,True
T03404,C09972,P09435,45939452.57,7976851.38,USD,2021-11-02,Closed,False
T03405,C04852,P09949,1176437.01,21087505.83,NOK,2022-02-27,Default,True
T03406,C02443,P09350,12055017.34,3503818.24,EUR,2024-12-25,Active,True
T03407,C07111,P01927,4162486.99,8074032.87,USD,2021-01-15,Closed,False
T03408,C00303,P05889,13535392.18,16339053.91,NOK,2021-11-28,Default,False
T03409,C03370,P04019,4785316.07,10755411.71,USD,2025-05-24,Default,True
T03410,C02436,P08974,42107279.39,1036622.45,EUR,2023-09-23,Default,False
T03411,C03609,P05366,41984372.6,10149178.56,NOK,2024-07-20,Closed,False
T03412,C06860,P04628,4146552.48,6385318.07,USD,2021-02-18,Default,True
T03413,C03591,P05633,6293306.88,23548890.59,USD,2023-08-30,Active,True
T03414,C00682,P03181,47798409.82,8947764.07,EUR,2023-12-15,Active,True
T03415,C07383,P02852,12440225.04,24950974.87,NOK,2020-08-27,Default,True
T03416,C04172,P09606,40056501.47,3909279.92,NOK,2025-08-08,Active,False
T03417,C09726,P00917,18284475.04,19151903.8,EUR,2021-08-15,Active,False
T03418,C02738,P02722,8487611.21,21980873.44,NOK,2023-06-25,Active,False
T03419,C01427,P03903,14544500.52,19088344.95,EUR,2020-03-09,Closed,True
T03420,C05405,P03761,48147407.33,11433250.06,NOK,2024-03-18,Closed,True
T03421,C07671,P09598,10132034.96,14286432.15,USD,2025-09-27,Active,False
T03422,C02552,P01763,37729773.12,2314430.82,NOK,2020-02-21,Default,False
T03423,C08380,P03405,24324818.6,14394930.66,EUR,2021-07-27,Default,True
T03424,C08220,P05711,9938881.94,16591171.47,USD,2024-01-06,Closed,False
T03425,C05851,P04260,28380560.77,12230149.75,USD,2024-05-25,Default,False
T03426,C02334,P01565,39521723.61,8950392.32,USD,2025-09-28,Active,True
T03427,C06159,P03440,25702974.74,11332811.78,USD,2025-10-09,Closed,False
T03428,C09838,P09579,21220142.63,24403404.96,NOK,2022-06-10,Active,True
T03429,C01765,P09352,42278976.01,4489894.72,NOK,2023-02-16,Default,True
T03430,C07155,P07484,5063956.74,2563766.5,USD,2024-11-11,Active,True
T03431,C05776,P06092,16594413.18,9187623.17,NOK,2024-11-25,Closed,True
T03432,C04709,P08844,16632285.34,18626722.93,NOK,2022-06-22,Default,False
T03433,C01902,P03244,10946959.37,6932144.36,USD,2025-09-18,Closed,False
T03434,C05726,P05601,44248307.58,4550236.28,EUR,2023-06-06,Active,True
T03435,C03711,P05206,29306526.75,11169741.91,NOK,2020-12-12,Active,True
T03436,C09459,P07285,28150862.12,8571872.63,EUR,2022-11-10,Default,True
T03437,C05851,P03445,24392735.74,12707176.06,EUR,2022-11-08,Default,False
T03438,C01000,P04122,48347185.53,14517888.56,EUR,2020-05-23,Active,True
T03439,C05639,P05897,3893710.02,1296772.1,USD,2021-03-24,Closed,True
T03440,C06781,P04633,43717595.23,17779927.92,NOK,2020-08-25,Default,False
T03441,C05177,P09189,3259192.26,6268569.75,NOK,2025-07-29,Default,False
T03442,C08498,P01892,47287738.77,13335583.55,USD,2025-04-02,Active,False
T03443,C01354,P03822,26273175.32,13702152.7,NOK,2024-01-19,Active,True
T03444,C02558,P06564,36996473.05,3676819.69,USD,2023-04-09,Closed,True
T03445,C00108,P03625,31600188.55,17113746.71,NOK,2021-06-27,Active,True
T03446,C07344,P02859,33408619.25,11778535.83,EUR,2025-05-23,Active,True
T03447,C08807,P02620,11918680.32,13659671.42,NOK,2025-01-16,Active,False
T03448,C08192,P02656,43483219.95,7397884.49,EUR,2022-01-28,Default,False
T03449,C02105,P06298,12634313.09,9951182.11,EUR,2024-08-04,Closed,True
T03450,C04786,P06518,16496203.39,4135801.82,NOK,2021-04-14,Active,True
T03451,C01303,P02186,46829290.44,17944912.41,USD,2022-12-30,Default,True
T03452,C05752,P01172,9660008.45,11990743.08,NOK,2021-12-12,Default,False
T03453,C02946,P04000,41080810.01,2728409.96,USD,2021-01-03,Closed,True
T03454,C01999,P04134,41969918.89,10379764.36,USD,2023-09-25,Closed,False
T03455,C09932,P06720,39448270.36,5363161.21,NOK,2022-06-10,Active,False
T03456,C05323,P09849,15093523.07,21874391.78,USD,2020-08-10,Default,True
T03457,C08554,P05030,33609834.35,10558846.6,EUR,2023-12-15,Active,False
T03458,C00402,P02320,9286340.66,15478284.16,USD,2022-06-26,Closed,False
T03459,C00454,P08349,42143183.75,3077763.47,NOK,2025-08-03,Active,False
T03460,C04377,P07617,36005697.1,22264667.75,USD,2025-08-11,Active,True
T03461,C03152,P00022,7137050.03,24859692.69,NOK,2025-05-16,Active,False
T03462,C02549,P06968,40648637.58,17779528.39,EUR,2020-08-12,Closed,False
T03463,C01119,P04830,8741282.82,10090423.02,EUR,2020-08-28,Active,True
T03464,C02347,P07425,13395558.22,19007989.27,NOK,2024-06-09,Closed,True
T03465,C07895,P05840,30132231.93,11465227.18,USD,2022-11-23,Active,True
T03466,C01735,P00985,36977768.25,5874105.79,USD,2021-04-07,Closed,False
T03467,C06417,P05519,18210343.07,12157383.36,NOK,2024-03-01,Closed,False
T03468,C04160,P00574,3438863.92,16903753.7,NOK,2020-02-25,Active,True
T03469,C05237,P06387,42306471.59,18454621.14,NOK,2024-02-29,Active,True
T03470,C07263,P01909,7468864.93,9024065.11,NOK,2020-12-13,Default,False
T03471,C09138,P01637,36136153.74,21697797.56,EUR,2022-11-16,Active,True
T03472,C04737,P02054,44599789.43,10006694.1,USD,2023-09-29,Default,False
T03473,C00674,P03874,21772928.67,5193506.8,USD,2023-08-10,Active,False
T03474,C07327,P00928,13220849.43,9140876.99,EUR,2023-12-04,Active,False
T03475,C06753,P01846,25570282.6,6039125.74,USD,2024-04-26,Default,True
T03476,C05907,P00428,15278038.47,3652559.1,NOK,2022-10-20,Closed,False
T03477,C01910,P04657,11511314.95,13818480.5,NOK,2021-06-09,Closed,False
T03478,C03903,P08631,45577524.21,19056344.4,NOK,2023-07-09,Default,False
T03479,C02459,P07309,17485438.52,858485.41,USD,2020-01-16,Active,False
T03480,C04227,P05646,25889046.88,2959974.49,NOK,2022-06-28,Default,True
T03481,C00009,P00821,38810310.82,22226833.93,EUR,2020-05-28,Closed,True
T03482,C04640,P04987,48765831.73,11512360.62,USD,2021-09-28,Default,False
T03483,C06676,P03518,20242263.41,5319865.97,NOK,2022-02-01,Default,True
T03484,C02710,P03886,8406878.58,17684224.49,USD,2024-05-10,Closed,True
T03485,C09509,P02535,12305693.46,12803003.54,USD,2024-05-05,Closed,False
T03486,C00575,P09988,19642086.62,11362640.62,USD,2021-12-25,Default,False
T03487,C08998,P00353,32373769.5,12460077.72,NOK,2020-08-26,Active,True
T03488,C08267,P07930,18156016.73,19359134.44,EUR,2023-08-19,Default,True
T03489,C09587,P07250,16174686.11,18594482.62,EUR,2020-10-03,Default,False
T03490,C05888,P08900,23192211.41,23066109.73,EUR,2024-04-03,Active,True
T03491,C05108,P07426,9579911.53,9299844.68,USD,2020-10-16,Active,True
T03492,C04535,P01385,47247595.88,3043557.12,USD,2023-03-29,Closed,False
T03493,C05508,P05857,30523845.27,6532413.02,USD,2024-09-28,Active,False
T03494,C03310,P04472,18356403.73,1223877.79,USD,2022-04-06,Default,False
T03495,C04988,P00199,23785038.55,18060476.41,EUR,2024-10-03,Active,True
T03496,C01610,P02913,14896420.07,22563205.16,EUR,2021-01-02,Active,True
T03497,C01691,P07866,9069890.95,22519113.28,EUR,2022-10-07,Closed,True
T03498,C08050,P05195,20125417.08,2194757.78,EUR,2023-06-09,Active,True
T03499,C06679,P00490,5308745.05,846590.91,USD,2024-11-14,Default,True
T03500,C05710,P06092,30655235.32,8999757.29,USD,2020-10-31,Closed,True
T03501,C05663,P08345,4314350.63,13786379.85,EUR,2025-05-05,Closed,False
T03502,C05683,P05302,8079316.61,15684543.44,NOK,2022-09-16,Active,False
T03503,C06780,P05059,7299597.37,15052768.61,USD,2022-06-23,Default,False
T03504,C09905,P02725,24603815.31,16793892.73,EUR,2022-10-02,Closed,False
T03505,C07773,P05656,22675274.61,23209131.2,NOK,2020-05-04,Closed,True
T03506,C02660,P02628,23721231.62,9991855.17,USD,2021-09-21,Closed,True
T03507,C03707,P07330,41712293.41,5802803.93,USD,2020-11-14,Active,False
T03508,C09516,P04450,13991773.48,762218.27,EUR,2024-11-08,Default,True
T03509,C00904,P06763,14909435.53,20430669.23,EUR,2021-09-22,Active,False
T03510,C01182,P07976,18191825.24,15801118.2,EUR,2022-05-19,Closed,True
T03511,C00586,P01796,9558492.2,6672144.33,EUR,2023-03-12,Closed,False
T03512,C00853,P02304,9929184.26,15686490.3,EUR,2025-06-07,Closed,False
T03513,C07699,P03292,48295358.72,3653112.62,EUR,2021-05-01,Default,False
T03514,C01099,P04845,49802210.99,24207391.74,NOK,2024-01-02,Default,True
T03515,C01644,P08250,14287367.42,18009925.4,NOK,2025-05-30,Closed,False
T03516,C09001,P04744,41221750.88,2702745.09,USD,2023-02-05,Closed,True
T03517,C05555,P02957,33344036.71,11136265.14,USD,2024-07-08,Closed,False
T03518,C07495,P05974,37323936.46,3024323.46,EUR,2022-09-05,Closed,True
T03519,C07090,P05776,32401170.0,13725657.84,NOK,2024-10-18,Default,True
T03520,C07866,P04473,18432216.11,15195666.59,NOK,2020-08-17,Closed,True
T03521,C02163,P07653,37491178.67,15728035.17,USD,2021-03-16,Closed,False
T03522,C02584,P01554,13079640.39,8743501.88,EUR,2025-06-16,Closed,True
T03523,C03667,P09976,3990966.32,11338569.86,NOK,2020-06-29,Active,True
T03524,C00100,P05590,16168214.12,812538.95,USD,2020-05-02,Active,False
T03525,C08453,P07365,4480620.2,12676802.97,USD,2022-02-14,Closed,False
T03526,C03069,P05930,31874110.76,15803460.02,USD,2022-10-03,Closed,False
T03527,C01040,P08092,21983050.35,15570136.17,NOK,2025-06-17,Active,True
T03528,C08040,P06319,8451688.41,13990819.07,EUR,2021-06-30,Default,True
T03529,C03289,P04518,1918409.77,7407571.96,NOK,2024-01-11,Closed,False
T03530,C03619,P03485,10335815.27,18537470.99,USD,2024-05-27,Default,True
T03531,C01959,P05017,9310370.32,11709921.58,NOK,2024-02-23,Active,True
T03532,C05130,P02142,37098742.18,13004793.59,EUR,2022-12-27,Default,True
T03533,C01190,P09886,10706499.04,13738453.56,EUR,2024-09-28,Closed,True
T03534,C09768,P09622,7527000.67,22218714.61,NOK,2021-11-03,Active,True
T03535,C06062,P00764,41955055.73,13787065.27,USD,2023-11-26,Closed,True
T03536,C06361,P04885,24672072.91,19639784.62,NOK,2023-11-10,Default,False
T03537,C03077,P04136,44015893.03,2740357.88,NOK,2020-10-12,Default,False
T03538,C07245,P05773,10430169.85,13999485.75,NOK,2024-05-09,Active,False
T03539,C07092,P05847,7770226.35,16907802.92,EUR,2024-07-25,Active,False
T03540,C06332,P05912,16850490.94,1228599.38,NOK,2022-07-30,Active,True
T03541,C08152,P05827,9117723.24,9509487.9,NOK,2020-06-18,Closed,True
T03542,C08146,P05003,43248131.84,8633714.18,NOK,2024-10-22,Closed,True
T03543,C08594,P03776,14193391.99,19066977.42,EUR,2024-11-05,Closed,True
T03544,C01725,P04982,35622566.03,18866320.6,USD,2022-12-15,Default,True
T03545,C07658,P00138,47535701.24,2441940.59,NOK,2022-05-29,Default,False
T03546,C04228,P02918,24750603.82,10570230.75,USD,2022-07-27,Closed,False
T03547,C04688,P09236,41239923.38,5756474.15,NOK,2022-02-19,Default,False
T03548,C07385,P02120,34440985.38,6943047.14,USD,2023-12-08,Closed,True
T03549,C07996,P02771,15611305.01,14904665.15,NOK,2022-03-02,Active,False
T03550,C00881,P03574,49296112.82,955474.04,NOK,2022-02-20,Closed,True
T03551,C08007,P02071,37933109.41,24024086.2,EUR,2020-07-26,Closed,False
T03552,C05975,P07392,3769797.0,19462333.01,EUR,2022-07-13,Closed,False
T03553,C04602,P04711,32893307.52,16154702.64,EUR,2022-05-16,Active,True
T03554,C03702,P08897,19349631.45,8386625.81,EUR,2023-02-11,Default,False
T03555,C00384,P02496,1089458.91,9799127.07,NOK,2021-04-11,Active,False
T03556,C07415,P08237,3628741.99,3762176.44,NOK,2022-01-13,Closed,False
T03557,C09125,P02583,10446437.17,15349324.97,USD,2023-01-11,Active,False
T03558,C04737,P09818,36318127.5,7517389.64,USD,2020-05-03,Closed,True
T03559,C04772,P01665,17394801.34,4384297.22,EUR,2020-02-10,Closed,True
T03560,C01399,P01045,37810324.57,3166035.2,USD,2022-09-17,Closed,False
T03561,C09483,P07007,45105499.64,9670580.34,NOK,2023-01-23,Active,True
T03562,C02216,P06929,14609536.29,12051556.95,NOK,2024-01-27,Active,True
T03563,C08639,P04021,1259214.15,22404705.69,EUR,2021-05-05,Default,False
T03564,C01832,P08962,36123511.86,7904835.65,NOK,2020-08-26,Closed,True
T03565,C03784,P04271,46773975.89,11998514.9,EUR,2024-04-27,Closed,False
T03566,C08120,P07241,32256737.94,14309005.8,NOK,2022-02-18,Active,False
T03567,C09636,P04819,17673667.16,18826626.49,USD,2025-05-30,Closed,True
T03568,C02396,P04619,8422157.66,24780657.06,EUR,2022-10-22,Closed,False
T03569,C04433,P07345,5497280.2,5276102.63,NOK,2022-10-30,Closed,False
T03570,C03510,P07401,6638678.1,19218647.4,EUR,2022-12-26,Active,True
T03571,C04243,P02519,38109427.99,3512072.21,EUR,2020-08-02,Closed,False
T03572,C01220,P00676,3399152.33,720396.13,NOK,2022-12-21,Closed,False
T03573,C01078,P01210,30077768.15,13030185.81,EUR,2023-07-29,Active,False
T03574,C06907,P08883,48451762.72,9066784.94,EUR,2022-02-18,Active,True
T03575,C05797,P08540,13909324.68,14528219.95,EUR,2022-07-10,Default,True
T03576,C03015,P05834,19904448.32,22477817.96,NOK,2023-01-28,Default,False
T03577,C04382,P02831,12198358.88,7400302.86,NOK,2020-05-18,Active,False
T03578,C06787,P01500,23254373.91,811554.89,NOK,2021-10-10,Active,True
T03579,C08639,P07975,33113669.9,19459644.77,EUR,2024-09-10,Closed,False
T03580,C05545,P07363,26292955.83,22751746.49,NOK,2025-01-16,Closed,False
T03581,C01546,P00425,12059537.75,13578476.66,NOK,2022-11-11,Closed,True
T03582,C05940,P02568,13551507.75,21955270.56,EUR,2025-04-13,Active,False
T03583,C08137,P05633,12390715.71,16594434.0,USD,2023-02-04,Default,False
T03584,C01987,P00576,28252233.55,3198646.06,USD,2021-06-15,Active,True
T03585,C07547,P00047,4583779.93,9624256.63,NOK,2023-02-05,Active,False
T03586,C03573,P06395,19302421.22,1312705.65,USD,2021-12-09,Active,True
T03587,C02162,P09113,3762798.44,18675235.29,USD,2024-08-03,Active,True
T03588,C04140,P05466,43385913.28,15555706.58,USD,2024-10-31,Active,True
T03589,C00988,P00463,33475696.45,518347.39,USD,2021-06-10,Closed,False
T03590,C05588,P03277,4019677.98,15371369.94,EUR,2021-09-25,Active,True
T03591,C04510,P07118,15670984.09,9412175.25,EUR,2022-04-26,Closed,True
T03592,C04788,P02798,32955105.48,23203988.21,EUR,2025-09-24,Closed,False
T03593,C05856,P07211,35377196.19,10425822.03,USD,2024-09-25,Default,False
T03594,C08759,P09415,46387177.42,7499553.29,EUR,2021-05-19,Default,False
T03595,C05531,P03706,31602800.73,17443544.52,NOK,2022-11-25,Default,False
T03596,C08418,P04260,39051854.28,18749558.48,EUR,2021-03-11,Active,False
T03597,C06866,P04948,42330088.27,5307741.87,EUR,2023-07-09,Active,False
T03598,C04312,P06801,46756213.74,17121575.11,USD,2024-02-20,Active,False
T03599,C07766,P01596,49618406.95,2385556.16,USD,2025-06-26,Active,False
T03600,C07247,P04417,8387182.33,4971000.53,USD,2021-06-01,Active,False
T03601,C01713,P05265,9431592.96,5890662.03,NOK,2025-10-02,Active,True
T03602,C05968,P01506,47983202.98,24620092.17,NOK,2023-05-16,Default,True
T03603,C08485,P02799,17723014.78,16311870.98,USD,2023-06-01,Closed,True
T03604,C07986,P04453,22916293.71,21730607.31,NOK,2023-08-21,Closed,True
T03605,C08613,P01149,22421021.06,20420234.28,EUR,2024-03-04,Active,False
T03606,C08980,P09596,23193557.07,5048809.23,NOK,2025-04-06,Active,True
T03607,C08959,P05407,48421189.7,9232659.39,EUR,2020-10-10,Closed,False
T03608,C09795,P06670,46257746.45,8080655.85,NOK,2025-01-23,Active,False
T03609,C09001,P01281,2095573.29,16375270.58,NOK,2020-09-27,Active,False
T03610,C07950,P07916,40515347.6,16054898.55,EUR,2020-01-12,Active,False
T03611,C08505,P01205,44519440.84,19156434.49,EUR,2021-01-03,Default,True
T03612,C04867,P01436,1344910.75,6528201.51,USD,2020-10-24,Default,True
T03613,C02430,P06016,26911830.61,12113514.55,USD,2020-10-29,Default,True
T03614,C03963,P09215,13010149.62,20046127.33,NOK,2022-11-10,Active,False
T03615,C04806,P08482,46877380.91,20397013.32,USD,2021-09-26,Active,False
T03616,C07998,P05874,23719764.91,17231649.77,USD,2021-07-21,Closed,True
T03617,C04980,P04963,41741238.32,8433598.36,EUR,2023-08-24,Default,True
T03618,C07699,P01640,48040744.16,5226561.48,EUR,2025-04-19,Default,False
T03619,C03905,P03286,45029499.98,4090069.48,USD,2024-02-01,Default,True
T03620,C03327,P04695,34513841.07,14280671.8,USD,2025-08-18,Active,True
T03621,C03740,P06929,18070823.29,7388164.15,NOK,2021-06-09,Closed,True
T03622,C00027,P03173,27359569.67,20128705.82,EUR,2020-10-06,Active,False
T03623,C09434,P05485,17071173.04,10018611.87,USD,2021-01-01,Active,True
T03624,C02050,P07130,36140529.41,1021119.84,USD,2022-09-04,Active,True
T03625,C09942,P04046,40977547.14,23133874.58,NOK,2020-08-15,Default,True
T03626,C05094,P01259,19596256.93,16994038.78,USD,2020-06-24,Closed,True
T03627,C01659,P08964,30785224.17,24166695.85,NOK,2021-07-11,Active,True
T03628,C09032,P05272,1127656.35,20927783.95,USD,2025-04-08,Active,False
T03629,C07978,P09586,35901333.96,3861762.43,NOK,2022-04-27,Closed,False
T03630,C06887,P02527,23000211.96,16039728.13,EUR,2024-06-05,Closed,False
T03631,C00483,P03328,47736823.02,20160597.2,USD,2021-07-13,Closed,False
T03632,C01517,P07213,23887001.28,9802575.25,EUR,2025-04-27,Default,True
T03633,C03497,P02483,44978636.15,22191171.75,NOK,2020-12-06,Active,False
T03634,C04726,P09159,27654792.22,5411287.99,USD,2023-09-18,Closed,False
T03635,C07007,P07546,39138403.74,22291061.38,NOK,2021-03-05,Active,True
T03636,C07180,P06778,40872791.13,9038727.96,EUR,2024-02-28,Active,False
T03637,C04751,P03040,32011628.79,10821514.49,USD,2024-08-13,Default,False
T03638,C07108,P03883,45926008.2,19464338.99,NOK,2024-03-15,Default,True
T03639,C04459,P06084,43332687.73,16242193.51,USD,2020-06-09,Default,False
T03640,C03380,P06638,5845699.52,15589111.34,NOK,2021-05-07,Closed,True
T03641,C06540,P02380,25423428.62,6696765.34,USD,2025-10-16,Active,True
T03642,C01994,P07281,28775821.71,2616324.64,NOK,2023-04-19,Active,False
T03643,C01419,P08244,5707119.09,18118827.14,EUR,2020-11-04,Default,True
T03644,C03526,P02257,20157530.11,16301058.61,USD,2025-07-18,Active,False
T03645,C01948,P03686,27158071.16,18156567.11,NOK,2024-04-14,Default,False
T03646,C00296,P02248,22481378.19,4691738.29,EUR,2025-06-08,Active,False
T03647,C01316,P09721,41083800.35,3491916.02,EUR,2020-08-02,Active,False
T03648,C02271,P08995,33246327.87,20860849.16,USD,2022-05-15,Closed,False
T03649,C01915,P08747,37864075.31,14458767.19,USD,2021-03-06,Default,True
T03650,C09619,P03400,23936076.62,12631830.69,EUR,2023-11-30,Active,True
T03651,C04196,P01079,14563428.77,24911780.66,EUR,2021-04-27,Default,True
T03652,C06023,P04104,36357989.18,3425691.92,NOK,2021-10-07,Active,True
T03653,C01888,P04931,37818397.66,18961057.23,NOK,2020-04-16,Active,True
T03654,C06941,P04714,29962981.52,19207560.2,EUR,2022-10-21,Closed,True
T03655,C03140,P00336,19567311.59,12663078.99,EUR,2024-05-18,Default,False
T03656,C09046,P08579,17320494.05,11487403.31,USD,2023-08-15,Default,True
T03657,C09768,P02462,36735384.49,6239664.55,EUR,2021-09-28,Closed,True
T03658,C03887,P03753,46801141.58,799735.31,NOK,2023-07-25,Default,False
T03659,C02761,P00228,11819431.18,19303707.39,EUR,2020-02-04,Active,False
T03660,C03563,P09192,26878353.88,24239785.16,EUR,2021-11-12,Active,True
T03661,C04869,P05129,17301063.11,17478008.05,NOK,2024-12-21,Default,False
T03662,C02281,P02028,3977053.43,9104978.98,NOK,2022-10-28,Closed,True
T03663,C05850,P03849,13670309.31,17264084.17,USD,2021-05-06,Closed,True
T03664,C07959,P07494,10406771.93,6090621.2,USD,2023-02-26,Default,False
T03665,C08544,P05625,23088053.39,15801072.4,NOK,2023-11-05,Default,False
T03666,C05117,P04231,12465488.51,20333457.32,EUR,2021-12-17,Active,False
T03667,C03377,P03546,2155213.46,8486926.7,NOK,2025-03-08,Active,False
T03668,C02439,P00527,10023391.61,6535669.79,USD,2022-02-16,Closed,True
T03669,C05538,P09044,6459631.63,18062252.14,USD,2025-03-12,Default,False
T03670,C06803,P05391,6464316.43,1301516.74,USD,2025-09-04,Default,False
T03671,C07853,P06627,48758438.13,20164743.65,USD,2024-09-26,Active,True
T03672,C03370,P06935,27805778.3,23080535.58,USD,2023-09-16,Active,False
T03673,C04623,P08858,24108954.57,7216608.34,NOK,2020-12-18,Closed,True
T03674,C07474,P05274,6670141.28,21184065.38,EUR,2021-04-01,Closed,False
T03675,C03711,P06832,18611318.7,13766886.61,USD,2021-05-04,Active,True
T03676,C03237,P08575,27623326.57,13074173.16,NOK,2025-01-02,Default,True
T03677,C08562,P07606,36367253.26,18106631.07,USD,2024-10-03,Closed,True
T03678,C04349,P03914,44495823.83,8072806.26,EUR,2025-04-26,Closed,True
T03679,C06688,P09377,36404652.73,4012272.56,EUR,2020-04-24,Default,True
T03680,C07655,P03328,41623809.24,24418610.89,USD,2023-08-12,Default,False
T03681,C06992,P09449,2864440.9,5648175.28,NOK,2022-05-23,Default,False
T03682,C08289,P05144,29707821.95,20250049.51,NOK,2025-09-23,Closed,True
T03683,C03200,P09226,26852085.56,13327517.98,USD,2020-09-10,Active,True
T03684,C04605,P01221,13719439.88,20932000.75,USD,2025-01-03,Default,False
T03685,C00608,P03719,19851832.77,20343091.63,USD,2021-02-06,Closed,False
T03686,C05884,P02441,48563405.29,21111668.18,EUR,2024-07-30,Default,False
T03687,C09136,P04366,40488597.09,21108517.37,USD,2021-01-31,Active,True
T03688,C05456,P02049,9025958.38,12834542.56,EUR,2020-03-08,Active,True
T03689,C04880,P06659,4138163.83,24097298.46,EUR,2023-09-27,Default,False
T03690,C04470,P03664,15068984.08,3423881.25,USD,2023-01-30,Active,False
T03691,C06871,P04755,33381638.94,19599666.06,EUR,2020-11-17,Active,True
T03692,C07228,P02325,16639238.81,14136915.27,USD,2020-07-09,Active,False
T03693,C00030,P01425,3338951.44,15499670.12,USD,2023-02-19,Default,False
T03694,C04436,P00716,23404032.57,1920655.06,EUR,2024-07-03,Active,True
T03695,C08678,P04680,35204303.39,6004858.16,NOK,2020-05-27,Default,False
T03696,C03911,P01028,13039198.02,2035102.36,EUR,2024-10-27,Active,True
T03697,C01076,P03034,41776896.59,12071396.23,EUR,2023-10-05,Active,True
T03698,C06390,P04755,12784951.73,13119813.37,NOK,2022-10-16,Closed,False
T03699,C04735,P09546,7584438.52,20636412.89,EUR,2023-12-09,Active,True
T03700,C05119,P00570,41129119.4,11459269.8,NOK,2024-08-09,Default,False
T03701,C02965,P06821,17033976.88,19025358.46,USD,2021-05-18,Default,True
T03702,C03249,P02803,5322387.72,6932528.76,NOK,2021-05-07,Closed,False
T03703,C01642,P03595,30220124.43,14069882.51,EUR,2023-03-22,Active,False
T03704,C04329,P03569,34286284.34,9719783.5,USD,2025-01-25,Default,False
T03705,C00896,P07358,32675234.09,7569312.32,USD,2021-02-05,Closed,False
T03706,C00475,P01155,47431521.96,21253912.82,NOK,2022-04-26,Default,False
T03707,C04003,P08164,19751930.76,11792534.5,USD,2022-05-21,Active,True
T03708,C07169,P02642,36726833.8,18744631.15,NOK,2025-05-07,Default,True
T03709,C09105,P07531,41198411.41,22128590.23,USD,2024-06-24,Closed,True
T03710,C09276,P07134,35639109.62,9121367.32,EUR,2021-06-08,Default,True
T03711,C00301,P02346,39840631.21,10857021.62,USD,2022-07-14,Closed,False
T03712,C07381,P00482,39103197.35,6193224.94,USD,2021-06-18,Active,True
T03713,C03663,P06967,9456496.36,6254287.33,EUR,2023-06-08,Active,True
T03714,C00726,P08575,37869956.22,17429361.18,EUR,2020-09-10,Default,False
T03715,C09820,P06464,38798545.38,2356541.39,USD,2022-07-12,Active,False
T03716,C04532,P05328,30546301.23,5551436.5,EUR,2021-09-12,Active,True
T03717,C00787,P09029,7104191.76,3707068.76,NOK,2021-05-30,Closed,False
T03718,C07859,P00383,48263972.71,14572381.6,USD,2023-11-07,Closed,False
T03719,C01174,P05243,13535707.2,17301242.03,NOK,2024-01-12,Closed,False
T03720,C06427,P00678,26266809.8,24289270.86,EUR,2022-10-04,Closed,False
T03721,C06578,P08802,25149509.81,671380.7,USD,2022-04-13,Closed,True
T03722,C02956,P08164,3786555.66,23274222.76,EUR,2024-07-16,Closed,True
T03723,C05881,P00697,25412474.59,3092202.5,EUR,2024-12-15,Active,False
T03724,C02993,P06686,8740226.02,11205067.15,EUR,2023-03-30,Closed,False
T03725,C01349,P04686,36873164.22,11326295.03,USD,2025-07-26,Active,False
T03726,C06328,P05711,29415845.0,23606853.92,USD,2025-04-05,Default,True
T03727,C00851,P01907,30579312.08,12971081.18,USD,2024-08-08,Default,True
T03728,C09368,P00186,41295065.79,8794134.75,EUR,2024-03-08,Default,True
T03729,C03396,P05411,30804127.71,3104334.2,NOK,2023-09-19,Closed,True
T03730,C07715,P04470,15592222.13,16645845.15,USD,2025-03-07,Default,True
T03731,C04353,P01137,39518982.23,11523008.07,EUR,2022-07-27,Default,True
T03732,C01313,P02260,38640051.97,7017864.17,USD,2020-11-03,Closed,False
T03733,C09976,P05015,23135216.11,4759201.12,USD,2021-08-10,Closed,True
T03734,C08423,P04678,22622732.39,2479595.27,NOK,2025-05-19,Default,False
T03735,C09595,P04021,2769960.01,2036022.29,NOK,2022-04-09,Closed,True
T03736,C09767,P03574,6150439.96,8060845.62,USD,2025-09-03,Default,True
T03737,C07263,P02290,37698496.12,12372845.1,USD,2020-10-05,Closed,False
T03738,C04584,P05293,7746498.92,12163150.0,EUR,2021-03-28,Closed,False
T03739,C00601,P07249,7556984.68,22744690.07,NOK,2023-11-26,Default,False
T03740,C08078,P06306,48883811.86,8933803.52,USD,2023-05-29,Default,False
T03741,C09202,P03622,19873265.9,1052128.91,NOK,2025-08-27,Closed,False
T03742,C08651,P02706,44258189.98,681639.55,USD,2024-12-23,Active,True
T03743,C01918,P00743,34085411.81,4595313.98,NOK,2024-09-10,Default,False
T03744,C06567,P03400,49401294.13,18630553.69,NOK,2020-04-01,Active,False
T03745,C06958,P05306,24332532.85,22098405.82,EUR,2020-12-10,Closed,True
T03746,C01447,P01062,20024099.26,1819736.93,EUR,2024-10-19,Closed,False
T03747,C07508,P03320,43008822.99,24394854.04,USD,2023-03-28,Active,True
T03748,C03558,P04099,35496255.54,16844902.49,NOK,2020-08-23,Closed,True
T03749,C09466,P02814,26455538.82,19674510.1,USD,2021-09-23,Active,True
T03750,C04831,P02119,36698253.83,7469163.84,EUR,2025-04-10,Closed,False
T03751,C02647,P00791,32163889.58,9936445.91,EUR,2025-06-23,Active,False
T03752,C09830,P05556,18701971.78,1832281.46,EUR,2020-12-01,Active,False
T03753,C02176,P01842,24840046.43,19298024.31,NOK,2023-02-17,Closed,False
T03754,C08493,P08494,8210101.11,17333269.48,EUR,2021-03-22,Active,False
T03755,C07431,P04351,30797062.9,1520117.21,EUR,2021-09-14,Active,False
T03756,C04305,P05796,35038471.89,14709176.79,EUR,2022-07-30,Closed,True
T03757,C03469,P06040,17211922.42,24208835.47,NOK,2025-01-06,Active,False
T03758,C06907,P00348,37318999.21,24440150.85,EUR,2023-05-17,Default,True
T03759,C06794,P09438,42898566.92,19458463.82,EUR,2022-06-03,Closed,True
T03760,C01319,P03165,48855318.73,12179806.48,NOK,2023-08-24,Active,True
T03761,C06950,P05365,5715385.13,901919.62,USD,2021-07-28,Active,False
T03762,C05840,P03031,33935802.29,3662561.05,EUR,2021-02-05,Active,True
T03763,C04245,P06421,5969491.8,19473018.02,NOK,2023-11-04,Active,False
T03764,C00389,P03364,29491444.48,19213846.16,NOK,2022-06-06,Default,True
T03765,C01280,P04709,2210876.73,18337660.25,EUR,2020-04-18,Default,False
T03766,C07634,P08926,3703669.54,14650290.5,USD,2023-07-28,Closed,False
T03767,C02323,P07656,49690350.91,11638127.39,EUR,2021-03-15,Active,False
T03768,C04981,P01297,45527416.46,17675181.69,EUR,2023-05-04,Closed,False
T03769,C00606,P04387,7384283.99,15780370.85,NOK,2024-02-29,Closed,False
T03770,C02767,P08035,14438481.82,2102739.86,NOK,2021-07-19,Default,False
T03771,C01811,P01808,32174395.19,10030993.99,USD,2021-06-21,Active,True
T03772,C08716,P02192,7487512.3,14141127.75,USD,2023-07-11,Default,True
T03773,C09233,P06551,25057054.14,1639195.43,EUR,2025-08-24,Closed,False
T03774,C06109,P08753,18452712.28,7811597.08,USD,2024-12-21,Active,False
T03775,C03940,P00934,14102508.57,19600085.43,USD,2022-02-15,Active,False
T03776,C06061,P00641,35579678.35,15701718.22,EUR,2024-10-07,Closed,True
T03777,C09935,P08490,5128070.74,10576957.21,NOK,2020-05-08,Active,False
T03778,C04878,P02714,5793926.58,8742954.37,USD,2022-11-02,Default,False
T03779,C06594,P04077,14293862.49,3721073.17,USD,2025-02-17,Default,True
T03780,C04301,P00821,24799245.0,22166512.8,USD,2022-02-21,Default,True
T03781,C00406,P04966,43161716.6,23384955.31,USD,2024-01-01,Active,True
T03782,C07592,P06524,9586845.29,18949085.01,EUR,2025-08-23,Default,False
T03783,C02474,P04639,14749471.32,19055375.93,NOK,2024-07-31,Default,True
T03784,C07786,P00440,20106004.31,4956650.42,NOK,2025-09-04,Default,False
T03785,C05630,P01481,9843099.34,23595404.38,EUR,2025-08-10,Closed,True
T03786,C05414,P09535,22983941.81,4100306.19,NOK,2024-07-28,Closed,True
T03787,C05387,P04713,11392554.3,13718268.48,USD,2020-03-23,Closed,False
T03788,C05110,P07742,4162759.87,24514364.27,NOK,2024-11-24,Active,False
T03789,C04590,P03341,20396911.2,6882311.31,EUR,2022-08-02,Active,False
T03790,C02312,P00700,47974339.11,17812192.79,EUR,2021-11-17,Closed,True
T03791,C06861,P07437,10759711.62,14854974.56,EUR,2022-07-23,Closed,False
T03792,C06133,P04728,8958115.98,15352168.7,EUR,2023-05-06,Closed,False
T03793,C00225,P00391,19322538.64,8033693.25,EUR,2021-02-09,Active,False
T03794,C02296,P05871,22846126.9,15217434.3,USD,2022-12-15,Default,True
T03795,C06604,P07038,30556642.82,21214259.44,EUR,2023-05-18,Closed,False
T03796,C03190,P01309,39410284.3,24958867.21,USD,2020-05-17,Default,False
T03797,C09843,P01792,25477368.26,4600439.77,EUR,2021-01-05,Closed,True
T03798,C06093,P04263,25057096.01,18826773.12,USD,2021-09-27,Active,False
T03799,C01226,P04770,4999627.91,1906453.35,EUR,2022-05-26,Default,True
T03800,C04843,P01305,16301005.62,19670781.16,NOK,2025-06-16,Closed,True
T03801,C09887,P09326,47232372.79,5520567.4,NOK,2025-05-22,Active,True
T03802,C06882,P06857,39622573.5,7301285.09,NOK,2021-12-13,Closed,True
T03803,C08495,P07997,20591145.18,546408.08,NOK,2022-10-18,Closed,False
T03804,C07882,P09904,37291996.56,18317260.44,EUR,2024-01-06,Closed,True
T03805,C06070,P09345,44243571.41,10517672.22,NOK,2023-06-01,Closed,False
T03806,C01999,P01714,15191274.35,16556900.25,USD,2021-09-10,Closed,True
T03807,C09074,P06541,28486815.4,12308494.1,EUR,2023-02-21,Closed,False
T03808,C08962,P00960,14776223.39,21850233.36,EUR,2022-07-17,Default,True
T03809,C00075,P02860,6881884.03,13451557.59,USD,2023-11-14,Default,True
T03810,C08437,P05665,17478151.11,8763072.7,USD,2024-02-17,Closed,True
T03811,C02651,P03746,10876383.06,15114668.51,EUR,2021-07-28,Default,True
T03812,C05091,P02577,1106471.73,24306198.05,NOK,2025-03-01,Active,False
T03813,C08064,P01844,48116384.81,2664287.5,NOK,2021-11-30,Active,False
T03814,C05649,P05374,27303626.24,7265268.92,EUR,2020-01-04,Active,False
T03815,C02307,P02367,29668105.04,18459386.36,USD,2024-11-17,Closed,True
T03816,C09286,P03554,29576591.25,19675621.05,EUR,2022-07-20,Default,True
T03817,C05611,P02757,7550583.77,12729865.42,USD,2020-11-02,Default,False
T03818,C03929,P04995,44870671.74,6816933.09,EUR,2022-02-21,Active,False
T03819,C04303,P01906,8917900.98,9452428.1,EUR,2020-11-19,Active,True
T03820,C03479,P06951,39593949.88,21298152.46,USD,2020-03-31,Default,False
T03821,C05422,P05174,5144931.68,3108265.15,NOK,2022-02-09,Closed,False
T03822,C05180,P02023,7763360.57,23584210.86,EUR,2020-12-28,Active,True
T03823,C02054,P04241,42149782.91,2114224.68,NOK,2023-05-11,Active,True
T03824,C03205,P00971,38627694.73,12578809.63,NOK,2024-04-15,Active,True
T03825,C01673,P08108,31741766.27,8117945.29,EUR,2021-12-18,Active,False
T03826,C07695,P09149,31266458.28,19363908.32,USD,2023-08-08,Closed,False
T03827,C06795,P04901,42467553.29,5400475.56,NOK,2025-08-01,Closed,True
T03828,C06837,P01067,14917028.07,7282593.48,EUR,2021-02-23,Closed,False
T03829,C03632,P04094,6215351.52,1613795.14,NOK,2020-12-26,Closed,False
T03830,C03103,P04038,5154699.44,7672067.03,EUR,2023-07-05,Default,False
T03831,C01520,P02725,12077578.02,24129078.77,NOK,2021-04-06,Default,False
T03832,C02286,P00630,29306470.86,18703117.3,USD,2024-03-23,Closed,False
T03833,C05012,P01460,46435024.66,20193945.69,NOK,2021-11-20,Closed,True
T03834,C09425,P04969,43435401.45,7830418.3,EUR,2025-05-16,Default,False
T03835,C05755,P09786,34856469.64,4017968.4,NOK,2022-06-22,Closed,True
T03836,C07855,P01556,12748345.46,18980477.61,NOK,2025-09-23,Default,False
T03837,C04585,P01996,27433313.67,9395077.8,USD,2023-11-22,Active,True
T03838,C07755,P01247,10527473.26,24914052.81,EUR,2024-07-11,Closed,True
T03839,C07410,P00147,26909801.11,9207932.77,EUR,2022-03-27,Closed,False
T03840,C07480,P08694,5998657.6,13088756.72,USD,2021-11-26,Closed,True
T03841,C06685,P06452,34801527.35,4167830.71,USD,2025-02-15,Active,False
T03842,C05330,P06394,27260964.29,2562445.56,NOK,2022-02-18,Default,True
T03843,C07828,P01248,13639459.95,10207706.06,USD,2024-10-14,Default,True
T03844,C06125,P06322,2959515.71,20254024.08,EUR,2021-12-14,Closed,True
T03845,C06028,P01983,40566897.6,989132.4,EUR,2023-05-22,Default,False
T03846,C00500,P08092,31140580.01,14065696.22,EUR,2024-09-18,Active,False
T03847,C04364,P09659,40393942.39,2055038.29,NOK,2021-08-29,Closed,False
T03848,C09058,P08153,13117713.83,15338173.95,USD,2021-01-28,Default,True
T03849,C09615,P07020,24372802.31,24284191.66,NOK,2025-08-15,Closed,True
T03850,C09102,P02274,18228974.17,7729708.38,NOK,2020-02-23,Closed,True
T03851,C01356,P09020,33412007.96,7183212.73,USD,2024-11-05,Active,True
T03852,C06033,P08546,36681761.16,5241025.09,EUR,2024-02-04,Default,True
T03853,C09080,P02670,15178545.73,11800176.0,NOK,2022-09-16,Default,True
T03854,C08842,P04074,20204660.72,3546768.86,NOK,2024-06-12,Default,False
T03855,C09026,P08969,11325641.47,15707616.5,EUR,2024-12-01,Active,True
T03856,C07952,P08026,2288123.9,4183907.31,EUR,2023-02-04,Active,True
T03857,C01913,P04229,47689422.31,5700910.85,USD,2022-08-05,Active,True
T03858,C03789,P03188,45093275.92,2212993.56,EUR,2023-05-27,Active,False
T03859,C00711,P04674,38351319.31,19671718.07,NOK,2024-07-02,Active,True
T03860,C06442,P09290,2353551.49,15844956.72,EUR,2022-04-30,Closed,True
T03861,C04720,P01650,17578457.05,22488362.52,EUR,2025-03-11,Default,True
T03862,C06476,P01763,38246040.82,14268241.69,USD,2023-03-23,Active,True
T03863,C02518,P05535,11040862.8,17723782.0,NOK,2025-01-10,Closed,False
T03864,C06741,P03781,44379306.01,14293037.4,NOK,2024-05-21,Default,True
T03865,C07330,P02556,47444582.12,5003338.78,NOK,2023-06-09,Default,False
T03866,C04511,P01323,43342239.48,23061615.63,USD,2024-09-28,Active,False
T03867,C09290,P01470,5545424.95,2089098.58,USD,2023-02-02,Default,True
T03868,C02149,P01306,16081270.54,23805787.18,EUR,2023-06-13,Active,True
T03869,C00092,P00267,42971123.41,2461712.18,EUR,2023-02-28,Closed,True
T03870,C00823,P04185,8560222.13,4406783.93,NOK,2021-05-08,Default,False
T03871,C01315,P07146,43095635.96,24073100.27,EUR,2020-10-10,Active,True
T03872,C09379,P03585,40631997.77,3845347.89,NOK,2024-12-11,Closed,True
T03873,C03692,P08344,30093064.92,6258312.62,NOK,2020-08-12,Active,True
T03874,C06525,P07612,14725825.17,6839522.47,EUR,2024-12-18,Default,False
T03875,C06546,P06912,31603228.05,13552695.2,EUR,2020-08-10,Active,True
T03876,C08660,P09573,45277819.14,2983923.76,USD,2022-05-03,Active,True
T03877,C07222,P06258,38001085.69,22598716.98,USD,2020-11-22,Closed,True
T03878,C02131,P03464,47937585.45,10477680.52,NOK,2024-09-06,Closed,True
T03879,C09835,P08836,37496104.9,23366277.32,EUR,2020-01-27,Active,True
T03880,C09089,P03094,14121330.49,14784105.51,EUR,2025-01-31,Closed,True
T03881,C07796,P02615,3620426.17,22360489.59,NOK,2024-04-29,Default,False
T03882,C04547,P00217,2596103.6,3632277.0,NOK,2023-06-08,Closed,True
T03883,C02671,P01925,38611681.7,21663897.2,EUR,2023-10-17,Closed,True
T03884,C04792,P01529,10860671.41,10959234.29,USD,2023-05-24,Active,False
T03885,C08809,P06718,28465149.47,5218285.12,NOK,2020-08-03,Default,True
T03886,C03242,P03369,17343522.29,16648230.85,USD,2024-04-30,Closed,False
T03887,C05286,P04035,48283771.87,13881535.1,NOK,2025-07-14,Default,False
T03888,C06256,P06155,1844260.74,14556535.62,NOK,2020-08-10,Active,False
T03889,C05708,P04264,37996411.12,14375691.21,NOK,2024-01-19,Default,True
T03890,C00262,P01912,27900543.52,13375509.58,EUR,2020-03-15,Active,False
T03891,C08119,P08954,22262912.29,1674516.12,EUR,2024-12-13,Closed,False
T03892,C09417,P09645,11727370.16,20182872.55,NOK,2021-09-05,Default,False
T03893,C09998,P04007,6339063.69,10964935.23,NOK,2022-12-16,Default,False
T03894,C06407,P08991,16797650.88,3285937.57,USD,2021-11-02,Active,True
T03895,C04468,P09314,20860746.18,16046976.89,EUR,2022-11-01,Closed,False
T03896,C05211,P00009,28885511.0,6171193.39,NOK,2021-03-13,Default,True
T03897,C01334,P07851,27477360.6,601499.18,NOK,2021-04-07,Default,False
T03898,C05851,P07055,4453480.22,3015482.85,EUR,2021-01-16,Active,True
T03899,C01870,P01088,29058649.46,2678608.64,USD,2023-09-27,Active,False
T03900,C01695,P03774,25138373.7,24837678.61,EUR,2025-10-31,Closed,False
T03901,C04585,P09708,40893027.84,16777651.34,NOK,2024-11-21,Closed,True
T03902,C01295,P02870,21950640.93,1157183.7,NOK,2023-05-30,Active,False
T03903,C01549,P03269,48507318.96,24361575.82,NOK,2022-12-04,Closed,True
T03904,C04314,P02886,5370852.57,21830723.22,EUR,2024-04-16,Default,False
T03905,C06737,P07617,20821335.85,1508781.66,EUR,2023-05-21,Default,False
T03906,C05168,P00121,42718733.44,10741211.4,USD,2023-03-17,Active,True
T03907,C00894,P00559,23594976.59,7991695.78,NOK,2024-03-16,Active,False
T03908,C02683,P00458,9175677.83,2517561.68,USD,2022-03-06,Default,True
T03909,C02340,P00448,5952295.52,13877497.55,USD,2020-05-11,Default,False
T03910,C04134,P00535,40417454.29,9108272.59,NOK,2023-01-03,Default,True
T03911,C05588,P01600,12070863.22,15485932.31,NOK,2021-06-03,Closed,False
T03912,C02391,P00505,49808355.92,11960766.3,USD,2023-05-23,Active,True
T03913,C08397,P04378,48384928.45,24248740.29,EUR,2020-03-11,Default,True
T03914,C02697,P07851,20514360.82,3075905.33,USD,2022-05-02,Default,True
T03915,C04124,P03668,28467107.08,8516788.77,NOK,2020-09-20,Default,True
T03916,C06711,P07449,44243153.93,11014383.66,NOK,2023-04-11,Active,True
T03917,C02252,P06864,46718670.65,13121362.58,EUR,2024-04-14,Closed,False
T03918,C00489,P06761,26924484.05,9274448.87,USD,2025-06-14,Closed,True
T03919,C03916,P06810,7892607.78,5351690.22,NOK,2025-02-06,Default,True
T03920,C06625,P04503,36224034.48,12660502.82,NOK,2020-02-25,Closed,False
T03921,C08822,P08639,15381856.95,16136900.5,USD,2025-03-29,Closed,True
T03922,C05834,P02470,15621100.45,17616881.29,USD,2021-08-23,Active,True
T03923,C04520,P08122,26092058.21,24428500.53,EUR,2024-06-04,Default,True
T03924,C01677,P00561,39523866.74,1425932.06,EUR,2024-10-15,Closed,False
T03925,C08589,P06000,12839398.65,8318610.92,NOK,2025-05-01,Closed,False
T03926,C03276,P00834,32134469.41,15839525.45,USD,2025-01-19,Closed,True
T03927,C00855,P06436,13422141.44,11863001.38,NOK,2024-06-15,Default,False
T03928,C03150,P03515,43336138.89,22170051.0,NOK,2024-08-29,Active,True
T03929,C07683,P07398,23899236.54,4965801.7,USD,2022-02-01,Active,False
T03930,C05065,P04900,30838323.76,12373605.18,NOK,2024-02-28,Closed,False
T03931,C09631,P00755,35398199.77,9911144.64,EUR,2021-11-25,Default,False
T03932,C00747,P05447,17498983.53,16771528.28,EUR,2023-08-10,Active,False
T03933,C01531,P04689,18296962.0,874859.48,EUR,2020-11-21,Active,True
T03934,C03205,P00137,30309152.97,21552879.98,EUR,2025-02-26,Default,False
T03935,C04814,P08507,9747081.97,1154016.71,EUR,2025-07-19,Default,False
T03936,C03439,P06288,30100421.06,20884457.93,NOK,2023-04-17,Closed,False
T03937,C01501,P09830,19660411.37,9770055.84,EUR,2022-01-14,Closed,True
T03938,C03423,P01522,3717027.94,15781982.4,EUR,2020-11-16,Default,True
T03939,C07043,P08623,6025370.79,19404975.5,USD,2022-06-25,Closed,True
T03940,C00334,P02846,41164743.76,2631250.43,EUR,2022-10-24,Default,True
T03941,C03839,P03520,33465456.61,3089244.85,EUR,2021-11-28,Active,False
T03942,C06779,P04959,46102981.51,24838345.13,NOK,2024-09-22,Active,False
T03943,C08862,P01910,11256150.02,10180450.44,USD,2021-07-21,Default,True
T03944,C07509,P03067,12641753.97,7244914.85,EUR,2024-11-30,Closed,True
T03945,C03232,P04292,20395430.42,13253487.86,USD,2020-09-10,Default,True
T03946,C07835,P07713,23652557.85,22922211.0,EUR,2020-04-12,Closed,False
T03947,C04571,P00551,46972526.72,15618216.85,EUR,2025-01-26,Active,True
T03948,C01145,P01895,46782903.97,784418.44,USD,2024-10-12,Active,True
T03949,C07746,P08060,29106199.04,834378.86,EUR,2024-03-26,Active,True
T03950,C00330,P00213,26482016.49,9215304.22,NOK,2024-09-25,Active,False
T03951,C06022,P01143,6563638.62,900401.63,USD,2021-08-14,Default,True
T03952,C09098,P07886,2289658.8,17293243.59,EUR,2022-07-07,Default,False
T03953,C08862,P06567,19197446.27,5380897.21,NOK,2024-02-03,Default,False
T03954,C02230,P08042,48396990.78,9819204.02,NOK,2022-05-10,Default,True
T03955,C00383,P00955,37143954.9,8912491.2,NOK,2025-05-16,Default,False
T03956,C02644,P03495,32845194.52,18635752.11,NOK,2020-03-31,Closed,False
T03957,C03569,P06231,47326708.79,22587897.51,NOK,2025-03-07,Active,False
T03958,C01173,P05742,24213512.81,15554363.84,NOK,2022-08-18,Active,False
T03959,C03276,P02066,31111151.34,7992653.69,EUR,2024-06-19,Active,True
T03960,C00741,P04019,32950558.38,17734943.77,NOK,2023-04-15,Default,False
T03961,C05344,P06490,33874841.26,24346472.37,EUR,2022-12-07,Active,False
T03962,C00339,P07418,1147603.58,12531470.63,USD,2025-07-01,Closed,False
T03963,C08807,P01732,36434912.36,13978699.44,USD,2022-02-18,Closed,True
T03964,C08410,P06427,18613081.88,11091649.69,NOK,2022-01-27,Default,False
T03965,C00639,P09338,25199181.73,1454892.64,NOK,2021-03-17,Active,True
T03966,C01834,P05870,44961950.58,528789.25,USD,2024-05-04,Default,True
T03967,C00507,P04915,23276626.37,19627941.71,USD,2025-10-23,Active,False
T03968,C09369,P01655,48897143.58,18781826.74,NOK,2025-04-19,Closed,False
T03969,C03210,P00257,17106526.13,6198314.71,NOK,2023-05-09,Active,False
T03970,C03645,P01407,19024398.8,20891126.51,NOK,2022-04-09,Active,True
T03971,C00577,P03844,16139500.4,2748535.71,NOK,2020-08-06,Default,True
T03972,C06699,P03631,41509250.34,15652210.66,NOK,2025-06-27,Active,True
T03973,C03051,P03710,36364690.49,3704749.32,NOK,2020-06-20,Closed,True
T03974,C06760,P02055,34854109.91,9558634.69,USD,2025-07-11,Closed,True
T03975,C05216,P05988,18623282.71,16980974.78,USD,2020-05-03,Active,False
T03976,C03358,P03113,29399051.8,22308523.96,USD,2025-05-19,Default,False
T03977,C01531,P03072,3333686.45,4101227.63,USD,2024-11-06,Active,True
T03978,C06666,P04955,37294663.72,3544020.23,USD,2020-05-24,Active,False
T03979,C00368,P09585,27528554.67,22211456.0,USD,2024-09-05,Default,True
T03980,C00777,P02536,43761904.25,14448921.04,NOK,2020-03-21,Closed,True
T03981,C04605,P01338,12972441.94,9722231.07,EUR,2024-03-17,Active,True
T03982,C02477,P03399,17358406.47,4027935.07,USD,2022-09-01,Closed,False
T03983,C06768,P07414,28727821.06,19415818.39,USD,2021-08-27,Default,False
T03984,C03040,P05703,15489145.71,19306859.53,USD,2020-03-25,Active,True
T03985,C07317,P02300,48302826.86,4872410.98,NOK,2025-08-08,Active,False
T03986,C00505,P02743,4119527.08,15459303.36,EUR,2022-12-02,Active,False
T03987,C05793,P07657,21756898.58,18344054.9,USD,2024-07-20,Default,False
T03988,C09502,P08296,13957835.91,3733177.27,NOK,2025-03-24,Default,False
T03989,C04349,P08263,27015952.76,20503067.19,USD,2023-05-15,Active,True
T03990,C09945,P05804,47829133.45,14884743.14,EUR,2021-03-03,Default,True
T03991,C06623,P03900,24152919.57,7012984.64,EUR,2020-09-23,Closed,True
T03992,C09347,P02957,12080033.6,17725063.7,USD,2020-08-04,Closed,False
T03993,C04538,P02331,34541972.91,11930539.88,NOK,2021-10-02,Active,True
T03994,C04807,P02155,28845197.8,18070741.77,USD,2023-07-30,Closed,True
T03995,C09000,P09731,10469289.13,11852373.36,NOK,2020-03-21,Default,True
T03996,C00131,P05626,34639259.8,12673780.05,NOK,2023-07-05,Active,True
T03997,C02683,P09832,36458118.4,5682741.77,NOK,2024-02-29,Closed,True
T03998,C03360,P05644,5318754.33,22896154.28,NOK,2024-08-31,Default,False
T03999,C05826,P08039,8315701.77,5759620.02,EUR,2021-06-17,Default,True
T04000,C08566,P02681,48228450.9,10002497.3,EUR,2020-12-31,Closed,True
T04001,C05420,P06876,1074034.28,1551840.7,NOK,2024-01-10,Active,True
T04002,C03249,P07629,20505327.72,1556682.66,USD,2024-02-13,Closed,False
T04003,C08312,P07809,44131119.05,20917514.26,EUR,2020-11-09,Closed,True
T04004,C08418,P07238,40395018.07,10165231.98,EUR,2020-09-19,Closed,True
T04005,C01921,P02655,29798109.93,533440.34,EUR,2020-02-23,Default,True
T04006,C09032,P04507,7425507.68,6377537.56,NOK,2020-07-07,Default,True
T04007,C07990,P03632,28942560.1,22049340.56,EUR,2025-10-31,Closed,True
T04008,C08216,P01342,9714270.16,16342602.13,USD,2021-05-29,Closed,False
T04009,C00447,P07314,3158171.34,10168022.97,USD,2024-04-02,Active,True
T04010,C05579,P04143,46627716.11,16552808.37,USD,2020-08-29,Closed,False
T04011,C03503,P04297,2490336.85,15715739.46,NOK,2023-08-18,Default,True
T04012,C01193,P00006,19001395.83,6329181.19,EUR,2022-06-12,Default,True
T04013,C04438,P02205,48666733.37,8202498.75,USD,2021-05-21,Default,True
T04014,C06927,P05967,10908673.92,22641205.81,EUR,2022-01-14,Default,True
T04015,C05138,P07885,39489292.61,5142422.29,EUR,2025-01-14,Active,False
T04016,C00826,P00936,33296916.36,5888694.76,USD,2024-11-17,Default,True
T04017,C03272,P05054,42526277.76,15623631.97,NOK,2022-09-28,Closed,True
T04018,C02583,P05588,12101613.34,18966254.59,NOK,2022-11-09,Closed,True
T04019,C08602,P09379,48387283.99,6585307.38,USD,2023-03-27,Default,False
T04020,C07642,P03906,20591996.4,1587375.91,EUR,2021-06-04,Active,True
T04021,C06007,P01907,32308761.87,5250239.74,USD,2021-04-28,Closed,False
T04022,C05791,P03218,13915509.3,23452039.36,NOK,2022-05-10,Active,False
T04023,C09931,P05642,34583212.87,19421536.89,NOK,2020-02-17,Default,False
T04024,C02217,P01468,21975843.19,6293503.02,EUR,2023-11-21,Closed,True
T04025,C05120,P09982,26781212.45,23493568.81,EUR,2022-09-04,Closed,True
T04026,C06265,P00791,22656456.87,10612328.63,EUR,2025-09-08,Default,False
T04027,C07062,P02102,43136812.72,7948700.17,NOK,2020-06-18,Closed,False
T04028,C04703,P09314,13847135.81,15859103.74,NOK,2021-01-02,Default,True
T04029,C04041,P01115,47102914.37,936501.82,NOK,2024-05-13,Closed,False
T04030,C03085,P03087,8632205.54,18842301.92,EUR,2024-07-22,Default,False
T04031,C04682,P06854,5954072.08,9049944.94,EUR,2023-05-24,Closed,True
T04032,C01464,P09023,4552365.59,6634198.69,NOK,2023-01-10,Closed,False
T04033,C06071,P00853,45557631.12,5596709.66,USD,2021-03-10,Closed,False
T04034,C02033,P00564,11333902.65,5857053.5,USD,2022-12-09,Default,False
T04035,C07851,P06186,15674422.02,9591871.83,EUR,2025-05-31,Default,True
T04036,C06518,P04814,42242527.53,2031717.75,NOK,2021-04-06,Closed,False
T04037,C03504,P09409,23758339.57,11838901.84,NOK,2023-09-10,Closed,True
T04038,C04412,P07731,3079241.05,20782913.73,NOK,2023-08-03,Active,True
T04039,C09919,P08002,10708293.7,12384160.71,EUR,2022-12-24,Closed,True
T04040,C05379,P06861,15858856.26,23216894.87,EUR,2024-08-28,Active,False
T04041,C02832,P07151,49762249.02,2379274.77,NOK,2020-03-02,Default,True
T04042,C00925,P04492,31698038.11,14887448.59,EUR,2024-02-17,Closed,True
T04043,C06090,P08893,23607077.2,15768812.05,EUR,2020-06-16,Closed,False
T04044,C03722,P01717,45865965.49,5527620.12,USD,2021-07-19,Active,True
T04045,C05626,P07488,43106002.85,18844330.21,USD,2023-04-20,Active,False
T04046,C09402,P07049,1426493.61,13321273.01,USD,2025-04-21,Default,True
T04047,C02082,P03574,22146974.43,1037377.75,EUR,2024-12-24,Closed,True
T04048,C07662,P05808,31855817.27,23929427.33,USD,2020-10-23,Closed,True
T04049,C03513,P09552,47906711.57,2295866.93,NOK,2024-04-30,Default,False
T04050,C08817,P05941,9698714.24,15084708.27,USD,2020-04-06,Active,False
T04051,C02909,P04564,36044294.23,16986578.72,EUR,2023-12-02,Active,False
T04052,C01219,P07856,8791152.51,11680591.67,USD,2025-07-15,Default,True
T04053,C06726,P05048,44080366.57,19267366.29,NOK,2024-03-10,Active,False
T04054,C03409,P01969,8439713.01,14655209.64,USD,2023-07-13,Closed,True
T04055,C02032,P06721,45698993.82,16439020.91,EUR,2024-11-03,Closed,True
T04056,C06335,P02374,13685713.93,11757592.57,USD,2020-07-14,Closed,True
T04057,C06142,P00955,26603502.92,14105685.59,EUR,2024-11-14,Default,True
T04058,C02663,P00341,29371752.55,12874802.9,USD,2022-11-29,Closed,False
T04059,C05709,P04251,25550369.7,23528183.65,NOK,2022-10-12,Active,True
T04060,C05025,P04047,29010725.87,6600876.35,NOK,2022-12-16,Active,True
T04061,C08307,P04596,8140634.64,12875280.91,USD,2023-10-22,Closed,True
T04062,C03564,P05206,5805139.3,7569167.11,USD,2025-05-27,Default,False
T04063,C09199,P03649,26091159.0,18674472.55,USD,2024-03-06,Default,True
T04064,C08792,P00169,21985355.95,19038556.84,EUR,2022-09-29,Closed,True
T04065,C05711,P01375,13542751.55,16142327.81,NOK,2022-09-22,Closed,True
T04066,C06999,P07163,3872226.83,1604984.09,NOK,2021-04-08,Default,False
T04067,C09444,P04841,15649712.73,3037118.98,NOK,2020-08-29,Closed,False
T04068,C05159,P07489,49431899.34,9594260.17,USD,2020-10-31,Closed,True
T04069,C02145,P09230,31598334.35,6751317.5,EUR,2021-03-02,Default,True
T04070,C09309,P00763,41561382.72,19097625.68,USD,2024-03-18,Closed,False
T04071,C01275,P06430,18901911.77,13658286.05,USD,2022-03-28,Active,True
T04072,C02873,P06213,33900255.44,10692883.74,EUR,2020-10-09,Closed,False
T04073,C08003,P06536,45252917.2,11883302.37,EUR,2020-01-23,Default,False
T04074,C02573,P00181,2645816.04,4500823.54,EUR,2020-08-27,Closed,False
T04075,C09747,P08403,36083040.36,18882229.03,NOK,2024-04-30,Active,False
T04076,C08219,P08140,1013215.75,12182162.65,USD,2023-03-29,Active,True
T04077,C04084,P03189,21288964.96,21310994.83,EUR,2025-07-19,Default,False
T04078,C09761,P01329,46657826.6,14507966.66,EUR,2022-12-03,Closed,True
T04079,C04843,P04342,18211342.92,13925795.92,EUR,2025-04-16,Active,False
T04080,C07962,P07708,20539086.18,8715226.63,USD,2021-09-10,Active,False
T04081,C02753,P00312,32263346.73,23804801.38,NOK,2025-04-02,Default,False
T04082,C06152,P02711,42923340.72,21267381.42,NOK,2021-09-15,Closed,True
T04083,C05265,P00660,2692891.42,6222834.88,USD,2020-09-09,Default,True
T04084,C08423,P08435,32844280.72,22686325.02,NOK,2024-09-16,Closed,True
T04085,C01831,P08171,12761596.3,6490516.26,USD,2020-08-17,Active,False
T04086,C04535,P07982,22677217.08,17428509.48,EUR,2024-04-06,Closed,True
T04087,C05274,P02744,34037575.4,15960989.04,USD,2024-01-20,Active,True
T04088,C02571,P07358,21037603.1,20349707.91,NOK,2023-05-13,Default,False
T04089,C08957,P00927,4104267.02,24973136.17,EUR,2020-01-18,Default,True
T04090,C05620,P04008,44249442.52,9739830.81,NOK,2020-10-28,Active,True
T04091,C07571,P02256,13510099.97,17370675.75,USD,2021-08-02,Default,True
T04092,C01135,P00139,25875544.26,24031606.66,USD,2023-05-12,Closed,False
T04093,C03360,P02782,15102673.95,1876973.18,EUR,2024-03-13,Default,True
T04094,C08137,P01414,16731953.73,8399697.67,NOK,2021-12-06,Active,True
T04095,C00438,P06945,19285628.31,8164458.86,EUR,2021-11-05,Active,False
T04096,C00519,P08409,37879543.14,8478934.01,NOK,2025-07-09,Default,True
T04097,C02187,P08515,36702450.98,18478093.16,EUR,2022-06-18,Default,True
T04098,C05298,P09109,28939852.31,3833513.24,EUR,2022-09-11,Default,False
T04099,C05565,P09493,24579887.15,14708320.76,NOK,2024-06-14,Default,False
T04100,C04829,P02342,18266594.82,19212386.26,EUR,2024-05-31,Closed,False
T04101,C09571,P05774,19935191.75,22380909.72,USD,2022-05-13,Closed,False
T04102,C01616,P00358,29598626.84,6925674.29,USD,2024-06-16,Default,True
T04103,C01428,P03453,26379563.36,19396527.91,NOK,2022-05-14,Active,True
T04104,C02874,P02787,20266916.67,13733636.96,USD,2021-12-30,Active,False
T04105,C03650,P08135,14835661.26,8307770.23,USD,2023-06-01,Default,False
T04106,C01389,P02217,14984280.24,23577182.33,USD,2024-05-11,Closed,False
T04107,C06345,P03384,4064089.98,23652645.34,NOK,2025-02-09,Default,False
T04108,C06046,P01978,33899433.68,9306854.22,NOK,2020-05-27,Default,True
T04109,C08337,P05319,48121723.88,7832270.87,USD,2020-12-06,Default,False
T04110,C06358,P00470,36497092.77,15648217.93,EUR,2021-06-01,Active,True
T04111,C04555,P04448,13990050.55,13084131.88,EUR,2024-03-31,Default,False
T04112,C06575,P05751,10462591.96,16537941.28,USD,2024-04-07,Active,False
T04113,C01651,P06680,9651333.73,2202485.27,EUR,2022-02-10,Active,False
T04114,C01613,P00145,33254482.21,24242586.71,EUR,2025-06-06,Active,True
T04115,C01270,P03998,21787774.23,12397364.05,NOK,2024-07-21,Active,True
T04116,C06040,P08562,37992845.83,16633842.72,EUR,2021-10-31,Default,True
T04117,C09251,P05766,42823450.94,7381302.03,EUR,2022-03-06,Closed,False
T04118,C07141,P00383,9704241.51,7429328.57,EUR,2023-08-28,Active,True
T04119,C08949,P02136,8102262.28,9620348.41,USD,2022-08-21,Closed,False
T04120,C03848,P01607,34445292.12,749890.66,NOK,2023-02-06,Default,False
T04121,C03109,P00274,27442768.42,1325243.92,EUR,2020-01-04,Active,True
T04122,C06210,P09436,29435583.64,15777381.15,NOK,2024-03-20,Default,True
T04123,C06478,P01629,19142348.1,13781400.27,EUR,2021-07-21,Default,True
T04124,C08598,P01576,17628584.62,18605126.69,EUR,2022-04-07,Active,False
T04125,C02907,P09975,13000266.1,18097191.34,EUR,2024-07-15,Default,True
T04126,C00880,P04426,13919630.89,12989538.28,NOK,2022-12-12,Active,True
T04127,C06389,P00858,12356763.16,20829495.07,NOK,2024-08-14,Closed,True
T04128,C04566,P06596,43951397.22,19993840.15,EUR,2020-12-09,Active,True
T04129,C08745,P01241,39538139.83,6308637.85,USD,2020-10-25,Active,True
T04130,C06494,P06135,29163135.22,20285766.09,NOK,2022-12-31,Closed,True
T04131,C04737,P08537,45079487.52,22424213.11,NOK,2024-04-22,Default,True
T04132,C01396,P05746,23634927.26,13760974.54,USD,2022-04-03,Default,False
T04133,C04670,P07386,2850646.73,12162120.9,NOK,2022-12-01,Active,False
T04134,C07194,P00509,4796314.65,15224274.19,EUR,2021-01-15,Default,True
T04135,C00592,P02741,24409937.82,2975752.27,NOK,2022-01-23,Active,True
T04136,C00453,P03354,39934409.43,1355649.41,EUR,2025-01-09,Active,True
T04137,C05600,P01966,19137182.01,21762510.57,NOK,2024-08-05,Default,False
T04138,C02659,P08686,3340436.5,5132529.91,USD,2024-09-16,Closed,False
T04139,C04441,P08963,31951400.49,13849387.84,EUR,2024-12-13,Closed,True
T04140,C02894,P00507,31485200.32,19512853.22,USD,2020-06-15,Default,False
T04141,C00122,P06053,31478558.49,7710006.68,EUR,2021-07-05,Closed,False
T04142,C01170,P01075,49693377.63,10517148.11,NOK,2024-07-20,Default,False
T04143,C05692,P01192,18259849.45,17884414.89,NOK,2021-06-15,Default,True
T04144,C09304,P02088,8327373.85,4958711.82,USD,2021-11-21,Closed,True
T04145,C00769,P01404,21350200.7,20282477.76,EUR,2022-05-01,Active,True
T04146,C05875,P05055,6779204.91,10264201.96,USD,2021-01-19,Active,False
T04147,C09662,P06338,4563663.44,16673725.23,USD,2024-04-13,Closed,True
T04148,C06414,P09772,26187899.32,22866826.45,USD,2022-04-29,Closed,True
T04149,C03798,P02707,2899883.99,12614479.2,USD,2022-12-21,Active,False
T04150,C07310,P02561,47907265.31,24316897.62,EUR,2022-05-05,Active,True
T04151,C07521,P06367,1761314.02,7358623.96,NOK,2024-06-09,Closed,False
T04152,C05177,P04924,10168744.71,18919943.08,EUR,2020-04-26,Default,True
T04153,C02528,P08975,1597568.98,16206697.41,EUR,2024-10-10,Closed,True
T04154,C02079,P01459,28979415.28,17987298.1,EUR,2022-07-12,Closed,True
T04155,C01995,P00869,17111702.82,11961194.06,NOK,2020-02-07,Default,True
T04156,C05773,P07637,44602605.15,1663913.99,NOK,2022-09-22,Active,False
T04157,C00233,P04305,1945597.83,1805477.14,NOK,2025-10-26,Active,False
T04158,C07189,P07171,31199150.11,2662583.18,NOK,2024-08-18,Active,False
T04159,C00955,P03028,41315314.57,18743313.04,USD,2024-08-16,Active,False
T04160,C04901,P02618,27931283.38,20534883.54,USD,2021-08-09,Closed,False
T04161,C00246,P09460,39893725.84,10557276.29,EUR,2024-09-05,Active,False
T04162,C01922,P00652,39179615.96,22647824.94,USD,2021-08-19,Closed,True
T04163,C08575,P04858,40682887.07,11957313.52,EUR,2021-05-01,Active,True
T04164,C05664,P04120,19827247.94,5151301.76,NOK,2020-07-20,Default,False
T04165,C01134,P02775,26015827.56,1923975.23,EUR,2025-10-12,Closed,True
T04166,C03975,P04155,42375625.59,10701240.14,EUR,2021-09-28,Active,False
T04167,C02745,P00919,25969967.86,20926496.41,NOK,2020-08-03,Default,True
T04168,C03911,P08782,3445849.98,20162135.13,EUR,2022-07-02,Active,False
T04169,C03501,P00686,47405223.53,20129708.5,EUR,2021-05-16,Default,True
T04170,C00532,P07601,9586661.45,18573092.38,NOK,2021-10-01,Active,False
T04171,C08877,P04796,27004943.56,6337844.66,EUR,2024-07-07,Closed,True
T04172,C03360,P08532,23327769.21,2887536.08,EUR,2023-08-07,Default,True
T04173,C03721,P07541,38901387.58,13796113.51,EUR,2022-10-18,Default,True
T04174,C05170,P08534,30198591.04,7405649.11,NOK,2021-01-03,Default,True
T04175,C06910,P04835,34139125.37,2154012.42,USD,2023-04-29,Default,False
T04176,C06832,P07900,28694369.2,22023167.35,EUR,2023-09-15,Closed,True
T04177,C09463,P05941,18489407.29,12237778.46,USD,2020-02-13,Closed,True
T04178,C03748,P07735,33539586.76,12392604.21,USD,2020-09-30,Default,False
T04179,C09131,P03252,16271708.57,17372965.48,EUR,2025-08-07,Active,False
T04180,C09003,P07151,32918542.99,3535859.88,EUR,2021-04-19,Default,False
T04181,C02627,P03603,6006179.64,2612985.48,USD,2023-11-27,Default,True
T04182,C00415,P06712,2144062.65,23508780.67,USD,2023-03-12,Default,True
T04183,C02431,P03035,31270205.54,20141977.43,NOK,2025-03-04,Active,True
T04184,C02194,P00971,23687254.92,9231597.35,USD,2020-10-20,Active,True
T04185,C08421,P08677,36149287.35,17225347.14,NOK,2020-06-20,Default,False
T04186,C08161,P07279,4309694.71,14438316.26,USD,2022-09-18,Closed,False
T04187,C07215,P01927,33259028.24,19950175.34,USD,2024-01-14,Closed,False
T04188,C05159,P02974,26792497.72,15677784.69,USD,2024-01-09,Default,True
T04189,C09642,P02523,23798838.27,15329216.28,USD,2023-09-21,Active,False
T04190,C01456,P05407,40641946.62,4834958.07,EUR,2020-05-18,Default,False
T04191,C00661,P03578,44182451.06,11571021.51,NOK,2023-02-07,Default,False
T04192,C01593,P04004,19639171.44,2200606.42,USD,2023-09-16,Closed,False
T04193,C01710,P06729,25546280.27,2182069.57,EUR,2024-07-09,Default,False
T04194,C02089,P04151,49128194.61,16874913.33,EUR,2023-03-23,Closed,True
T04195,C01419,P01213,35934301.61,24585271.04,NOK,2025-05-29,Active,True
T04196,C02781,P07669,38713840.19,808390.98,EUR,2024-11-24,Active,False
T04197,C00287,P06191,8807486.88,18426267.75,USD,2023-05-29,Default,False
T04198,C09766,P04533,4390207.94,17338600.78,EUR,2024-12-18,Closed,True
T04199,C05082,P02419,36918481.01,15435736.46,USD,2020-02-16,Closed,True
T04200,C01846,P02486,37594729.93,18858473.27,EUR,2023-07-31,Active,True
T04201,C03057,P03646,26808883.18,19435986.17,USD,2025-07-28,Closed,False
T04202,C08723,P01716,46632296.74,4511171.39,NOK,2023-12-08,Default,True
T04203,C00597,P05646,1284678.95,7187721.87,EUR,2023-05-22,Active,False
T04204,C07383,P00240,17998917.78,12460261.14,EUR,2021-04-12,Closed,False
T04205,C03285,P05652,39518446.11,24339385.8,NOK,2023-02-01,Default,False
T04206,C01201,P07332,10052332.49,11561018.92,USD,2025-07-18,Closed,False
T04207,C05766,P07242,47408601.93,8472100.32,NOK,2023-07-17,Active,True
T04208,C03062,P09364,46127882.46,8860984.87,EUR,2025-04-01,Default,True
T04209,C05743,P07697,27820575.14,14313411.17,NOK,2020-06-22,Closed,False
T04210,C05116,P05608,16568912.71,17107705.82,NOK,2020-07-02,Default,False
T04211,C01082,P06258,47904969.03,2385882.83,NOK,2025-09-28,Active,False
T04212,C05496,P01802,22418897.82,18539130.77,EUR,2023-11-03,Active,False
T04213,C08991,P07654,4705223.97,10199515.85,EUR,2024-12-16,Active,False
T04214,C09863,P03488,16442875.3,5723726.55,EUR,2025-05-30,Closed,True
T04215,C08632,P01104,33509165.17,2660522.0,USD,2024-02-28,Closed,False
T04216,C05087,P09444,41619214.4,12476264.54,EUR,2021-11-03,Default,True
T04217,C01889,P04219,33903621.67,17561300.34,USD,2023-11-13,Default,True
T04218,C09604,P08494,8049864.1,16171506.25,EUR,2023-10-17,Closed,False
T04219,C02171,P06159,5112786.96,17714535.06,USD,2021-05-31,Closed,True
T04220,C08138,P05489,21398217.68,21083782.41,EUR,2022-05-13,Default,False
T04221,C03036,P08563,49265860.79,4759065.81,USD,2020-08-15,Default,True
T04222,C01531,P04422,24028816.4,8277759.64,USD,2021-06-08,Closed,True
T04223,C07220,P06319,21282388.56,15343321.79,NOK,2025-03-14,Closed,False
T04224,C06530,P02596,47340531.72,15479288.63,NOK,2025-01-26,Active,False
T04225,C02589,P03023,32521908.12,12477971.62,USD,2025-03-12,Default,False
T04226,C04717,P07738,23479378.93,18078403.39,EUR,2021-04-06,Closed,False
T04227,C02996,P08955,3062348.51,18729153.44,USD,2021-06-02,Active,True
T04228,C08068,P04438,42251914.02,10040091.51,USD,2024-09-26,Default,True
T04229,C05828,P00385,43644858.96,7384979.35,USD,2023-01-28,Active,False
T04230,C01392,P04977,45506607.3,5711830.56,EUR,2023-01-12,Default,False
T04231,C04466,P05776,37511587.39,7559472.15,NOK,2021-09-07,Closed,False
T04232,C00133,P08485,1418401.04,5580946.43,USD,2021-11-10,Active,False
T04233,C00782,P05316,38573321.41,10296996.08,EUR,2022-06-22,Active,False
T04234,C02328,P00101,46606324.94,9032363.78,NOK,2020-02-29,Closed,True
T04235,C06805,P09675,34037642.19,15418731.42,USD,2023-08-09,Active,False
T04236,C05709,P00936,23147994.99,5496062.67,EUR,2023-03-26,Default,False
T04237,C05908,P08703,5541518.72,15636457.17,EUR,2021-11-04,Closed,True
T04238,C08893,P04708,17757173.21,21838956.95,NOK,2022-10-10,Closed,False
T04239,C02228,P06775,49184884.01,5247952.25,EUR,2025-09-02,Closed,True
T04240,C09297,P09384,33716249.17,12745468.25,NOK,2024-05-26,Active,True
T04241,C06785,P08829,7136795.62,18777617.49,NOK,2025-09-23,Closed,True
T04242,C06320,P04113,38559650.71,4394051.1,EUR,2020-11-07,Closed,False
T04243,C07480,P07773,23724410.03,2044708.96,EUR,2021-09-12,Default,False
T04244,C07116,P09320,30249627.33,14589537.42,NOK,2023-07-22,Closed,True
T04245,C03498,P08283,13540461.16,19445229.08,USD,2023-11-28,Closed,False
T04246,C03578,P03553,2508076.7,12029724.05,USD,2021-04-29,Active,False
T04247,C06800,P03085,22785402.7,12205169.08,EUR,2020-05-17,Closed,True
T04248,C05205,P05592,10328506.32,8502102.53,EUR,2025-01-26,Default,False
T04249,C07151,P03480,49281479.23,4603922.15,NOK,2022-12-31,Active,False
T04250,C07953,P09671,47553651.88,16837168.98,NOK,2023-10-03,Closed,True
T04251,C06562,P07101,42364611.29,15240422.66,USD,2022-03-15,Default,True
T04252,C00532,P09320,25295754.46,15295637.4,USD,2024-03-18,Default,True
T04253,C00968,P03191,10729020.91,11016605.95,EUR,2023-05-04,Closed,True
T04254,C06589,P07291,45115863.79,16491290.89,NOK,2023-03-23,Default,False
T04255,C01899,P06591,13443198.61,790896.66,USD,2021-04-13,Closed,False
T04256,C06292,P07333,42404722.4,9118484.73,NOK,2023-05-21,Default,True
T04257,C00376,P03319,10518488.65,8981104.8,EUR,2025-08-10,Default,True
T04258,C05133,P03375,28952896.11,15143397.36,USD,2023-02-06,Default,True
T04259,C02517,P04852,40748803.92,6209773.38,NOK,2021-01-11,Active,True
T04260,C06385,P08327,7325098.01,8781828.35,USD,2023-03-31,Active,False
T04261,C08251,P00069,33047438.31,22590804.12,NOK,2020-07-13,Default,True
T04262,C00846,P02997,22015568.09,6201019.29,NOK,2021-01-28,Closed,True
T04263,C04324,P00825,12949126.18,12091581.13,NOK,2025-03-26,Default,True
T04264,C04673,P05877,39785259.02,579574.11,NOK,2024-05-07,Closed,True
T04265,C02790,P06549,30575720.04,11667600.57,EUR,2023-07-29,Active,False
T04266,C05209,P07363,27593096.57,1324791.64,NOK,2021-11-19,Default,True
T04267,C07501,P09729,29180352.95,14855382.36,USD,2024-04-21,Closed,True
T04268,C07865,P00292,20318757.3,7919623.0,NOK,2025-07-09,Closed,False
T04269,C09436,P09693,33094518.24,9429251.98,USD,2021-09-09,Default,False
T04270,C08812,P00614,24571933.54,7065712.67,NOK,2025-01-19,Active,True
T04271,C03985,P07380,34396932.73,1341877.53,EUR,2024-09-08,Closed,False
T04272,C05671,P06254,46762526.68,3537032.18,EUR,2022-01-28,Active,False
T04273,C05147,P05492,1893654.3,8522980.55,NOK,2021-10-11,Default,True
T04274,C00204,P01062,15305114.3,11166101.54,NOK,2020-10-02,Closed,True
T04275,C04323,P02869,39005266.23,12939836.27,USD,2023-10-31,Closed,False
T04276,C09920,P07111,31336859.82,3231762.34,EUR,2022-06-20,Closed,True
T04277,C08721,P09600,32589219.35,9270215.67,EUR,2025-10-08,Closed,False
T04278,C01398,P06301,1167634.62,21085938.98,EUR,2022-08-07,Closed,True
T04279,C05767,P04240,49213146.61,8076501.22,NOK,2022-07-14,Active,False
T04280,C04760,P01225,6939939.42,4910972.01,EUR,2025-05-05,Active,True
T04281,C00819,P03995,14305289.17,17149718.63,NOK,2025-09-17,Closed,False
T04282,C01088,P04690,40822232.56,8541602.59,USD,2020-10-10,Closed,True
T04283,C06535,P09278,16495005.01,12605435.53,USD,2025-07-06,Closed,True
T04284,C03496,P08026,26473961.51,17090254.81,NOK,2020-09-24,Active,True
T04285,C05152,P09601,11656417.55,24034102.37,NOK,2021-07-24,Closed,False
T04286,C00095,P00010,33542689.43,20900637.69,USD,2020-10-28,Active,True
T04287,C00605,P00567,45386123.26,20567528.28,USD,2025-08-01,Active,True
T04288,C03846,P01383,36422981.18,18820579.94,EUR,2025-01-09,Closed,False
T04289,C07801,P09178,30778465.6,7511131.7,NOK,2023-11-13,Default,False
T04290,C06997,P05387,38281048.54,22107736.76,EUR,2020-05-31,Active,True
T04291,C02614,P01676,47044907.98,19964882.48,NOK,2020-12-27,Active,False
T04292,C05493,P09797,11953813.97,18997245.98,EUR,2024-04-03,Closed,False
T04293,C02319,P05767,15988378.82,4437624.26,EUR,2024-12-23,Closed,True
T04294,C03125,P04246,25977130.98,3618462.69,EUR,2020-07-04,Default,False
T04295,C06086,P07038,36704948.19,9153255.93,USD,2024-10-12,Closed,True
T04296,C07278,P00495,47216585.66,644117.14,USD,2021-12-05,Default,True
T04297,C04873,P04776,8551251.06,11935385.4,USD,2024-11-08,Closed,True
T04298,C01574,P02451,49732110.59,7460998.78,USD,2025-06-23,Active,True
T04299,C09272,P06790,14281041.82,7233912.97,NOK,2021-08-06,Closed,False
T04300,C08943,P06946,22208137.96,17439800.91,USD,2023-09-12,Closed,True
T04301,C00275,P04832,19030770.38,6066618.12,USD,2021-01-01,Active,True
T04302,C02967,P05362,39477476.24,7756573.9,EUR,2024-12-09,Closed,True
T04303,C07172,P09356,19033586.18,14423623.54,EUR,2022-07-31,Active,False
T04304,C06541,P09780,31251662.33,11243281.24,EUR,2024-05-22,Active,False
T04305,C01812,P04094,41137295.92,3643264.34,NOK,2021-01-25,Active,False
T04306,C09197,P00550,10359972.97,5726443.14,EUR,2020-04-12,Default,False
T04307,C07381,P04778,5830204.8,13074857.1,EUR,2024-04-27,Closed,True
T04308,C08583,P09608,44131600.07,3026151.46,EUR,2025-07-09,Active,False
T04309,C07739,P03794,9302982.9,17834254.36,USD,2022-06-02,Active,False
T04310,C06999,P02564,16720938.9,16566923.93,NOK,2024-06-10,Active,False
T04311,C03686,P05646,37478018.13,16743032.92,EUR,2024-05-25,Default,False
T04312,C07584,P08482,46413212.3,13279741.16,EUR,2023-05-31,Active,False
T04313,C08714,P03271,3034290.59,7538646.85,USD,2022-12-16,Default,True
T04314,C06751,P02772,49936496.17,9021100.09,EUR,2022-09-26,Default,False
T04315,C05543,P03361,38385670.36,3106107.73,EUR,2025-01-23,Default,True
T04316,C02419,P01840,19805355.33,5333272.95,NOK,2022-01-31,Active,False
T04317,C01315,P07636,38240550.53,23168976.65,NOK,2025-09-15,Default,False
T04318,C04601,P03715,30186152.54,15686698.46,USD,2021-06-12,Active,False
T04319,C00405,P03949,29114393.57,6661390.11,NOK,2021-11-28,Active,False
T04320,C04957,P04881,1722112.33,11054581.75,EUR,2022-04-04,Closed,False
T04321,C03095,P02693,3405325.39,16882829.39,EUR,2025-02-28,Active,True
T04322,C01223,P01778,30228567.83,9307059.88,EUR,2022-02-15,Default,True
T04323,C06873,P05716,39696964.78,11593289.88,EUR,2021-02-03,Default,False
T04324,C04961,P07175,32455399.69,8894302.17,NOK,2021-01-07,Active,True
T04325,C02438,P09019,27081073.59,3034429.86,EUR,2022-10-28,Closed,True
T04326,C00629,P02495,37310157.6,21501566.83,NOK,2020-01-11,Default,True
T04327,C00709,P02857,47797906.68,15015257.98,NOK,2020-10-15,Active,False
T04328,C00802,P00774,36857747.08,1347182.19,NOK,2020-10-05,Closed,False
T04329,C06351,P07011,6719179.04,19774120.7,EUR,2022-01-07,Active,True
T04330,C01571,P00757,14761937.95,17751615.9,USD,2022-08-16,Active,True
T04331,C05552,P09964,15932656.08,22649261.26,USD,2025-08-17,Default,False
T04332,C09424,P08332,14281351.39,21285961.22,EUR,2021-09-06,Closed,False
T04333,C05898,P02231,46976100.45,19777091.09,NOK,2020-10-15,Default,True
T04334,C02647,P04892,19251391.93,4813187.21,USD,2024-03-16,Active,True
T04335,C08504,P07533,37716990.97,6515776.67,EUR,2024-07-04,Active,False
T04336,C01995,P05988,39325091.29,14899565.43,NOK,2022-01-24,Closed,False
T04337,C07092,P09934,14567507.44,2798004.24,NOK,2024-02-15,Closed,True
T04338,C03150,P01955,43254554.73,24792876.45,EUR,2024-05-25,Active,True
T04339,C00313,P04115,2794395.38,5669306.14,USD,2020-05-10,Active,False
T04340,C07343,P00505,5521455.14,3237832.27,EUR,2025-09-24,Active,True
T04341,C09786,P08775,24095668.31,13176343.1,NOK,2020-06-03,Default,False
T04342,C09260,P06244,45081863.04,8181715.39,EUR,2022-11-22,Active,False
T04343,C03731,P09590,36830205.23,908009.02,USD,2025-03-23,Closed,False
T04344,C02072,P09627,19568560.2,5501456.5,NOK,2024-04-18,Closed,False
T04345,C01500,P06740,4166321.32,15374710.53,NOK,2020-11-18,Default,True
T04346,C08958,P03768,2582075.41,19430968.25,NOK,2025-03-19,Closed,False
T04347,C01715,P00616,19057901.9,23170784.59,USD,2024-02-11,Active,False
T04348,C01481,P05665,46108778.63,21473602.82,USD,2025-03-21,Closed,False
T04349,C04637,P04683,19209861.32,17702964.9,USD,2020-09-25,Closed,True
T04350,C01921,P06574,30936102.85,24086684.71,NOK,2024-02-07,Default,True
T04351,C00214,P09492,24470261.56,699869.91,NOK,2021-12-24,Active,False
T04352,C00611,P01115,15379976.92,2858590.17,NOK,2024-11-16,Closed,True
T04353,C01362,P00031,16506327.41,10774059.7,USD,2022-01-20,Default,True
T04354,C07042,P09599,35975321.92,7096031.14,NOK,2020-10-25,Active,False
T04355,C02725,P09703,10205880.82,2461943.67,EUR,2023-02-10,Default,False
T04356,C05466,P08069,26904949.43,23973764.85,USD,2023-02-16,Default,False
T04357,C04824,P05191,23551222.69,15930223.84,NOK,2021-01-23,Default,True
T04358,C02584,P08000,2972931.02,9917867.51,NOK,2022-02-28,Closed,True
T04359,C06121,P01182,32586720.84,8107433.7,NOK,2020-01-28,Closed,False
T04360,C02390,P06124,35971629.46,24527461.04,NOK,2022-03-29,Default,True
T04361,C08541,P08377,43486950.79,2927013.79,NOK,2023-10-13,Active,True
T04362,C05472,P07589,13752526.67,7576193.65,USD,2024-01-06,Default,True
T04363,C09176,P01618,44289290.8,4005212.78,NOK,2021-03-07,Active,True
T04364,C03827,P06551,36638622.58,6953250.17,NOK,2023-06-03,Active,True
T04365,C05124,P08919,25087088.43,14275752.01,EUR,2024-03-08,Closed,False
T04366,C02516,P09338,36561771.29,18358734.62,EUR,2025-03-28,Default,True
T04367,C00186,P00127,47822169.82,2969174.73,USD,2022-09-25,Closed,True
T04368,C03775,P00154,21854748.02,9818700.21,EUR,2025-07-18,Default,True
T04369,C03557,P08171,18531940.21,21891609.92,NOK,2020-09-20,Active,False
T04370,C08256,P09471,4345351.84,11810004.36,NOK,2025-01-17,Active,False
T04371,C01033,P01227,29491589.99,13362516.7,USD,2020-10-11,Closed,True
T04372,C00559,P02643,3919525.59,22871593.36,EUR,2021-11-26,Closed,True
T04373,C00430,P00942,46393930.69,11317780.92,EUR,2020-08-08,Active,True
T04374,C01133,P06417,29612323.53,4132657.75,EUR,2023-06-30,Active,False
T04375,C05015,P06125,2227366.55,3624034.78,USD,2021-06-26,Closed,True
T04376,C02368,P06610,7073078.84,9966103.63,NOK,2025-07-06,Closed,False
T04377,C09742,P05846,12610157.46,21930828.95,USD,2025-05-24,Active,True
T04378,C05087,P01770,2023727.82,24101515.99,NOK,2021-07-30,Active,True
T04379,C03138,P08342,25667432.82,24331507.36,EUR,2021-03-07,Closed,False
T04380,C00741,P08419,29618499.11,14985092.23,USD,2023-06-25,Active,True
T04381,C00707,P02657,25059415.69,16818945.56,NOK,2022-02-04,Default,True
T04382,C05596,P02665,42658365.39,15614235.23,USD,2022-11-26,Active,True
T04383,C09001,P09161,11941048.88,13456040.16,USD,2024-10-01,Active,True
T04384,C06347,P00327,14621529.08,5541102.2,USD,2021-05-31,Active,True
T04385,C08947,P04221,21925618.66,17512318.21,EUR,2022-06-01,Default,True
T04386,C06603,P07883,26781706.17,13630968.41,EUR,2022-09-13,Default,False
T04387,C01967,P01779,43617056.2,5503010.43,EUR,2021-02-21,Closed,False
T04388,C04753,P01154,34236868.19,15653023.76,USD,2024-01-04,Active,False
T04389,C05376,P03055,43142486.94,1074071.9,EUR,2025-07-08,Default,True
T04390,C06632,P08557,14552739.87,13285892.05,NOK,2024-03-21,Active,True
T04391,C08988,P01851,36253519.61,4624567.39,NOK,2022-02-05,Default,True
T04392,C03459,P04536,8055565.33,19858932.12,EUR,2023-03-02,Closed,False
T04393,C01744,P06062,13702956.51,3681592.46,NOK,2020-12-09,Default,True
T04394,C05853,P01010,7670722.53,11396284.96,EUR,2021-08-23,Active,True
T04395,C09576,P07508,20447901.17,11812592.11,EUR,2023-08-09,Default,True
T04396,C08666,P09554,39441203.68,9998389.05,NOK,2025-09-08,Active,False
T04397,C03318,P01576,21524907.24,3343924.92,USD,2024-04-29,Active,False
T04398,C08097,P04317,1757261.91,16954536.1,NOK,2022-12-03,Closed,True
T04399,C05359,P05007,2256216.86,781698.86,NOK,2024-03-01,Closed,True
T04400,C00774,P04228,28421422.65,21731306.14,USD,2020-04-15,Default,False
T04401,C04779,P06603,44842923.18,23991363.63,NOK,2024-08-13,Closed,True
T04402,C00198,P01566,11807252.72,3515918.98,EUR,2021-07-03,Active,True
T04403,C03367,P04159,9772924.45,3476933.03,EUR,2023-07-02,Closed,True
T04404,C05687,P09462,39649857.43,14675804.19,NOK,2020-01-08,Default,False
T04405,C02830,P07566,45835329.49,13734809.29,USD,2025-08-17,Active,False
T04406,C03651,P06010,23305131.79,15766631.78,EUR,2021-06-17,Active,True
T04407,C02429,P02898,26084202.36,24490498.14,EUR,2021-09-08,Closed,True
T04408,C02627,P04956,5508392.53,8135275.57,NOK,2023-01-25,Closed,True
T04409,C00602,P01463,6598031.63,742213.09,USD,2022-01-22,Default,True
T04410,C00391,P01072,17338598.32,18623256.77,NOK,2024-02-12,Active,False
T04411,C06781,P05097,1648306.14,14429224.19,NOK,2020-08-30,Active,False
T04412,C04082,P07994,44182909.66,6110441.0,USD,2021-09-20,Default,False
T04413,C01901,P08884,45706493.09,10496976.95,EUR,2021-04-06,Closed,True
T04414,C01901,P00078,16624668.06,24475432.14,NOK,2023-10-28,Default,False
T04415,C09921,P09547,43281913.69,16023598.38,NOK,2022-12-08,Closed,True
T04416,C05879,P09341,24687821.01,8035962.83,USD,2023-08-16,Default,False
T04417,C07988,P04888,25238970.47,23421060.4,NOK,2020-04-09,Default,True
T04418,C06222,P02875,34452416.0,17597501.78,USD,2022-02-24,Default,False
T04419,C00983,P02357,48877877.23,11135861.58,USD,2024-05-26,Default,True
T04420,C01159,P08598,6020669.03,9701022.49,EUR,2022-05-06,Active,False
T04421,C03402,P06989,13828438.64,18487080.95,USD,2024-11-26,Active,False
T04422,C08441,P02552,28278835.78,6594025.21,EUR,2020-05-26,Default,False
T04423,C01359,P03120,11016375.91,11855889.76,USD,2024-09-18,Active,False
T04424,C00458,P01442,47804810.5,21754486.92,USD,2024-05-28,Active,True
T04425,C05860,P06483,40129588.35,7618609.49,USD,2021-12-27,Default,False
T04426,C08654,P04115,43756745.68,4285692.92,NOK,2024-09-25,Closed,True
T04427,C04482,P02297,5534953.25,14504023.89,EUR,2020-03-04,Closed,True
T04428,C04244,P06253,43963067.83,19598154.51,USD,2023-08-17,Closed,True
T04429,C06464,P09108,45205743.46,3246216.12,EUR,2023-05-26,Closed,False
T04430,C05454,P07799,14961993.16,6642771.73,NOK,2022-07-22,Default,True
T04431,C09453,P08765,17825229.03,3283867.8,USD,2025-03-22,Closed,True
T04432,C04431,P02137,14022231.62,8874892.34,EUR,2021-02-04,Default,False
T04433,C09056,P04303,15402524.79,12179253.42,EUR,2020-08-25,Active,True
T04434,C09063,P02578,38324284.83,11331134.08,EUR,2022-08-19,Default,False
T04435,C03869,P05415,26653510.29,21867024.12,NOK,2025-02-23,Active,True
T04436,C08403,P02344,19148942.37,13717253.46,USD,2022-12-16,Closed,False
T04437,C04573,P07889,8033475.44,4912646.26,NOK,2022-01-30,Closed,False
T04438,C01080,P09814,27204921.19,21488019.88,USD,2022-09-09,Closed,True
T04439,C09995,P01103,16213723.42,17455145.88,USD,2022-02-05,Default,True
T04440,C06131,P01414,12560886.05,8713478.89,NOK,2025-07-16,Default,True
T04441,C02824,P01719,16623383.21,11751486.08,EUR,2022-01-05,Active,False
T04442,C08843,P02431,48795316.02,2500909.95,EUR,2022-03-08,Default,False
T04443,C01504,P04268,18233344.49,24055680.2,USD,2021-05-31,Active,False
T04444,C08466,P02263,9895808.27,11175519.15,EUR,2024-11-04,Active,False
T04445,C03795,P08624,26733592.33,6549635.63,USD,2024-07-28,Active,True
T04446,C06388,P00136,16526545.24,11705609.87,EUR,2024-08-04,Active,False
T04447,C05183,P02734,7791073.51,8640379.82,NOK,2020-09-05,Active,True
T04448,C01226,P02961,44463461.22,21359529.8,USD,2025-08-16,Default,False
T04449,C09472,P03221,14689756.74,2118424.75,USD,2023-02-24,Default,False
T04450,C01374,P00759,23846039.07,22392030.6,NOK,2022-06-04,Closed,False
T04451,C03635,P02460,44701342.11,15760120.46,EUR,2024-06-01,Closed,False
T04452,C09817,P08532,28796264.72,19876201.11,NOK,2023-10-04,Active,True
T04453,C04840,P08422,18857255.05,7071201.44,EUR,2020-02-23,Default,True
T04454,C03141,P07788,30704993.47,20599006.29,NOK,2025-02-19,Active,True
T04455,C01259,P00702,43294332.5,13796767.77,NOK,2021-04-26,Default,False
T04456,C06119,P01524,44791032.41,1888947.02,EUR,2022-12-05,Default,True
T04457,C02022,P06442,38346030.41,24645629.81,EUR,2023-07-07,Closed,True
T04458,C03051,P00322,40203862.58,12054563.13,NOK,2024-06-29,Active,True
T04459,C09655,P02792,19879131.4,23032826.19,EUR,2021-05-07,Default,False
T04460,C08721,P00002,46130479.15,24356385.41,NOK,2024-05-16,Default,True
T04461,C03922,P07090,3376573.59,21385730.01,EUR,2024-02-09,Active,True
T04462,C00831,P06685,15244159.18,10705908.89,EUR,2022-08-06,Closed,True
T04463,C02585,P06441,26715787.0,1721356.72,NOK,2022-11-05,Closed,False
T04464,C02308,P03900,10595440.0,17689353.41,EUR,2020-02-18,Closed,True
T04465,C03722,P00014,10307296.3,17657075.24,USD,2021-03-13,Default,False
T04466,C09794,P06636,19661002.36,2171424.13,EUR,2024-04-18,Active,False
T04467,C09273,P02839,6180110.16,674494.19,EUR,2023-05-06,Default,True
T04468,C08483,P00979,5683660.48,9944441.3,NOK,2020-02-02,Active,True
T04469,C09970,P00339,27814156.15,1658277.17,EUR,2021-06-12,Default,True
T04470,C08160,P00141,30401211.47,11483924.27,NOK,2024-02-11,Active,False
T04471,C04096,P04356,49560214.6,1024863.2,EUR,2020-02-06,Active,True
T04472,C08051,P02820,34965577.3,18191182.06,EUR,2022-10-03,Default,False
T04473,C08411,P03681,7528324.04,18087063.16,EUR,2023-03-04,Closed,False
T04474,C00370,P06706,37705486.56,16403566.13,EUR,2020-03-22,Closed,False
T04475,C06563,P04332,7545744.55,24789955.14,EUR,2022-09-04,Active,True
T04476,C01131,P01834,47183079.41,14255924.07,EUR,2025-07-12,Default,True
T04477,C02719,P04903,25846993.73,12536767.23,USD,2023-03-27,Default,False
T04478,C07725,P00643,21302015.2,11875634.19,USD,2020-11-10,Closed,False
T04479,C08147,P09090,34281481.25,2028362.6,NOK,2021-07-29,Active,False
T04480,C03086,P05671,19627445.33,1110611.81,USD,2023-12-06,Default,True
T04481,C07865,P02462,45828084.98,15074511.08,USD,2022-02-03,Closed,True
T04482,C05988,P06364,6978462.01,16314713.3,EUR,2024-01-02,Active,False
T04483,C08372,P07653,37508448.26,18191907.03,USD,2025-09-05,Default,False
T04484,C06370,P01929,37021801.1,2102383.76,EUR,2023-07-10,Active,True
T04485,C02505,P00118,45931646.44,21923659.04,USD,2022-12-12,Default,True
T04486,C07505,P00947,18387695.01,20549636.72,EUR,2021-10-17,Closed,True
T04487,C02752,P07105,39632812.84,14862256.07,NOK,2022-05-20,Active,False
T04488,C08039,P01760,24126626.23,21115024.26,NOK,2022-01-23,Closed,True
T04489,C01135,P09291,37642336.98,18290767.15,NOK,2021-05-30,Default,False
T04490,C05474,P00301,27792814.3,15228466.67,NOK,2021-07-24,Closed,True
T04491,C00796,P02514,47752843.68,20993246.59,NOK,2023-10-15,Active,False
T04492,C07048,P06751,19109057.22,24392804.35,USD,2025-01-16,Closed,False
T04493,C07443,P06020,27917675.2,19290631.99,EUR,2022-03-12,Closed,True
T04494,C05963,P08706,26055103.57,24742610.15,NOK,2022-10-30,Closed,False
T04495,C01155,P03975,42226760.33,22008535.43,EUR,2022-04-19,Default,True
T04496,C03026,P05678,42132685.71,8302141.85,NOK,2024-06-18,Active,True
T04497,C00929,P05203,3620905.12,19968116.59,EUR,2024-08-14,Default,True
T04498,C03017,P08912,33431357.32,4166829.78,USD,2020-07-31,Closed,False
T04499,C07608,P02902,13988778.48,17544892.82,USD,2020-05-08,Closed,True
T04500,C04303,P08931,2524308.17,9121198.42,USD,2023-04-16,Active,True
T04501,C02255,P03639,47369225.19,14902044.52,NOK,2024-03-14,Default,True
T04502,C08557,P02651,18541883.3,24165711.94,USD,2024-05-27,Default,True
T04503,C08347,P05068,34351684.05,17371032.13,NOK,2024-06-22,Active,True
T04504,C09551,P08843,21944712.96,11817990.44,EUR,2024-03-14,Active,False
T04505,C07729,P08962,42667729.98,22406077.16,EUR,2021-05-25,Closed,True
T04506,C05174,P01566,1504315.3,13744191.13,USD,2020-09-08,Closed,False
T04507,C08862,P09604,15836403.86,21826350.47,EUR,2023-11-04,Closed,False
T04508,C09290,P08493,46052655.26,19285716.53,NOK,2020-03-05,Active,True
T04509,C05062,P06590,8480111.89,7447106.95,EUR,2024-01-09,Closed,False
T04510,C08624,P07065,10067792.98,2458809.92,NOK,2022-02-13,Closed,True
T04511,C06451,P07982,6431252.92,22873871.6,NOK,2022-08-20,Closed,True
T04512,C08282,P07614,5518632.25,18815586.16,EUR,2024-09-26,Default,True
T04513,C02641,P00987,39884422.05,24130323.26,USD,2022-05-19,Closed,True
T04514,C08763,P08051,49231598.73,23591297.15,NOK,2024-11-04,Active,False
T04515,C03568,P07560,33860694.66,15911261.04,NOK,2025-01-02,Closed,True
T04516,C03024,P03246,25555176.18,7153134.56,NOK,2020-04-28,Active,True
T04517,C06045,P00167,35542083.35,24858125.22,USD,2024-08-01,Active,False
T04518,C06621,P08845,33531746.18,8516482.48,USD,2024-12-31,Closed,False
T04519,C01727,P08773,33218753.03,20493968.39,EUR,2023-04-16,Active,False
T04520,C06609,P05358,28857878.2,15367278.8,USD,2023-02-14,Active,True
T04521,C03033,P04211,25665389.06,20347438.9,USD,2020-01-28,Active,False
T04522,C03118,P07165,49646251.34,19242533.87,EUR,2020-05-12,Closed,True
T04523,C09599,P06614,29759185.52,5757745.25,EUR,2025-10-05,Default,True
T04524,C04515,P08235,48732202.99,4000903.72,NOK,2022-12-17,Default,True
T04525,C01560,P06278,23926744.71,1006428.32,EUR,2025-06-08,Closed,True
T04526,C07057,P03851,23924306.76,15933012.68,USD,2023-07-13,Active,False
T04527,C04154,P00398,44960246.23,5801520.45,USD,2025-01-14,Closed,True
T04528,C07804,P09055,26819626.74,17757868.51,EUR,2021-12-18,Active,False
T04529,C09946,P03753,20414565.95,20959222.89,USD,2025-05-06,Active,True
T04530,C05939,P09013,16729767.76,3263010.49,USD,2020-02-04,Closed,False
T04531,C09549,P04896,31061484.18,20787013.33,USD,2023-03-31,Active,True
T04532,C04967,P02089,32433190.07,1168643.2,EUR,2025-03-27,Default,True
T04533,C04226,P01255,49805245.58,14609488.12,EUR,2023-09-02,Active,False
T04534,C04814,P00419,45685017.85,1092122.99,EUR,2022-04-16,Default,True
T04535,C08681,P08928,44624592.0,9606071.8,USD,2023-01-28,Active,False
T04536,C03652,P06496,41737513.41,14086870.37,USD,2024-09-17,Closed,True
T04537,C03910,P03984,24172672.28,23157038.52,USD,2021-01-28,Closed,False
T04538,C04913,P05049,31398614.32,21739686.78,NOK,2023-05-25,Default,False
T04539,C04608,P02349,23038114.26,23805618.81,NOK,2021-09-11,Closed,True
T04540,C01480,P05743,38246677.51,18979913.62,EUR,2025-10-25,Active,False
T04541,C00089,P09703,45702434.63,19328482.51,EUR,2025-03-31,Default,False
T04542,C03759,P09356,16550608.26,2170154.63,USD,2021-01-30,Closed,True
T04543,C03137,P08342,3021702.75,8001349.04,NOK,2022-03-30,Closed,True
T04544,C04011,P01883,22687518.26,16402273.5,EUR,2021-03-04,Closed,True
T04545,C03976,P00584,43258610.01,1753508.48,USD,2021-07-12,Active,False
T04546,C01672,P08599,8129166.76,4807368.05,NOK,2022-03-31,Closed,True
T04547,C01124,P08359,33591940.41,7491334.39,USD,2022-12-04,Active,False
T04548,C04673,P05084,42773920.99,16349672.08,EUR,2020-08-29,Closed,False
T04549,C08145,P04961,24099931.55,13781334.91,NOK,2022-07-31,Active,False
T04550,C05006,P08895,5651254.34,22991559.51,NOK,2022-09-29,Closed,False
T04551,C07369,P01039,31789268.72,21805774.72,NOK,2025-03-18,Active,False
T04552,C03987,P03972,39839198.82,18891721.96,NOK,2022-10-24,Default,True
T04553,C01791,P08673,24252038.65,14383654.45,USD,2025-06-07,Closed,False
T04554,C09991,P04334,48237712.54,4370106.5,NOK,2023-08-20,Default,True
T04555,C09456,P05305,39200305.41,22679253.26,USD,2023-08-28,Closed,False
T04556,C02963,P06621,28231940.99,14018188.96,NOK,2022-03-12,Active,True
T04557,C08472,P01400,18087635.17,5741693.25,EUR,2023-07-19,Default,True
T04558,C02061,P02721,47043964.91,11177982.01,EUR,2022-05-25,Closed,True
T04559,C07641,P01451,12832289.18,3297391.25,USD,2021-10-23,Closed,True
T04560,C04554,P07262,37586481.34,19747977.05,EUR,2022-08-08,Active,True
T04561,C08424,P08782,37303736.29,7215058.56,EUR,2023-10-31,Default,False
T04562,C05380,P07787,38593212.49,21592202.92,EUR,2020-12-26,Active,False
T04563,C02248,P07226,2588975.5,15922459.59,NOK,2022-12-28,Closed,False
T04564,C09047,P04536,2160529.12,7802148.36,NOK,2024-05-21,Active,True
T04565,C08864,P08129,3953125.75,17969505.05,NOK,2023-04-15,Closed,True
T04566,C06786,P02683,16762179.42,6100694.44,EUR,2023-06-26,Default,False
T04567,C09984,P06804,15829572.23,12141054.23,USD,2022-05-11,Default,False
T04568,C01729,P08009,46894828.53,7999399.65,EUR,2022-04-06,Default,False
T04569,C05443,P06289,26712431.71,1690873.76,EUR,2022-11-04,Default,False
T04570,C03791,P03967,43939058.38,21522255.67,NOK,2024-02-04,Closed,True
T04571,C02047,P01478,35955674.39,4742667.13,USD,2025-09-29,Default,False
T04572,C03869,P06023,24591524.57,3610786.84,USD,2022-03-28,Default,False
T04573,C08896,P05122,12177341.67,5933783.12,EUR,2021-05-19,Closed,True
T04574,C01889,P01667,27325395.67,13870740.38,EUR,2024-04-26,Active,True
T04575,C07149,P09258,24520736.93,1090034.79,USD,2021-10-06,Active,False
T04576,C06768,P04125,37925803.45,2230079.4,USD,2025-04-08,Closed,False
T04577,C08021,P00601,1452082.75,15541921.41,USD,2022-01-27,Active,False
T04578,C04707,P05170,9194352.48,18969316.93,NOK,2023-11-04,Default,False
T04579,C01288,P08173,21449401.16,24335099.25,USD,2020-01-04,Default,False
T04580,C03602,P09160,32326744.03,14072700.37,EUR,2025-01-20,Default,True
T04581,C09588,P00939,9857906.96,1192149.81,EUR,2024-01-22,Closed,True
T04582,C08696,P06270,40587530.5,12247092.11,NOK,2020-03-14,Default,False
T04583,C01281,P03504,13494163.87,13282182.6,EUR,2025-04-01,Active,True
T04584,C00227,P04153,36244792.8,17871570.9,EUR,2023-10-13,Default,False
T04585,C06809,P09224,2020204.29,7173834.85,EUR,2021-04-12,Active,False
T04586,C00270,P01062,23096442.08,14786785.86,NOK,2020-09-12,Default,True
T04587,C02102,P07343,2383099.98,18019358.48,USD,2022-09-06,Closed,True
T04588,C09878,P05721,37511423.64,20739953.94,EUR,2023-12-24,Active,True
T04589,C03223,P04035,18963691.15,12420429.56,NOK,2025-04-22,Closed,True
T04590,C01815,P00443,45458953.75,6693964.66,NOK,2022-08-28,Default,False
T04591,C06190,P02310,15635044.28,24983857.71,NOK,2024-11-19,Active,True
T04592,C00631,P00470,23027887.32,18082715.03,NOK,2021-06-13,Closed,True
T04593,C06054,P01446,32496755.44,2922519.23,NOK,2025-03-08,Default,False
T04594,C08782,P08986,14883067.27,8316146.17,EUR,2020-07-24,Default,True
T04595,C04768,P06648,2055688.33,20606955.3,USD,2022-01-04,Default,True
T04596,C00930,P04555,7240481.24,15795832.66,EUR,2022-08-12,Closed,True
T04597,C00818,P08283,19853625.51,5898682.42,NOK,2021-05-28,Active,True
T04598,C00083,P05929,41918974.94,7031386.59,USD,2023-09-18,Default,False
T04599,C06056,P03166,13991879.3,22634771.19,NOK,2022-11-30,Default,False
T04600,C06512,P08548,25516812.29,10838457.93,NOK,2024-03-07,Default,False
T04601,C08149,P07185,44910182.15,6658411.25,NOK,2021-07-27,Closed,True
T04602,C04912,P01262,43326587.01,23907587.5,NOK,2021-09-28,Default,True
T04603,C04580,P03307,46779362.98,18274103.57,EUR,2025-06-08,Default,True
T04604,C02355,P07044,43056945.82,21086576.43,EUR,2021-04-07,Default,False
T04605,C02885,P04892,1275677.81,6934547.16,USD,2022-04-23,Active,False
T04606,C02284,P04761,40569905.63,11683436.4,USD,2024-02-06,Default,False
T04607,C05530,P01521,3568902.76,3866086.3,EUR,2023-07-18,Closed,True
T04608,C01935,P01265,36375902.08,16953659.57,EUR,2022-01-30,Closed,True
T04609,C00535,P09564,20932875.13,18121090.4,EUR,2021-09-22,Active,True
T04610,C01403,P09762,7982831.04,5997949.1,EUR,2022-06-08,Closed,True
T04611,C02374,P04366,44746736.2,19628052.05,EUR,2021-01-11,Closed,False
T04612,C08341,P01257,47984093.13,7600057.96,USD,2023-09-28,Default,False
T04613,C09525,P05524,29478160.77,9396012.65,EUR,2021-01-18,Default,False
T04614,C08432,P05505,6898210.31,1699449.88,EUR,2021-10-17,Default,False
T04615,C01974,P09792,5066307.96,5032648.75,EUR,2023-07-09,Closed,False
T04616,C06811,P02224,4510246.12,17519101.91,NOK,2023-12-01,Default,True
T04617,C06689,P06918,5562035.29,19093469.56,NOK,2022-07-27,Closed,False
T04618,C04143,P05669,15792334.66,8678313.83,USD,2020-03-03,Default,False
T04619,C04474,P03208,40006727.28,9962713.63,USD,2021-02-16,Active,True
T04620,C04729,P01611,21731633.98,17160586.5,EUR,2021-11-28,Default,True
T04621,C00547,P08766,9768808.04,24449186.89,EUR,2021-03-26,Active,False
T04622,C08686,P00239,11784176.68,11889368.38,EUR,2024-04-12,Active,False
T04623,C00391,P08549,14050006.2,16838271.69,NOK,2025-10-03,Default,False
T04624,C09926,P05764,17917906.09,8430778.0,NOK,2024-09-08,Default,True
T04625,C01706,P00845,46610776.22,19303955.23,USD,2024-06-26,Active,False
T04626,C03596,P07549,17708221.37,678004.43,USD,2023-07-23,Active,True
T04627,C05559,P08855,39669399.24,11465854.96,EUR,2025-08-07,Default,True
T04628,C03569,P00820,30660667.29,7083464.52,NOK,2024-03-26,Default,True
T04629,C08008,P06825,42712024.72,8238565.97,EUR,2021-10-02,Default,True
T04630,C08469,P07773,11054267.01,22465788.4,NOK,2025-10-15,Closed,True
T04631,C07437,P01950,3787707.37,22755128.78,EUR,2025-07-19,Active,False
T04632,C03520,P07005,34607681.57,18488990.66,USD,2020-06-03,Active,True
T04633,C03938,P05926,2939365.66,8471650.5,NOK,2022-07-27,Closed,True
T04634,C05987,P03136,10118059.11,13096338.35,EUR,2021-01-01,Active,False
T04635,C02455,P03256,13435998.33,6399417.2,USD,2025-09-08,Default,False
T04636,C04477,P07629,47821708.37,521048.19,USD,2021-05-12,Active,False
T04637,C09433,P09807,25702350.03,16135122.37,USD,2020-10-03,Default,False
T04638,C00486,P05395,36614244.03,8090237.2,USD,2025-09-23,Default,True
T04639,C01903,P02400,17149521.46,21442610.15,EUR,2022-07-12,Active,True
T04640,C01578,P04536,29954337.9,1942238.93,USD,2022-05-01,Active,False
T04641,C04257,P08851,22845738.52,12359639.07,EUR,2022-02-17,Default,False
T04642,C03501,P07963,48933234.91,12559972.73,USD,2023-04-13,Default,False
T04643,C06075,P08945,26133367.28,23939194.02,EUR,2025-05-19,Closed,False
T04644,C00113,P03104,32493403.46,18761243.23,USD,2020-10-10,Default,True
T04645,C08815,P08832,39211444.24,6952373.5,EUR,2024-11-23,Default,True
T04646,C08518,P04993,14545644.97,3308399.12,USD,2025-02-22,Closed,False
T04647,C04848,P01310,42228091.7,2621587.01,EUR,2022-08-30,Closed,True
T04648,C04422,P06021,45310581.85,20449540.83,NOK,2023-06-17,Closed,False
T04649,C08698,P02613,12785318.79,15243703.06,USD,2024-01-06,Default,True
T04650,C04786,P03630,28866158.41,2458678.02,NOK,2022-12-20,Closed,True
T04651,C00210,P04447,12568656.11,5739664.83,USD,2024-03-04,Default,True
T04652,C02695,P08764,15911076.99,16133429.57,USD,2023-03-12,Closed,True
T04653,C04066,P07335,49633445.72,10521418.23,NOK,2023-09-12,Closed,True
T04654,C05651,P08074,4721737.36,19746895.8,NOK,2025-09-24,Closed,False
T04655,C07617,P03042,2151353.79,20495107.9,USD,2024-11-05,Closed,False
T04656,C07882,P00252,19937622.09,13069266.99,EUR,2020-09-03,Default,False
T04657,C08079,P02358,48832416.2,2909927.05,NOK,2021-06-05,Closed,True
T04658,C04388,P02796,32536434.49,20356543.56,NOK,2020-09-24,Default,False
T04659,C00587,P04855,5623743.6,21341997.59,USD,2022-12-18,Active,False
T04660,C06614,P03427,27087227.72,10387412.05,NOK,2024-02-11,Default,True
T04661,C02475,P06931,40334076.12,21436742.12,USD,2025-05-11,Default,True
T04662,C04309,P02222,2987826.36,20932116.17,USD,2022-02-28,Default,True
T04663,C07204,P08268,17688219.17,14887886.76,NOK,2023-08-02,Active,True
T04664,C00698,P05258,49789500.37,24583231.35,EUR,2024-03-04,Default,False
T04665,C03117,P00094,26067396.68,24799132.22,USD,2025-04-18,Default,True
T04666,C06252,P03985,15637432.28,14499510.1,EUR,2022-11-13,Closed,True
T04667,C08980,P06830,15272861.45,665485.17,USD,2023-12-19,Closed,False
T04668,C07183,P07291,9876841.87,8022470.46,USD,2025-03-06,Default,False
T04669,C06240,P03709,43281761.04,18385609.13,USD,2020-10-12,Closed,False
T04670,C08209,P06660,19563601.99,22528895.54,NOK,2021-11-23,Closed,True
T04671,C00211,P08583,43746337.49,22069221.64,EUR,2022-08-17,Default,False
T04672,C09739,P05644,15103893.31,9204760.25,USD,2022-06-29,Closed,False
T04673,C08504,P09384,25276340.83,7123534.58,EUR,2022-08-24,Closed,False
T04674,C00210,P06076,44223795.41,9087888.79,EUR,2020-01-10,Active,False
T04675,C01600,P06526,30855845.4,11808823.88,EUR,2021-02-07,Active,False
T04676,C00248,P06082,25839457.16,16584086.96,NOK,2020-03-11,Closed,True
T04677,C04301,P08617,31917619.29,20365036.41,NOK,2022-11-06,Closed,False
T04678,C07347,P07956,43646956.77,19556141.45,USD,2022-06-28,Closed,True
T04679,C02452,P06064,15882355.93,5469802.72,NOK,2023-07-22,Default,False
T04680,C07141,P06223,13768829.75,4616986.35,EUR,2020-10-09,Closed,True
T04681,C00785,P04772,38622471.06,16845893.68,NOK,2020-08-04,Closed,False
T04682,C08867,P01273,3881800.86,3847573.45,EUR,2020-10-31,Closed,False
T04683,C07336,P02554,8751913.06,15576564.53,NOK,2023-09-19,Active,True
T04684,C04236,P07469,13216852.08,3208655.73,USD,2024-07-13,Active,False
T04685,C08841,P06162,26332851.65,545779.23,EUR,2024-10-09,Closed,True
T04686,C06252,P00074,2853248.08,11945816.3,EUR,2024-01-31,Active,True
T04687,C06499,P04564,14390369.64,1294019.0,NOK,2020-11-21,Default,True
T04688,C02760,P02911,35934856.61,15133821.81,NOK,2021-06-20,Active,False
T04689,C00398,P05494,7566301.09,1093236.68,EUR,2022-09-17,Closed,True
T04690,C07749,P00173,26356471.44,8093948.09,NOK,2025-06-28,Default,False
T04691,C05407,P03803,31076295.34,3162820.41,USD,2020-01-22,Closed,True
T04692,C03374,P00992,37465398.16,17467250.71,USD,2024-08-23,Closed,False
T04693,C04786,P01813,20393209.5,24143433.53,NOK,2022-12-02,Default,True
T04694,C07465,P00617,17188908.89,5853250.47,EUR,2021-03-31,Default,False
T04695,C04630,P01043,30805975.47,9570498.37,USD,2024-02-22,Active,True
T04696,C09898,P03722,19918114.83,18173591.5,NOK,2021-06-12,Active,True
T04697,C05811,P02371,14987552.48,12487547.66,USD,2025-06-30,Active,False
T04698,C08318,P08648,29186856.78,16273789.5,USD,2021-07-14,Closed,False
T04699,C04890,P03269,47614955.38,12289500.41,NOK,2021-12-11,Closed,False
T04700,C07485,P07350,25833451.28,9960758.04,USD,2024-05-13,Closed,False
T04701,C05783,P02687,31200020.62,22363585.0,USD,2020-06-04,Default,True
T04702,C08740,P02122,35271996.83,23019711.84,NOK,2020-10-31,Active,False
T04703,C06043,P04424,26328358.97,21974820.01,EUR,2023-11-05,Closed,False
T04704,C00389,P05368,27565955.83,17468244.94,USD,2024-07-16,Closed,False
T04705,C07350,P05418,10793569.42,17943585.44,EUR,2021-07-06,Closed,True
T04706,C08527,P07820,40566961.3,12145375.77,USD,2024-11-08,Default,False
T04707,C05291,P00901,24725777.02,7642221.27,EUR,2020-04-04,Active,True
T04708,C02883,P07830,11626731.69,18988378.75,NOK,2024-02-09,Active,True
T04709,C05950,P02011,30714600.26,3172798.88,NOK,2020-06-21,Active,False
T04710,C09046,P06185,32746302.72,5916020.58,NOK,2022-02-16,Closed,False
T04711,C02504,P07397,46071523.32,8084287.16,USD,2024-10-03,Closed,False
T04712,C08002,P05001,15453225.24,19856682.67,USD,2020-08-25,Default,False
T04713,C02962,P05372,34814321.25,22839050.65,USD,2021-01-16,Active,False
T04714,C05217,P08676,11303070.95,14900172.7,NOK,2025-10-08,Closed,True
T04715,C05769,P03241,46264114.65,21007565.14,USD,2020-07-09,Default,False
T04716,C00896,P03655,32280084.78,15060357.08,EUR,2024-05-04,Closed,True
T04717,C06255,P06831,24580565.47,4499938.09,NOK,2021-05-18,Default,False
T04718,C01368,P04748,40620576.82,13979785.2,NOK,2021-02-02,Closed,False
T04719,C01319,P02242,21244215.04,8614318.83,NOK,2021-05-12,Closed,False
T04720,C01479,P04153,44134250.38,3260053.35,USD,2021-07-16,Default,False
T04721,C01355,P06163,21111385.89,4731898.39,EUR,2022-08-12,Default,False
T04722,C03343,P05839,27923256.0,6260908.26,EUR,2021-10-06,Active,True
T04723,C05479,P08608,5028018.44,22642823.24,EUR,2020-01-23,Active,True
T04724,C07217,P03349,42271108.92,13230432.28,EUR,2024-05-22,Default,False
T04725,C03254,P04074,46880279.38,9611288.4,USD,2023-08-29,Default,False
T04726,C00820,P05569,38192443.02,9112839.85,NOK,2022-11-03,Active,False
T04727,C07961,P07365,47758421.64,1477243.17,NOK,2023-04-30,Default,False
T04728,C08191,P02029,16569659.0,12014979.13,NOK,2020-05-26,Default,False
T04729,C08287,P07826,6597066.08,1356965.67,EUR,2024-09-27,Default,True
T04730,C07406,P00043,47606595.78,1766493.04,EUR,2021-07-17,Active,False
T04731,C09723,P04682,14135747.95,11783974.0,USD,2020-02-23,Default,True
T04732,C00340,P03906,11783264.92,19309548.53,USD,2023-05-21,Default,True
T04733,C08932,P02518,22255435.45,13083274.02,NOK,2023-07-29,Default,True
T04734,C02681,P07797,12248195.25,15888745.32,EUR,2020-11-15,Active,False
T04735,C07610,P02988,32116954.7,18682866.28,NOK,2023-05-07,Default,False
T04736,C04975,P02211,35421336.14,16094542.72,NOK,2021-09-14,Default,True
T04737,C06750,P06561,27674649.04,8836446.16,USD,2024-05-25,Closed,False
T04738,C00521,P05116,17735762.14,20807481.56,USD,2022-08-06,Closed,False
T04739,C01288,P07161,18075176.31,3628042.42,EUR,2022-12-20,Active,False
T04740,C08727,P00130,13893399.37,7192568.57,USD,2024-04-27,Active,True
T04741,C04894,P03333,12349616.58,15975647.26,EUR,2025-07-14,Active,True
T04742,C09899,P06602,36157408.41,16946426.05,USD,2023-08-08,Default,False
T04743,C06961,P08762,46088327.55,16215711.27,NOK,2020-07-16,Closed,True
T04744,C06456,P05561,25446049.34,15900400.66,USD,2022-08-11,Default,False
T04745,C02616,P04885,15464563.69,5386418.34,USD,2024-10-25,Active,True
T04746,C03828,P07231,35421757.77,19311332.85,EUR,2025-06-24,Active,False
T04747,C05777,P00762,48241582.18,16572483.24,EUR,2021-09-04,Default,True
T04748,C03061,P04617,12901858.64,19002180.71,USD,2024-04-08,Default,True
T04749,C03649,P09078,26160369.08,22380842.54,NOK,2020-02-26,Closed,True
T04750,C02946,P03712,48283978.38,5787330.79,NOK,2020-04-04,Default,True
T04751,C05394,P08875,16436681.2,4108587.26,NOK,2021-02-12,Default,True
T04752,C01449,P03126,13572491.84,17478226.74,NOK,2020-06-05,Default,False
T04753,C07653,P04495,30522494.84,1414452.13,NOK,2025-09-16,Active,False
T04754,C04438,P05795,23268764.84,5847569.87,USD,2022-04-06,Active,False
T04755,C03027,P08570,5921810.63,10964086.34,EUR,2024-02-17,Default,True
T04756,C06127,P07384,12885321.37,18006135.03,EUR,2023-05-01,Default,True
T04757,C02791,P02594,41778547.34,19757624.02,EUR,2021-05-23,Closed,True
T04758,C04274,P05695,18698882.2,2136524.71,EUR,2020-10-04,Closed,True
T04759,C03053,P08348,22040427.27,19489552.3,EUR,2022-07-10,Active,True
T04760,C06584,P05821,29999360.03,22304209.29,USD,2020-08-28,Default,True
T04761,C01459,P06532,1761544.29,20395275.15,USD,2025-10-09,Active,False
T04762,C03747,P07958,17262983.99,1734881.74,EUR,2022-10-15,Active,False
T04763,C01088,P09290,38255133.04,15783888.87,EUR,2025-08-22,Closed,True
T04764,C08473,P02096,7497485.49,21021015.07,NOK,2023-06-29,Default,False
T04765,C00800,P00400,37664251.26,15298880.79,NOK,2023-04-29,Active,False
T04766,C04972,P03613,28557456.99,10215920.57,USD,2022-06-18,Closed,False
T04767,C00380,P05410,34803550.36,13075303.55,USD,2025-03-20,Active,False
T04768,C08571,P05285,16876330.47,7423143.97,USD,2020-11-20,Default,False
T04769,C01440,P02340,7149169.69,19137737.31,EUR,2023-04-29,Default,False
T04770,C01314,P04569,28567772.38,19042237.91,EUR,2021-12-03,Closed,True
T04771,C03204,P00571,13938680.48,17593459.27,USD,2024-12-13,Closed,True
T04772,C07144,P06657,38252437.22,5374748.86,NOK,2020-06-22,Default,True
T04773,C09291,P02226,6214536.36,7524275.32,USD,2023-12-27,Closed,False
T04774,C00155,P02406,14426627.84,3266697.52,NOK,2021-06-05,Closed,True
T04775,C07548,P06968,15627172.2,13144528.74,NOK,2021-07-09,Default,False
T04776,C08245,P04482,1057566.81,16820351.1,NOK,2025-06-02,Default,True
T04777,C08079,P04073,7220408.81,19693096.61,EUR,2021-06-24,Closed,False
T04778,C01569,P08574,9224990.87,16832213.02,USD,2025-02-03,Active,False
T04779,C09957,P09640,33052078.25,23397123.69,USD,2023-02-19,Closed,True
T04780,C08928,P08260,32065239.3,6878031.47,EUR,2020-09-15,Closed,False
T04781,C03900,P08928,33675878.66,21329508.65,EUR,2021-06-01,Closed,True
T04782,C03529,P00950,49148973.15,4711155.52,USD,2025-02-13,Default,False
T04783,C05285,P06690,3728463.51,5664758.71,EUR,2020-02-07,Default,False
T04784,C03342,P01449,27374352.19,13436027.66,USD,2022-06-01,Active,False
T04785,C05577,P02107,16195982.84,19246018.52,USD,2024-05-26,Active,True
T04786,C09341,P05013,5414427.47,12911255.33,EUR,2021-03-05,Closed,True
T04787,C08026,P00538,20702071.62,12396096.51,NOK,2024-10-30,Default,True
T04788,C00115,P08835,14960546.27,21723193.95,EUR,2022-10-15,Default,False
T04789,C05555,P01194,31364182.3,6229052.28,USD,2024-04-14,Closed,True
T04790,C05775,P00067,36605488.87,4557302.08,NOK,2024-02-20,Default,True
T04791,C05988,P08002,40252709.68,13595506.6,USD,2020-07-14,Default,True
T04792,C03192,P05265,29550726.38,11206019.49,NOK,2025-05-02,Closed,False
T04793,C00018,P07099,22880921.55,4895721.63,USD,2022-12-12,Default,False
T04794,C02722,P08942,29909563.52,3840244.17,NOK,2024-07-12,Default,True
T04795,C01877,P01532,44809003.48,14733442.3,EUR,2025-04-27,Active,False
T04796,C01382,P08092,32638479.26,9412197.36,USD,2022-01-23,Closed,False
T04797,C09570,P02054,38379193.77,14598260.98,EUR,2025-10-22,Default,True
T04798,C01337,P05774,41197641.33,14933112.33,USD,2024-08-04,Active,False
T04799,C08472,P00878,32438436.62,10718001.77,NOK,2023-11-10,Closed,True
T04800,C00306,P09585,20622846.01,24211355.41,EUR,2024-11-07,Closed,False
T04801,C07308,P03162,11756900.33,11473508.28,USD,2024-02-21,Active,False
T04802,C03851,P00006,36812603.78,5417201.28,NOK,2022-02-17,Closed,False
T04803,C05914,P07346,4538426.38,19260914.41,EUR,2021-04-02,Closed,True
T04804,C04866,P08760,31760372.24,20388277.72,EUR,2023-01-28,Closed,False
T04805,C04210,P02747,40897013.34,11776230.79,USD,2024-07-28,Default,False
T04806,C07616,P00038,17362810.98,21545207.56,USD,2024-04-22,Default,False
T04807,C04347,P05292,38615042.98,23150855.36,NOK,2022-01-06,Closed,False
T04808,C02827,P03030,34339005.24,10930178.48,NOK,2023-05-15,Closed,False
T04809,C03250,P04176,30257162.89,8984867.7,USD,2021-04-07,Active,False
T04810,C00700,P05094,19854447.88,6304300.75,NOK,2024-03-21,Default,True
T04811,C02024,P00996,31794253.99,24812210.54,EUR,2025-06-13,Active,True
T04812,C03138,P03056,40862497.45,14531805.48,NOK,2020-09-18,Closed,False
T04813,C08133,P02028,37798078.45,6199892.77,USD,2023-08-27,Closed,False
T04814,C09768,P05359,23232367.67,22105987.36,NOK,2025-04-06,Active,True
T04815,C01046,P04784,33402448.33,20355786.31,EUR,2021-08-24,Closed,False
T04816,C04289,P04389,44271910.93,2592473.27,NOK,2025-10-22,Active,False
T04817,C03213,P04238,24812472.68,918636.91,USD,2023-08-19,Closed,False
T04818,C01475,P02562,14981338.8,4870611.32,NOK,2024-08-23,Closed,True
T04819,C08504,P08120,4876656.3,988815.74,EUR,2020-01-16,Closed,False
T04820,C07630,P02238,16036512.06,2537395.59,EUR,2021-02-24,Default,True
T04821,C08912,P06258,40200837.45,21852168.46,NOK,2023-09-27,Active,False
T04822,C09051,P09979,34611289.06,2526851.78,EUR,2020-09-07,Active,True
T04823,C02008,P09993,33213730.42,6030655.26,USD,2021-03-30,Default,False
T04824,C07562,P08390,12708265.96,1130926.23,NOK,2020-09-28,Active,False
T04825,C03348,P05205,6485742.74,17152528.66,EUR,2025-07-24,Active,False
T04826,C08011,P01772,19149052.15,13994610.31,NOK,2025-06-18,Active,False
T04827,C06388,P03900,18638637.86,15386328.97,NOK,2021-11-29,Closed,True
T04828,C06905,P09968,7548036.54,5599652.67,EUR,2025-01-24,Default,True
T04829,C01163,P00553,41143080.24,21383741.16,NOK,2022-07-19,Closed,True
T04830,C08357,P01789,6955823.32,11084757.72,USD,2022-03-21,Active,True
T04831,C07676,P00130,24435262.8,9290420.59,EUR,2021-07-04,Closed,True
T04832,C04928,P06729,34269296.79,20815816.93,USD,2022-12-05,Default,True
T04833,C03085,P07287,30722793.99,10002692.17,EUR,2023-04-03,Closed,False
T04834,C05295,P06625,36581011.32,10495391.89,EUR,2023-02-05,Active,True
T04835,C02829,P06790,48968599.01,24026097.45,EUR,2021-01-11,Closed,True
T04836,C07365,P01001,17251822.89,1699100.07,USD,2020-02-03,Closed,False
T04837,C02219,P01958,36610038.05,7925500.32,USD,2025-08-07,Default,True
T04838,C06821,P09866,41880700.53,22882456.58,USD,2025-04-02,Default,True
T04839,C08888,P01178,9511504.04,7483417.5,NOK,2024-05-03,Active,True
T04840,C09247,P03784,5625298.89,11806013.57,EUR,2020-07-07,Default,True
T04841,C09640,P08486,4634277.09,6129049.71,USD,2021-02-21,Active,True
T04842,C08807,P00397,6813264.84,23940806.91,NOK,2020-05-20,Closed,False
T04843,C01657,P03994,45853263.9,19787492.45,USD,2023-12-16,Closed,True
T04844,C07611,P03416,16570336.9,13117002.63,USD,2022-12-22,Active,True
T04845,C01858,P04878,37130203.76,615651.57,NOK,2022-02-28,Active,False
T04846,C03995,P01193,7335973.0,7426202.13,USD,2023-07-11,Default,False
T04847,C04806,P06440,10558082.53,3655798.57,NOK,2022-05-17,Closed,True
T04848,C06646,P08044,24539392.13,7737696.19,USD,2021-05-18,Closed,True
T04849,C05883,P02470,1592826.95,15133160.55,NOK,2020-05-13,Active,False
T04850,C07248,P03791,6134303.77,24874973.31,EUR,2022-09-23,Active,False
T04851,C06245,P09465,31861122.51,3344857.07,USD,2025-03-03,Closed,False
T04852,C06249,P04473,12431235.98,21825202.25,EUR,2022-10-23,Closed,False
T04853,C02607,P01043,5173990.62,19507401.63,NOK,2024-11-19,Active,False
T04854,C00363,P06656,20520859.93,17990863.31,EUR,2023-04-24,Active,True
T04855,C07721,P03403,26669500.36,16743369.48,NOK,2025-01-16,Closed,True
T04856,C00555,P02968,11999041.92,10109023.07,EUR,2020-01-05,Closed,True
T04857,C09212,P06956,42470997.73,9007683.0,EUR,2023-09-29,Default,False
T04858,C05011,P07523,43455820.57,7571938.24,USD,2022-04-24,Default,False
T04859,C08193,P08303,36072744.19,24024598.21,NOK,2020-08-15,Default,True
T04860,C01161,P08473,1139961.74,18733580.44,NOK,2020-12-02,Closed,True
T04861,C04770,P01092,33355163.22,18903152.27,NOK,2020-08-31,Closed,True
T04862,C09818,P02776,24384698.09,3013890.59,NOK,2022-07-17,Active,False
T04863,C04763,P07058,17510146.78,12712638.22,USD,2023-04-26,Default,True
T04864,C06101,P07973,35757244.76,3961822.73,USD,2023-05-26,Default,True
T04865,C00362,P05391,36600624.02,4058289.85,EUR,2023-08-01,Closed,True
T04866,C03073,P02796,48418234.7,17406889.75,NOK,2022-11-18,Closed,True
T04867,C00802,P02508,16658620.04,5165467.14,NOK,2024-03-03,Default,True
T04868,C06833,P08831,16430964.07,8517015.34,EUR,2024-11-21,Closed,False
T04869,C05122,P04327,27645311.63,24590872.91,EUR,2025-02-10,Default,False
T04870,C01575,P07962,21445114.21,12626554.06,USD,2022-09-13,Default,False
T04871,C06503,P05670,48010379.54,15794690.67,USD,2023-12-31,Default,True
T04872,C00682,P03076,37456393.63,2830165.88,USD,2021-08-03,Default,False
T04873,C01057,P03484,18747598.66,2806355.83,USD,2021-12-05,Default,True
T04874,C04935,P09183,5810574.78,22193887.72,EUR,2021-09-08,Closed,True
T04875,C03524,P04022,17552084.43,21170059.86,USD,2025-03-02,Closed,False
T04876,C04119,P07599,28997422.21,18523993.02,EUR,2022-01-14,Closed,False
T04877,C01025,P01381,13862232.46,2568188.35,USD,2025-04-27,Closed,False
T04878,C02486,P03992,2369141.57,21837362.07,NOK,2023-05-23,Default,False
T04879,C04167,P04084,31719087.61,5140221.46,EUR,2025-05-30,Closed,True
T04880,C09501,P03700,33279327.31,11345036.19,NOK,2022-08-28,Default,False
T04881,C07098,P09861,9275029.04,3003809.13,USD,2021-03-25,Closed,True
T04882,C09497,P02527,35857373.17,8311034.6,USD,2021-08-31,Closed,True
T04883,C09922,P04603,25880791.59,5611156.21,NOK,2023-11-16,Active,True
T04884,C00896,P07709,28919009.32,16917964.26,USD,2022-10-12,Default,True
T04885,C00814,P04324,46674576.0,19632784.67,EUR,2021-12-27,Closed,True
T04886,C07106,P09414,28814700.61,702897.03,NOK,2022-01-06,Default,True
T04887,C06634,P08604,4542053.98,4577268.37,EUR,2024-07-08,Active,True
T04888,C01433,P08778,7179412.08,4033899.88,EUR,2025-02-03,Closed,False
T04889,C05627,P06026,34723364.12,24137124.97,USD,2025-07-05,Closed,False
T04890,C00155,P01960,32423776.94,1790510.94,NOK,2025-02-04,Default,False
T04891,C02423,P02767,39962849.29,13683178.07,NOK,2020-11-21,Closed,True
T04892,C03290,P07209,35726539.58,11536971.44,NOK,2025-03-20,Closed,True
T04893,C07359,P07007,10265094.11,23294088.37,USD,2022-03-04,Active,True
T04894,C06271,P08761,38314008.56,3870044.9,EUR,2020-11-10,Closed,True
T04895,C06337,P06553,15207522.77,8917855.35,NOK,2023-08-01,Closed,True
T04896,C02995,P08420,43448187.39,5784769.24,USD,2022-09-11,Default,False
T04897,C08945,P02609,15982746.32,19590896.96,NOK,2023-05-02,Active,False
T04898,C09323,P08469,17194346.19,13071654.98,NOK,2020-04-17,Active,False
T04899,C07197,P03808,36011203.93,6455520.6,USD,2020-09-24,Active,False
T04900,C06333,P09714,42952883.08,11618876.24,USD,2020-08-06,Closed,True
T04901,C08362,P05991,30808972.48,5621334.25,EUR,2023-03-26,Default,False
T04902,C06257,P05699,41844366.47,16045207.16,NOK,2024-08-20,Active,True
T04903,C05801,P05763,30989489.22,22290763.98,USD,2022-02-12,Default,False
T04904,C06073,P01788,49303484.78,24793725.71,NOK,2024-01-25,Closed,False
T04905,C05149,P09742,29526227.75,2686562.57,EUR,2022-01-31,Default,True
T04906,C03468,P02430,29700839.88,11342123.16,USD,2021-05-25,Default,True
T04907,C00927,P09104,12624408.01,14441763.5,USD,2023-11-20,Active,False
T04908,C02801,P07526,48751422.02,13921516.99,NOK,2021-01-15,Active,False
T04909,C04826,P05176,36700331.51,20260654.0,USD,2021-12-23,Closed,False
T04910,C02300,P05416,16948452.34,16243613.3,NOK,2022-05-25,Closed,False
T04911,C03896,P00737,34127342.75,18058029.07,USD,2024-06-23,Closed,True
T04912,C08930,P03734,3587348.06,4044082.28,EUR,2022-12-29,Closed,False
T04913,C06933,P06650,12886473.37,14555660.26,USD,2022-11-03,Active,False
T04914,C08080,P03495,22976554.67,20187354.71,EUR,2024-06-08,Closed,True
T04915,C06034,P04207,32153803.06,15190268.43,EUR,2022-12-02,Default,True
T04916,C01808,P07387,34898149.94,21427676.4,NOK,2020-11-16,Closed,False
T04917,C07922,P04062,5173409.58,21275042.01,NOK,2025-02-16,Active,True
T04918,C09458,P05690,22843276.41,21406091.37,USD,2024-03-25,Default,False
T04919,C01632,P07957,30174185.31,22579505.82,EUR,2024-03-17,Default,True
T04920,C08565,P02800,37572900.24,6854103.41,USD,2023-08-25,Default,True
T04921,C05207,P08693,17009349.89,11706549.56,NOK,2023-04-09,Default,False
T04922,C09117,P00635,1250706.61,22938610.73,USD,2023-01-08,Active,False
T04923,C08382,P07913,41236541.46,11216416.77,NOK,2022-07-03,Default,False
T04924,C02677,P08438,27984379.97,13961054.09,USD,2025-06-20,Active,True
T04925,C06052,P04990,1529754.1,20174979.45,EUR,2022-02-25,Active,True
T04926,C01774,P02657,9865289.56,3144734.78,EUR,2023-04-27,Default,True
T04927,C02831,P06845,33989885.76,8355569.01,NOK,2022-07-21,Closed,False
T04928,C05216,P04528,27225993.62,4852765.02,EUR,2025-04-24,Default,True
T04929,C03485,P04818,12898380.63,11012413.97,NOK,2025-07-20,Active,True
T04930,C07736,P01729,38650921.65,24369607.53,EUR,2022-11-01,Default,True
T04931,C00940,P03243,14763953.93,5538862.03,USD,2023-10-09,Default,False
T04932,C04366,P01674,3674878.63,23748590.79,USD,2020-08-27,Closed,False
T04933,C05730,P04750,25325069.41,18130900.31,NOK,2025-10-01,Default,False
T04934,C07631,P08115,23123172.4,861895.74,USD,2025-02-02,Closed,True
T04935,C02961,P06972,38341934.27,23154165.23,NOK,2023-07-02,Active,False
T04936,C07809,P08658,5524171.46,7262947.39,USD,2021-04-26,Active,False
T04937,C06136,P01942,24600635.48,1881296.99,USD,2021-05-04,Closed,True
T04938,C02810,P06474,16805074.88,12794257.58,EUR,2021-12-28,Closed,False
T04939,C08303,P03475,39171560.76,19040280.03,NOK,2021-06-14,Default,False
T04940,C06129,P04939,11397140.76,23663596.06,EUR,2024-09-04,Active,True
T04941,C05246,P01512,46938651.39,23735113.93,NOK,2021-08-21,Default,True
T04942,C05339,P00460,39542057.21,8517483.59,USD,2021-06-19,Closed,True
T04943,C00676,P07164,33383111.14,17347589.27,NOK,2021-03-20,Closed,False
T04944,C04661,P02217,9297118.99,9070916.25,NOK,2023-03-01,Default,False
T04945,C07317,P07141,42692035.79,14965934.65,EUR,2020-06-28,Active,True
T04946,C01120,P05580,23887892.07,3282595.61,EUR,2020-04-30,Closed,True
T04947,C01271,P02277,24402502.98,17817677.01,EUR,2024-06-29,Active,True
T04948,C08783,P05536,1211977.77,10662765.32,USD,2020-05-11,Default,True
T04949,C01832,P04401,7893083.22,11571652.36,USD,2024-04-07,Active,True
T04950,C09372,P06726,24850713.64,20400576.67,NOK,2021-12-26,Active,False
T04951,C01336,P05141,15704512.92,16122870.26,EUR,2023-12-12,Default,True
T04952,C06833,P05888,13347306.6,4591767.4,USD,2022-07-25,Active,False
T04953,C05507,P08013,27109561.55,2116762.47,NOK,2021-11-22,Active,True
T04954,C08977,P05045,34055176.86,9726328.4,EUR,2024-06-13,Default,True
T04955,C06533,P08164,11251878.94,9088827.48,USD,2020-09-27,Active,True
T04956,C07860,P04573,8399717.59,5120424.51,EUR,2023-01-26,Closed,True
T04957,C06207,P00085,19901194.24,21150454.84,NOK,2024-03-29,Default,False
T04958,C05500,P02079,4865668.76,9386943.81,USD,2021-09-06,Default,False
T04959,C05048,P09517,11156572.07,7991823.36,USD,2020-08-20,Active,False
T04960,C05801,P00693,39975481.06,21661635.49,NOK,2025-02-06,Closed,True
T04961,C04256,P09476,10663787.02,639571.86,NOK,2025-09-14,Active,False
T04962,C09441,P06991,1612337.01,9104489.63,NOK,2022-04-02,Closed,False
T04963,C02888,P03147,6202723.43,24128074.89,NOK,2020-06-13,Default,False
T04964,C06870,P02625,9608591.4,12227919.08,EUR,2024-02-24,Active,True
T04965,C05790,P08992,4643393.44,5882946.91,EUR,2021-04-05,Default,True
T04966,C07908,P06138,31926147.73,16803913.91,EUR,2020-01-07,Default,False
T04967,C02481,P06549,28528220.22,22949140.94,USD,2021-06-19,Closed,True
T04968,C01365,P03979,45118680.49,7578562.61,NOK,2023-02-07,Active,True
T04969,C05039,P00950,8379777.59,10272726.11,NOK,2024-01-25,Active,True
T04970,C07743,P04972,38825953.4,16474925.91,USD,2025-07-25,Active,False
T04971,C02007,P00385,35051321.57,13916158.9,NOK,2024-01-10,Default,True
T04972,C05105,P05355,4625572.64,1713517.4,NOK,2021-07-12,Active,True
T04973,C05768,P08115,20490803.2,12317487.21,USD,2023-04-26,Closed,True
T04974,C06380,P08759,44891643.65,13230643.19,EUR,2022-05-05,Active,True
T04975,C04159,P09575,32246323.93,15665358.78,EUR,2022-06-23,Active,False
T04976,C09125,P02133,31087967.67,13065540.85,NOK,2022-05-19,Default,False
T04977,C04750,P03825,15250269.43,13312736.39,EUR,2025-03-01,Closed,True
T04978,C08029,P04282,45566251.15,13454525.38,EUR,2024-08-15,Default,False
T04979,C01113,P05897,4824818.52,5669093.89,USD,2023-09-02,Active,False
T04980,C04146,P09632,3251510.71,19520320.93,EUR,2021-02-11,Active,False
T04981,C01971,P08405,25486861.53,11568221.66,USD,2025-09-03,Closed,False
T04982,C03349,P04246,3425703.3,4551370.97,EUR,2023-08-01,Active,False
T04983,C05852,P09152,23313428.87,15456210.13,USD,2020-06-05,Default,False
T04984,C00778,P00873,46573434.71,18482766.08,NOK,2021-04-13,Active,False
T04985,C07309,P05719,18245070.38,15603208.06,NOK,2022-01-30,Default,True
T04986,C06977,P02175,46830100.77,21571878.5,NOK,2020-03-27,Closed,True
T04987,C02294,P05542,11796119.99,21399230.07,EUR,2022-07-20,Active,True
T04988,C04541,P05582,42380164.11,21210908.64,EUR,2024-07-01,Default,True
T04989,C06887,P08119,20753343.23,23821526.09,USD,2020-02-23,Active,False
T04990,C02377,P07689,29589038.22,8231518.5,NOK,2025-05-27,Active,False
T04991,C00138,P01790,14901045.47,13467350.76,EUR,2021-01-08,Default,False
T04992,C05513,P01925,44542081.75,23311763.25,USD,2024-08-09,Active,True
T04993,C00369,P05860,47898397.97,12505704.19,NOK,2021-11-08,Active,False
T04994,C06297,P07766,40586058.94,15335475.43,EUR,2023-11-23,Active,True
T04995,C03193,P00538,15965347.46,23424575.28,NOK,2023-08-09,Closed,False
T04996,C00052,P05849,7265702.26,14416046.36,NOK,2022-12-15,Closed,True
T04997,C07853,P05354,31683026.19,18510310.34,USD,2021-02-19,Active,True
T04998,C08362,P05290,7184626.12,20523100.42,EUR,2023-01-30,Closed,False
T04999,C05878,P09993,26402169.63,22115389.12,NOK,2020-02-08,Default,False
T05000,C01293,P00955,2585290.86,13219169.88,USD,2024-02-28,Active,False
T05001,C04644,P07817,38979811.02,7962762.92,NOK,2024-04-06,Active,True
T05002,C05792,P08930,27855158.18,16662607.86,USD,2025-08-09,Closed,True
T05003,C09170,P02338,26107888.14,20051107.93,USD,2023-10-31,Default,True
T05004,C08522,P05342,38869655.47,12735838.51,NOK,2025-01-28,Closed,True
T05005,C01348,P00333,25482789.95,21756304.72,EUR,2023-12-17,Active,False
T05006,C00007,P03737,35234125.03,12746525.12,NOK,2021-03-14,Active,False
T05007,C01208,P00248,14448647.18,6075656.77,EUR,2025-01-09,Default,False
T05008,C07639,P01167,38052309.81,12032004.08,EUR,2023-01-07,Default,True
T05009,C04837,P01878,47751404.61,12796077.08,NOK,2021-05-27,Active,False
T05010,C01268,P09418,45532957.1,6341493.68,EUR,2024-08-12,Active,False
T05011,C07021,P06159,29579697.14,1386448.49,USD,2022-07-22,Active,True
T05012,C00497,P08300,47298039.57,24080451.04,EUR,2023-10-13,Closed,True
T05013,C09640,P06772,7475084.58,7404030.07,NOK,2023-03-15,Active,True
T05014,C04925,P04599,46622282.52,7356175.42,EUR,2024-08-03,Active,True
T05015,C01140,P09752,19297556.22,1328470.43,NOK,2021-08-17,Default,False
T05016,C09773,P02294,9724308.44,864892.81,EUR,2025-10-22,Closed,True
T05017,C01961,P05308,34574378.41,7330062.17,USD,2024-01-19,Active,False
T05018,C01681,P05471,28055147.79,551297.87,EUR,2025-03-27,Active,False
T05019,C06768,P04636,38452982.3,21449533.38,NOK,2023-12-21,Closed,False
T05020,C05579,P07822,14540683.78,10648923.37,EUR,2020-06-13,Active,True
T05021,C04297,P02623,44311478.12,17219659.26,USD,2021-08-25,Active,True
T05022,C06088,P09951,42997830.56,20726322.73,USD,2024-01-14,Closed,True
T05023,C07161,P06984,35114483.59,16045544.74,NOK,2022-01-12,Default,True
T05024,C02819,P07207,17983106.14,13833480.18,USD,2021-04-17,Default,False
T05025,C06280,P00535,25211086.23,18384221.72,NOK,2025-01-27,Active,False
T05026,C03062,P07580,8716921.76,23485987.82,USD,2021-04-30,Closed,True
T05027,C06895,P09471,49484110.61,9235728.73,EUR,2024-04-02,Closed,False
T05028,C07339,P04880,38850071.12,21926247.75,USD,2021-05-05,Default,False
T05029,C09063,P02820,1975265.55,21231579.67,NOK,2024-05-06,Default,False
T05030,C02840,P01346,24314994.04,22344225.26,EUR,2024-11-03,Closed,False
T05031,C03008,P03005,44504385.4,16317168.33,NOK,2025-03-17,Default,False
T05032,C09798,P04817,32617060.85,5102402.15,USD,2021-10-18,Default,True
T05033,C07673,P00423,29368266.16,13479436.26,NOK,2021-10-17,Default,True
T05034,C02241,P01228,24055735.89,19183239.64,EUR,2021-09-11,Default,True
T05035,C06860,P08500,30368138.98,22579989.21,EUR,2022-07-01,Closed,False
T05036,C04107,P03316,43586734.52,11019263.12,USD,2024-04-21,Closed,True
T05037,C01573,P03496,21285988.35,7439683.04,EUR,2025-02-24,Active,False
T05038,C08329,P08058,2259457.95,9271506.18,EUR,2020-08-31,Closed,True
T05039,C06685,P05028,24299310.83,12243910.4,EUR,2022-05-19,Default,True
T05040,C01103,P05659,5807392.6,15294799.85,USD,2021-12-31,Closed,False
T05041,C04759,P00282,44123188.09,23019294.83,USD,2025-08-01,Default,False
T05042,C03660,P04046,46073424.99,7991603.44,EUR,2021-10-11,Default,True
T05043,C04522,P07756,18688749.09,11441365.44,NOK,2025-02-25,Closed,True
T05044,C08210,P04911,27943835.89,9872858.32,EUR,2023-11-03,Default,True
T05045,C04314,P02693,8671404.3,4227061.98,USD,2022-08-07,Active,False
T05046,C00960,P02810,48562145.32,1792870.5,NOK,2023-08-22,Active,True
T05047,C01582,P07319,43965389.03,9192274.21,EUR,2024-02-11,Default,False
T05048,C03771,P03570,2609320.73,1136896.8,NOK,2020-10-29,Closed,False
T05049,C02251,P04570,14097607.99,854764.1,NOK,2021-01-26,Active,False
T05050,C00192,P08643,3889668.06,2827577.25,NOK,2024-05-12,Closed,False
T05051,C04415,P08647,12101351.07,15883106.37,EUR,2022-01-20,Closed,True
T05052,C06858,P09554,35891569.3,14119958.3,EUR,2021-03-04,Active,False
T05053,C05701,P00400,28385534.3,16932787.52,USD,2025-03-07,Default,True
T05054,C00121,P03799,3095429.91,5839756.42,NOK,2021-11-13,Closed,False
T05055,C09920,P00469,46884160.49,8878044.77,EUR,2024-12-03,Active,False
T05056,C06852,P01786,22843405.34,6313006.75,USD,2024-07-07,Active,True
T05057,C09468,P07125,12640673.4,16617234.01,NOK,2022-09-12,Active,False
T05058,C05035,P04333,43511199.14,18739095.92,NOK,2025-03-07,Active,True
T05059,C05554,P01346,24468846.21,18466841.86,USD,2022-11-13,Active,False
T05060,C02442,P05345,10281128.55,18930382.38,NOK,2024-12-31,Active,True
T05061,C03457,P09914,19641191.24,19190143.2,USD,2021-10-14,Active,False
T05062,C05201,P02222,14298603.48,19439105.72,EUR,2020-04-21,Active,True
T05063,C06233,P00565,11887074.99,16742782.65,USD,2023-07-07,Default,True
T05064,C01038,P06412,38298401.9,11057110.87,EUR,2024-07-07,Active,False
T05065,C02849,P07751,47545462.77,23309614.32,USD,2021-02-10,Closed,False
T05066,C00804,P09373,21900629.75,1604386.18,USD,2022-07-12,Closed,False
T05067,C06275,P08807,44773700.85,14730526.86,EUR,2024-06-19,Default,True
T05068,C02656,P07558,39962628.52,6607534.16,USD,2025-06-30,Active,True
T05069,C03212,P00463,43744351.61,1447425.19,EUR,2024-11-12,Active,False
T05070,C01198,P00129,46199330.06,16345458.95,NOK,2021-04-29,Active,True
T05071,C07419,P02680,23775331.02,1388831.62,EUR,2020-03-04,Active,False
T05072,C01210,P06115,27300965.24,23833137.22,EUR,2021-06-18,Active,True
T05073,C00382,P00168,27923895.14,10616007.85,EUR,2020-02-12,Default,True
T05074,C00050,P02467,48917382.53,21447757.05,USD,2023-09-23,Active,True
T05075,C06716,P01508,41882653.87,20016205.22,USD,2023-01-29,Closed,True
T05076,C02381,P03972,22610793.14,9987341.66,NOK,2025-08-05,Closed,False
T05077,C03787,P05423,6210843.1,23918963.48,EUR,2022-10-27,Closed,True
T05078,C00706,P02317,32249022.03,21141328.36,USD,2023-09-15,Active,False
T05079,C00551,P03383,13066278.37,20259113.43,USD,2024-08-07,Active,True
T05080,C05911,P01514,35533481.06,10439200.86,USD,2024-04-02,Active,True
T05081,C04531,P05100,2360556.76,13141400.0,USD,2020-02-22,Default,True
T05082,C08711,P08233,2158001.07,21698704.26,NOK,2023-04-07,Active,False
T05083,C03685,P08228,11249749.75,2179213.06,EUR,2023-09-17,Active,True
T05084,C04284,P01789,7496505.46,12725566.93,EUR,2020-03-17,Active,True
T05085,C04129,P02460,7307163.73,17198259.44,EUR,2024-07-13,Closed,True
T05086,C02674,P08019,30131137.47,19469720.44,EUR,2022-09-28,Closed,True
T05087,C07851,P05679,20404091.45,11353928.91,NOK,2022-05-14,Active,True
T05088,C01007,P07088,26375690.48,17892856.02,NOK,2021-08-03,Default,True
T05089,C09494,P02197,35350989.27,21017606.62,NOK,2023-02-09,Active,True
T05090,C05556,P08559,21656508.05,15677440.72,USD,2021-03-22,Default,True
T05091,C02973,P05925,33640652.5,12576920.49,USD,2023-07-11,Active,True
T05092,C08462,P08667,42527284.02,20819552.37,EUR,2024-11-16,Active,False
T05093,C06541,P08652,16938861.51,5253127.53,EUR,2023-07-11,Closed,True
T05094,C04562,P05084,36374237.02,11918549.31,NOK,2024-09-09,Active,False
T05095,C00384,P01821,26361273.73,24796597.72,NOK,2020-01-25,Default,False
T05096,C07498,P07245,11849707.84,4558230.6,USD,2020-10-03,Active,True
T05097,C07444,P05060,24234913.95,8814431.83,EUR,2024-04-13,Closed,False
T05098,C07901,P07705,9682944.82,12826904.66,USD,2020-09-30,Active,True
T05099,C08457,P06535,12231901.71,16066116.27,NOK,2023-05-04,Closed,True
T05100,C00462,P06879,28110918.9,1925137.02,NOK,2024-10-31,Default,True
T05101,C06666,P01462,38784305.33,9738896.0,USD,2025-07-21,Closed,True
T05102,C05626,P00106,33545309.57,6849196.6,USD,2023-02-28,Closed,False
T05103,C04530,P02713,2967264.29,906865.32,NOK,2021-07-26,Active,True
T05104,C02746,P02733,10329402.67,10719865.83,NOK,2025-10-31,Default,False
T05105,C00765,P01038,42439959.31,22974500.01,NOK,2025-01-17,Default,False
T05106,C05650,P09094,40446555.22,917107.9,EUR,2020-03-01,Closed,True
T05107,C07261,P04223,9740346.91,16211585.49,EUR,2025-05-30,Default,True
T05108,C09921,P00580,8735565.49,16046427.4,EUR,2024-05-27,Default,True
T05109,C08233,P06091,36846485.47,15052810.83,NOK,2024-06-20,Closed,True
T05110,C03845,P00462,24432653.98,9988937.63,USD,2024-08-09,Default,False
T05111,C06590,P04298,39503865.89,6077653.75,NOK,2020-01-25,Closed,True
T05112,C01944,P06770,16412677.16,10499225.66,EUR,2025-04-22,Closed,False
T05113,C02745,P02857,11300252.78,15297710.0,USD,2022-03-31,Closed,True
T05114,C08653,P06041,24822336.74,12368076.7,USD,2022-03-19,Closed,True
T05115,C08806,P04826,8304087.51,9445630.13,EUR,2021-04-11,Default,False
T05116,C03609,P09092,49198466.0,4856144.82,EUR,2022-09-20,Closed,False
T05117,C04681,P05834,6647318.35,15281065.11,USD,2024-07-27,Closed,True
T05118,C02542,P08154,48409962.63,2634525.51,NOK,2020-10-26,Active,False
T05119,C08144,P03857,10140383.34,6200714.67,EUR,2020-07-14,Closed,True
T05120,C03634,P08023,44364986.32,4300986.69,EUR,2021-03-25,Active,True
T05121,C05986,P07153,24000316.68,21860898.23,EUR,2025-04-18,Default,True
T05122,C08960,P03413,43393749.81,14538048.32,NOK,2020-06-13,Closed,True
T05123,C06549,P06911,26978374.66,1241953.88,NOK,2021-08-10,Active,False
T05124,C08066,P00595,49908336.42,2798808.14,USD,2025-03-11,Active,True
T05125,C01691,P03089,47746539.85,12637414.33,NOK,2024-08-11,Default,False
T05126,C09446,P08144,47845620.67,23885203.46,NOK,2023-11-05,Default,True
T05127,C02289,P09385,41210224.99,21464903.85,EUR,2021-08-07,Closed,True
T05128,C00840,P07478,27607809.48,23225480.21,EUR,2020-08-23,Active,False
T05129,C08362,P06910,30308102.39,1180599.12,EUR,2020-09-02,Active,False
T05130,C05346,P09880,41446261.43,22575993.88,EUR,2020-08-25,Active,True
T05131,C05143,P05994,32814394.32,1922650.25,EUR,2020-05-18,Default,True
T05132,C06500,P00541,40733351.86,6045984.77,USD,2025-04-24,Active,True
T05133,C08858,P06787,6216668.55,2245490.51,NOK,2021-01-16,Active,False
T05134,C08398,P06145,12076454.73,23580004.86,NOK,2020-03-21,Default,False
T05135,C07242,P02821,37881374.52,16785096.33,NOK,2024-06-28,Active,False
T05136,C08934,P04366,20731201.82,9411782.55,NOK,2023-04-24,Active,False
T05137,C09788,P03461,36561482.76,10239409.58,EUR,2020-03-24,Default,True
T05138,C01511,P08401,38117500.69,4041393.96,EUR,2021-11-26,Default,True
T05139,C02335,P02597,15828764.98,3079426.06,EUR,2023-12-18,Active,True
T05140,C02822,P02827,5935541.99,23406089.48,USD,2025-04-24,Default,True
T05141,C09003,P07920,11472957.59,16347493.81,USD,2020-09-04,Default,True
T05142,C06892,P04511,26271471.36,7464668.41,NOK,2020-01-13,Active,False
T05143,C07082,P03576,23164676.22,9216455.26,EUR,2024-01-31,Active,False
T05144,C07998,P07934,26665909.09,5306424.59,NOK,2024-07-04,Active,True
T05145,C06065,P08121,42900865.99,3826919.35,NOK,2023-06-11,Closed,False
T05146,C03778,P05108,8293260.65,2870537.34,EUR,2020-06-06,Closed,True
T05147,C04109,P09762,21094104.87,1757777.53,USD,2023-01-23,Closed,True
T05148,C00610,P06572,5587335.32,6182376.86,USD,2023-08-06,Default,True
T05149,C08114,P06963,4829094.87,21599406.57,EUR,2024-04-26,Default,False
T05150,C08966,P02373,21215849.73,20521149.26,NOK,2020-09-21,Default,True
T05151,C04171,P00971,17545458.44,11314211.09,NOK,2021-04-04,Default,False
T05152,C04796,P09371,46759988.09,13280431.68,NOK,2024-04-17,Default,True
T05153,C00145,P05392,17093206.05,23261845.55,EUR,2023-06-16,Active,False
T05154,C07663,P05662,27354565.47,21758365.25,USD,2020-04-16,Closed,False
T05155,C08113,P02517,8060938.42,2980049.43,NOK,2024-04-15,Closed,False
T05156,C08651,P02161,4160841.27,2931014.96,NOK,2022-05-06,Closed,True
T05157,C08402,P05952,23424431.62,20141006.35,NOK,2025-07-10,Default,False
T05158,C04650,P09180,33505636.43,19853316.59,NOK,2023-01-29,Closed,True
T05159,C06629,P00142,4267081.78,13673222.73,EUR,2022-07-10,Active,True
T05160,C08733,P02512,10805032.14,13359857.39,USD,2022-10-14,Active,True
T05161,C07321,P04947,4994143.01,1781535.27,USD,2021-08-30,Closed,True
T05162,C01071,P05050,24808391.5,17411915.3,EUR,2021-05-17,Active,True
T05163,C03254,P00170,6762759.47,4218976.7,EUR,2020-03-28,Default,True
T05164,C00865,P00353,24818215.14,20512175.48,EUR,2025-08-04,Active,True
T05165,C07373,P02296,16734233.6,20562494.4,EUR,2023-01-26,Closed,True
T05166,C00555,P08569,30715266.47,8535526.76,USD,2020-02-25,Closed,False
T05167,C05968,P01070,47316974.95,4870944.41,NOK,2022-02-26,Default,False
T05168,C01487,P09443,47126300.09,14365591.5,EUR,2022-10-16,Closed,True
T05169,C02072,P00129,19106042.01,5134530.2,USD,2023-09-25,Active,False
T05170,C07123,P02054,39543064.31,22770727.91,EUR,2021-06-25,Active,True
T05171,C02663,P01764,28824732.46,19705604.37,NOK,2022-04-17,Closed,True
T05172,C01556,P05999,45346043.5,20404010.38,NOK,2020-12-26,Default,False
T05173,C04103,P02746,41162580.08,7501227.47,NOK,2024-12-15,Closed,True
T05174,C09944,P02804,45422096.65,11966834.56,EUR,2025-10-30,Default,False
T05175,C04496,P05317,33659902.06,7900061.92,USD,2021-03-27,Default,True
T05176,C02589,P04858,10442823.8,23111311.0,NOK,2021-11-28,Active,True
T05177,C08644,P02879,23285793.19,7845261.32,EUR,2022-11-20,Active,True
T05178,C02598,P09227,36524648.54,3495747.94,EUR,2022-08-22,Default,False
T05179,C09374,P02674,17756045.77,754168.55,NOK,2023-08-10,Closed,False
T05180,C09327,P04103,46979277.0,11610899.07,USD,2022-05-11,Active,True
T05181,C01145,P05886,31560475.09,7714985.47,NOK,2021-01-26,Default,False
T05182,C02911,P04723,13028231.08,16587045.37,EUR,2025-10-08,Default,False
T05183,C07949,P02600,42145246.93,20443714.94,EUR,2020-08-05,Default,False
T05184,C03078,P01100,8615987.6,11210741.9,NOK,2021-12-28,Active,True
T05185,C07052,P06986,17773335.78,19499985.83,USD,2020-03-24,Default,False
T05186,C01030,P02021,40073509.2,4856623.39,USD,2021-11-30,Closed,True
T05187,C02916,P00687,2181595.51,8718214.71,USD,2023-02-01,Closed,True
T05188,C05060,P03662,20791928.91,7127451.68,NOK,2023-03-25,Active,False
T05189,C07255,P07253,12973389.13,4439379.22,NOK,2020-01-03,Default,True
T05190,C00271,P01289,14870459.75,20277723.04,USD,2022-04-19,Default,True
T05191,C04094,P02156,42502733.56,7936910.07,USD,2021-04-19,Closed,True
T05192,C07034,P08431,39741672.38,17591030.53,EUR,2023-05-11,Closed,False
T05193,C09194,P05059,27357867.98,11217173.46,EUR,2023-06-12,Active,False
T05194,C02056,P07507,46022574.59,13877408.51,USD,2024-12-31,Default,False
T05195,C07494,P08184,25271689.96,21135857.17,USD,2022-10-27,Closed,False
T05196,C04632,P07652,45595179.31,3998467.22,EUR,2020-05-22,Closed,False
T05197,C04732,P05609,18728406.68,3032534.77,EUR,2022-06-25,Active,True
T05198,C03628,P00353,11265522.89,4298742.22,USD,2020-08-29,Closed,True
T05199,C00624,P01234,12617571.94,5856132.3,EUR,2025-05-16,Active,False
T05200,C04966,P07153,23797118.44,2696786.9,EUR,2023-05-18,Active,True
T05201,C00537,P02230,24602728.3,6154198.77,NOK,2022-03-23,Active,False
T05202,C03951,P01799,16945855.52,15809657.64,USD,2024-12-11,Active,False
T05203,C07912,P08212,4846255.23,3877566.82,NOK,2023-04-03,Active,True
T05204,C00715,P07394,41854408.7,14032121.17,EUR,2023-07-31,Active,True
T05205,C03280,P00340,38298356.21,9278014.29,NOK,2021-12-11,Default,False
T05206,C07278,P08515,24667243.88,9571811.36,NOK,2022-11-07,Closed,False
T05207,C04322,P03868,6136638.24,7264857.18,NOK,2023-09-07,Active,False
T05208,C08191,P01159,19334363.04,24727916.97,USD,2025-01-26,Closed,True
T05209,C04409,P02544,2238669.5,1241861.92,USD,2022-03-10,Closed,True
T05210,C03485,P06535,33509311.52,16720211.37,USD,2023-09-22,Default,True
T05211,C02640,P06801,8448479.1,17551804.76,USD,2022-10-15,Closed,False
T05212,C03387,P03501,26368706.6,15554204.87,NOK,2020-03-09,Closed,False
T05213,C09167,P03735,7194322.9,21985211.34,EUR,2021-11-06,Closed,True
T05214,C05056,P01349,3089802.06,24792641.64,EUR,2022-06-19,Default,False
T05215,C01814,P00606,23930110.85,6774706.34,NOK,2022-10-09,Default,False
T05216,C03141,P08043,34915106.16,23320925.88,USD,2024-02-16,Default,True
T05217,C03044,P07406,14607645.37,11815511.35,USD,2021-07-12,Default,False
T05218,C06505,P05330,24965590.13,18307964.74,EUR,2020-12-19,Default,False
T05219,C03120,P03843,23524132.57,24723452.87,EUR,2025-08-29,Closed,True
T05220,C02482,P03004,5273323.08,20043185.81,NOK,2020-04-14,Default,False
T05221,C03348,P04723,3266459.61,8384519.27,USD,2022-08-16,Closed,True
T05222,C04106,P04349,17812472.32,10636029.65,USD,2023-10-29,Default,False
T05223,C00027,P04627,45320702.58,4584332.43,USD,2022-11-07,Active,True
T05224,C00679,P00710,21005162.43,19942161.28,EUR,2025-06-22,Active,False
T05225,C04914,P01253,26195092.94,6592960.66,EUR,2022-12-09,Closed,False
T05226,C04253,P09135,22626755.45,17165153.25,EUR,2024-04-22,Active,False
T05227,C00634,P06359,13580456.98,17837079.14,NOK,2022-03-10,Default,False
T05228,C07816,P09349,40801019.01,4436385.19,NOK,2025-03-24,Default,True
T05229,C03712,P06967,39827732.41,8936728.89,EUR,2021-11-30,Active,False
T05230,C00083,P03536,32621953.47,12942943.22,EUR,2024-06-24,Closed,True
T05231,C08475,P09193,32334074.52,10851278.62,EUR,2021-03-21,Closed,False
T05232,C09790,P01750,36398779.25,15016514.61,EUR,2023-09-17,Active,True
T05233,C04575,P05772,44077806.94,14125668.3,USD,2023-06-20,Closed,False
T05234,C07705,P00625,6432727.24,14440056.18,NOK,2025-01-21,Default,False
T05235,C02752,P02740,49360431.45,5160886.11,NOK,2022-04-21,Default,True
T05236,C00347,P04965,34438683.64,14840695.81,NOK,2025-02-14,Closed,False
T05237,C01907,P02533,10083150.79,22669102.06,NOK,2022-10-27,Default,True
T05238,C04988,P03149,8965778.12,7021633.26,NOK,2020-08-19,Default,True
T05239,C03105,P03763,9723791.51,24428871.44,NOK,2025-05-03,Active,True
T05240,C00761,P08312,47770218.8,7481451.27,EUR,2023-07-07,Active,False
T05241,C04625,P01162,39630372.4,3755019.23,USD,2024-12-13,Closed,False
T05242,C03506,P01503,40412919.61,22791951.67,NOK,2023-02-09,Closed,False
T05243,C01788,P02036,31830779.07,19013637.55,NOK,2021-02-13,Closed,False
T05244,C03975,P01340,13847585.52,13084719.23,EUR,2021-02-28,Closed,False
T05245,C04079,P05712,14908383.27,6300530.47,EUR,2020-01-20,Active,False
T05246,C03740,P04171,21383542.35,6439408.36,EUR,2025-03-09,Closed,True
T05247,C01418,P09181,47171893.39,19494806.3,NOK,2025-01-12,Closed,True
T05248,C06046,P07600,27593948.93,4027799.03,NOK,2024-12-05,Default,True
T05249,C08957,P04682,41890120.4,2351674.22,EUR,2025-05-10,Active,True
T05250,C05983,P06046,42623900.73,21764480.49,EUR,2021-09-22,Default,False
T05251,C03521,P02524,20507431.7,12182131.07,EUR,2020-08-07,Closed,False
T05252,C06433,P01346,30630716.23,979149.61,EUR,2025-01-04,Closed,True
T05253,C06824,P07194,12610352.92,22802441.62,NOK,2024-09-03,Active,False
T05254,C02837,P00802,26972149.65,18264803.62,USD,2022-03-11,Closed,False
T05255,C00432,P00736,14648614.73,4405551.35,EUR,2020-06-13,Closed,False
T05256,C09451,P06752,38418800.83,24063217.57,USD,2021-03-30,Default,False
T05257,C00680,P00741,32656522.63,18026960.02,NOK,2023-05-16,Closed,True
T05258,C08353,P03155,27484865.95,16484729.17,NOK,2023-07-23,Default,True
T05259,C00621,P00443,2882514.97,9372367.07,EUR,2025-05-17,Active,True
T05260,C00065,P01770,2540231.24,8030015.4,EUR,2025-06-16,Closed,False
T05261,C03951,P03486,37318136.7,1827563.78,EUR,2025-04-01,Closed,True
T05262,C03667,P03885,41018255.18,12981059.43,NOK,2021-03-10,Default,True
T05263,C05211,P00023,7604809.95,9006478.71,USD,2022-06-14,Closed,False
T05264,C06884,P01031,47740423.35,14117383.32,EUR,2021-02-16,Active,False
T05265,C08913,P05075,33023065.54,20321379.7,NOK,2024-11-06,Active,True
T05266,C04509,P06993,38655660.49,11980671.94,NOK,2020-03-19,Closed,False
T05267,C06617,P07395,15074711.66,24245441.55,USD,2024-01-22,Default,True
T05268,C06360,P01088,19223805.06,23021054.66,EUR,2023-09-07,Closed,False
T05269,C00143,P05846,4154199.15,21268181.03,USD,2025-01-21,Active,False
T05270,C06569,P06383,36421458.28,13065694.54,NOK,2021-04-22,Default,True
T05271,C03904,P06209,6855942.14,21747641.95,EUR,2021-09-20,Active,False
T05272,C07725,P07882,1540804.51,16899838.3,USD,2021-06-28,Closed,True
T05273,C03131,P09744,44848407.43,7817041.84,USD,2025-01-11,Closed,True
T05274,C08574,P01098,21711983.34,20571597.32,NOK,2020-04-03,Closed,True
T05275,C04360,P05204,33825676.6,5030342.56,USD,2020-04-06,Default,False
T05276,C06868,P08682,32975708.97,11501454.36,USD,2021-11-13,Closed,False
T05277,C01709,P09952,37308169.9,16345236.39,USD,2020-12-11,Active,False
T05278,C08290,P07465,21575999.53,19771438.26,NOK,2020-05-22,Closed,True
T05279,C06816,P05128,1399308.63,9246429.79,USD,2023-03-04,Active,True
T05280,C03303,P06785,23407082.27,7383805.3,EUR,2023-05-30,Active,False
T05281,C00622,P01341,41426163.31,5545193.67,EUR,2020-09-29,Default,True
T05282,C07929,P00451,46244012.99,22829329.37,NOK,2025-06-30,Default,True
T05283,C04646,P05373,4125324.14,1523559.37,NOK,2020-02-19,Default,True
T05284,C05570,P07270,24599955.38,16918814.77,EUR,2022-08-23,Default,True
T05285,C08812,P00999,46637656.68,7889898.39,USD,2023-08-15,Default,False
T05286,C01942,P00156,2343105.6,885178.53,USD,2024-05-30,Default,True
T05287,C02017,P03363,9119798.55,6361594.28,USD,2025-05-16,Active,False
T05288,C06720,P09661,15023138.1,11074967.23,NOK,2023-02-25,Closed,True
T05289,C07434,P04585,18235882.33,21924911.01,USD,2025-03-14,Closed,False
T05290,C04156,P01079,33474610.33,15275781.81,USD,2025-04-05,Default,False
T05291,C06881,P04540,38965121.51,6006165.71,EUR,2021-09-02,Default,True
T05292,C09252,P08115,19805152.88,11807039.52,EUR,2024-07-02,Default,False
T05293,C00040,P06796,1642819.46,7806693.18,NOK,2024-01-15,Closed,True
T05294,C04984,P04660,44452446.89,5090779.26,EUR,2022-12-23,Active,True
T05295,C01714,P04926,18625516.2,15321289.08,EUR,2024-12-08,Closed,False
T05296,C05294,P06201,46808645.72,22161265.35,EUR,2023-09-09,Active,False
T05297,C07200,P03849,20780224.2,5013728.61,USD,2020-07-16,Default,False
T05298,C07104,P00041,49178300.13,17070705.37,NOK,2024-04-20,Closed,False
T05299,C04202,P05304,14341738.96,2468983.24,NOK,2024-11-30,Default,True
T05300,C08659,P02901,28286546.51,7025754.88,NOK,2023-04-30,Closed,False
T05301,C02748,P00997,10826536.78,2070877.18,EUR,2022-03-09,Closed,True
T05302,C08837,P09993,28382732.68,663042.53,EUR,2021-12-01,Active,True
T05303,C02900,P02291,19080817.87,8913011.91,USD,2024-05-07,Closed,False
T05304,C01086,P04371,19786171.42,21402236.27,NOK,2023-01-23,Closed,False
T05305,C02947,P07494,14535230.08,5434059.6,USD,2023-01-14,Closed,False
T05306,C01656,P06008,16709370.05,1948410.98,EUR,2025-02-02,Closed,True
T05307,C09543,P09136,9920781.72,9172145.51,NOK,2020-11-26,Closed,True
T05308,C04336,P03758,46488220.91,24573359.33,EUR,2020-07-11,Default,False
T05309,C05152,P06549,34626853.65,22210224.09,NOK,2020-03-05,Default,True
T05310,C01524,P01023,7654740.65,15422089.97,NOK,2023-07-20,Default,False
T05311,C00719,P09421,8829010.51,17022139.9,EUR,2023-07-27,Active,False
T05312,C08884,P07292,41693788.67,6983108.07,USD,2025-08-05,Default,True
T05313,C05699,P06821,43604648.97,18209523.0,USD,2022-02-23,Active,False
T05314,C08342,P02073,18076073.87,7577088.36,EUR,2025-02-28,Default,False
T05315,C04286,P04445,47349171.86,9543174.22,USD,2025-06-07,Default,False
T05316,C05050,P09642,10098301.09,20716485.59,USD,2020-07-28,Closed,False
T05317,C00669,P02826,19353761.94,8271084.15,EUR,2020-07-26,Closed,True
T05318,C06137,P06812,43908957.26,11669444.77,EUR,2020-01-10,Closed,True
T05319,C09054,P01322,29824051.96,15934158.45,NOK,2023-01-16,Default,False
T05320,C07010,P01235,14008317.31,23410249.79,USD,2023-06-15,Default,False
T05321,C00132,P04558,20064344.92,10729137.71,USD,2023-05-02,Active,True
T05322,C01314,P09343,22322221.26,13291392.92,NOK,2020-09-04,Default,False
T05323,C08518,P08220,40658160.13,1001141.19,EUR,2021-12-07,Default,True
T05324,C00461,P00651,27250001.57,8307418.46,EUR,2025-07-12,Default,True
T05325,C06770,P01990,28909726.42,1659551.95,EUR,2021-01-31,Closed,True
T05326,C00838,P00965,23137331.19,4431190.46,EUR,2023-01-19,Closed,False
T05327,C04207,P04192,7324116.44,4683772.76,EUR,2025-07-21,Active,False
T05328,C07157,P08938,40655882.02,19529695.72,EUR,2022-11-04,Active,True
T05329,C07055,P02389,40036349.91,5827769.04,NOK,2023-08-01,Active,False
T05330,C04860,P03747,5034716.24,21618002.68,NOK,2022-01-26,Closed,False
T05331,C06109,P04665,28189560.31,22575044.97,NOK,2021-04-09,Closed,False
T05332,C09357,P04084,10190129.58,5458107.64,EUR,2022-01-02,Active,True
T05333,C05612,P09403,3650528.18,10075893.91,USD,2021-02-04,Default,False
T05334,C07796,P09878,36133308.23,20427302.09,NOK,2024-03-19,Closed,True
T05335,C00689,P02823,27699882.43,24256943.78,USD,2022-10-31,Active,True
T05336,C06437,P07052,26203052.04,14135495.7,EUR,2023-07-10,Default,False
T05337,C05913,P07755,27084392.82,16507221.85,EUR,2021-04-15,Default,False
T05338,C06704,P03871,4217535.42,23885026.2,EUR,2022-04-25,Active,False
T05339,C08703,P07731,11872803.39,24570604.77,USD,2020-08-30,Active,False
T05340,C01495,P05518,5261745.91,9045343.74,USD,2022-10-16,Default,False
T05341,C06940,P03339,5390663.37,24630123.51,EUR,2022-03-13,Default,False
T05342,C01752,P09451,20186719.09,9926526.05,EUR,2025-09-04,Default,False
T05343,C05589,P04083,30027993.16,12612034.89,NOK,2021-12-19,Active,False
T05344,C04662,P04414,2894413.88,5541260.68,USD,2023-10-30,Active,False
T05345,C08538,P05485,37737286.01,6622365.97,NOK,2021-04-15,Active,False
T05346,C01940,P09636,19194480.35,733441.16,NOK,2025-03-25,Active,True
T05347,C09624,P03330,27617630.83,24665352.73,NOK,2022-04-11,Closed,False
T05348,C03881,P06124,13437730.03,24350264.23,NOK,2021-12-13,Default,False
T05349,C07805,P03420,40024588.55,19246571.91,EUR,2022-04-26,Closed,False
T05350,C01561,P02161,48985638.74,9963924.21,USD,2023-10-08,Default,True
T05351,C00193,P01574,11290005.65,24042385.75,USD,2021-02-22,Active,False
T05352,C00178,P04712,39688260.73,1688320.91,EUR,2020-06-03,Closed,True
T05353,C09210,P08756,22593836.86,6250793.29,EUR,2024-12-07,Closed,False
T05354,C05071,P09935,4692839.3,5545315.66,NOK,2021-09-05,Default,True
T05355,C00654,P03141,12911642.08,22008840.48,NOK,2024-03-24,Default,False
T05356,C09062,P02530,5016711.39,13815518.59,USD,2022-01-09,Closed,True
T05357,C02155,P00633,13967363.81,1426877.28,NOK,2021-07-14,Default,True
T05358,C08229,P03117,6877008.59,12201650.72,NOK,2020-01-09,Closed,False
T05359,C00564,P01521,6731277.02,3391694.78,USD,2023-09-21,Closed,False
T05360,C05950,P04523,40603881.38,4233833.12,NOK,2020-05-26,Default,True
T05361,C06692,P08976,29978132.93,12247279.21,EUR,2023-07-30,Default,True
T05362,C04936,P06227,34625904.5,9905481.36,EUR,2022-03-16,Closed,True
T05363,C02365,P06089,38915117.63,14173311.46,USD,2020-09-27,Closed,True
T05364,C00117,P04038,20142571.26,10530608.66,NOK,2023-08-02,Closed,True
T05365,C06117,P03625,11957636.76,15074385.72,EUR,2025-09-21,Closed,False
T05366,C08982,P04514,34985763.43,19608788.59,USD,2020-05-07,Active,True
T05367,C07233,P06425,46552489.29,22803413.78,USD,2021-10-06,Closed,True
T05368,C09422,P03770,20256759.1,3857078.21,EUR,2022-08-22,Default,False
T05369,C02949,P07336,13420162.62,7451193.84,EUR,2022-03-12,Closed,False
T05370,C02190,P05519,42168922.43,8639362.07,USD,2022-10-23,Active,True
T05371,C06032,P06759,7184499.98,23366423.35,EUR,2021-03-19,Default,False
T05372,C05267,P02027,15911279.7,4607383.08,USD,2023-03-26,Closed,False
T05373,C03800,P05075,40684791.15,5193166.14,EUR,2025-08-11,Closed,True
T05374,C09432,P09274,24557239.72,15635979.22,EUR,2024-09-11,Closed,True
T05375,C06578,P03867,15179608.44,8361121.67,EUR,2021-02-19,Active,True
T05376,C04892,P06390,12566044.09,5056246.03,EUR,2024-04-21,Closed,True
T05377,C04159,P01746,24350848.92,23711128.86,USD,2022-07-01,Closed,True
T05378,C00090,P04922,19377612.6,2508431.57,NOK,2020-07-09,Active,False
T05379,C05614,P05746,42415134.85,21984862.94,NOK,2024-08-23,Closed,False
T05380,C09153,P04546,3872678.38,1623919.54,USD,2023-07-22,Default,False
T05381,C03583,P06124,10068599.83,1359365.01,EUR,2022-12-19,Default,False
T05382,C06561,P08403,2044455.45,16355144.6,EUR,2024-07-03,Active,False
T05383,C08071,P07414,43177052.03,24392613.58,USD,2024-07-13,Default,False
T05384,C04921,P08345,35152321.49,8370989.66,NOK,2024-05-27,Active,False
T05385,C02852,P02136,47177380.44,8532468.63,NOK,2025-09-03,Active,False
T05386,C09256,P04695,30146777.09,14469838.07,NOK,2023-06-05,Default,True
T05387,C02390,P00782,2190404.19,7962514.67,USD,2021-07-02,Active,False
T05388,C00278,P04489,34663104.27,18367377.02,USD,2024-05-10,Active,False
T05389,C04038,P04322,19041715.59,23183132.16,NOK,2022-11-22,Closed,True
T05390,C06241,P05301,7154318.8,20663215.1,NOK,2020-04-23,Closed,True
T05391,C06240,P06520,19143203.11,17923265.87,EUR,2025-04-19,Default,False
T05392,C07146,P04713,43867112.18,6987868.14,NOK,2020-03-19,Default,False
T05393,C02028,P05454,39760675.73,14539646.37,USD,2022-03-12,Closed,True
T05394,C01455,P08718,3733172.85,23977231.64,EUR,2022-07-02,Default,False
T05395,C07668,P03201,19367072.01,2788371.8,NOK,2020-11-06,Default,True
T05396,C07771,P03589,18086447.25,16801113.98,NOK,2022-08-21,Default,False
T05397,C06454,P08393,41022900.3,23207255.34,EUR,2022-06-11,Closed,False
T05398,C08005,P08132,16485868.83,16639131.62,EUR,2025-09-27,Closed,False
T05399,C01503,P08744,13039839.47,7900699.82,NOK,2020-02-05,Active,False
T05400,C09003,P09983,48168307.23,13492635.15,EUR,2021-12-07,Active,False
T05401,C04796,P04963,13384128.63,12505967.58,EUR,2022-09-05,Active,True
T05402,C09888,P05647,12464094.1,14896469.02,NOK,2023-11-15,Default,False
T05403,C07827,P09264,16327393.2,16181244.34,EUR,2021-05-17,Closed,False
T05404,C08762,P03211,17529146.65,5725719.77,NOK,2020-11-29,Active,True
T05405,C08124,P05273,28728407.82,5799905.08,EUR,2021-02-01,Closed,False
T05406,C00699,P01968,43366131.83,3774766.1,USD,2024-07-31,Default,True
T05407,C05719,P08453,30133047.08,2092331.15,EUR,2023-10-10,Active,False
T05408,C05509,P06746,42570799.29,9855294.93,NOK,2022-05-05,Active,True
T05409,C04198,P00627,18232757.95,10188916.46,USD,2021-08-06,Default,False
T05410,C02402,P02592,12864664.19,16015772.94,NOK,2023-12-05,Active,True
T05411,C06878,P08708,43136806.82,9534402.2,NOK,2020-06-02,Default,True
T05412,C04961,P00123,13408809.67,8429920.67,USD,2024-04-16,Active,True
T05413,C04805,P02426,18617712.98,4844941.36,NOK,2023-11-18,Closed,True
T05414,C03659,P01550,30965380.24,1565617.69,NOK,2025-01-02,Closed,True
T05415,C02410,P07946,23034497.16,12283072.33,USD,2025-08-21,Default,False
T05416,C03668,P08658,45786206.86,23193174.45,EUR,2025-09-01,Active,False
T05417,C05873,P04152,16809211.37,19206919.81,NOK,2023-11-06,Active,True
T05418,C00552,P00575,30018784.51,9425087.94,USD,2020-02-07,Default,False
T05419,C02616,P09250,34481117.12,14730831.71,EUR,2022-04-10,Default,False
T05420,C09221,P09112,15007635.4,8244091.89,USD,2021-01-20,Default,True
T05421,C05309,P07045,3962566.36,4789029.23,NOK,2022-02-09,Closed,False
T05422,C06513,P00154,26789786.3,1992937.38,EUR,2022-02-16,Closed,True
T05423,C09910,P00326,10823398.58,11780486.16,USD,2025-05-05,Default,True
T05424,C08657,P08390,33411232.65,2725426.2,USD,2022-07-19,Closed,False
T05425,C01009,P03102,38793781.76,19961111.43,USD,2023-01-27,Default,False
T05426,C07879,P07962,31397355.17,8629883.86,EUR,2023-01-28,Closed,False
T05427,C02064,P00150,30146756.29,9065337.91,USD,2022-03-26,Default,False
T05428,C06113,P08307,14990678.3,16482643.4,EUR,2024-05-21,Active,False
T05429,C05010,P05776,10698394.06,13104869.53,NOK,2021-12-21,Closed,False
T05430,C08462,P08657,32027690.05,16793494.61,EUR,2021-03-13,Active,False
T05431,C09961,P06126,12027975.88,7657810.48,USD,2024-03-15,Default,False
T05432,C04200,P08177,3120579.77,5317940.56,USD,2020-02-17,Active,False
T05433,C03404,P03217,9808968.27,17047447.79,EUR,2023-10-27,Closed,True
T05434,C05044,P00324,8266762.56,4755884.73,EUR,2021-12-17,Closed,False
T05435,C09465,P00101,48566543.04,24376675.61,NOK,2024-11-02,Default,True
T05436,C00568,P09794,20347952.48,6119413.45,USD,2021-09-02,Default,False
T05437,C02975,P01249,8646122.63,16206283.3,EUR,2025-09-19,Closed,True
T05438,C09966,P09346,40454862.83,5508372.21,EUR,2022-08-06,Active,False
T05439,C09109,P01881,22763086.66,15960918.45,USD,2022-12-31,Closed,False
T05440,C07189,P01983,30421363.17,20250075.3,EUR,2024-07-28,Default,False
T05441,C05164,P03777,12399245.67,15270906.9,EUR,2020-11-14,Default,False
T05442,C06342,P01238,33503926.95,14507346.69,USD,2023-02-18,Active,False
T05443,C01910,P06920,14364785.34,1636408.02,NOK,2021-12-13,Closed,True
T05444,C02413,P08746,48513772.91,7757503.05,NOK,2025-04-19,Active,True
T05445,C03223,P09417,9723939.45,24818082.21,USD,2020-11-07,Default,False
T05446,C08035,P07753,25081948.03,11331473.06,EUR,2020-08-10,Active,False
T05447,C02584,P01771,38623383.82,6683609.25,EUR,2020-02-14,Closed,True
T05448,C05292,P07542,25999058.3,13809841.02,USD,2021-08-23,Closed,False
T05449,C06024,P05766,45108836.31,24633219.74,EUR,2020-07-01,Active,True
T05450,C03049,P07622,15006616.32,19981119.26,NOK,2023-10-13,Default,False
T05451,C01583,P01528,9964484.59,21594038.93,USD,2024-01-06,Default,True
T05452,C06055,P06736,17910713.96,11386089.17,EUR,2025-01-29,Closed,True
T05453,C08793,P03257,10283361.16,15838225.97,EUR,2021-02-19,Active,True
T05454,C07930,P07390,14197865.15,23574585.4,USD,2024-05-06,Default,False
T05455,C02309,P08401,9609492.43,18826027.19,NOK,2022-01-26,Active,False
T05456,C06476,P04531,2589008.23,13953588.88,USD,2021-09-17,Default,True
T05457,C04018,P03484,35468560.1,5477159.9,USD,2024-08-24,Default,True
T05458,C06431,P00655,27998578.34,3995258.78,NOK,2021-05-29,Default,True
T05459,C01822,P02257,1822774.17,15156923.48,USD,2020-04-23,Closed,False
T05460,C09895,P09386,20785403.4,8262562.8,EUR,2021-06-29,Default,False
T05461,C03725,P07444,2824067.44,5407299.23,EUR,2022-12-14,Active,True
T05462,C05879,P02544,34775327.86,9253933.95,USD,2025-06-10,Default,False
T05463,C00369,P07153,42620715.61,2958225.71,USD,2023-11-11,Closed,False
T05464,C06954,P09857,3340711.97,7184597.2,NOK,2023-01-03,Default,True
T05465,C05866,P04542,28201870.37,8972024.03,USD,2021-01-11,Closed,True
T05466,C08257,P03918,44368069.58,11294985.97,USD,2025-10-08,Closed,True
T05467,C03890,P08068,7396370.4,17075094.71,NOK,2022-04-16,Active,True
T05468,C01898,P06116,21486417.14,13226994.5,EUR,2025-05-11,Default,False
T05469,C07049,P06069,47654447.66,23221623.41,NOK,2025-10-20,Closed,True
T05470,C03820,P01130,28147553.22,18939595.91,USD,2025-08-16,Active,False
T05471,C07205,P06023,2112040.4,15916545.15,USD,2021-08-17,Closed,False
T05472,C05839,P08277,31044350.37,5480253.57,NOK,2024-04-14,Default,True
T05473,C06010,P04952,32917918.39,7413389.04,USD,2024-02-02,Default,True
T05474,C04685,P03027,26941480.54,24688961.21,EUR,2023-09-04,Closed,False
T05475,C02800,P03915,39792672.53,7366293.49,NOK,2024-11-01,Closed,True
T05476,C05645,P08294,37264593.99,8732297.62,USD,2023-11-10,Closed,False
T05477,C00437,P04706,4825183.2,2149081.64,USD,2022-01-26,Closed,False
T05478,C07034,P08672,27138915.77,1456528.42,NOK,2022-03-07,Closed,True
T05479,C07441,P00674,34421756.93,24501759.2,EUR,2020-07-11,Active,False
T05480,C07148,P08355,17245789.85,4053760.0,EUR,2020-09-15,Closed,False
T05481,C09124,P05882,42012086.63,13520131.78,EUR,2025-04-27,Active,False
T05482,C06268,P09361,43239003.13,7235170.72,EUR,2020-11-29,Closed,False
T05483,C05494,P07692,30020707.01,2553987.39,EUR,2024-05-08,Active,False
T05484,C05219,P09536,39018558.89,13280829.23,EUR,2023-04-21,Closed,False
T05485,C02539,P06929,41012177.69,14182682.59,USD,2023-07-22,Default,False
T05486,C09597,P00204,26006647.42,10507395.01,NOK,2022-09-05,Default,True
T05487,C01664,P06160,5664880.73,2165536.11,EUR,2022-08-10,Default,False
T05488,C00046,P03582,14608066.28,16929865.9,USD,2025-04-03,Default,False
T05489,C05021,P00864,19148077.14,14813951.46,NOK,2023-01-22,Closed,False
T05490,C00172,P06004,3826422.34,21072392.42,USD,2020-11-29,Default,True
T05491,C04756,P05686,46859667.71,6875988.47,USD,2022-06-17,Default,False
T05492,C00405,P01829,3998243.9,8854143.02,USD,2023-08-24,Active,True
T05493,C05498,P07042,30520016.83,4017054.05,NOK,2021-10-28,Default,False
T05494,C01295,P04386,12265399.53,17399983.04,NOK,2022-05-20,Closed,False
T05495,C01939,P00769,7086579.59,14548583.84,NOK,2022-10-28,Default,True
T05496,C05758,P01733,28763801.04,4247383.3,USD,2024-04-13,Default,False
T05497,C02464,P09777,37685197.97,14502178.02,USD,2020-07-12,Default,True
T05498,C00959,P03776,19697127.54,3078273.11,NOK,2023-08-27,Active,False
T05499,C08261,P05111,6569045.72,2732631.38,EUR,2022-10-30,Default,True
T05500,C01877,P09660,47310440.36,17334013.73,USD,2023-01-24,Default,False
T05501,C04592,P07368,36594860.51,2984019.64,NOK,2024-07-23,Default,True
T05502,C07455,P01960,34512591.26,14543768.97,NOK,2022-02-12,Closed,False
T05503,C07350,P01887,42907057.14,19000370.13,EUR,2025-10-04,Closed,True
T05504,C01858,P08612,15306795.28,14937141.55,USD,2020-02-08,Closed,False
T05505,C06831,P05170,9331784.07,18030589.46,USD,2020-05-02,Closed,False
T05506,C06398,P07498,9990492.05,13475920.67,NOK,2024-05-27,Closed,True
T05507,C00536,P09067,5671207.22,24389731.25,NOK,2024-03-17,Active,True
T05508,C01698,P07307,35856658.95,17399095.26,USD,2020-08-21,Default,False
T05509,C08572,P03417,41933018.25,8853481.27,EUR,2023-07-20,Active,False
T05510,C04965,P08710,4658116.13,8640970.44,USD,2022-01-05,Active,False
T05511,C00989,P01050,47306795.53,16644305.94,NOK,2020-04-30,Closed,False
T05512,C07045,P07010,48390305.79,14985050.03,NOK,2020-02-02,Closed,False
T05513,C00764,P02088,49061760.31,20156574.29,USD,2025-04-29,Closed,True
T05514,C04085,P02997,44264912.38,23270559.85,NOK,2025-04-28,Active,False
T05515,C08095,P08009,37124951.84,13097387.05,NOK,2020-02-25,Default,False
T05516,C02844,P05181,42568052.34,17318495.44,USD,2020-04-02,Active,True
T05517,C04814,P08140,36598289.88,1113849.57,USD,2022-07-30,Default,True
T05518,C05600,P03899,10802362.38,5488150.52,NOK,2023-12-26,Closed,True
T05519,C04431,P07382,1729198.99,4061238.21,EUR,2025-05-12,Closed,True
T05520,C00982,P00500,9313387.52,22016764.59,EUR,2022-10-25,Default,False
T05521,C08591,P06620,43177551.56,13418212.69,EUR,2023-02-02,Default,False
T05522,C03488,P05271,7085806.81,7347761.98,NOK,2020-03-08,Active,False
T05523,C08178,P07944,30858977.32,8401680.29,USD,2023-09-30,Active,False
T05524,C06484,P00339,48735483.23,22023848.74,USD,2020-01-28,Default,False
T05525,C01191,P08277,20455832.88,23927036.76,USD,2021-03-29,Closed,False
T05526,C05313,P07040,15266346.61,14312859.42,USD,2022-07-15,Closed,True
T05527,C08639,P03436,17298149.37,6126276.41,USD,2020-12-30,Active,True
T05528,C04296,P09984,21133117.98,16132676.44,EUR,2023-02-10,Default,True
T05529,C09259,P05635,15240373.63,1834344.65,NOK,2023-03-13,Closed,True
T05530,C04902,P05402,21309293.81,12214355.25,USD,2021-02-24,Closed,False
T05531,C05421,P07127,4134333.59,17165437.5,NOK,2023-05-27,Default,True
T05532,C05091,P06478,10150202.2,2336753.44,EUR,2024-05-07,Active,False
T05533,C08955,P09620,11528874.57,17758698.66,EUR,2021-07-30,Closed,False
T05534,C01140,P04802,20321453.57,17102621.46,USD,2021-06-10,Default,False
T05535,C04308,P03675,7897587.0,20694227.35,EUR,2024-07-20,Default,False
T05536,C02507,P09742,16622532.94,16482229.73,NOK,2022-05-22,Closed,False
T05537,C09551,P06914,29156799.01,15143118.82,EUR,2022-09-12,Active,True
T05538,C05003,P05397,45982263.91,13047094.03,USD,2023-07-03,Closed,False
T05539,C07498,P07354,29394815.96,10921629.26,EUR,2022-05-27,Default,True
T05540,C07531,P00553,45453766.56,13210805.11,USD,2025-04-20,Active,True
T05541,C06953,P03798,10723479.54,17499246.7,EUR,2020-01-31,Active,True
T05542,C03516,P01226,35664368.2,1860549.52,USD,2020-01-08,Closed,True
T05543,C07067,P03360,41625052.7,5986342.68,USD,2025-08-09,Active,True
T05544,C07975,P07283,23935015.89,15731972.02,EUR,2025-01-01,Default,True
T05545,C08037,P09667,10885352.93,14366620.73,NOK,2022-06-14,Closed,True
T05546,C03120,P00671,26006602.09,2193931.69,EUR,2023-01-03,Active,True
T05547,C04926,P06321,30647140.49,7498853.81,NOK,2021-08-15,Closed,False
T05548,C09064,P03740,41416510.88,1218020.52,NOK,2022-06-13,Closed,True
T05549,C03391,P09265,39417736.61,9236971.04,NOK,2020-10-10,Default,True
T05550,C08878,P00308,38357530.52,1511712.19,EUR,2023-02-10,Closed,True
T05551,C02118,P01235,13437891.01,15225941.45,USD,2022-08-24,Active,True
T05552,C06270,P01783,18846376.05,15679938.57,USD,2021-08-16,Default,True
T05553,C06100,P04782,6938232.34,14436752.85,USD,2020-03-04,Default,True
T05554,C00918,P00093,49933797.77,20241719.13,EUR,2022-07-04,Active,True
T05555,C08329,P02346,18111612.8,10417648.21,NOK,2021-11-09,Closed,False
T05556,C02683,P06949,17536125.42,5551600.61,EUR,2022-10-26,Active,True
T05557,C00739,P09387,29445812.83,4790465.04,NOK,2024-01-30,Default,False
T05558,C09348,P01101,19272882.97,3150381.04,EUR,2020-01-12,Default,False
T05559,C00385,P03306,41315027.57,1768306.04,USD,2023-01-17,Default,False
T05560,C01650,P06833,28280588.19,23928660.07,USD,2022-01-21,Closed,False
T05561,C09872,P08334,12070927.73,7384286.57,NOK,2022-11-17,Active,True
T05562,C02335,P06517,41715448.8,6083200.05,EUR,2023-05-26,Default,False
T05563,C06094,P08207,36281184.04,5256076.06,EUR,2023-03-31,Closed,False
T05564,C04093,P06174,11404855.62,17890670.76,NOK,2022-06-06,Default,True
T05565,C09617,P08940,12525827.27,7533199.89,USD,2020-06-13,Default,False
T05566,C03622,P01695,41351835.19,13241487.03,USD,2020-04-25,Default,True
T05567,C08617,P03419,35592949.33,13570759.11,EUR,2022-11-25,Default,False
T05568,C07474,P06661,42652494.43,2326049.61,USD,2020-03-07,Active,False
T05569,C01944,P05316,25591218.02,2818453.3,NOK,2020-05-03,Closed,True
T05570,C02486,P01134,2166797.11,14030511.88,NOK,2020-03-24,Default,False
T05571,C07789,P06451,49739550.28,7555160.12,USD,2025-07-01,Default,False
T05572,C04357,P09175,13431557.4,19321343.98,USD,2025-07-21,Closed,False
T05573,C00268,P05811,19169974.09,13015399.93,USD,2021-08-12,Closed,True
T05574,C06265,P06074,24754290.4,15739189.38,EUR,2021-06-01,Default,True
T05575,C01396,P01243,42964058.79,8066381.98,USD,2020-07-15,Default,False
T05576,C02023,P05272,22006102.3,10147710.77,EUR,2023-05-18,Default,True
T05577,C01541,P01546,46932253.27,4967649.09,NOK,2023-01-29,Active,True
T05578,C05692,P03106,10240911.17,8423981.54,NOK,2020-09-11,Closed,True
T05579,C03350,P02595,6340050.53,6979324.4,NOK,2021-08-16,Default,True
T05580,C09517,P03375,33644094.6,12149845.66,EUR,2022-12-09,Closed,True
T05581,C01946,P02427,22710610.79,11759976.3,EUR,2021-02-17,Closed,True
T05582,C04163,P04199,48977495.12,3201614.97,EUR,2025-10-16,Active,True
T05583,C03006,P07151,7085839.71,20341461.06,USD,2024-03-24,Default,False
T05584,C00886,P09379,15820132.28,19002158.65,USD,2024-11-10,Active,True
T05585,C05657,P04832,20061809.41,17829783.16,NOK,2021-06-29,Default,True
T05586,C03542,P03633,30491746.09,16532223.55,EUR,2022-08-11,Default,False
T05587,C04792,P00181,36004149.26,6856144.9,EUR,2020-08-09,Active,True
T05588,C07162,P06641,18114999.18,4321689.51,NOK,2023-01-19,Active,False
T05589,C01959,P09276,9244839.71,22523543.59,USD,2021-03-08,Active,False
T05590,C09331,P03688,4437103.68,14466423.86,NOK,2023-04-05,Active,False
T05591,C02569,P03524,39003895.07,10169781.21,USD,2025-09-07,Active,False
T05592,C03460,P02299,39400825.05,24589261.79,NOK,2025-09-03,Default,False
T05593,C08238,P02812,46229723.64,24131989.5,USD,2024-08-29,Default,True
T05594,C08348,P00858,32211465.43,2168147.97,USD,2023-11-22,Active,True
T05595,C00855,P00663,24720755.67,19847383.54,NOK,2024-03-11,Active,True
T05596,C06822,P09738,32190598.02,6079028.71,EUR,2024-03-03,Default,False
T05597,C09693,P07178,28926901.14,14542928.48,NOK,2021-02-07,Closed,True
T05598,C07888,P09715,42555384.56,16291187.86,USD,2020-01-22,Default,False
T05599,C08003,P05843,40133801.97,1944310.68,EUR,2020-08-18,Active,False
T05600,C00027,P05532,8908901.46,14501783.7,EUR,2023-12-26,Default,False
T05601,C00820,P09706,9219033.43,23816895.54,USD,2022-09-15,Default,True
T05602,C04695,P00717,7339878.77,9782314.82,EUR,2023-11-10,Default,False
T05603,C05876,P06348,3322499.47,13859824.59,EUR,2020-04-04,Active,False
T05604,C00917,P00084,25409564.32,12885936.18,NOK,2025-04-18,Closed,False
T05605,C03137,P09840,36257857.29,18254804.82,NOK,2020-12-17,Default,False
T05606,C06676,P02773,20286980.32,24970179.63,NOK,2021-07-07,Active,True
T05607,C08915,P02357,19978593.5,2804262.56,EUR,2020-12-14,Active,True
T05608,C09730,P06472,36091393.31,13734491.02,NOK,2020-04-22,Active,False
T05609,C09158,P04187,24683024.32,24499800.2,EUR,2020-05-29,Active,True
T05610,C06939,P06566,11606715.85,8973045.1,USD,2021-01-23,Closed,False
T05611,C01140,P03046,8833091.27,1611515.66,EUR,2025-01-20,Closed,False
T05612,C09712,P00778,12954493.16,10978070.68,USD,2022-05-25,Active,False
T05613,C04673,P06811,11494501.39,8648825.67,EUR,2022-08-24,Closed,True
T05614,C01178,P04430,22668606.36,24645401.03,USD,2021-02-08,Default,False
T05615,C05426,P06287,21308819.69,21854644.54,NOK,2021-12-17,Closed,True
T05616,C03652,P02951,42121854.99,13026625.72,EUR,2025-09-24,Closed,False
T05617,C07384,P02526,16970412.03,3485624.44,USD,2024-03-14,Default,False
T05618,C04841,P02557,4715813.55,7418677.81,EUR,2025-07-09,Active,False
T05619,C04346,P02726,4021714.79,14597063.9,EUR,2021-08-07,Default,False
T05620,C05431,P01075,24122048.06,9804572.92,USD,2020-05-26,Closed,True
T05621,C04172,P00736,20017164.69,18588690.9,EUR,2021-06-30,Closed,True
T05622,C09145,P01498,3457847.71,15443280.52,NOK,2020-02-26,Closed,True
T05623,C02586,P03652,16880190.02,22262666.55,USD,2023-05-13,Default,True
T05624,C08001,P05293,37210429.43,5853419.88,USD,2023-04-13,Closed,True
T05625,C05791,P06439,34094664.5,22127110.46,EUR,2020-03-27,Closed,False
T05626,C03437,P09878,29156793.62,13808336.57,USD,2023-12-27,Active,False
T05627,C06036,P02816,4013885.19,5113556.98,USD,2020-06-12,Active,True
T05628,C01300,P03503,19040654.91,19881312.9,EUR,2020-06-26,Default,False
T05629,C06081,P06393,19490782.85,1333338.81,EUR,2022-07-09,Closed,False
T05630,C06418,P00259,4721369.86,10453779.44,EUR,2025-07-31,Default,True
T05631,C03075,P07728,32759874.22,14384031.38,EUR,2024-04-18,Default,False
T05632,C02809,P06649,42522158.04,653583.56,USD,2025-08-17,Closed,True
T05633,C09125,P06370,1763055.8,2992591.17,NOK,2020-01-18,Default,False
T05634,C01741,P04477,46450935.57,13855175.94,USD,2025-01-03,Closed,True
T05635,C04165,P03406,42670562.28,23585775.9,EUR,2022-06-30,Default,True
T05636,C03063,P00457,23077764.56,6190629.19,EUR,2023-07-07,Active,False
T05637,C04084,P01596,14848466.18,13906624.16,EUR,2024-05-28,Default,False
T05638,C03258,P01476,41831359.86,7979281.95,USD,2021-09-09,Closed,True
T05639,C01201,P00473,25275236.52,1562476.31,EUR,2025-04-22,Closed,True
T05640,C09871,P07103,46036287.27,16523035.94,NOK,2025-08-16,Default,True
T05641,C09633,P05524,26867857.0,5511455.9,NOK,2024-05-14,Active,True
T05642,C00062,P01171,44194655.62,22676900.08,USD,2025-08-27,Closed,False
T05643,C02264,P03203,34317905.98,10122771.54,EUR,2022-04-26,Default,False
T05644,C07992,P00368,11809899.43,16698679.92,EUR,2021-12-12,Default,True
T05645,C00695,P05498,12555583.53,19826572.71,NOK,2021-02-21,Closed,False
T05646,C07706,P02100,4839130.81,21008643.76,USD,2020-11-06,Closed,False
T05647,C01861,P00710,25919066.36,12087986.51,NOK,2023-06-02,Default,False
T05648,C04073,P01491,31065478.58,6575267.26,EUR,2023-12-28,Active,True
T05649,C04889,P02514,36919892.66,7256678.94,EUR,2021-01-09,Active,False
T05650,C04908,P07860,33485797.64,3403507.79,USD,2023-05-11,Default,True
T05651,C05732,P02805,28907655.83,7374226.79,NOK,2022-12-06,Default,False
T05652,C06210,P08195,17725980.06,19728557.58,USD,2023-11-27,Closed,True
T05653,C06885,P07062,21887475.17,21024126.49,EUR,2020-05-13,Active,True
T05654,C07669,P05487,13491136.63,7345867.31,NOK,2025-10-22,Closed,True
T05655,C03001,P09274,12438948.23,2652133.22,NOK,2024-03-15,Active,False
T05656,C06231,P01815,48970919.86,2967179.82,NOK,2023-05-30,Active,False
T05657,C09941,P00419,29751881.8,9451637.11,NOK,2020-08-30,Closed,False
T05658,C01607,P05817,44876779.35,14897613.26,USD,2024-03-02,Default,True
T05659,C09323,P08379,19283663.79,8687543.78,NOK,2024-06-28,Closed,False
T05660,C07477,P09006,9616224.75,5727100.41,USD,2023-06-01,Closed,False
T05661,C07701,P07717,36387878.3,13638322.95,NOK,2023-02-20,Closed,False
T05662,C07442,P08381,10459587.59,13916288.85,NOK,2023-07-14,Active,False
T05663,C09243,P01727,25357371.23,3911131.07,EUR,2022-02-20,Closed,False
T05664,C04493,P01861,30203301.14,17825552.31,EUR,2022-03-06,Closed,True
T05665,C04560,P02103,22140898.13,10128185.44,NOK,2025-10-05,Active,False
T05666,C07899,P04206,5895224.03,3093421.42,EUR,2021-05-20,Closed,False
T05667,C04431,P07897,14538793.16,16509190.09,NOK,2025-03-08,Closed,False
T05668,C00467,P08395,25180627.35,23768206.27,NOK,2024-12-30,Active,True
T05669,C04500,P09392,17052952.04,14321764.28,NOK,2021-10-18,Closed,False
T05670,C05115,P06983,26304902.44,22514022.29,USD,2023-03-10,Active,True
T05671,C04473,P01684,6004893.55,24694530.04,NOK,2024-03-15,Active,False
T05672,C04361,P06349,43224322.88,15502539.68,USD,2023-04-22,Closed,False
T05673,C04664,P09078,38568189.66,3124426.05,EUR,2024-07-25,Default,False
T05674,C02354,P09938,42662742.98,16187887.51,USD,2021-05-31,Active,True
T05675,C06205,P07937,32160979.64,4019121.9,NOK,2023-04-08,Default,True
T05676,C07540,P00294,14337985.53,13475228.87,NOK,2022-07-22,Default,True
T05677,C00538,P06370,23894264.62,18940948.97,EUR,2020-11-08,Default,False
T05678,C00513,P05186,37915198.05,11516273.24,NOK,2024-07-27,Active,True
T05679,C05402,P00249,41150509.01,23399750.57,EUR,2024-05-24,Active,True
T05680,C08357,P06777,20424207.88,16160537.41,NOK,2020-12-26,Closed,True
T05681,C05655,P01480,13765908.74,1821549.56,USD,2025-04-26,Active,True
T05682,C00079,P08343,37497889.05,3827535.12,EUR,2023-06-18,Default,False
T05683,C09717,P04086,39743581.07,7711256.38,USD,2021-02-18,Default,True
T05684,C03003,P05157,29723619.7,10921647.12,USD,2025-08-27,Active,False
T05685,C06145,P09434,3786768.86,4971352.42,USD,2024-12-10,Closed,True
T05686,C04502,P02194,49664659.79,8475840.99,EUR,2025-04-23,Active,True
T05687,C06003,P08095,45805235.75,19888870.37,USD,2024-03-20,Active,True
T05688,C08179,P03797,29835573.49,14702806.28,NOK,2022-03-20,Default,True
T05689,C00969,P02102,24241814.38,9343357.66,EUR,2024-01-31,Closed,False
T05690,C07438,P06264,20580927.09,23856653.96,EUR,2020-04-07,Closed,True
T05691,C06583,P00584,36489903.53,20122747.57,EUR,2024-10-31,Active,True
T05692,C00396,P04623,7826892.63,14128195.43,USD,2024-01-02,Closed,True
T05693,C04387,P03592,8152322.65,10712320.24,USD,2025-03-23,Closed,True
T05694,C07704,P06211,29173436.01,5472285.15,USD,2021-07-06,Default,False
T05695,C05921,P06614,11527483.56,24201833.92,USD,2022-11-23,Default,True
T05696,C07236,P00904,34318958.14,12995252.3,USD,2023-11-13,Closed,False
T05697,C00810,P01992,29788281.89,4796443.95,USD,2021-09-26,Active,False
T05698,C08277,P00382,9108882.24,2712133.02,USD,2024-04-05,Closed,True
T05699,C03443,P00852,35531319.54,9557608.98,EUR,2022-01-11,Default,False
T05700,C00468,P07846,1605901.78,4165949.12,EUR,2021-07-15,Active,False
T05701,C00381,P02321,22378376.96,22551420.91,NOK,2022-05-29,Closed,False
T05702,C06159,P04851,42939784.1,21679789.75,NOK,2020-03-12,Default,True
T05703,C09114,P09464,30206970.94,4863561.85,USD,2024-10-09,Default,False
T05704,C08769,P06127,34066068.42,13890976.29,NOK,2020-11-10,Closed,True
T05705,C03248,P07218,35115109.01,11423802.16,EUR,2021-04-12,Default,False
T05706,C00374,P06679,47160564.48,17217379.32,USD,2023-04-14,Active,True
T05707,C09991,P09113,17858066.16,701878.4,NOK,2022-03-11,Active,True
T05708,C01667,P09485,21081383.7,21029181.59,NOK,2020-08-24,Default,True
T05709,C00640,P08741,38754464.19,21776652.07,NOK,2021-08-26,Active,False
T05710,C04333,P08266,16020348.84,7121143.72,NOK,2023-08-30,Closed,True
T05711,C06560,P05299,27992475.51,6842485.9,USD,2021-06-16,Active,False
T05712,C06821,P00041,29644948.37,23296134.39,USD,2023-07-27,Active,False
T05713,C00149,P00203,23084689.29,6769892.4,EUR,2022-03-07,Active,True
T05714,C07166,P01786,29581463.8,8418683.09,EUR,2024-08-14,Default,True
T05715,C09196,P06067,26839684.54,7927289.7,EUR,2024-09-18,Default,False
T05716,C09524,P06770,40894763.88,3989612.12,NOK,2023-10-18,Active,True
T05717,C08816,P06442,33752490.91,18737137.18,NOK,2025-04-30,Default,True
T05718,C06713,P07962,5030113.53,15159127.08,EUR,2020-02-26,Active,False
T05719,C09747,P03984,25962741.0,2277192.14,NOK,2021-10-17,Default,False
T05720,C08258,P00508,32022607.01,10596759.36,USD,2020-04-16,Active,False
T05721,C07722,P01727,41620820.11,22136915.22,NOK,2022-01-07,Closed,True
T05722,C05929,P01303,11716207.24,24099946.25,EUR,2021-08-21,Default,False
T05723,C09292,P09534,9843814.38,15401008.88,EUR,2020-07-23,Default,False
T05724,C06451,P01390,33325144.0,9838432.99,NOK,2024-05-17,Active,True
T05725,C01072,P05845,36537459.11,2882519.68,USD,2025-10-04,Closed,False
T05726,C07988,P09587,1273313.01,8969744.62,NOK,2020-03-30,Default,False
T05727,C03129,P08523,1397585.44,10229701.05,USD,2023-03-13,Active,False
T05728,C06789,P04394,9956192.15,11806204.73,EUR,2022-04-11,Closed,False
T05729,C04490,P04191,30899305.31,18091878.66,NOK,2024-05-19,Closed,True
T05730,C04462,P00518,22082326.65,11254569.52,USD,2021-12-14,Active,True
T05731,C07183,P08745,40192339.59,23273933.87,USD,2025-02-28,Closed,False
T05732,C03456,P02079,11103231.72,10088538.54,USD,2020-06-20,Default,True
T05733,C00429,P06091,47289580.85,2160082.74,EUR,2025-07-04,Default,False
T05734,C06519,P00457,44186716.94,22467894.25,EUR,2023-09-09,Active,False
T05735,C00513,P03634,38005282.88,858206.78,USD,2022-03-11,Active,True
T05736,C06475,P04078,24859239.54,16274853.85,EUR,2022-03-12,Default,True
T05737,C02063,P02118,15228155.13,21083543.13,EUR,2024-09-30,Closed,True
T05738,C09005,P02037,33048527.46,9536872.05,EUR,2025-09-06,Active,True
T05739,C08643,P07592,49598649.18,21988085.62,NOK,2022-05-09,Closed,False
T05740,C08698,P04953,18530763.31,21036152.91,USD,2024-12-28,Default,True
T05741,C07920,P03453,1353208.69,5913214.73,USD,2025-10-31,Closed,True
T05742,C03427,P00629,10876520.22,22558739.08,USD,2025-02-21,Default,True
T05743,C03507,P03804,28654198.78,23205747.62,USD,2024-01-01,Active,True
T05744,C08815,P00715,25248166.9,8352937.46,EUR,2022-12-10,Active,False
T05745,C09303,P07028,34955247.99,6961638.86,EUR,2023-01-14,Active,False
T05746,C03007,P02309,1788405.68,12249894.39,USD,2022-11-05,Active,False
T05747,C01875,P05483,12849597.44,13397360.42,USD,2021-08-15,Active,False
T05748,C02670,P09687,36898054.45,9756867.77,USD,2020-06-13,Closed,True
T05749,C04448,P00662,40894688.83,22390306.16,USD,2020-06-22,Default,True
T05750,C08227,P02815,22095815.08,13763651.26,EUR,2024-11-30,Active,True
T05751,C00990,P06558,40768671.47,5432123.94,EUR,2021-10-13,Default,True
T05752,C00011,P04999,6944140.19,23170324.75,EUR,2020-02-06,Active,False
T05753,C07807,P07769,12765967.91,15372430.7,USD,2022-01-27,Active,True
T05754,C09400,P03824,41790397.21,16372751.69,NOK,2023-05-21,Closed,True
T05755,C01138,P09352,48576317.97,10153025.73,EUR,2024-08-06,Closed,True
T05756,C08180,P01661,39635190.54,14319849.27,NOK,2025-02-06,Active,True
T05757,C05388,P07356,19295485.62,10618427.0,EUR,2024-03-26,Active,True
T05758,C05278,P07166,5548290.26,23877966.49,NOK,2023-07-20,Active,False
T05759,C07035,P08197,16464383.03,18218374.17,NOK,2024-07-30,Closed,True
T05760,C00215,P04021,23040575.75,21545703.52,EUR,2021-01-15,Active,False
T05761,C04124,P06766,37755564.02,23805758.82,NOK,2025-07-10,Default,False
T05762,C04157,P09609,10173623.49,20964456.94,NOK,2025-08-28,Default,True
T05763,C05179,P04902,36154512.04,11302508.73,USD,2020-12-02,Closed,True
T05764,C08775,P08692,8231216.8,2310046.59,NOK,2020-01-12,Closed,False
T05765,C02268,P02723,27759975.67,15883097.0,NOK,2025-03-22,Default,True
T05766,C07400,P09230,10638812.46,8116751.96,EUR,2024-08-06,Active,False
T05767,C02942,P08778,21219723.03,2595463.5,EUR,2020-10-12,Active,False
T05768,C02219,P07660,47860029.27,12637236.27,EUR,2020-07-22,Closed,True
T05769,C05763,P05036,15399400.28,21133407.83,USD,2021-04-21,Active,True
T05770,C08137,P07544,1073131.49,11190893.01,EUR,2021-11-26,Active,False
T05771,C07412,P06288,28645120.29,15625668.72,EUR,2022-12-03,Active,False
T05772,C03987,P08894,14009091.35,9344699.3,NOK,2024-10-30,Active,False
T05773,C01094,P07618,7907993.95,10961371.29,USD,2024-12-04,Closed,True
T05774,C09213,P04398,20182157.49,8932572.54,USD,2020-06-25,Closed,True
T05775,C02469,P02716,21827918.34,8887756.11,USD,2023-12-12,Closed,False
T05776,C00929,P04238,12705839.33,24448059.27,EUR,2023-12-11,Closed,False
T05777,C08855,P08879,41800382.97,18197357.65,USD,2024-09-29,Default,True
T05778,C07447,P04848,25443586.93,11798921.89,NOK,2020-09-16,Active,False
T05779,C03032,P05356,4867393.22,3799230.44,EUR,2023-09-15,Default,False
T05780,C04402,P09404,22267515.96,15343465.74,USD,2021-01-28,Closed,False
T05781,C07974,P08362,29962850.71,4755718.65,EUR,2021-06-23,Active,True
T05782,C03477,P01082,12313824.2,17761665.13,EUR,2025-02-24,Default,True
T05783,C02157,P02128,9361297.09,4673927.1,NOK,2024-01-23,Active,True
T05784,C04129,P02603,47799795.42,6245981.62,EUR,2023-07-15,Closed,False
T05785,C08027,P04237,25864079.06,5350972.5,USD,2024-01-23,Active,True
T05786,C00911,P02171,27896059.7,19224611.26,USD,2025-06-24,Active,True
T05787,C09838,P07229,14451094.95,1127618.81,USD,2022-05-24,Closed,True
T05788,C09360,P00836,29959255.06,9168832.18,NOK,2023-08-14,Active,False
T05789,C09023,P02410,32376928.77,7039129.56,USD,2021-10-25,Active,False
T05790,C02411,P06315,38216928.32,3489580.55,USD,2021-10-30,Default,False
T05791,C04296,P05023,46930740.29,18716586.07,USD,2021-08-26,Default,True
T05792,C07475,P02227,36390598.82,8259191.92,USD,2025-06-07,Default,True
T05793,C03573,P03172,32764547.66,20764393.06,EUR,2024-10-24,Active,False
T05794,C08944,P01949,19238414.27,22119818.62,USD,2022-10-11,Active,False
T05795,C04441,P01712,21624829.12,2250319.7,EUR,2020-07-17,Default,False
T05796,C07945,P03602,34259877.68,19229198.81,NOK,2023-12-20,Closed,True
T05797,C06002,P05038,48546151.69,24977980.28,NOK,2020-03-29,Active,True
T05798,C08712,P09545,24552421.34,1210826.17,NOK,2025-03-27,Default,True
T05799,C07913,P05544,18173855.63,6417418.84,EUR,2022-01-27,Closed,False
T05800,C00198,P01501,41504709.92,10793813.6,NOK,2020-03-27,Active,False
T05801,C05497,P01541,36392282.64,2306091.72,USD,2023-08-31,Default,False
T05802,C04508,P02026,39175605.47,4534212.1,USD,2023-02-19,Default,True
T05803,C05582,P06091,18270594.04,970722.09,EUR,2020-04-10,Closed,False
T05804,C00578,P01343,19106085.16,1037400.97,EUR,2021-08-26,Active,True
T05805,C08317,P02310,4973029.06,8722386.02,NOK,2023-08-08,Default,False
T05806,C09681,P01933,47451239.42,19007616.74,USD,2025-09-02,Default,False
T05807,C00277,P02409,11855792.6,21630062.59,USD,2021-10-07,Closed,True
T05808,C03621,P02785,31440407.1,973658.42,NOK,2022-07-25,Closed,False
T05809,C07294,P06775,28381367.47,16086486.08,EUR,2025-02-16,Active,True
T05810,C07025,P02311,35122574.42,13096805.19,EUR,2020-09-29,Closed,True
T05811,C07829,P08225,34008841.3,4408363.03,USD,2025-09-12,Active,True
T05812,C06358,P00649,46666055.08,12320816.39,NOK,2022-04-08,Active,True
T05813,C02837,P05855,31643527.21,17849265.46,USD,2021-10-22,Closed,True
T05814,C00234,P06795,43787261.45,19969723.35,EUR,2024-08-21,Default,True
T05815,C09286,P07468,34531619.82,1870799.73,EUR,2023-07-10,Default,True
T05816,C00194,P03275,11008175.17,22896686.9,USD,2024-02-23,Active,False
T05817,C01617,P09531,2265577.86,12457107.5,NOK,2020-01-05,Closed,True
T05818,C07542,P07547,32892226.22,15304192.75,EUR,2023-10-21,Closed,False
T05819,C09937,P03524,36251712.56,20654548.95,EUR,2023-08-28,Default,False
T05820,C09671,P05425,18026562.43,3031834.74,NOK,2021-02-14,Default,False
T05821,C08944,P06591,24915837.28,21049928.25,NOK,2021-11-25,Default,True
T05822,C07868,P09308,15494044.55,10944322.25,NOK,2020-10-10,Closed,False
T05823,C09954,P03564,35343675.43,19877668.02,NOK,2022-08-21,Active,True
T05824,C09838,P06050,24562091.1,6323078.64,NOK,2021-04-22,Default,False
T05825,C05897,P03575,35736794.11,23333092.88,USD,2025-01-15,Closed,False
T05826,C08406,P03408,19859592.82,1878710.68,EUR,2024-10-01,Default,False
T05827,C02547,P06020,17163995.03,2496367.98,EUR,2025-04-16,Active,True
T05828,C07281,P09408,42593092.46,5036572.28,NOK,2022-02-16,Active,True
T05829,C09967,P06093,14416331.48,2116381.99,EUR,2020-11-07,Default,True
T05830,C02914,P09056,42281362.24,21621282.56,USD,2023-12-29,Active,True
T05831,C01222,P04459,35386756.3,1609988.48,USD,2025-01-08,Closed,True
T05832,C08308,P00223,3673675.52,10061814.19,NOK,2021-01-07,Closed,True
T05833,C03548,P06574,30432639.92,18820817.27,NOK,2024-12-31,Closed,False
T05834,C08020,P02607,27380709.65,23744032.22,NOK,2022-06-18,Default,False
T05835,C06526,P02144,30094471.33,12426371.33,EUR,2020-09-17,Default,False
T05836,C06631,P08245,6019247.9,16508220.74,NOK,2023-01-05,Closed,True
T05837,C08633,P02271,48366948.0,7889876.3,USD,2023-05-26,Default,True
T05838,C05300,P06187,21513133.2,12785534.31,USD,2023-04-21,Closed,True
T05839,C09043,P05498,35707715.1,18836369.34,EUR,2022-11-05,Closed,False
T05840,C00855,P06497,15626152.39,1481955.79,EUR,2023-09-17,Closed,True
T05841,C03025,P06278,48435491.4,971453.89,USD,2025-10-05,Active,True
T05842,C00029,P05983,7315205.89,15866195.11,EUR,2025-04-17,Closed,True
T05843,C07442,P08585,21532791.14,6530244.0,NOK,2022-06-23,Closed,True
T05844,C07762,P06697,6725741.26,5139309.09,NOK,2022-10-03,Closed,True
T05845,C06803,P04668,6917174.07,6918870.27,USD,2023-11-01,Default,True
T05846,C07317,P00964,42262476.52,5618406.4,NOK,2021-03-24,Closed,False
T05847,C08930,P05791,40095020.06,17083747.25,USD,2022-01-12,Default,False
T05848,C03391,P01284,21705217.66,9671927.58,NOK,2020-01-21,Active,True
T05849,C02814,P07750,29369460.6,1848205.83,EUR,2021-03-21,Default,True
T05850,C08308,P05766,22952648.75,24515275.62,USD,2023-04-23,Active,True
T05851,C06604,P06723,39674056.0,838761.27,USD,2025-03-04,Closed,True
T05852,C08800,P06527,8539302.4,24933833.78,EUR,2021-03-06,Active,False
T05853,C05130,P09407,19206966.94,20368937.32,NOK,2021-04-02,Default,True
T05854,C00316,P03627,13456050.76,6603712.71,USD,2020-08-17,Closed,True
T05855,C03124,P06266,40377110.17,18662446.9,NOK,2025-08-07,Default,True
T05856,C01614,P01118,30470375.92,1765526.29,EUR,2021-01-18,Active,True
T05857,C07471,P02877,29768241.4,13829795.59,EUR,2025-02-12,Closed,False
T05858,C02764,P07234,7727707.3,20607586.77,USD,2025-07-15,Closed,True
T05859,C07778,P01643,33449776.08,13724397.25,NOK,2021-09-11,Active,False
T05860,C09637,P09064,7364856.24,16069474.53,USD,2020-10-26,Active,False
T05861,C02934,P09623,35026878.81,5525739.14,EUR,2025-09-05,Default,True
T05862,C01031,P07633,19064590.14,12158666.43,NOK,2020-10-05,Closed,False
T05863,C03013,P04217,16092920.41,14176511.61,EUR,2021-12-07,Closed,False
T05864,C08054,P08171,46232150.75,3812729.83,EUR,2021-11-14,Closed,True
T05865,C09988,P09954,28279745.47,14114423.15,USD,2022-08-03,Closed,False
T05866,C01403,P00647,35640425.4,10333868.36,EUR,2023-07-25,Active,True
T05867,C08758,P00883,11897771.56,22031282.79,EUR,2022-12-29,Closed,False
T05868,C04446,P02286,7928026.32,3782614.75,EUR,2022-09-29,Default,False
T05869,C04328,P00135,11493347.39,21143869.72,USD,2023-12-04,Closed,False
T05870,C08267,P03986,13785885.38,24748975.04,USD,2025-02-27,Closed,True
T05871,C05212,P06782,7744388.34,9309140.81,NOK,2022-09-23,Closed,True
T05872,C09364,P09144,45935977.79,24460634.52,USD,2022-08-11,Closed,False
T05873,C09856,P08693,31125501.36,12788881.76,EUR,2020-10-15,Active,True
T05874,C06635,P04796,16006618.48,13190179.09,NOK,2024-01-19,Closed,False
T05875,C03814,P06641,20084033.11,4053879.86,NOK,2024-07-25,Default,True
T05876,C09103,P08882,36472274.44,23474365.66,EUR,2024-11-17,Active,True
T05877,C09641,P06794,15936091.18,9883173.46,EUR,2022-07-07,Active,True
T05878,C09574,P06016,13160493.98,24675184.99,NOK,2022-10-03,Default,False
T05879,C08416,P04831,15873325.89,4398002.76,NOK,2023-09-10,Closed,True
T05880,C01841,P03456,37600175.05,6942082.65,EUR,2025-08-09,Default,True
T05881,C05931,P09186,10007890.49,4703477.2,USD,2024-07-23,Closed,True
T05882,C08048,P02266,28760755.02,11896869.97,EUR,2023-03-08,Active,True
T05883,C07186,P05554,35132517.31,7293696.94,USD,2021-01-14,Default,False
T05884,C03126,P03421,46113681.43,20867022.13,NOK,2021-09-13,Closed,True
T05885,C07476,P05796,9726998.42,15661656.06,NOK,2024-06-05,Default,False
T05886,C08638,P01808,4804725.95,5512594.4,NOK,2021-05-02,Active,True
T05887,C00241,P05844,16554989.6,4197040.28,EUR,2021-06-30,Default,True
T05888,C02195,P07705,36400053.3,5850778.95,USD,2020-11-15,Active,False
T05889,C07138,P02398,49010501.75,20008805.84,EUR,2024-02-09,Closed,False
T05890,C03860,P07795,39318449.46,13899546.3,USD,2021-08-30,Closed,False
T05891,C09201,P01558,29660788.69,24708730.48,NOK,2020-07-15,Default,False
T05892,C08025,P05316,34673458.72,23979149.4,NOK,2024-12-31,Closed,True
T05893,C00949,P03426,13832545.39,8301490.44,USD,2023-08-26,Closed,True
T05894,C05655,P08890,12038148.6,5984799.85,NOK,2020-01-13,Closed,True
T05895,C08665,P09341,35378893.6,22296461.9,NOK,2023-09-24,Default,False
T05896,C04010,P07969,15126724.65,16764209.37,NOK,2023-12-18,Closed,True
T05897,C08238,P06622,45016204.11,24492539.6,EUR,2020-02-02,Active,True
T05898,C01349,P07130,44090428.52,8393101.0,EUR,2022-11-23,Active,False
T05899,C06120,P06183,19907840.16,14651986.21,EUR,2025-09-29,Closed,True
T05900,C02658,P06810,44268569.14,5818016.89,NOK,2021-12-31,Active,False
T05901,C02176,P05201,3776302.52,19744459.85,NOK,2025-07-25,Active,True
T05902,C08877,P09875,34456859.11,22542469.62,USD,2021-06-27,Closed,False
T05903,C09632,P03776,45983153.62,3414894.23,NOK,2022-06-21,Default,True
T05904,C00524,P03458,37242287.65,20557029.77,EUR,2024-01-05,Active,True
T05905,C06648,P09428,37452132.24,11482558.59,EUR,2025-02-28,Default,True
T05906,C08559,P08992,10580981.89,4474661.15,EUR,2024-06-02,Active,False
T05907,C08729,P03717,47013828.83,18128183.55,USD,2021-01-13,Active,False
T05908,C03244,P04281,27238920.15,2278388.86,NOK,2022-02-17,Default,False
T05909,C08503,P03754,3176220.0,11328328.93,USD,2022-11-04,Active,True
T05910,C08629,P01411,19669424.15,15251869.36,USD,2023-12-01,Closed,True
T05911,C01255,P08549,45054939.35,18257375.48,USD,2020-01-02,Default,True
T05912,C03750,P08835,45827549.68,13596355.71,NOK,2022-12-13,Default,True
T05913,C00247,P07998,36881508.53,14094630.43,USD,2023-12-24,Default,False
T05914,C09250,P06993,36567345.96,14582182.66,USD,2023-07-30,Default,True
T05915,C01476,P05560,36993010.92,21167128.58,USD,2023-04-01,Default,True
T05916,C08546,P07578,2970265.53,3334035.87,EUR,2020-12-04,Default,False
T05917,C07896,P00986,12072686.15,20572429.58,EUR,2025-06-17,Active,True
T05918,C07769,P06185,10276124.51,13600487.59,USD,2022-11-17,Default,True
T05919,C04129,P09437,34221534.97,9721454.85,NOK,2023-02-13,Closed,False
T05920,C04931,P07702,48108186.27,15955258.22,NOK,2024-08-25,Active,False
T05921,C08305,P08890,18144631.42,8847242.9,NOK,2024-11-15,Active,True
T05922,C08582,P03416,21176886.4,15985102.56,USD,2023-01-21,Closed,False
T05923,C02438,P07064,1410085.92,24728346.86,NOK,2022-03-06,Active,False
T05924,C01423,P00991,29523033.28,22456462.88,USD,2023-02-08,Default,True
T05925,C01423,P02367,25999902.97,11584497.6,EUR,2020-12-14,Default,True
T05926,C04755,P08792,48013037.08,9372775.35,USD,2024-11-16,Closed,True
T05927,C04967,P07115,19823158.46,3333687.39,EUR,2025-03-04,Closed,True
T05928,C08975,P02230,29942871.27,12074296.24,EUR,2023-11-22,Active,True
T05929,C09940,P03290,28369883.22,13472881.43,EUR,2020-11-18,Closed,True
T05930,C07361,P02739,7923525.28,11332454.5,NOK,2021-07-09,Active,False
T05931,C02898,P01056,25619704.66,23774206.26,EUR,2022-03-05,Active,True
T05932,C09808,P05905,39598944.67,8021993.07,NOK,2020-06-30,Active,True
T05933,C09927,P05712,32010112.18,14075520.24,USD,2021-02-28,Closed,True
T05934,C03338,P05864,45696051.83,12931363.22,NOK,2024-08-09,Active,True
T05935,C07499,P03041,47405773.36,14019416.05,USD,2021-03-23,Default,False
T05936,C01409,P02976,40641086.24,23561146.34,EUR,2020-01-12,Default,False
T05937,C09378,P05236,42230345.02,17883623.89,EUR,2023-01-14,Default,False
T05938,C00677,P03563,2387745.51,16700393.13,NOK,2022-01-29,Active,True
T05939,C05748,P08659,17858809.01,23417366.41,NOK,2025-10-13,Active,True
T05940,C01356,P06679,39675922.95,23664732.22,EUR,2025-04-20,Active,False
T05941,C06314,P05356,46886028.64,24492241.0,USD,2022-03-01,Closed,False
T05942,C02338,P03187,47943771.91,23533111.7,NOK,2022-01-07,Default,False
T05943,C05776,P08728,29485445.58,18814618.51,EUR,2021-04-02,Closed,True
T05944,C04960,P05324,31192539.98,9823351.19,USD,2025-08-05,Default,False
T05945,C08405,P01078,26285359.88,19586479.8,NOK,2021-01-25,Default,False
T05946,C01073,P03332,6533327.8,12888106.2,NOK,2024-08-26,Default,True
T05947,C08401,P00181,15307023.35,2398429.68,USD,2021-01-18,Closed,True
T05948,C09314,P01088,13013238.43,11476627.5,USD,2024-03-06,Closed,False
T05949,C05850,P03826,13728476.17,3272979.99,USD,2025-08-06,Active,True
T05950,C09919,P07783,42966200.77,6598209.71,NOK,2023-02-09,Closed,False
T05951,C08306,P02488,41570699.91,24081406.73,EUR,2022-03-05,Active,True
T05952,C08241,P09386,27325285.1,656951.85,USD,2023-01-22,Default,False
T05953,C07886,P02733,7149338.21,15960309.03,USD,2024-03-16,Active,True
T05954,C03454,P05862,2445749.46,4884500.09,USD,2020-03-18,Closed,True
T05955,C09388,P04754,39047003.45,10403955.94,NOK,2022-10-04,Closed,False
T05956,C01278,P01090,46694293.93,11940869.85,NOK,2022-12-25,Closed,True
T05957,C07735,P03552,25403485.29,14615608.81,USD,2024-06-12,Closed,False
T05958,C07581,P02059,22573797.05,23917546.96,EUR,2020-08-23,Active,False
T05959,C02957,P07947,46937083.97,9211376.45,EUR,2020-09-19,Default,False
T05960,C00531,P06162,25358072.59,780785.64,NOK,2021-01-13,Default,False
T05961,C03530,P03402,37677592.43,14860408.71,USD,2023-11-09,Closed,True
T05962,C02688,P01560,7682201.73,8546674.98,NOK,2024-10-26,Default,True
T05963,C09201,P04585,5248737.21,18469953.25,USD,2021-02-05,Default,True
T05964,C04839,P06813,14130983.98,17355057.37,NOK,2023-01-26,Default,False
T05965,C06982,P00618,24042506.47,16023475.07,EUR,2022-11-23,Active,False
T05966,C06312,P04434,7129908.57,9667871.99,USD,2021-09-30,Active,False
T05967,C01774,P01239,22409053.93,18257256.98,USD,2023-11-04,Closed,True
T05968,C07856,P08470,4760670.44,4593017.97,EUR,2024-09-04,Default,True
T05969,C03595,P02899,35199450.01,10951400.87,NOK,2021-06-27,Default,True
T05970,C03880,P05487,4966141.04,772367.41,NOK,2021-09-19,Closed,True
T05971,C02134,P04427,9261378.66,2289803.0,USD,2022-07-27,Default,True
T05972,C06221,P05127,10745975.37,14566712.5,EUR,2023-02-28,Active,True
T05973,C03758,P02849,31212020.21,2648062.43,NOK,2022-05-17,Closed,True
T05974,C00232,P09395,12599050.23,24953933.57,EUR,2022-02-14,Default,False
T05975,C05713,P05057,33486450.21,18234784.6,EUR,2021-08-11,Closed,False
T05976,C09865,P04155,32397621.24,12158001.02,USD,2023-07-01,Closed,True
T05977,C02033,P08425,17516958.84,19958796.25,EUR,2025-03-04,Closed,True
T05978,C01706,P00699,35193042.34,15829072.62,USD,2025-06-23,Active,False
T05979,C01565,P02215,17991869.69,24229037.19,NOK,2025-09-30,Default,False
T05980,C08894,P05050,12639375.92,3531378.65,NOK,2021-11-15,Default,True
T05981,C01719,P08296,19883701.79,3928943.39,EUR,2020-09-22,Active,True
T05982,C09568,P09176,31011548.26,11885595.14,EUR,2022-02-09,Active,False
T05983,C01616,P04858,1045950.52,16850230.06,USD,2023-07-05,Active,True
T05984,C05461,P04832,8652630.38,1748561.37,EUR,2022-03-04,Closed,True
T05985,C04067,P00503,25470170.56,19112357.27,USD,2020-06-13,Default,False
T05986,C08025,P01701,20383963.77,11022706.34,USD,2024-06-11,Default,False
T05987,C02408,P04658,37183423.93,19714583.51,NOK,2023-05-16,Default,False
T05988,C03045,P01631,49445409.38,14620805.9,USD,2024-07-02,Default,True
T05989,C08141,P06967,43427380.94,24805459.84,EUR,2024-02-03,Closed,False
T05990,C09726,P00678,38421512.96,9572374.39,NOK,2024-02-11,Closed,True
T05991,C08058,P07967,13017744.36,10486873.71,USD,2025-05-08,Closed,False
T05992,C00331,P01061,41852846.83,11872113.54,EUR,2025-03-27,Active,False
T05993,C02234,P00477,20273036.11,1389300.02,EUR,2023-10-05,Default,True
T05994,C00176,P08217,22261414.77,8906141.14,NOK,2020-05-04,Active,True
T05995,C01387,P09441,7644196.65,22910936.42,USD,2020-09-30,Active,False
T05996,C02698,P04656,42681581.22,560295.31,NOK,2023-07-03,Active,True
T05997,C07596,P01825,49560872.59,17608672.06,EUR,2020-02-17,Active,False
T05998,C03949,P08322,26897370.79,24535261.62,USD,2024-09-25,Default,False
T05999,C09315,P01264,18826790.39,12551194.76,EUR,2020-01-14,Active,True
T06000,C08236,P08507,37401397.71,22987188.1,EUR,2022-09-12,Default,True
T06001,C02437,P07395,6668318.7,14127439.45,USD,2024-11-24,Default,False
T06002,C01057,P01346,49890151.73,19039752.29,NOK,2023-06-09,Closed,True
T06003,C04589,P05183,45231804.34,23285860.25,EUR,2020-10-04,Active,True
T06004,C00749,P00131,16426583.37,18419274.37,EUR,2020-06-12,Active,False
T06005,C01767,P06542,16029870.98,21176387.69,EUR,2025-07-03,Closed,True
T06006,C05411,P09501,37411859.24,5458847.71,EUR,2021-12-15,Active,True
T06007,C02941,P07724,35208605.77,1483688.49,NOK,2023-08-02,Active,False
T06008,C08359,P05120,33745606.07,3949330.3,NOK,2021-10-27,Default,True
T06009,C07819,P06899,35294879.67,6717378.0,USD,2020-02-05,Default,False
T06010,C00043,P02074,22324537.21,14216353.69,USD,2022-03-10,Default,True
T06011,C03426,P08290,43619253.36,22924028.93,EUR,2022-11-13,Default,False
T06012,C04160,P02980,30834905.36,3838235.19,NOK,2021-08-26,Default,False
T06013,C03569,P00787,8782596.6,1235061.11,EUR,2025-02-21,Closed,True
T06014,C05999,P02959,13570207.1,1543571.77,EUR,2025-07-05,Active,False
T06015,C02948,P07447,7341151.56,961382.4,NOK,2022-09-30,Closed,False
T06016,C08515,P00012,42658169.77,13793569.09,NOK,2020-10-22,Active,False
T06017,C09091,P02892,39621493.95,16678548.04,USD,2024-03-19,Active,False
T06018,C07057,P06320,44544259.5,5440678.92,USD,2023-03-14,Default,False
T06019,C03314,P08146,9950781.16,8075669.97,NOK,2022-07-19,Closed,True
T06020,C04111,P03531,36685745.25,17447137.28,USD,2023-12-30,Active,False
T06021,C01092,P00363,15917422.16,3659813.79,NOK,2024-02-10,Closed,True
T06022,C00262,P01659,22977290.56,2834299.54,NOK,2025-06-27,Closed,True
T06023,C09024,P07546,14716011.7,4062757.94,NOK,2023-03-15,Active,False
T06024,C09997,P06648,7163870.38,22498976.84,NOK,2023-09-19,Closed,False
T06025,C03402,P04058,45303312.51,15457335.99,EUR,2020-12-18,Default,False
T06026,C08030,P06009,14887704.95,9377577.14,EUR,2022-04-07,Closed,True
T06027,C01912,P08262,28280597.5,16107774.67,EUR,2023-01-30,Default,True
T06028,C00600,P04302,45292970.07,6555317.97,NOK,2023-11-24,Default,True
T06029,C02291,P06270,49785951.59,12535307.91,EUR,2021-05-08,Active,False
T06030,C08367,P03141,20983199.04,4697492.42,NOK,2022-09-16,Closed,False
T06031,C00690,P09978,4436742.27,21825280.0,NOK,2025-09-25,Default,True
T06032,C03567,P08062,42966285.79,17807998.03,USD,2020-08-19,Active,False
T06033,C08398,P02088,28075960.53,13987073.96,NOK,2022-04-02,Closed,True
T06034,C05901,P06543,16110599.91,8315587.29,USD,2025-04-10,Active,False
T06035,C07746,P10000,46518949.61,735414.48,EUR,2021-07-13,Closed,True
T06036,C01698,P06274,33291647.02,13829537.83,EUR,2020-10-05,Active,True
T06037,C05229,P02084,24124447.52,2107676.83,NOK,2023-03-22,Closed,True
T06038,C05154,P02174,5783897.49,10465052.6,EUR,2023-12-18,Active,False
T06039,C02576,P06729,26778086.43,19590900.91,USD,2022-11-17,Active,False
T06040,C05826,P02009,4080856.6,11391969.06,USD,2025-10-13,Default,True
T06041,C03726,P03321,10317214.35,19217781.34,NOK,2025-10-17,Default,True
T06042,C04046,P07088,38357922.11,1477822.44,EUR,2025-01-17,Closed,False
T06043,C01516,P09164,23984600.23,4237193.45,USD,2025-02-20,Active,True
T06044,C01624,P05164,3410953.3,2928507.16,USD,2020-04-15,Default,True
T06045,C03539,P01932,47388545.76,12573610.67,EUR,2020-09-29,Closed,True
T06046,C03096,P08326,20787289.63,4181612.99,NOK,2021-11-09,Closed,True
T06047,C03823,P04789,11224150.45,9590313.79,USD,2022-04-16,Default,True
T06048,C02357,P07537,18360137.81,4911946.29,NOK,2022-12-29,Default,True
T06049,C03550,P06770,41426145.62,18267555.24,NOK,2025-08-12,Closed,False
T06050,C08602,P00518,26682256.4,12523456.25,USD,2022-08-16,Closed,True
T06051,C06343,P04464,15577927.89,6773631.48,USD,2023-03-06,Active,True
T06052,C02852,P07204,19070058.42,23330558.24,EUR,2025-07-19,Default,False
T06053,C08712,P01886,1482266.16,9764757.05,EUR,2022-12-24,Closed,False
T06054,C01047,P00082,4773675.17,6197272.03,NOK,2023-08-21,Default,True
T06055,C06256,P06905,24644665.74,10774295.85,EUR,2025-06-10,Closed,True
T06056,C07686,P08843,45268657.11,16217898.12,USD,2022-05-04,Active,True
T06057,C06939,P07514,39909562.86,16848167.62,EUR,2021-01-15,Closed,False
T06058,C00922,P05754,40720164.85,15600220.94,EUR,2025-07-05,Default,False
T06059,C00871,P09907,40190587.12,14105742.63,USD,2021-03-15,Active,True
T06060,C00692,P09695,36349884.93,19725335.59,USD,2021-11-14,Default,False
T06061,C08525,P09190,35770913.68,24422624.73,EUR,2022-03-24,Default,False
T06062,C08621,P04536,20477217.69,3930472.54,NOK,2021-06-10,Closed,False
T06063,C02518,P06160,19807467.86,6346802.16,USD,2021-05-26,Closed,True
T06064,C04690,P04746,11686094.26,5054506.16,USD,2020-07-21,Closed,False
T06065,C07060,P07195,32757790.19,14298599.12,USD,2025-07-31,Default,True
T06066,C00256,P03530,47345472.45,24834129.17,NOK,2021-03-01,Active,True
T06067,C09626,P06388,40042970.85,18763455.14,USD,2022-03-21,Default,False
T06068,C05911,P08939,19211029.4,11038182.74,EUR,2024-09-27,Active,False
T06069,C05307,P03395,10838330.25,8420320.3,NOK,2021-07-16,Closed,False
T06070,C01650,P08359,19527084.33,18751668.93,NOK,2021-10-31,Default,True
T06071,C04845,P04352,35782439.64,19792219.26,USD,2023-08-08,Closed,False
T06072,C08401,P00869,19739488.95,6620093.05,USD,2020-07-11,Active,True
T06073,C00437,P04884,21366399.69,18227177.33,EUR,2023-11-21,Closed,True
T06074,C06343,P01148,37351220.63,8440901.66,NOK,2023-03-11,Active,True
T06075,C00285,P05300,35530762.5,4173542.29,EUR,2021-11-10,Active,True
T06076,C06967,P06093,33025372.07,7981986.87,EUR,2020-01-25,Default,True
T06077,C02756,P02183,13660682.82,24248207.53,NOK,2021-08-27,Default,False
T06078,C05397,P04843,21251445.03,14041532.73,NOK,2022-01-02,Closed,True
T06079,C09126,P04475,1107530.82,15707897.66,USD,2024-12-18,Active,False
T06080,C00535,P02452,49590249.68,5116859.96,NOK,2021-08-21,Active,True
T06081,C05013,P06186,21959977.94,9555389.74,NOK,2022-12-24,Active,False
T06082,C09390,P09577,49884509.33,8482930.98,EUR,2023-02-07,Active,False
T06083,C06843,P00049,13297813.86,19725661.47,NOK,2024-11-21,Active,True
T06084,C01478,P01178,46987792.44,13654932.97,NOK,2021-12-20,Active,False
T06085,C06034,P03235,29627454.34,17335794.96,NOK,2022-11-01,Active,True
T06086,C05707,P08076,1772160.21,6516390.51,EUR,2023-02-18,Closed,True
T06087,C00606,P06204,19450425.81,4840145.33,EUR,2023-06-18,Closed,False
T06088,C02693,P09424,30744463.45,24619127.09,USD,2020-05-08,Active,True
T06089,C03959,P08945,1207751.54,6513545.94,USD,2024-05-19,Default,False
T06090,C00538,P07230,3111644.68,24968314.75,EUR,2021-10-23,Default,False
T06091,C03364,P06655,17094871.02,10017117.41,EUR,2021-09-17,Active,True
T06092,C06190,P05534,16062547.24,4650212.59,EUR,2025-03-02,Active,False
T06093,C03981,P00983,39525568.6,6515033.57,EUR,2024-09-30,Active,False
T06094,C09638,P07608,15722068.72,14608228.16,USD,2021-05-09,Closed,True
T06095,C09232,P05368,32148677.54,23883459.67,USD,2024-09-04,Closed,True
T06096,C04076,P00719,40499068.54,2230067.85,NOK,2021-07-24,Default,True
T06097,C08723,P08322,25135803.62,909894.06,NOK,2024-07-02,Active,True
T06098,C00720,P00087,5704186.63,11160084.06,EUR,2021-07-27,Active,False
T06099,C06828,P01941,37348612.87,8115238.69,EUR,2025-06-22,Default,True
T06100,C06123,P02530,42734037.58,11104619.04,USD,2023-08-02,Closed,True
T06101,C07340,P00125,16895545.86,8890586.11,EUR,2022-09-26,Default,False
T06102,C08446,P03695,31173898.13,1588210.93,EUR,2023-07-13,Default,True
T06103,C04319,P09355,22850775.87,8285923.47,USD,2021-12-27,Default,True
T06104,C06748,P07303,39113334.3,10066691.34,NOK,2022-05-05,Active,False
T06105,C01847,P01259,13226255.24,20714587.57,NOK,2024-09-13,Active,True
T06106,C08874,P00998,38131105.79,14539952.53,NOK,2025-08-17,Closed,True
T06107,C01410,P01870,29941883.48,6374572.7,EUR,2021-01-24,Closed,True
T06108,C04463,P02571,16462124.29,22132309.06,USD,2023-12-11,Default,True
T06109,C02030,P05576,34648892.15,13733837.27,EUR,2024-06-18,Closed,False
T06110,C06593,P00279,8059284.67,17203011.81,USD,2024-02-17,Default,True
T06111,C01145,P03101,46559049.3,14451847.6,EUR,2020-06-02,Active,True
T06112,C04703,P06889,19635927.71,1360454.97,USD,2023-12-09,Default,True
T06113,C07874,P08105,49355663.85,5826579.42,EUR,2024-09-03,Default,True
T06114,C07264,P06818,22093432.57,20349354.24,NOK,2023-12-11,Active,False
T06115,C04121,P05285,31996582.89,5404261.98,NOK,2024-12-22,Closed,True
T06116,C05668,P02149,42801972.31,10675698.12,NOK,2022-03-03,Closed,False
T06117,C03431,P00487,47956204.37,1696047.44,USD,2022-03-24,Default,True
T06118,C07262,P09135,33182681.06,5776190.58,USD,2023-07-14,Default,True
T06119,C00887,P02421,32405049.87,19188868.05,NOK,2024-07-18,Active,True
T06120,C03509,P05464,47656877.89,21645275.96,EUR,2022-12-29,Closed,False
T06121,C05468,P07731,46474396.98,22121185.7,EUR,2024-07-19,Closed,False
T06122,C05851,P05486,38672309.25,15140134.63,NOK,2023-08-31,Default,True
T06123,C02143,P02123,24402353.58,14639661.25,EUR,2023-09-09,Closed,False
T06124,C09499,P00891,9872987.11,20659704.99,NOK,2023-01-11,Closed,True
T06125,C05959,P06106,33833105.6,17094865.91,NOK,2021-07-27,Default,True
T06126,C00676,P03346,9280460.15,9122828.51,EUR,2023-02-12,Active,True
T06127,C03871,P01369,33833507.35,18221373.19,NOK,2023-07-12,Default,False
T06128,C02777,P00298,10953913.38,16950655.76,NOK,2025-10-12,Closed,True
T06129,C04607,P00617,45361275.18,12726318.17,USD,2023-07-13,Active,False
T06130,C07275,P09309,11963978.9,14556350.98,EUR,2022-02-04,Closed,False
T06131,C09699,P07587,35230887.0,6915279.08,NOK,2021-05-07,Active,False
T06132,C04390,P00213,23455565.85,19978602.32,NOK,2020-10-15,Default,False
T06133,C02475,P02696,16423579.73,10921162.44,EUR,2021-12-23,Active,False
T06134,C00485,P09283,20340297.56,14186345.77,USD,2021-03-31,Closed,True
T06135,C09752,P01913,3747383.51,16875166.82,USD,2022-08-16,Closed,True
T06136,C00714,P01145,34309292.23,15672829.39,EUR,2022-03-08,Default,False
T06137,C01314,P09594,48737044.08,10136103.84,NOK,2024-06-01,Closed,True
T06138,C09854,P08689,32569960.94,3668984.37,NOK,2022-05-09,Closed,False
T06139,C04856,P02753,18185535.23,24176822.65,USD,2020-05-15,Closed,True
T06140,C06597,P05568,6999522.66,21240712.46,EUR,2025-05-24,Active,False
T06141,C09431,P00911,19848739.41,20268994.93,USD,2020-09-04,Default,True
T06142,C01672,P05375,28060990.9,24805109.26,NOK,2025-01-03,Active,True
T06143,C08825,P07746,12568832.07,4853336.4,NOK,2022-11-02,Default,True
T06144,C03987,P01604,10224569.44,839362.17,NOK,2023-10-30,Closed,False
T06145,C03471,P03850,37624817.36,22895002.17,EUR,2025-01-01,Default,True
T06146,C02781,P09647,21780612.32,6559241.38,EUR,2022-08-24,Default,False
T06147,C08599,P05000,1809538.62,21091181.86,EUR,2020-07-24,Default,True
T06148,C09856,P06184,3954245.34,6653851.09,EUR,2021-05-30,Default,False
T06149,C09694,P06354,15777624.76,18023602.32,NOK,2022-08-07,Active,True
T06150,C05255,P01634,29028109.76,18414553.01,NOK,2025-03-08,Active,True
T06151,C08890,P05446,25521982.41,4062749.69,EUR,2025-08-01,Closed,False
T06152,C04847,P05257,36709792.06,9692559.08,EUR,2024-04-21,Active,True
T06153,C01158,P06893,20992514.21,19599360.54,EUR,2020-03-30,Default,False
T06154,C06201,P03893,33534674.77,18984942.79,EUR,2024-03-12,Active,True
T06155,C09962,P09848,30365900.41,12525081.16,NOK,2021-11-06,Closed,True
T06156,C06638,P01107,48681506.41,13726463.37,USD,2023-09-12,Default,False
T06157,C05599,P00821,4475015.79,22041442.84,EUR,2020-04-05,Default,True
T06158,C00618,P04745,27423787.7,6183418.11,NOK,2021-06-08,Active,False
T06159,C00528,P08747,39163204.89,9862434.74,USD,2022-10-14,Active,True
T06160,C08674,P06150,34152211.86,9370630.39,NOK,2024-01-02,Default,False
T06161,C02320,P07245,35836455.18,8079573.5,NOK,2020-07-16,Active,True
T06162,C08386,P07383,14837964.22,18042147.79,USD,2025-07-17,Active,True
T06163,C06943,P04443,46508050.81,5101328.52,EUR,2022-05-07,Default,True
T06164,C01751,P06114,44878894.42,5305878.17,EUR,2025-01-06,Default,False
T06165,C07879,P05123,35614839.65,11397492.62,USD,2021-03-14,Default,False
T06166,C01539,P00949,8441239.57,18850426.47,EUR,2025-03-14,Closed,True
T06167,C02201,P03423,20623398.86,17897129.5,USD,2025-07-08,Default,False
T06168,C07727,P01449,16921195.66,993101.65,EUR,2020-09-05,Closed,False
T06169,C01761,P05246,46171851.92,5678756.09,NOK,2023-10-17,Default,False
T06170,C07894,P09561,14689350.92,15748028.73,EUR,2021-07-01,Default,False
T06171,C07716,P07026,34368314.94,23644981.51,USD,2020-01-30,Active,True
T06172,C05038,P09540,31521013.43,15080612.27,NOK,2025-03-13,Default,True
T06173,C00187,P05166,22129610.19,1793123.6,USD,2025-03-21,Closed,False
T06174,C05017,P05078,15465780.43,8545871.78,NOK,2024-04-13,Active,True
T06175,C02348,P06589,4818691.08,24618437.95,NOK,2020-04-14,Default,True
T06176,C01538,P07195,43720060.6,10553792.39,EUR,2023-12-19,Default,True
T06177,C09637,P09033,6244167.81,9652487.84,NOK,2023-08-02,Closed,True
T06178,C05951,P00441,24993462.49,16855380.75,USD,2020-05-07,Default,True
T06179,C04389,P06426,5428914.64,10764856.29,USD,2024-09-12,Active,False
T06180,C07116,P09140,39315054.41,7141118.58,NOK,2024-09-13,Active,False
T06181,C06040,P01821,21290481.41,15215425.53,EUR,2024-05-19,Default,True
T06182,C06182,P06167,4522147.58,1568421.2,USD,2024-09-18,Active,True
T06183,C06688,P06074,8883619.65,17663565.85,NOK,2022-11-07,Active,True
T06184,C09530,P05135,11749331.6,15111221.94,EUR,2024-01-05,Active,False
T06185,C01656,P02226,25645361.71,3901666.25,USD,2021-07-01,Default,False
T06186,C03644,P03402,27736282.88,7617108.7,NOK,2023-02-16,Closed,False
T06187,C06626,P00148,37975390.44,22576714.34,NOK,2021-06-26,Closed,False
T06188,C09260,P01170,30609246.04,14656744.29,USD,2023-11-21,Closed,True
T06189,C01659,P09198,37157130.06,18343274.82,EUR,2022-01-27,Default,True
T06190,C00317,P01673,3172701.13,3528724.5,USD,2020-03-28,Closed,True
T06191,C02480,P07595,12475278.8,7422828.86,NOK,2023-03-18,Default,True
T06192,C00607,P07262,3497644.89,15858944.14,NOK,2022-11-18,Active,False
T06193,C07479,P08359,32601972.02,15427669.22,EUR,2023-02-18,Active,True
T06194,C03616,P00186,6410525.53,16810375.75,EUR,2020-05-30,Closed,False
T06195,C09471,P01108,14152270.55,21966512.58,USD,2025-05-10,Active,False
T06196,C06094,P08116,3428395.81,18885894.25,EUR,2025-06-27,Default,True
T06197,C07958,P02096,41458064.25,2470635.42,USD,2021-07-06,Active,True
T06198,C09362,P07343,29354940.37,12017937.74,NOK,2020-01-19,Default,True
T06199,C01105,P03305,10756111.55,24412767.42,NOK,2024-05-13,Default,False
T06200,C02091,P09419,38695792.17,8741567.21,NOK,2024-03-15,Closed,False
T06201,C00760,P09721,32380446.48,14831891.76,USD,2020-09-28,Default,False
T06202,C05071,P05134,10505982.55,927194.08,NOK,2021-06-22,Default,False
T06203,C07598,P04653,7505464.76,19199240.61,USD,2020-04-17,Default,True
T06204,C01869,P01947,18456942.86,1601107.35,EUR,2024-06-05,Default,True
T06205,C00054,P06038,14770219.44,21526134.05,NOK,2023-03-25,Default,True
T06206,C01031,P05151,6508919.53,24635100.45,NOK,2023-10-23,Default,True
T06207,C07136,P07562,13840463.32,11717778.32,EUR,2024-09-26,Active,True
T06208,C03161,P01041,20465827.04,11946053.88,USD,2021-04-07,Active,False
T06209,C06593,P03592,19773677.27,12690425.57,NOK,2024-12-12,Closed,False
T06210,C09420,P04942,31380366.67,11483113.42,EUR,2020-07-28,Active,False
T06211,C05294,P05854,26625524.86,11545796.25,NOK,2023-11-06,Default,True
T06212,C05986,P00011,24685999.74,6367327.15,USD,2022-04-20,Default,False
T06213,C09434,P00899,48937565.1,5013652.68,USD,2021-01-02,Closed,False
T06214,C05742,P04877,3249122.1,16548524.49,USD,2020-08-13,Closed,False
T06215,C01789,P09586,25981868.93,9237914.93,USD,2023-07-19,Default,False
T06216,C07929,P01145,38858996.51,16625716.9,USD,2025-08-30,Closed,True
T06217,C02119,P07241,7810583.35,17860190.55,NOK,2025-03-11,Closed,False
T06218,C04234,P00131,21972138.49,4566220.97,USD,2021-03-16,Closed,False
T06219,C06250,P06643,47394737.41,2287520.34,NOK,2021-11-21,Closed,True
T06220,C03115,P06985,15624087.73,20298026.71,USD,2022-12-22,Closed,False
T06221,C01340,P05165,30870329.7,13349681.99,NOK,2022-01-08,Default,True
T06222,C03838,P06918,5895606.61,12384875.12,USD,2023-06-08,Active,False
T06223,C01309,P02740,25205533.34,5650755.52,USD,2020-09-13,Closed,True
T06224,C08618,P05012,19479175.23,10965192.26,NOK,2025-03-26,Active,False
T06225,C08048,P02902,1025381.93,9624763.42,NOK,2022-04-30,Default,False
T06226,C09571,P01407,7943069.29,14677529.98,USD,2020-10-06,Closed,True
T06227,C07254,P04582,15362142.82,21876157.21,EUR,2024-11-11,Default,False
T06228,C03194,P04503,16366103.36,8669370.52,EUR,2022-09-22,Active,True
T06229,C00697,P06095,1997815.53,21809213.15,EUR,2024-07-02,Active,False
T06230,C05249,P04048,3584094.61,16832413.55,NOK,2021-04-30,Default,True
T06231,C07938,P07559,13574012.86,4022149.35,USD,2024-02-11,Active,False
T06232,C00637,P09263,30600182.16,13503360.98,EUR,2023-03-15,Active,True
T06233,C05902,P04872,31866842.25,11859038.74,NOK,2024-01-15,Closed,True
T06234,C07981,P09300,1614463.46,678344.19,EUR,2025-01-23,Default,True
T06235,C03517,P03794,16100295.22,17158345.9,NOK,2022-11-30,Active,False
T06236,C06810,P04139,43772565.13,2132217.07,NOK,2022-05-29,Closed,False
T06237,C07248,P07314,11611451.34,12623102.21,NOK,2020-03-16,Default,False
T06238,C00547,P02364,2901359.91,8699041.69,USD,2023-09-05,Active,True
T06239,C05732,P06350,9907544.25,10731974.37,EUR,2020-03-08,Closed,True
T06240,C05860,P02059,22472431.94,22093532.87,USD,2021-02-22,Active,False
T06241,C00592,P01280,14481394.87,6641721.79,USD,2021-06-02,Active,True
T06242,C09764,P02488,36820479.11,713748.52,USD,2023-01-14,Default,True
T06243,C04879,P07561,17344585.0,3279086.7,EUR,2025-09-30,Closed,False
T06244,C09180,P06173,25607098.55,5785713.61,USD,2022-12-13,Default,False
T06245,C05434,P01348,17233020.07,3788588.89,USD,2025-04-16,Active,True
T06246,C09526,P06598,35973000.68,24745755.51,USD,2024-09-20,Default,False
T06247,C00897,P07577,43028106.08,16312678.75,EUR,2023-05-07,Active,False
T06248,C03197,P02491,12750042.34,19711361.96,NOK,2025-05-07,Closed,False
T06249,C00807,P05141,5581871.06,5966596.21,EUR,2024-07-07,Default,False
T06250,C01652,P06845,21736984.47,3907027.18,USD,2025-05-25,Default,False
T06251,C00893,P00695,20017258.14,857197.69,EUR,2021-08-19,Active,True
T06252,C09698,P04720,6610688.61,9596975.76,EUR,2023-11-02,Active,True
T06253,C03913,P04546,44603164.39,14246349.59,NOK,2022-06-11,Closed,False
T06254,C04120,P02833,14881991.98,6785645.65,USD,2023-03-31,Default,False
T06255,C07240,P04161,32291284.78,11689032.72,NOK,2024-06-29,Active,True
T06256,C03895,P01214,48403427.85,19248160.75,EUR,2024-08-23,Active,True
T06257,C06450,P09483,10234802.12,14950948.11,EUR,2020-06-11,Active,False
T06258,C05414,P03111,24771869.88,4211416.62,NOK,2025-02-09,Closed,False
T06259,C00788,P08297,2955893.29,18016479.5,NOK,2021-04-18,Active,True
T06260,C07662,P00274,14874462.61,14811995.79,USD,2021-01-19,Active,False
T06261,C07516,P00284,32076829.76,24559272.85,EUR,2022-03-24,Default,True
T06262,C00508,P00663,33320967.59,24379960.89,USD,2022-11-05,Closed,True
T06263,C07724,P05401,12990191.22,2435126.91,USD,2021-12-04,Default,True
T06264,C04823,P01574,1034899.83,8092385.04,USD,2022-02-01,Closed,True
T06265,C08394,P09123,2252899.4,8803243.96,NOK,2020-07-08,Closed,True
T06266,C01716,P00659,3620032.54,20210610.85,EUR,2025-04-01,Closed,True
T06267,C05544,P06219,33908918.97,3240053.89,EUR,2025-01-28,Closed,True
T06268,C09240,P04176,14189603.21,20086259.62,USD,2023-05-21,Closed,False
T06269,C03769,P08689,3109461.65,23878874.71,NOK,2021-02-25,Closed,True
T06270,C02210,P00528,20197929.61,1908639.06,USD,2020-12-29,Default,False
T06271,C07338,P05607,2316786.89,22423248.12,NOK,2024-04-24,Closed,False
T06272,C08955,P00214,7931673.39,8566303.17,USD,2024-04-13,Default,True
T06273,C08721,P02218,43971415.83,16437215.46,NOK,2022-07-22,Default,True
T06274,C00127,P00589,39269024.63,4438968.6,EUR,2023-09-16,Active,False
T06275,C09774,P08484,23265187.26,1941213.78,EUR,2025-08-27,Active,False
T06276,C07144,P02826,40390961.2,10429823.83,USD,2020-05-22,Default,True
T06277,C08513,P04732,5584147.48,23425429.36,EUR,2020-08-10,Active,True
T06278,C08751,P03168,5605302.31,18566340.61,EUR,2022-12-21,Active,False
T06279,C06991,P01518,20719141.86,2203062.24,EUR,2024-04-08,Closed,True
T06280,C01436,P04948,9905082.59,10337158.75,NOK,2020-03-28,Default,False
T06281,C05083,P02813,14324003.1,20553636.69,NOK,2020-03-05,Closed,True
T06282,C05892,P02497,30864996.08,13141202.02,USD,2023-03-14,Active,True
T06283,C09963,P05904,36500140.52,17831332.29,NOK,2020-11-21,Default,False
T06284,C05805,P05159,15093298.51,23709643.45,EUR,2020-09-29,Active,True
T06285,C09802,P07839,26848891.4,1690227.3,USD,2021-10-03,Active,True
T06286,C02716,P04693,3687814.24,19492557.97,USD,2020-09-20,Default,True
T06287,C00039,P06322,34255495.14,23360760.85,USD,2020-03-10,Default,True
T06288,C07160,P01453,18375861.58,506620.79,EUR,2025-08-05,Default,False
T06289,C06772,P07182,16368660.03,17609549.4,EUR,2020-02-01,Default,True
T06290,C05392,P03270,29283716.2,18672602.67,USD,2020-08-01,Closed,False
T06291,C05554,P03975,35564286.22,10134311.29,NOK,2021-02-15,Active,True
T06292,C06244,P01691,32899991.21,3413817.38,NOK,2022-03-23,Closed,True
T06293,C06554,P09663,8266961.04,18528706.12,NOK,2024-08-20,Closed,True
T06294,C09153,P08613,9734693.16,14473999.01,EUR,2024-08-03,Closed,False
T06295,C01736,P09986,37332232.46,6120646.63,NOK,2022-06-27,Active,True
T06296,C03797,P07666,32174642.27,12311008.79,NOK,2021-02-14,Active,False
T06297,C09651,P09004,40811788.77,7517956.2,NOK,2024-10-30,Closed,True
T06298,C04307,P09994,18992593.61,13020063.62,EUR,2020-11-25,Default,False
T06299,C03457,P03360,38981095.29,12052701.09,NOK,2024-11-18,Closed,False
T06300,C00882,P08119,17026458.74,1178856.54,USD,2022-02-09,Default,True
T06301,C07481,P01325,5724715.24,10863093.54,USD,2020-07-03,Default,True
T06302,C06665,P06805,32748911.96,24794289.16,EUR,2023-05-23,Active,True
T06303,C04381,P00958,44147744.19,17897980.83,USD,2025-07-14,Default,True
T06304,C04793,P00776,22262407.85,24799854.67,USD,2021-04-09,Default,False
T06305,C09778,P09191,42238894.94,8382197.68,EUR,2020-11-28,Active,True
T06306,C07967,P09258,9752684.23,16584756.37,NOK,2024-10-24,Default,False
T06307,C01207,P06209,9899784.5,23747728.47,NOK,2022-12-05,Default,True
T06308,C07706,P07351,7866913.66,23848276.81,USD,2025-04-05,Active,False
T06309,C00236,P06029,16339514.25,22994666.85,NOK,2023-11-21,Active,True
T06310,C09349,P05007,20176559.62,4883970.78,USD,2021-04-08,Closed,True
T06311,C05223,P09126,21631180.91,11326409.39,EUR,2021-03-29,Closed,False
T06312,C05592,P07819,37057666.14,22403801.41,EUR,2024-04-10,Active,False
T06313,C06992,P05744,32767064.8,20471770.87,USD,2025-05-10,Closed,True
T06314,C07225,P04815,22858212.08,15586158.1,NOK,2021-11-05,Closed,True
T06315,C04751,P07000,2221884.06,11493547.15,USD,2024-04-02,Active,True
T06316,C07660,P09280,1102574.27,6157830.39,USD,2022-12-16,Default,False
T06317,C07803,P01948,23469870.23,17027222.59,EUR,2021-04-23,Default,False
T06318,C04830,P07845,8875822.59,16921239.77,USD,2024-05-03,Default,False
T06319,C04951,P03170,47358619.64,4688260.97,EUR,2020-05-08,Closed,True
T06320,C01341,P07393,33477056.27,5771958.86,EUR,2023-01-30,Active,False
T06321,C05522,P00668,24345428.18,19917571.99,USD,2020-02-15,Default,False
T06322,C03824,P09095,40526867.1,6261681.65,USD,2022-09-17,Active,False
T06323,C05015,P05004,31245716.02,5285164.94,EUR,2021-03-26,Default,True
T06324,C08152,P09120,16022842.29,1158950.81,NOK,2025-05-21,Default,False
T06325,C05138,P02294,24630158.72,14964601.2,EUR,2022-07-30,Closed,True
T06326,C02988,P02304,38599169.62,6994242.95,NOK,2024-08-10,Active,True
T06327,C09725,P06511,6112519.65,13615781.43,USD,2023-10-17,Default,True
T06328,C03429,P00463,49579844.4,7740317.65,USD,2020-10-11,Default,True
T06329,C09052,P01833,11447965.06,9906857.49,NOK,2023-08-06,Active,False
T06330,C04244,P06873,37250813.61,11083498.02,EUR,2025-07-18,Closed,False
T06331,C07021,P04533,4887027.65,16361866.51,USD,2020-08-10,Closed,False
T06332,C05833,P04318,23530038.15,7301631.07,EUR,2020-02-27,Closed,True
T06333,C03768,P02969,11913930.8,3015242.33,EUR,2023-08-15,Default,False
T06334,C03381,P03303,38169085.23,12209923.54,NOK,2024-06-27,Default,True
T06335,C02489,P08521,45498718.12,11199951.26,USD,2021-04-18,Default,False
T06336,C08756,P06029,31994894.49,23193489.84,NOK,2023-02-18,Active,True
T06337,C00947,P03417,1496063.0,10472861.09,NOK,2023-07-04,Closed,False
T06338,C06922,P08225,24274490.57,22819986.29,NOK,2023-08-16,Default,False
T06339,C07858,P07977,15793768.11,18336064.21,EUR,2024-12-05,Default,False
T06340,C06040,P08782,40187778.86,10847863.21,EUR,2025-10-11,Active,True
T06341,C06291,P03363,19642174.02,6789642.28,EUR,2020-03-16,Default,True
T06342,C03346,P00419,37887716.24,10337162.99,USD,2022-09-28,Default,False
T06343,C04594,P05972,22736043.27,11830184.32,EUR,2023-09-09,Closed,True
T06344,C07910,P00896,24137933.45,3925428.0,USD,2022-05-22,Active,True
T06345,C08790,P05060,7144328.02,12890373.16,USD,2024-05-23,Active,True
T06346,C08393,P03879,43934589.3,15461169.4,EUR,2025-10-04,Closed,True
T06347,C04920,P01298,45029227.09,7367850.65,NOK,2025-07-03,Active,False
T06348,C00721,P08415,19798427.72,19312873.89,NOK,2025-03-26,Closed,True
T06349,C08098,P06642,2281443.0,21556681.44,EUR,2023-12-25,Default,False
T06350,C04291,P06631,11521645.87,15744790.56,EUR,2025-08-14,Active,True
T06351,C00433,P04948,25279703.06,12359477.29,USD,2023-10-03,Closed,True
T06352,C09942,P08036,46306702.42,11728230.14,NOK,2023-11-22,Default,True
T06353,C07392,P08115,4684305.52,19626586.79,USD,2024-06-26,Closed,False
T06354,C00352,P08780,23605139.92,20775179.06,NOK,2020-05-16,Closed,True
T06355,C04954,P06058,22269087.5,17190766.68,USD,2023-04-21,Active,True
T06356,C06156,P01888,39178762.25,15564651.19,EUR,2020-09-29,Active,False
T06357,C01345,P03090,39057764.61,24206767.09,USD,2023-05-31,Active,False
T06358,C05169,P07292,2716767.16,23817753.24,USD,2025-09-16,Closed,False
T06359,C02036,P01499,40833378.09,24703532.75,NOK,2020-06-03,Closed,True
T06360,C06857,P09791,27717181.83,16203783.19,EUR,2020-03-18,Default,False
T06361,C05175,P09282,44518009.42,13598830.75,EUR,2020-11-01,Default,True
T06362,C03607,P00244,38098716.8,11076412.04,USD,2025-10-04,Active,True
T06363,C07857,P02160,48628959.75,9291142.48,NOK,2023-04-14,Active,False
T06364,C09824,P01061,44731877.37,10750820.43,NOK,2022-11-23,Default,False
T06365,C05412,P07622,20904718.26,14736034.71,NOK,2020-04-02,Default,False
T06366,C04218,P02604,15810756.91,13718170.59,USD,2023-06-25,Default,False
T06367,C02531,P04158,26251476.57,3753884.15,NOK,2020-07-31,Closed,True
T06368,C05675,P01368,11322369.01,17017894.7,USD,2025-04-27,Active,False
T06369,C08908,P01132,16073254.14,9504528.67,EUR,2021-05-31,Default,True
T06370,C08336,P07027,22633517.63,12757151.03,EUR,2025-06-07,Closed,False
T06371,C08892,P02996,3167773.1,12320373.19,EUR,2020-07-19,Closed,True
T06372,C03700,P09233,17950019.92,9051682.64,NOK,2025-05-23,Closed,True
T06373,C02513,P06297,22201528.28,19691541.76,USD,2025-02-14,Active,True
T06374,C05212,P08374,14139195.87,959196.08,EUR,2023-11-16,Default,True
T06375,C03124,P07195,6406824.38,16663397.11,NOK,2023-10-17,Default,False
T06376,C09490,P04917,12984474.75,18463282.31,NOK,2021-03-23,Default,True
T06377,C02458,P09025,41799661.58,2074376.0,NOK,2024-10-17,Active,True
T06378,C01131,P09118,9092231.18,19851912.72,USD,2024-11-10,Default,True
T06379,C08281,P05105,26731514.96,17888913.31,EUR,2020-05-04,Closed,False
T06380,C07857,P02870,20179023.7,12827106.04,EUR,2024-11-10,Default,True
T06381,C04408,P01883,7577943.89,4025991.13,EUR,2025-05-30,Active,False
T06382,C07723,P01034,6226819.42,6211435.71,NOK,2024-08-28,Closed,False
T06383,C05030,P02303,15763443.49,15074173.33,NOK,2025-08-02,Active,True
T06384,C04325,P03163,7033351.85,21213122.71,NOK,2022-04-12,Active,False
T06385,C06760,P09645,43368752.93,7257154.36,EUR,2023-07-24,Active,False
T06386,C09971,P07531,25243787.88,22623890.56,USD,2022-11-08,Active,False
T06387,C03970,P00695,45011031.75,5954685.16,EUR,2023-05-02,Active,False
T06388,C02881,P09875,45386095.86,7709242.95,NOK,2020-09-13,Default,True
T06389,C07080,P08126,32601494.19,18274217.18,USD,2025-02-27,Default,True
T06390,C05419,P00414,42001263.75,15764011.18,USD,2024-09-18,Closed,False
T06391,C05075,P00988,33961535.67,4664138.99,EUR,2022-08-23,Closed,True
T06392,C00435,P09618,20060837.08,20389125.62,USD,2024-09-16,Default,True
T06393,C04937,P09742,25012631.01,5805246.39,USD,2025-07-23,Active,True
T06394,C03871,P02348,3823649.49,23417985.35,NOK,2024-10-04,Active,True
T06395,C02694,P04580,7148041.61,20874426.09,EUR,2020-10-13,Default,True
T06396,C06213,P09867,48017035.17,23088435.95,NOK,2021-11-15,Active,True
T06397,C09940,P06078,32104305.43,16103365.91,NOK,2020-04-20,Default,False
T06398,C04980,P08949,9125748.54,21201933.85,NOK,2024-02-21,Closed,True
T06399,C06506,P03936,20196895.7,24832319.86,USD,2025-07-21,Default,True
T06400,C08537,P02306,30585384.29,23082337.98,NOK,2021-11-26,Default,False
T06401,C02105,P00424,47952676.01,6684128.21,EUR,2025-01-21,Default,False
T06402,C07995,P02943,33396132.67,3950543.91,EUR,2022-12-22,Active,True
T06403,C08619,P06728,16108686.43,20629179.99,EUR,2022-03-16,Closed,False
T06404,C00942,P02675,27917667.51,11957854.38,USD,2024-04-21,Closed,True
T06405,C02822,P01049,44520135.8,19690415.26,USD,2022-08-15,Default,True
T06406,C02688,P01008,9181296.45,21110437.14,USD,2020-07-18,Closed,False
T06407,C02777,P05835,9852565.36,10287693.83,USD,2023-08-18,Active,True
T06408,C08149,P01701,18534830.33,21451206.04,NOK,2023-09-16,Active,True
T06409,C02734,P06273,24367453.12,11652242.41,USD,2024-10-07,Active,False
T06410,C04675,P08946,16339876.25,8661875.05,EUR,2025-01-06,Default,True
T06411,C08436,P01906,9464805.53,18332371.22,EUR,2023-11-10,Active,False
T06412,C00196,P07321,20858220.79,2759525.06,NOK,2022-05-12,Active,True
T06413,C06877,P06235,7152957.5,12846551.49,EUR,2025-10-25,Closed,False
T06414,C06023,P06913,3495938.75,16123982.82,EUR,2020-12-06,Default,False
T06415,C06048,P00873,40162911.75,1711462.3,NOK,2024-09-26,Default,False
T06416,C02180,P00461,38775200.97,1254206.92,NOK,2025-06-24,Default,True
T06417,C05217,P05110,1245989.95,16435451.23,NOK,2024-05-28,Active,False
T06418,C08774,P02423,14331156.52,11405193.1,EUR,2022-09-10,Active,False
T06419,C01128,P03916,7801536.85,18091761.16,USD,2022-04-19,Closed,False
T06420,C00870,P05547,19610345.03,14261706.58,USD,2025-10-02,Default,False
T06421,C06398,P03785,41182632.31,1486620.81,USD,2024-11-05,Closed,False
T06422,C04842,P08100,49094874.75,11969209.79,NOK,2024-04-10,Closed,True
T06423,C02467,P03982,23305323.22,16311303.54,USD,2021-04-12,Active,True
T06424,C08162,P04551,12010453.4,1633128.49,NOK,2021-05-19,Closed,False
T06425,C01092,P03162,34055366.49,13394340.84,USD,2025-07-28,Active,True
T06426,C09189,P03537,33855875.32,6974273.54,EUR,2022-01-01,Active,False
T06427,C04032,P09059,27762635.66,3441259.36,USD,2024-08-20,Active,False
T06428,C07686,P06856,19063653.52,18842011.1,EUR,2023-12-31,Active,False
T06429,C06217,P09965,14992152.79,3051342.46,EUR,2025-06-20,Active,False
T06430,C05513,P08386,18905488.33,17936403.64,USD,2025-10-04,Default,False
T06431,C05422,P03767,8312622.09,5622261.86,NOK,2021-09-02,Default,True
T06432,C09760,P01528,32890535.22,5696736.84,EUR,2023-06-20,Closed,False
T06433,C03335,P02221,48866364.63,21651382.85,USD,2023-06-21,Active,False
T06434,C04065,P06109,41812254.96,2769321.52,EUR,2022-06-05,Default,True
T06435,C08236,P03232,46822606.53,5377229.2,NOK,2021-02-24,Closed,True
T06436,C04459,P04664,33462018.32,6280869.29,NOK,2023-10-19,Closed,False
T06437,C01294,P07151,12276934.87,3470430.13,NOK,2022-12-13,Active,False
T06438,C01863,P02489,45230434.38,2181329.99,EUR,2023-06-15,Default,True
T06439,C07503,P08270,48020836.75,2219640.17,NOK,2022-01-04,Active,False
T06440,C03354,P03624,1303320.19,1301577.68,NOK,2024-11-14,Default,True
T06441,C06017,P03515,45280287.5,5997965.9,NOK,2024-10-04,Default,True
T06442,C00106,P06128,14662808.56,24989879.06,USD,2023-03-27,Active,False
T06443,C00002,P09210,46832842.44,18699786.75,EUR,2024-07-27,Default,True
T06444,C02324,P02598,41174293.76,3074686.33,NOK,2023-10-28,Default,False
T06445,C04077,P02799,6003489.61,706845.59,EUR,2022-03-26,Closed,False
T06446,C00243,P04935,2385770.54,12424795.39,USD,2024-07-05,Closed,False
T06447,C07769,P04897,1657326.51,21180623.66,USD,2022-07-25,Closed,False
T06448,C04269,P06665,34202023.3,9221941.36,USD,2020-12-17,Closed,True
T06449,C03035,P00387,40597358.65,22583030.99,EUR,2020-08-12,Default,False
T06450,C03815,P09719,1889534.95,6316643.76,NOK,2023-07-24,Active,True
T06451,C05651,P08152,33952358.04,14094462.39,USD,2024-01-29,Closed,True
T06452,C04176,P04106,43875506.81,24584173.47,NOK,2022-06-26,Active,False
T06453,C05981,P01985,10675506.4,23480544.91,EUR,2024-05-31,Closed,False
T06454,C02674,P09089,2278327.95,14835704.75,USD,2024-09-20,Closed,False
T06455,C07737,P02957,24596850.68,2534036.54,NOK,2020-07-17,Closed,True
T06456,C01611,P06056,26307047.8,8339505.64,USD,2023-05-15,Closed,False
T06457,C05757,P04727,14248461.06,24329561.3,EUR,2020-04-23,Active,True
T06458,C08733,P00363,13188855.91,2359962.13,NOK,2020-12-17,Active,False
T06459,C06365,P00533,21502810.44,12821379.62,USD,2025-02-12,Active,True
T06460,C07628,P06826,46799504.79,21464441.4,USD,2023-06-10,Active,True
T06461,C08272,P03082,27414701.18,13769348.6,EUR,2024-01-10,Active,False
T06462,C00072,P05659,46084977.69,7628180.56,NOK,2020-01-05,Closed,False
T06463,C05721,P00036,43581788.0,3369066.63,NOK,2025-04-26,Default,False
T06464,C02055,P02354,31489622.06,22934558.86,EUR,2024-09-09,Closed,True
T06465,C04111,P04336,48347618.64,4888383.73,NOK,2020-04-24,Closed,True
T06466,C07731,P07285,15792380.63,20985600.09,NOK,2022-11-11,Default,True
T06467,C08381,P08839,27580369.63,3462132.7,EUR,2025-08-27,Active,False
T06468,C01522,P04666,43127164.36,12022698.93,EUR,2025-07-19,Closed,False
T06469,C05170,P09310,33167007.74,18908531.46,NOK,2020-11-03,Default,False
T06470,C03799,P09754,30495586.64,3505430.83,USD,2025-07-03,Closed,False
T06471,C03560,P09177,21104439.89,23847978.12,USD,2025-09-08,Closed,False
T06472,C06091,P09593,21074852.73,15960105.17,EUR,2025-05-21,Default,False
T06473,C05103,P08265,28718577.15,6106050.45,EUR,2025-06-27,Active,False
T06474,C01181,P00141,4988279.02,15680994.13,USD,2025-02-28,Closed,True
T06475,C06326,P01046,40006916.26,21927173.14,EUR,2023-01-16,Active,False
T06476,C00833,P05520,39860933.34,17184597.34,EUR,2020-08-13,Default,True
T06477,C02522,P09559,1940158.14,10090814.21,EUR,2023-09-17,Closed,True
T06478,C08093,P00122,32352418.28,11638567.83,EUR,2025-04-30,Closed,True
T06479,C05713,P08443,34240993.01,21798342.32,NOK,2025-04-11,Closed,False
T06480,C06064,P01109,13682026.87,17413653.8,NOK,2020-07-24,Closed,True
T06481,C03180,P07457,36570223.69,15925426.75,USD,2021-07-24,Default,False
T06482,C07617,P04574,17157019.15,20138751.55,EUR,2021-09-16,Closed,True
T06483,C05949,P02841,2822330.65,963431.75,NOK,2023-05-16,Closed,False
T06484,C01466,P08613,49918436.84,15201148.79,USD,2022-11-20,Active,True
T06485,C05988,P04360,39896761.58,9859848.36,NOK,2020-04-03,Default,False
T06486,C08365,P05912,19523324.31,24677456.94,EUR,2024-03-10,Closed,True
T06487,C05159,P05110,34584780.12,17458085.06,USD,2025-04-14,Active,True
T06488,C02866,P09652,42264011.56,16459914.27,NOK,2023-01-15,Closed,False
T06489,C02622,P04084,48551645.69,9176277.99,NOK,2025-10-30,Active,False
T06490,C05331,P03874,22223701.68,17395802.7,USD,2022-08-28,Default,True
T06491,C02060,P03390,6939309.85,11076219.49,USD,2023-10-18,Closed,False
T06492,C00433,P01283,37925798.95,8920041.77,NOK,2023-06-18,Default,True
T06493,C00490,P07376,16967533.97,1447070.35,NOK,2021-09-08,Default,True
T06494,C06050,P00345,30464193.02,7407837.76,NOK,2023-03-01,Active,False
T06495,C07144,P01208,33256704.16,5649471.97,USD,2024-02-08,Closed,True
T06496,C00591,P07121,20811809.84,16040813.01,NOK,2025-05-27,Active,False
T06497,C04082,P09592,39017944.21,3708395.83,EUR,2022-02-07,Closed,False
T06498,C00953,P04370,42580141.07,15078616.36,USD,2025-02-12,Closed,True
T06499,C00884,P06219,21989833.28,2494138.69,EUR,2022-02-10,Closed,True
T06500,C08349,P09326,47727714.19,4463482.83,USD,2025-10-24,Closed,True
T06501,C04242,P07093,45491466.4,5776265.31,NOK,2025-01-16,Active,True
T06502,C09582,P09169,17688313.62,19580465.6,EUR,2022-11-28,Default,False
T06503,C08166,P04974,31036658.32,18471449.75,EUR,2023-01-18,Default,False
T06504,C07975,P04628,33608690.67,20537958.23,USD,2021-12-23,Default,True
T06505,C07898,P05827,11304621.39,23673416.54,EUR,2021-01-14,Closed,False
T06506,C08769,P07253,35910247.09,16226964.35,EUR,2025-04-03,Active,False
T06507,C00472,P08961,31143576.0,6896342.07,NOK,2025-04-02,Active,False
T06508,C02516,P08766,10880139.53,22101843.95,USD,2020-03-23,Default,True
T06509,C01415,P09941,24266029.68,12281252.81,EUR,2021-04-10,Closed,False
T06510,C09343,P06214,18734684.11,21753855.55,NOK,2024-03-12,Active,False
T06511,C06713,P08822,48949250.58,20212816.01,EUR,2021-10-12,Closed,False
T06512,C08937,P03508,20818663.27,22619350.42,NOK,2024-06-17,Active,True
T06513,C03667,P08421,8144655.64,24370746.01,EUR,2023-11-13,Default,True
T06514,C06604,P05829,18420208.26,5753197.31,EUR,2020-05-11,Closed,False
T06515,C04429,P04377,41552714.57,14463284.73,NOK,2023-03-11,Active,False
T06516,C04140,P01055,1861173.04,23063244.45,NOK,2020-04-14,Active,True
T06517,C00733,P08521,30568150.72,22281044.64,USD,2022-09-14,Active,True
T06518,C01858,P04066,40678034.31,11626103.39,NOK,2023-08-28,Default,True
T06519,C07846,P07510,13718617.79,10911476.37,NOK,2024-03-06,Active,True
T06520,C06989,P08918,43220879.8,1729254.57,NOK,2020-12-23,Closed,True
T06521,C08265,P01911,4924064.08,23157964.52,EUR,2023-09-01,Closed,False
T06522,C03064,P08578,49882717.84,8451805.57,NOK,2021-11-17,Closed,True
T06523,C07140,P06657,44298632.58,23715871.37,EUR,2025-01-08,Closed,False
T06524,C00140,P05219,23881567.41,11431672.52,EUR,2022-07-19,Active,False
T06525,C07931,P04722,20349967.29,19610872.69,NOK,2025-04-25,Closed,True
T06526,C00666,P04408,37916692.69,12171316.02,NOK,2024-01-29,Default,False
T06527,C05278,P07299,12984355.1,23676057.28,USD,2025-05-21,Active,True
T06528,C06363,P02490,1821451.84,19215728.09,EUR,2023-10-10,Active,False
T06529,C08552,P02106,22633656.41,12464659.83,EUR,2022-06-15,Default,False
T06530,C02495,P08855,45019792.99,24883286.12,NOK,2021-12-18,Active,False
T06531,C06809,P02728,23022296.55,5193437.81,USD,2022-11-25,Closed,False
T06532,C08793,P03669,7174223.18,18989534.33,USD,2020-01-01,Active,False
T06533,C00791,P08675,40064064.16,19229475.56,EUR,2021-12-30,Closed,True
T06534,C01860,P01434,34012399.98,5098716.0,USD,2022-01-20,Default,False
T06535,C07341,P01522,21281057.94,8156397.6,NOK,2021-01-27,Active,False
T06536,C06759,P09544,24792255.16,23107414.01,EUR,2021-01-04,Closed,True
T06537,C08482,P00201,30317051.65,7458634.49,USD,2024-01-14,Active,True
T06538,C00050,P04583,49831514.02,12083828.11,USD,2022-11-30,Active,False
T06539,C02437,P09366,39709379.97,18750694.07,EUR,2020-05-21,Active,False
T06540,C06413,P02051,22425415.92,14489547.46,USD,2024-08-05,Closed,False
T06541,C04357,P03348,14459515.05,5863056.55,NOK,2021-06-23,Default,True
T06542,C02840,P00513,40615019.78,13347134.37,USD,2023-11-28,Active,False
T06543,C01577,P01718,24528517.28,24805990.08,EUR,2022-10-08,Default,True
T06544,C03371,P06601,19979458.2,5959183.72,USD,2024-09-06,Closed,True
T06545,C07688,P09172,19104027.17,7074930.54,EUR,2025-07-29,Closed,True
T06546,C04135,P01865,15061979.49,5573992.23,NOK,2020-09-13,Closed,False
T06547,C07971,P01993,35990682.55,8548649.79,USD,2022-06-12,Default,True
T06548,C07902,P07344,2607494.04,23160458.3,USD,2020-02-02,Active,True
T06549,C07944,P08461,2295788.97,19707400.06,USD,2023-11-05,Active,True
T06550,C03685,P01079,20056651.76,6393875.29,NOK,2024-07-23,Default,True
T06551,C07201,P05779,8365814.64,16434014.89,USD,2025-02-11,Active,False
T06552,C06640,P01576,45038365.54,5260347.88,EUR,2020-01-22,Active,True
T06553,C07213,P04544,48345170.21,15681570.09,EUR,2023-10-20,Active,False
T06554,C02203,P05609,10147933.09,7326927.47,EUR,2021-09-11,Active,True
T06555,C02436,P07836,9785869.78,19373080.55,EUR,2025-04-11,Active,True
T06556,C05721,P08025,49425536.57,502605.68,NOK,2023-01-03,Default,False
T06557,C07038,P08648,3592240.32,11365778.06,USD,2021-08-17,Default,False
T06558,C01373,P02166,40103969.83,5543916.96,EUR,2021-06-19,Active,False
T06559,C00470,P04639,4105861.0,16129774.35,NOK,2024-01-03,Active,True
T06560,C06558,P08684,47492309.05,4043920.48,USD,2022-01-15,Default,True
T06561,C04470,P01628,43220232.32,11188575.78,NOK,2022-03-08,Default,False
T06562,C07734,P08581,48181652.42,6138106.8,USD,2023-10-26,Default,True
T06563,C03309,P08487,6289171.66,3199241.39,NOK,2021-02-27,Default,True
T06564,C05467,P09072,26530553.29,7439899.77,NOK,2023-08-21,Active,False
T06565,C00471,P08824,23913574.3,24469999.04,EUR,2022-05-02,Closed,False
T06566,C00643,P09696,47489397.84,22537915.51,NOK,2021-08-09,Active,False
T06567,C01428,P04047,35171296.3,1200753.64,NOK,2023-09-10,Default,False
T06568,C02723,P03505,44436254.89,14235333.44,EUR,2024-02-29,Active,True
T06569,C01814,P09825,21626500.19,4241353.95,USD,2021-12-14,Active,False
T06570,C06185,P02629,22760097.83,13707817.87,USD,2025-01-29,Closed,False
T06571,C02947,P02375,43471680.88,14365996.01,USD,2022-12-03,Closed,True
T06572,C01051,P09453,12546269.06,23056275.86,EUR,2025-09-30,Default,True
T06573,C05141,P02974,20350001.01,21357516.04,NOK,2023-07-27,Default,True
T06574,C00690,P08248,49864238.04,1877966.11,EUR,2020-07-22,Closed,True
T06575,C08385,P09197,46391592.42,1341191.58,NOK,2022-03-09,Default,True
T06576,C05864,P01258,34647978.53,19747416.32,NOK,2025-08-20,Closed,True
T06577,C00866,P01139,42052316.73,7461221.03,EUR,2025-01-18,Default,True
T06578,C03984,P02760,35621242.79,15792368.05,EUR,2024-09-16,Closed,True
T06579,C05137,P02158,7849422.68,7194971.1,NOK,2024-08-02,Active,False
T06580,C05726,P02637,14788028.63,20485989.03,EUR,2021-09-17,Closed,True
T06581,C05182,P03250,4530095.84,11061199.83,EUR,2021-01-28,Active,True
T06582,C09924,P05917,8970431.17,3579477.68,USD,2022-11-04,Closed,True
T06583,C01603,P04072,27076330.3,8750086.9,NOK,2022-02-12,Closed,False
T06584,C06961,P01140,43622449.59,10791795.9,NOK,2023-11-08,Default,True
T06585,C09842,P02427,28565854.06,17106721.0,EUR,2022-04-27,Closed,False
T06586,C04887,P04857,15809021.11,21457441.19,NOK,2025-05-24,Active,False
T06587,C04926,P09014,41376192.44,6838298.99,NOK,2025-09-14,Default,True
T06588,C09046,P07414,7086161.64,22654182.46,NOK,2024-10-26,Active,True
T06589,C05051,P09389,6426812.01,14307591.79,EUR,2023-01-14,Active,True
T06590,C05031,P01299,17550616.67,17220059.83,EUR,2022-09-30,Closed,True
T06591,C01769,P05396,14278960.69,3008560.62,USD,2020-12-15,Active,True
T06592,C05681,P03529,47639156.12,20042287.03,USD,2022-12-12,Active,False
T06593,C05490,P06862,20610022.31,16859578.44,USD,2025-03-03,Closed,True
T06594,C03171,P06535,15900147.57,9270243.72,USD,2023-11-05,Closed,True
T06595,C00287,P07164,45342236.22,3007592.23,EUR,2023-06-02,Closed,False
T06596,C03037,P04503,13792949.15,7894899.47,NOK,2020-08-19,Closed,True
T06597,C05674,P08164,16512865.28,20726747.37,USD,2023-12-06,Closed,False
T06598,C02375,P09466,9906143.38,18348443.98,NOK,2022-10-13,Active,False
T06599,C01075,P09581,4050804.55,21230225.07,USD,2024-02-05,Closed,False
T06600,C02241,P01787,22498757.58,24842784.68,USD,2025-04-01,Default,False
T06601,C05171,P06158,21702911.83,5732788.56,NOK,2025-10-14,Active,False
T06602,C08229,P03895,10152868.49,4336438.65,EUR,2020-11-19,Closed,True
T06603,C06990,P06668,40518292.61,23731408.12,NOK,2022-12-31,Closed,True
T06604,C06023,P02592,29305449.71,21739054.65,USD,2020-06-07,Active,False
T06605,C01540,P01070,7833317.65,22764362.02,EUR,2020-12-20,Default,True
T06606,C07548,P00298,8265520.23,20155032.88,EUR,2022-10-27,Closed,False
T06607,C00670,P04411,40719581.76,8648441.37,NOK,2024-06-20,Default,True
T06608,C03394,P04247,49393650.46,6962931.25,NOK,2022-03-12,Active,True
T06609,C02537,P04524,2470463.3,12213241.08,USD,2021-03-02,Closed,True
T06610,C03401,P05052,14263370.3,6123443.95,USD,2024-12-05,Active,False
T06611,C00590,P04966,30239536.66,13396086.25,USD,2021-07-09,Default,True
T06612,C09481,P04493,33450648.83,9883685.23,NOK,2020-12-04,Closed,True
T06613,C04609,P02542,41065227.91,14339671.39,USD,2021-05-16,Closed,False
T06614,C07217,P04122,19431056.92,10376134.58,USD,2024-06-19,Active,False
T06615,C07324,P03228,26546791.98,6302965.75,USD,2021-06-10,Closed,False
T06616,C05958,P08586,21464915.49,15379321.43,EUR,2024-08-30,Default,False
T06617,C03127,P04613,27276971.36,3334776.77,EUR,2020-10-17,Closed,True
T06618,C01859,P02695,18798009.37,1229390.54,EUR,2021-08-17,Default,False
T06619,C06707,P05377,1021889.61,14416309.8,NOK,2021-11-20,Closed,True
T06620,C03781,P00369,9749844.19,4386132.25,EUR,2022-03-02,Default,True
T06621,C09731,P01324,38330874.35,861282.5,NOK,2021-06-24,Active,True
T06622,C05973,P09889,48296036.81,10681491.37,NOK,2023-01-29,Default,True
T06623,C08657,P09782,7587622.86,9906209.46,USD,2024-11-02,Closed,True
T06624,C04389,P02282,31747674.65,4000840.82,NOK,2024-04-06,Active,True
T06625,C05496,P03630,47454489.88,2845103.77,NOK,2024-06-21,Active,True
T06626,C05169,P06745,41208606.48,14297408.52,EUR,2024-07-23,Default,False
T06627,C03689,P03860,23529726.47,18764989.39,NOK,2024-02-29,Closed,False
T06628,C04776,P03547,29389186.61,17910374.18,NOK,2020-04-15,Default,True
T06629,C07569,P02863,40204012.18,22449890.54,USD,2024-09-27,Closed,True
T06630,C07191,P09588,4885490.02,6628031.0,NOK,2022-02-06,Default,True
T06631,C09645,P04157,41568483.67,24736255.11,EUR,2023-08-20,Closed,False
T06632,C09356,P08137,28671692.37,10825254.2,NOK,2023-04-25,Active,True
T06633,C03551,P09873,22539898.01,9876928.5,NOK,2024-09-13,Default,False
T06634,C00007,P02839,20331875.68,5146767.75,NOK,2024-12-22,Active,True
T06635,C08770,P04972,14563317.79,3574408.85,USD,2023-09-04,Closed,False
T06636,C04460,P00482,25042798.62,8287398.14,EUR,2025-03-25,Active,True
T06637,C00094,P00299,35220503.19,4476505.96,EUR,2021-06-11,Active,False
T06638,C06528,P00085,36965173.64,6875304.99,USD,2024-06-30,Active,True
T06639,C00530,P08377,3396714.34,23939757.71,EUR,2021-09-25,Default,True
T06640,C03442,P01399,40384751.06,3947996.55,USD,2023-08-29,Closed,False
T06641,C01779,P03587,3660564.15,6700262.74,EUR,2024-05-17,Active,True
T06642,C01872,P07896,34273111.08,643927.51,EUR,2021-08-04,Active,True
T06643,C00891,P05596,26979394.24,6438382.32,NOK,2024-07-22,Closed,False
T06644,C01642,P09913,43718169.31,11354119.78,USD,2024-05-06,Closed,False
T06645,C09242,P08991,30766438.97,10596458.53,USD,2025-03-08,Active,True
T06646,C05392,P00406,2751779.88,4377126.97,EUR,2020-12-28,Default,False
T06647,C03682,P07807,39239140.96,5534703.21,NOK,2024-04-13,Active,False
T06648,C06041,P07352,24758219.06,22353122.85,EUR,2021-06-18,Active,True
T06649,C08974,P08687,38719780.43,23070544.83,USD,2025-05-11,Active,False
T06650,C04381,P06578,18305589.2,11275780.03,EUR,2022-07-19,Active,True
T06651,C03595,P07316,3777803.0,14066253.34,EUR,2024-01-26,Active,True
T06652,C02540,P03760,45819496.59,15651082.82,USD,2020-10-09,Closed,True
T06653,C02827,P06270,39637087.7,20825195.39,NOK,2025-06-21,Default,False
T06654,C07127,P04795,27885473.87,16561898.76,EUR,2022-07-15,Active,True
T06655,C00499,P02901,34660422.19,5554453.08,EUR,2020-11-01,Active,True
T06656,C05912,P01029,38601225.3,9508939.67,NOK,2023-08-09,Closed,False
T06657,C01263,P08135,44397872.03,18527463.32,USD,2024-11-01,Active,True
T06658,C05090,P03413,11264885.68,22654990.44,NOK,2022-10-22,Default,True
T06659,C04462,P08674,29014069.34,15617404.37,EUR,2021-01-15,Closed,False
T06660,C01746,P01812,21998830.57,22512304.05,EUR,2023-01-29,Default,True
T06661,C01769,P08102,40104675.29,23472963.46,USD,2020-10-28,Default,False
T06662,C01094,P09737,37201743.75,11985927.24,USD,2021-10-13,Active,False
T06663,C04313,P09259,29851731.17,22857636.53,NOK,2023-11-02,Active,True
T06664,C09362,P03275,33505168.12,6697392.0,USD,2025-09-20,Default,True
T06665,C01372,P09796,6820773.47,12228218.29,EUR,2023-09-18,Closed,True
T06666,C04575,P09480,31972642.54,1428856.66,EUR,2022-01-25,Active,True
T06667,C04701,P01207,36318546.54,3726126.84,NOK,2022-10-30,Active,False
T06668,C02053,P08381,25562679.73,8689160.75,NOK,2020-05-02,Active,False
T06669,C03932,P09674,33537971.07,2483431.76,EUR,2023-07-12,Default,True
T06670,C04134,P00447,42899596.0,6504656.16,EUR,2025-10-30,Default,False
T06671,C08885,P04414,4477715.85,611121.09,EUR,2025-05-14,Active,False
T06672,C01595,P03817,46979253.82,10538774.0,NOK,2022-10-03,Active,False
T06673,C09611,P09831,8654747.93,16885984.2,USD,2022-04-27,Default,True
T06674,C05271,P09321,27556451.64,24641985.77,USD,2020-04-11,Closed,False
T06675,C03786,P03045,47842757.33,4918024.84,NOK,2020-10-16,Default,False
T06676,C05830,P08122,20461992.92,16092605.03,EUR,2023-04-23,Active,False
T06677,C06432,P09850,22937863.86,9478121.38,NOK,2023-04-05,Default,False
T06678,C09928,P02596,22913557.23,15129796.56,EUR,2022-11-24,Default,True
T06679,C00155,P08901,45944746.63,23775276.26,NOK,2020-06-10,Default,True
T06680,C06854,P09525,23649957.01,5792028.95,USD,2020-04-18,Active,True
T06681,C04212,P04583,14466306.09,4044830.51,EUR,2023-02-02,Closed,True
T06682,C01580,P03351,38696062.63,14489288.36,NOK,2024-06-30,Default,True
T06683,C09620,P05575,13811676.11,18296084.4,NOK,2024-05-24,Default,True
T06684,C06386,P05118,14753173.26,7740995.17,NOK,2024-12-24,Active,True
T06685,C07517,P09242,33229622.23,17800431.74,EUR,2021-04-02,Default,True
T06686,C09596,P08044,48068556.56,19120751.22,NOK,2025-06-29,Active,True
T06687,C03097,P08519,39308418.18,22296826.3,EUR,2020-02-03,Closed,False
T06688,C02139,P08456,10252889.28,22902691.28,NOK,2022-12-16,Closed,False
T06689,C02324,P09440,28300344.4,12827078.66,EUR,2023-02-12,Closed,True
T06690,C09530,P07633,9781620.88,22552524.14,EUR,2024-11-22,Closed,True
T06691,C08999,P02284,11786554.57,20106504.51,NOK,2023-05-13,Default,True
T06692,C06978,P05447,25137119.11,17103244.81,NOK,2021-03-22,Default,False
T06693,C02862,P04201,30133144.53,7503821.26,USD,2025-03-04,Closed,False
T06694,C07596,P07414,5005339.14,19078974.71,NOK,2024-12-21,Active,True
T06695,C08459,P09866,16672757.45,24034276.63,NOK,2025-07-09,Default,False
T06696,C04817,P05961,31938482.78,3721586.56,EUR,2021-05-20,Active,True
T06697,C00494,P05613,37683510.5,961310.29,NOK,2023-04-01,Closed,True
T06698,C02600,P09570,15852593.34,15652883.77,NOK,2020-03-05,Default,True
T06699,C02426,P02951,4341336.69,6974154.55,USD,2021-02-12,Default,False
T06700,C09748,P02122,6930073.62,652479.26,NOK,2021-04-10,Active,False
T06701,C09628,P01467,25910458.37,5247759.33,EUR,2021-01-04,Closed,True
T06702,C04823,P01189,44810348.6,3776780.91,USD,2020-06-27,Closed,False
T06703,C06583,P04016,27700399.37,22686622.57,USD,2021-09-05,Closed,True
T06704,C00051,P09056,45029379.19,4798974.6,USD,2021-01-14,Default,True
T06705,C08391,P00918,47430335.71,4459320.82,NOK,2022-06-16,Default,True
T06706,C05824,P02787,28641378.89,11216499.13,EUR,2025-04-16,Default,True
T06707,C02939,P02227,10849280.38,13445218.24,NOK,2020-06-06,Default,False
T06708,C04492,P03781,40361067.17,4535339.49,EUR,2020-03-03,Closed,False
T06709,C09854,P08304,26001878.39,22267344.07,EUR,2020-07-30,Default,False
T06710,C09267,P09822,39778777.02,15634936.62,NOK,2020-05-25,Default,False
T06711,C01477,P01942,46659766.49,10770051.84,EUR,2023-10-29,Active,False
T06712,C08564,P06565,7538701.28,13787667.43,EUR,2020-12-30,Active,False
T06713,C00854,P04842,47250009.29,11438454.44,USD,2021-07-24,Default,True
T06714,C09943,P07236,1165276.33,12208825.07,NOK,2025-05-27,Default,True
T06715,C04005,P03840,16074697.96,17735365.26,NOK,2022-05-31,Default,False
T06716,C01729,P07978,34806731.49,18147903.6,NOK,2021-11-11,Closed,False
T06717,C06020,P02356,4510449.1,6434808.46,NOK,2024-04-24,Closed,True
T06718,C00095,P01803,4581707.44,1132700.14,NOK,2023-05-10,Default,False
T06719,C07151,P02484,20069336.03,7287095.95,EUR,2025-08-03,Active,True
T06720,C04906,P01771,14703498.49,7400567.89,EUR,2022-06-15,Default,True
T06721,C04263,P04707,20644800.5,5162943.54,NOK,2025-04-14,Active,True
T06722,C03710,P01409,19119138.1,16713517.25,EUR,2023-09-26,Closed,False
T06723,C01427,P04271,42666422.7,8680217.32,EUR,2025-09-14,Closed,False
T06724,C00418,P08331,13461019.75,10722919.53,EUR,2024-04-10,Closed,False
T06725,C08228,P05039,3245972.96,14129796.0,NOK,2024-12-29,Active,True
T06726,C05763,P08614,9731181.39,6224928.77,EUR,2022-05-20,Default,True
T06727,C01760,P09285,45482732.6,20583207.13,EUR,2023-08-03,Active,False
T06728,C07097,P08710,13927872.96,11896831.48,NOK,2022-08-06,Closed,True
T06729,C01445,P01681,48263615.6,20131930.77,EUR,2025-09-12,Active,False
T06730,C09761,P05337,15325795.48,20455192.62,NOK,2020-05-21,Closed,False
T06731,C08029,P02245,16763907.44,22215584.45,NOK,2025-06-14,Closed,True
T06732,C00679,P00117,20205019.82,18828365.63,EUR,2022-07-21,Active,True
T06733,C05705,P00700,14849741.17,11033368.75,USD,2021-03-17,Closed,True
T06734,C06630,P07283,12950048.77,9240588.9,USD,2022-03-24,Default,True
T06735,C00398,P04919,36649231.21,24642328.3,USD,2021-10-12,Closed,False
T06736,C08059,P02821,24253383.81,1901430.41,USD,2022-05-13,Closed,True
T06737,C02889,P09813,7030315.21,13150126.62,EUR,2021-08-20,Active,True
T06738,C04867,P02495,15904819.38,11380757.94,NOK,2020-11-19,Default,True
T06739,C06152,P00111,22556705.17,10247558.11,EUR,2022-06-24,Default,True
T06740,C05233,P02206,35283795.07,2333229.57,EUR,2020-05-25,Default,False
T06741,C04058,P07716,22957685.03,16186025.64,EUR,2024-09-16,Closed,True
T06742,C09088,P03376,42292273.91,18100033.08,EUR,2023-03-06,Default,False
T06743,C09114,P05994,12210372.6,13879864.43,EUR,2022-04-18,Closed,True
T06744,C07552,P06937,49641685.42,15235457.42,USD,2024-12-08,Default,True
T06745,C07291,P01812,46493442.21,8437034.34,EUR,2022-09-12,Closed,True
T06746,C01629,P04650,41557392.76,17159206.75,EUR,2022-02-16,Default,True
T06747,C01792,P01498,32153997.67,6907013.01,USD,2023-02-06,Active,False
T06748,C06696,P07203,28699488.84,23535400.17,USD,2022-11-19,Active,False
T06749,C03784,P02823,35596880.96,5758844.86,NOK,2021-04-16,Closed,False
T06750,C00641,P04625,40570749.7,1876503.99,NOK,2023-09-10,Closed,True
T06751,C04415,P01541,29632564.35,10872352.81,NOK,2021-09-04,Active,True
T06752,C02036,P02303,15927852.6,1112875.53,NOK,2024-05-07,Active,False
T06753,C04644,P09627,41739295.83,12675603.61,USD,2024-09-08,Default,False
T06754,C06059,P04808,14040656.04,10587633.57,USD,2022-03-22,Closed,False
T06755,C07975,P07738,12057661.14,8264116.2,USD,2025-05-20,Default,False
T06756,C05832,P04593,27282221.7,5321158.74,EUR,2021-07-15,Closed,False
T06757,C01752,P00947,47687563.35,12859856.52,EUR,2024-01-19,Closed,True
T06758,C08403,P03971,16760103.79,5021558.98,NOK,2021-08-06,Default,False
T06759,C00588,P01105,13396455.8,16547055.48,NOK,2020-01-20,Active,True
T06760,C06081,P02484,19397825.77,17672060.57,EUR,2023-10-25,Closed,False
T06761,C02011,P05740,6965382.24,16890531.77,NOK,2020-12-15,Active,False
T06762,C07964,P08339,27777550.17,16157058.36,EUR,2024-03-08,Closed,True
T06763,C08815,P04634,8029073.82,10223790.98,NOK,2022-03-31,Active,False
T06764,C04227,P03627,17265237.46,16742992.26,USD,2023-10-16,Active,True
T06765,C03342,P07315,20283235.09,8788170.45,USD,2023-12-18,Default,False
T06766,C06566,P02349,10279560.36,8743743.99,NOK,2025-02-26,Closed,True
T06767,C04755,P06994,32082266.67,4930278.74,NOK,2022-08-20,Active,False
T06768,C00654,P08561,4046102.77,18148850.68,USD,2020-03-02,Default,True
T06769,C04730,P09055,23362525.53,11795504.02,EUR,2023-08-29,Closed,True
T06770,C03831,P00344,18890164.1,7675975.98,EUR,2021-05-10,Closed,True
T06771,C04095,P09670,1698693.17,10012404.13,NOK,2023-05-19,Active,False
T06772,C05690,P05252,46548464.51,11340230.24,USD,2022-11-09,Closed,False
T06773,C00665,P08299,33932788.01,23014632.12,NOK,2022-10-10,Closed,True
T06774,C07816,P07520,21274381.06,4112389.64,NOK,2020-12-24,Closed,False
T06775,C09582,P09203,46865997.48,5744706.66,EUR,2022-04-02,Default,True
T06776,C01064,P01752,34967540.36,17651254.41,NOK,2022-10-16,Closed,True
T06777,C00021,P07273,29290645.47,17898633.93,NOK,2020-11-27,Default,False
T06778,C09422,P03726,21120762.67,19712312.44,EUR,2024-07-06,Default,True
T06779,C08450,P01912,10928758.28,9499393.41,EUR,2023-02-15,Active,False
T06780,C05130,P08168,42948032.9,24224434.34,NOK,2025-04-09,Default,True
T06781,C02305,P04284,40865497.44,5952127.37,NOK,2020-07-09,Active,True
T06782,C06868,P01306,33948402.96,16551145.02,NOK,2025-10-22,Closed,False
T06783,C04596,P06156,6634408.22,18097624.45,USD,2024-11-02,Default,False
T06784,C05800,P06200,16567032.1,19218091.97,EUR,2021-06-25,Active,True
T06785,C06515,P03693,43021564.14,901284.58,EUR,2023-05-12,Default,True
T06786,C05264,P06587,21233276.13,10947431.22,EUR,2025-10-07,Closed,True
T06787,C06330,P07617,27870531.3,2187598.43,USD,2024-08-29,Closed,True
T06788,C02585,P08605,7436611.47,15510672.42,EUR,2021-08-27,Closed,False
T06789,C01158,P05926,32082179.49,633836.06,EUR,2025-09-01,Active,True
T06790,C05274,P02777,38134632.03,19530842.01,USD,2023-12-21,Default,False
T06791,C03639,P09990,36803356.04,16377945.13,EUR,2022-05-20,Closed,True
T06792,C00468,P00430,6874667.32,19851821.07,NOK,2021-04-27,Default,False
T06793,C06547,P08694,49790404.04,16348350.15,EUR,2024-03-16,Closed,True
T06794,C09906,P03992,37924757.17,23313519.38,USD,2024-06-20,Default,False
T06795,C00825,P03636,36507624.32,1314914.69,NOK,2020-03-04,Active,True
T06796,C03381,P07913,20541508.74,23119704.96,NOK,2024-08-28,Active,False
T06797,C08065,P00613,43258049.2,17689296.3,USD,2020-06-17,Default,True
T06798,C06657,P01260,3641508.9,13096083.09,USD,2025-07-05,Default,True
T06799,C06255,P01975,7584945.52,5093004.35,NOK,2023-04-24,Default,False
T06800,C04684,P03298,45544525.78,4394290.5,USD,2021-10-02,Closed,False
T06801,C03086,P08929,17841927.41,13307012.1,USD,2021-06-19,Active,False
T06802,C00625,P09701,4612921.7,17416517.48,NOK,2025-10-01,Closed,True
T06803,C05775,P06442,17505465.56,8110937.46,USD,2023-03-02,Default,False
T06804,C06262,P08726,33294894.32,13783646.7,EUR,2020-04-27,Active,True
T06805,C02542,P07984,35536902.87,14949602.68,NOK,2025-10-01,Default,False
T06806,C01600,P09144,29474320.59,18859339.8,NOK,2023-01-15,Active,False
T06807,C06901,P09848,15455561.39,19742626.05,EUR,2025-08-10,Closed,False
T06808,C08362,P01748,28634918.71,549976.64,NOK,2021-05-18,Active,False
T06809,C09941,P01415,32693478.97,9589180.24,USD,2020-10-30,Active,False
T06810,C00215,P06575,45848600.74,6392295.14,NOK,2024-11-05,Closed,False
T06811,C08070,P05547,5477274.44,3843902.07,EUR,2022-04-24,Active,False
T06812,C08206,P05365,9483500.6,18003306.34,NOK,2025-10-27,Closed,True
T06813,C02836,P05345,43534045.29,1060851.41,EUR,2024-12-22,Closed,True
T06814,C00242,P05430,39620487.78,2061997.38,USD,2024-09-30,Default,False
T06815,C00025,P03283,20136354.55,1984017.76,NOK,2024-08-29,Closed,False
T06816,C08875,P01229,23281903.53,11455222.55,USD,2023-12-11,Closed,True
T06817,C09853,P09643,37801138.97,24242434.47,NOK,2020-05-04,Closed,True
T06818,C09922,P09213,32744957.23,5278221.46,USD,2023-05-09,Default,False
T06819,C00326,P08821,19149152.14,7431911.08,NOK,2024-04-21,Closed,True
T06820,C01104,P07029,16329368.02,13492317.48,EUR,2022-11-13,Closed,True
T06821,C05119,P05807,19619749.72,18766690.36,USD,2025-05-31,Closed,False
T06822,C02301,P08890,36984994.96,9751746.74,NOK,2024-09-26,Active,False
T06823,C04514,P00687,17197621.37,2813976.5,USD,2025-06-10,Active,False
T06824,C08658,P05584,1047646.36,7376089.01,EUR,2021-06-18,Default,True
T06825,C08222,P07958,44416843.37,11811547.37,USD,2021-08-03,Closed,True
T06826,C02831,P03231,16394850.72,12036900.69,NOK,2022-11-11,Closed,False
T06827,C09341,P02267,37453233.18,7520807.17,USD,2022-12-23,Active,False
T06828,C04037,P02090,14853013.29,3989116.64,NOK,2025-08-07,Closed,True
T06829,C07970,P01246,14608704.26,15904765.21,USD,2021-10-13,Active,False
T06830,C02347,P09608,27615202.02,16569615.1,EUR,2022-11-20,Default,False
T06831,C05163,P03446,41567761.67,7559076.32,EUR,2021-07-18,Active,False
T06832,C03793,P09611,46851022.84,9557199.4,USD,2021-05-27,Active,True
T06833,C06641,P05656,48730429.5,17257750.04,NOK,2020-04-22,Active,False
T06834,C02379,P07547,1305108.19,6167104.57,EUR,2023-03-24,Default,True
T06835,C04785,P02348,32872287.43,20715854.11,USD,2020-09-02,Active,False
T06836,C07701,P05729,32335069.77,12025720.67,USD,2021-08-02,Active,False
T06837,C09141,P00794,13754736.9,9366185.24,NOK,2021-11-05,Active,True
T06838,C02101,P04148,31645001.75,12085065.21,USD,2024-05-24,Default,True
T06839,C06031,P07751,46881347.39,15720774.79,NOK,2024-11-10,Active,False
T06840,C00028,P01719,47660020.96,16735649.7,EUR,2021-02-18,Closed,True
T06841,C00105,P05234,6885868.62,1728230.65,EUR,2020-04-15,Active,True
T06842,C06636,P06167,39501586.93,6146661.98,NOK,2022-07-07,Closed,True
T06843,C02051,P05356,48857347.27,3753138.27,EUR,2024-08-15,Closed,False
T06844,C06529,P03299,11274176.73,3460622.85,NOK,2023-01-07,Active,True
T06845,C05265,P06912,41473084.57,2511024.92,EUR,2025-09-20,Active,True
T06846,C06075,P04953,10919258.26,2361854.38,EUR,2023-04-02,Default,True
T06847,C01130,P03073,30965280.7,22685812.83,NOK,2020-06-26,Default,False
T06848,C00093,P02003,19913034.98,15428206.9,NOK,2020-01-02,Default,True
T06849,C01354,P01592,42873330.17,24234082.87,USD,2021-04-30,Closed,False
T06850,C06365,P04699,30525840.21,12703737.28,EUR,2024-07-31,Closed,True
T06851,C06845,P02859,5707978.18,24243911.83,NOK,2024-10-23,Default,False
T06852,C00076,P09991,22294940.57,3128833.1,NOK,2022-12-24,Closed,False
T06853,C05409,P00330,29805590.75,14512040.44,EUR,2021-05-07,Default,False
T06854,C01198,P03683,24340819.95,11398197.95,NOK,2022-06-08,Default,False
T06855,C07107,P04496,28262880.7,13268471.48,USD,2020-01-15,Closed,True
T06856,C01923,P04831,14118798.3,5680119.21,EUR,2023-06-07,Closed,True
T06857,C07875,P01600,33125361.43,8985171.39,EUR,2023-02-27,Closed,True
T06858,C00365,P06291,29003535.48,6663934.22,USD,2022-06-15,Active,False
T06859,C09103,P07026,9492641.88,3175471.16,EUR,2024-10-13,Active,True
T06860,C08422,P02441,36105195.41,19681749.77,NOK,2025-07-21,Default,False
T06861,C00974,P09770,24714474.59,4608485.27,EUR,2020-06-15,Active,True
T06862,C06750,P01868,20951718.78,15111658.14,USD,2022-05-13,Closed,False
T06863,C00955,P03754,24126304.22,13485770.63,USD,2022-10-07,Active,False
T06864,C00682,P05144,22751236.15,19436588.26,NOK,2020-09-04,Closed,False
T06865,C08378,P07799,8638958.41,7784833.49,USD,2024-04-17,Closed,False
T06866,C03155,P03564,35498197.47,7339165.5,USD,2021-01-11,Closed,True
T06867,C09674,P03854,10006092.18,8898285.08,EUR,2021-12-26,Closed,True
T06868,C05315,P03293,5682743.06,18466584.84,NOK,2023-06-04,Default,False
T06869,C05348,P05522,20920098.82,9314543.18,NOK,2022-01-11,Active,False
T06870,C01362,P06254,45959089.33,22447468.81,USD,2021-01-05,Active,True
T06871,C09623,P00923,42214657.0,972414.37,USD,2023-10-14,Active,True
T06872,C05912,P04155,17546181.58,2025326.3,EUR,2025-05-15,Active,False
T06873,C07188,P01958,12508996.72,10737584.74,NOK,2025-09-14,Active,False
T06874,C05378,P00102,32172516.67,8383672.98,USD,2020-01-10,Active,False
T06875,C08251,P07823,35756938.89,10259774.25,USD,2024-01-23,Closed,True
T06876,C03052,P06616,42828192.58,14697868.26,EUR,2020-12-16,Default,True
T06877,C03756,P03759,7332775.17,14097832.55,EUR,2024-09-05,Closed,True
T06878,C03533,P06231,44562580.07,9474764.46,NOK,2020-04-18,Closed,True
T06879,C04219,P06609,24323808.44,19845137.65,USD,2021-03-20,Default,False
T06880,C02862,P01577,13169780.46,15825291.78,USD,2024-04-19,Active,False
T06881,C07914,P05574,44732390.84,19029008.93,EUR,2023-05-15,Closed,True
T06882,C07684,P04449,36779517.15,17640736.68,NOK,2021-12-19,Active,True
T06883,C08600,P03593,7255671.08,22843362.5,EUR,2021-12-16,Closed,True
T06884,C03999,P04552,48189176.73,8290363.78,EUR,2020-07-20,Default,True
T06885,C09078,P06872,27901490.63,12539906.37,EUR,2024-01-11,Active,True
T06886,C09703,P08014,10039447.01,14196152.58,EUR,2022-05-03,Active,False
T06887,C07080,P02163,28857917.74,2287971.6,USD,2021-07-30,Active,True
T06888,C01652,P05046,34337330.82,1517585.15,EUR,2024-06-19,Active,False
T06889,C07651,P03059,18786089.74,1179164.17,USD,2024-05-28,Active,True
T06890,C04524,P07147,31529380.46,24693774.43,EUR,2023-07-02,Default,False
T06891,C09732,P03098,46013128.85,8679754.09,EUR,2020-12-16,Closed,False
T06892,C07557,P00122,47461410.77,8779702.91,EUR,2021-05-03,Active,True
T06893,C01468,P09068,2477814.75,21030108.34,NOK,2020-06-28,Active,True
T06894,C06681,P03308,9408474.03,15745495.8,EUR,2024-07-02,Closed,False
T06895,C03108,P08351,32335345.4,16177731.29,USD,2022-07-02,Closed,True
T06896,C02468,P08555,1707221.2,509875.01,EUR,2022-11-05,Closed,True
T06897,C09146,P02140,20768590.93,720617.78,USD,2024-11-01,Active,False
T06898,C05653,P08961,29852349.12,2456716.51,NOK,2024-08-14,Default,True
T06899,C00778,P07783,23824592.69,2841466.09,EUR,2020-04-19,Default,False
T06900,C00952,P00316,33209176.24,5102011.29,EUR,2023-07-03,Closed,True
T06901,C04652,P09395,22807584.36,11383727.11,EUR,2021-02-06,Closed,False
T06902,C04875,P09910,7134830.04,7382449.66,NOK,2022-12-24,Active,True
T06903,C08297,P06719,15477466.9,15630418.02,EUR,2024-09-06,Active,False
T06904,C02801,P04255,17997564.9,12638624.45,NOK,2021-01-07,Active,False
T06905,C04074,P03186,24504993.7,3437981.53,NOK,2022-08-15,Default,True
T06906,C02357,P02774,42924067.33,1991106.28,EUR,2020-05-26,Closed,False
T06907,C01420,P01583,22811489.08,4132356.28,EUR,2022-04-18,Default,False
T06908,C08802,P07867,30804982.78,9673107.25,USD,2021-07-29,Active,True
T06909,C08256,P08906,9895057.52,11013544.68,EUR,2025-02-28,Closed,False
T06910,C08188,P01959,46450135.04,10616748.54,USD,2024-10-07,Active,False
T06911,C04418,P00912,38070549.41,15096433.41,USD,2025-08-21,Default,True
T06912,C02433,P06112,46666013.28,12086315.17,NOK,2021-09-05,Closed,True
T06913,C09198,P07839,16938338.53,18960835.59,EUR,2023-06-01,Default,False
T06914,C02886,P02750,27854622.6,8216929.9,USD,2021-08-14,Closed,True
T06915,C02867,P04860,45385438.93,12370863.69,USD,2022-07-17,Closed,True
T06916,C05349,P03097,27680092.54,15573238.21,EUR,2022-02-07,Default,True
T06917,C08887,P02648,24889159.76,3818644.14,EUR,2021-02-12,Closed,False
T06918,C00751,P01179,5760998.69,19019963.42,NOK,2025-02-25,Closed,True
T06919,C01191,P04933,27406542.16,17401481.81,EUR,2024-02-01,Default,True
T06920,C06464,P01080,24750768.54,23804656.33,EUR,2021-07-12,Closed,False
T06921,C03615,P00666,13704730.32,13044245.76,USD,2021-08-12,Active,False
T06922,C05919,P05252,37783937.79,18724527.38,NOK,2020-05-18,Closed,True
T06923,C03030,P03757,9079828.74,7780184.93,NOK,2023-08-08,Active,True
T06924,C05840,P02925,19864137.56,16446346.74,USD,2023-11-03,Active,True
T06925,C04600,P07107,22674724.92,8618710.82,USD,2021-02-18,Closed,True
T06926,C08365,P04281,35330607.2,17062573.15,NOK,2024-11-27,Active,False
T06927,C08436,P03371,33781766.89,16259904.42,EUR,2025-01-13,Active,True
T06928,C02571,P09631,18160452.13,4957206.01,NOK,2020-06-11,Default,True
T06929,C04094,P00075,48337497.38,6691360.98,USD,2024-06-01,Default,False
T06930,C00304,P04392,1716289.03,20141580.31,EUR,2024-07-07,Active,False
T06931,C05877,P04804,39742574.41,9373672.73,EUR,2024-12-21,Default,False
T06932,C03156,P02436,28792362.97,20743772.88,USD,2024-05-13,Closed,True
T06933,C04789,P02254,27948608.38,23397622.58,USD,2023-02-10,Default,False
T06934,C05518,P02507,15030319.72,2798820.48,EUR,2022-10-10,Closed,False
T06935,C04278,P08565,27187347.02,13891122.45,USD,2025-04-12,Closed,True
T06936,C09261,P05679,39390743.67,22352023.92,NOK,2022-03-10,Closed,False
T06937,C06385,P06638,22192812.18,24502276.85,USD,2025-07-20,Default,False
T06938,C06442,P06454,32644599.34,3835756.2,USD,2021-03-28,Active,False
T06939,C07337,P00384,1908655.89,13590939.37,USD,2021-09-12,Closed,True
T06940,C09381,P05924,36708672.63,13182980.06,USD,2023-11-03,Active,True
T06941,C07170,P00484,6234082.52,22920629.09,USD,2021-11-08,Closed,False
T06942,C02688,P00729,45488460.13,6734780.28,EUR,2022-02-20,Closed,True
T06943,C04029,P09186,33518320.84,12480198.57,NOK,2020-10-22,Default,False
T06944,C09721,P06844,41528986.37,8800716.33,USD,2024-02-11,Active,True
T06945,C04661,P07566,38210481.53,8281490.26,NOK,2021-05-20,Closed,False
T06946,C06307,P03624,3665877.27,20568511.73,NOK,2024-04-26,Default,True
T06947,C06488,P00379,25621853.83,15435506.82,USD,2025-08-26,Default,False
T06948,C08374,P04435,7328310.66,6263137.29,EUR,2020-02-08,Active,False
T06949,C00226,P00495,15363843.21,16807660.63,EUR,2021-11-19,Closed,False
T06950,C04241,P01322,28345805.03,1555978.32,NOK,2022-10-10,Default,False
T06951,C07815,P09377,14748959.94,16176778.8,NOK,2020-07-17,Default,False
T06952,C08362,P07801,14599692.46,18427275.94,EUR,2023-06-18,Active,True
T06953,C07439,P05295,5564789.9,15023645.9,EUR,2021-12-18,Closed,True
T06954,C02051,P01238,48630912.77,8113331.79,USD,2020-03-17,Closed,False
T06955,C02788,P09559,19421363.74,9428258.99,NOK,2020-02-27,Default,False
T06956,C00621,P06859,24119808.68,7223207.97,EUR,2024-01-28,Default,True
T06957,C06792,P07726,45788005.88,18360179.94,NOK,2021-11-14,Default,True
T06958,C08718,P01781,10879696.47,16890753.07,NOK,2020-04-01,Active,True
T06959,C09093,P08337,40548779.54,18868114.82,USD,2025-09-18,Closed,True
T06960,C08503,P02258,25440823.38,19190416.01,EUR,2022-12-04,Active,False
T06961,C07418,P09806,10704679.65,14378233.23,NOK,2024-04-20,Active,False
T06962,C08815,P02515,21457265.49,20890935.56,NOK,2023-06-20,Active,False
T06963,C02266,P09953,25517018.12,5531916.91,USD,2021-09-19,Closed,True
T06964,C01238,P01567,33136371.79,24520908.4,NOK,2024-05-27,Active,True
T06965,C02285,P04055,33060735.22,6690878.58,NOK,2023-08-14,Closed,False
T06966,C07108,P08685,32406924.74,3160026.57,EUR,2021-03-07,Active,False
T06967,C00162,P05697,18278421.49,17344675.42,NOK,2023-01-11,Active,True
T06968,C03495,P00375,31734105.47,4717539.45,EUR,2020-11-18,Closed,True
T06969,C05309,P05862,14837036.52,23386792.69,NOK,2024-10-29,Active,True
T06970,C01966,P05665,15934476.39,2418566.1,USD,2022-12-13,Closed,True
T06971,C06864,P04520,47360861.21,4991427.84,EUR,2021-08-07,Active,True
T06972,C04482,P01557,11021022.36,11327821.83,NOK,2024-05-01,Active,False
T06973,C02198,P09750,48542542.32,7397400.9,USD,2023-06-01,Default,True
T06974,C08054,P02434,31367585.95,6951188.75,NOK,2023-12-21,Active,True
T06975,C03299,P03702,1203551.55,19361772.37,USD,2024-08-26,Active,False
T06976,C04293,P02182,29786828.66,7581292.07,NOK,2024-05-27,Default,False
T06977,C04546,P05753,29530459.55,1942164.38,USD,2022-01-09,Default,False
T06978,C00959,P03634,21644730.52,10219643.59,NOK,2020-02-02,Active,False
T06979,C03053,P07890,18734120.65,20096587.1,EUR,2020-11-13,Active,False
T06980,C09244,P06014,8165961.42,2537752.67,EUR,2024-06-28,Closed,True
T06981,C04655,P09885,47763387.14,22937966.37,EUR,2023-12-16,Active,True
T06982,C01062,P07184,1684929.65,15091548.45,EUR,2021-07-04,Active,True
T06983,C07678,P05792,30138042.44,10223252.13,EUR,2022-06-04,Closed,False
T06984,C03599,P06248,2105288.27,4415040.19,USD,2024-07-17,Active,True
T06985,C00524,P00222,21962032.4,17871637.02,USD,2021-12-31,Closed,True
T06986,C04398,P07233,22471445.31,6250164.98,NOK,2021-02-17,Default,True
T06987,C05722,P03881,18051494.61,12986066.89,NOK,2024-10-20,Closed,True
T06988,C03347,P08064,15854358.34,24489421.54,EUR,2020-09-15,Closed,False
T06989,C00456,P06869,1328843.09,12280270.27,EUR,2024-07-25,Default,True
T06990,C08215,P07659,2374577.89,16107666.31,NOK,2024-05-16,Active,True
T06991,C04711,P02665,26238251.28,16244171.52,EUR,2020-04-22,Closed,False
T06992,C05051,P02847,45982041.47,9347497.81,EUR,2025-09-29,Default,False
T06993,C06727,P05285,31421879.92,4167305.42,EUR,2023-06-16,Active,True
T06994,C06413,P05315,6705805.65,7266937.36,EUR,2025-09-01,Active,False
T06995,C08437,P00267,14580225.51,21867987.79,USD,2025-09-27,Default,True
T06996,C05353,P04619,34592970.78,22967617.36,USD,2021-08-15,Closed,False
T06997,C07109,P06016,8253985.28,14178568.4,USD,2025-04-08,Active,False
T06998,C03358,P04804,4412829.51,23251919.56,NOK,2022-05-31,Active,True
T06999,C00684,P06005,49572209.79,17200574.23,USD,2024-02-12,Active,True
T07000,C06852,P06976,5606309.58,10469410.2,EUR,2024-05-18,Active,False
T07001,C08528,P00049,35697548.96,5313874.07,USD,2022-02-14,Active,False
T07002,C06955,P00369,24094127.59,19742364.69,EUR,2024-11-09,Active,False
T07003,C01709,P04832,40693718.34,19986957.56,EUR,2021-06-02,Closed,False
T07004,C00963,P06654,17954523.75,2482648.34,EUR,2025-09-18,Closed,True
T07005,C07315,P07303,7126604.58,7657411.08,NOK,2020-01-14,Default,True
T07006,C05055,P03974,33042210.59,8740471.25,USD,2025-07-07,Closed,False
T07007,C06361,P07000,12741329.48,24916340.24,NOK,2020-01-20,Default,True
T07008,C07958,P09694,15566753.46,4637649.0,NOK,2025-05-16,Default,False
T07009,C01054,P04142,23760449.53,24437056.08,NOK,2024-08-11,Closed,True
T07010,C03648,P03154,32383660.6,16469276.05,EUR,2023-04-11,Closed,True
T07011,C02084,P01817,13381416.14,8236714.36,EUR,2021-03-30,Active,False
T07012,C07241,P01406,48290905.07,12416298.57,NOK,2025-04-09,Active,True
T07013,C04663,P01995,9020802.56,24742488.37,NOK,2024-04-16,Closed,True
T07014,C07102,P02524,18401969.26,12565344.45,EUR,2022-11-15,Default,True
T07015,C00269,P08443,38001535.92,13542331.54,NOK,2023-12-18,Active,True
T07016,C07080,P00991,5300760.54,6910987.15,NOK,2020-06-06,Active,True
T07017,C04496,P09363,2455577.68,992014.7,USD,2022-11-27,Active,True
T07018,C00416,P08883,23228320.09,21287025.8,USD,2020-10-29,Closed,True
T07019,C09540,P01825,2958190.16,13349703.01,NOK,2022-03-13,Active,True
T07020,C04891,P08639,48279760.55,6682862.67,USD,2020-05-24,Active,True
T07021,C09019,P07393,45816444.64,8239737.27,EUR,2025-01-16,Default,True
T07022,C05952,P04358,43211776.19,17190489.25,USD,2025-09-06,Closed,False
T07023,C02913,P09342,35691728.38,24554850.73,USD,2022-02-09,Active,True
T07024,C04198,P06637,5742253.69,6795242.34,USD,2025-08-15,Default,True
T07025,C00975,P04247,23936019.99,4786910.46,USD,2024-03-02,Default,False
T07026,C04532,P05493,45634707.49,1026419.97,EUR,2024-06-05,Closed,True
T07027,C07493,P00538,13432598.97,24837827.94,NOK,2023-02-03,Default,True
T07028,C00287,P08020,7201353.38,6728347.06,USD,2024-12-01,Closed,False
T07029,C06370,P02667,47415075.15,9012967.03,NOK,2021-07-03,Active,False
T07030,C00627,P00565,47560165.64,19883749.7,NOK,2023-05-31,Active,False
T07031,C09845,P05105,1189422.67,7811984.34,EUR,2025-01-06,Closed,False
T07032,C01172,P02523,36596570.54,8509691.71,USD,2022-04-17,Default,False
T07033,C02655,P04980,41972088.4,2941411.32,EUR,2024-07-31,Active,True
T07034,C01036,P03660,40250752.75,15330256.89,EUR,2025-07-26,Closed,False
T07035,C02808,P04618,7192471.19,13765724.75,EUR,2023-07-01,Default,False
T07036,C00334,P09711,19432938.92,10639036.73,EUR,2020-07-24,Default,True
T07037,C09579,P05686,20120783.19,9232667.11,NOK,2024-09-28,Active,False
T07038,C06028,P08707,41284944.26,5238071.33,USD,2025-10-10,Closed,False
T07039,C02825,P05358,14773277.1,23029959.79,EUR,2020-02-23,Active,False
T07040,C08793,P01962,39537978.43,7920738.14,NOK,2021-03-06,Closed,True
T07041,C04649,P04987,36742207.09,6333533.3,NOK,2024-05-24,Closed,True
T07042,C05645,P03745,5588466.46,20612550.18,EUR,2020-07-04,Default,False
T07043,C03002,P09351,38479968.13,9354853.89,NOK,2020-03-23,Default,False
T07044,C07003,P08331,10691703.03,4565987.12,EUR,2022-01-28,Closed,True
T07045,C03846,P02909,46662988.46,24313223.84,EUR,2025-09-25,Default,True
T07046,C07831,P00489,15830195.61,1290360.31,EUR,2025-07-03,Active,False
T07047,C03265,P02199,48837994.79,8863124.94,EUR,2023-09-03,Closed,False
T07048,C08154,P00727,2815106.18,16649528.66,EUR,2020-06-05,Active,False
T07049,C06876,P01395,24174207.7,16629018.63,USD,2020-09-12,Active,True
T07050,C09960,P06165,5565582.91,2733018.79,EUR,2022-05-17,Default,True
T07051,C04545,P00628,25301364.7,12630460.5,EUR,2022-06-14,Active,False
T07052,C06815,P08897,40595721.89,18801229.06,EUR,2022-12-01,Default,True
T07053,C00451,P03811,4742744.9,6196739.65,NOK,2020-09-11,Default,True
T07054,C08657,P02472,1373859.62,12274047.91,NOK,2023-03-19,Active,True
T07055,C00690,P01086,13058848.05,2484560.87,EUR,2020-08-26,Closed,False
T07056,C04737,P05064,1584046.08,14371204.93,NOK,2024-08-11,Default,False
T07057,C02626,P09788,40177090.68,15733979.23,EUR,2022-08-24,Active,False
T07058,C04721,P01293,18604554.69,3497441.98,EUR,2024-01-23,Default,True
T07059,C01537,P02263,13554330.48,14471900.24,USD,2022-09-18,Active,False
T07060,C07238,P07838,23013369.04,3829064.22,USD,2022-11-27,Default,False
T07061,C05868,P04110,14942045.74,6930535.82,USD,2021-01-07,Default,True
T07062,C05632,P01304,48133599.85,10427908.34,EUR,2022-03-02,Default,True
T07063,C06783,P07241,28319724.97,9756032.48,USD,2023-02-16,Closed,True
T07064,C04512,P04849,26977182.77,23969603.31,USD,2022-08-16,Default,True
T07065,C03251,P09733,21159807.62,1456462.26,NOK,2025-09-05,Closed,True
T07066,C04469,P03793,45274881.09,3457533.99,NOK,2020-10-24,Default,True
T07067,C06729,P06687,33563568.92,24448948.17,NOK,2025-07-07,Closed,True
T07068,C03035,P08883,16559890.86,18533117.59,EUR,2023-12-17,Active,False
T07069,C05364,P03238,1473840.58,15109392.29,USD,2022-09-15,Default,True
T07070,C03282,P03343,2712758.01,6036964.97,NOK,2023-01-14,Closed,False
T07071,C09990,P04051,28650734.08,9924081.93,NOK,2025-08-22,Active,True
T07072,C06262,P00205,40700923.68,6818488.59,NOK,2025-09-26,Closed,False
T07073,C01786,P03932,26020080.84,2631590.11,USD,2024-05-19,Closed,True
T07074,C04859,P07393,1237431.54,20754457.73,USD,2022-11-17,Default,False
T07075,C04233,P04010,9973997.65,13029878.69,USD,2023-04-27,Default,True
T07076,C07821,P06552,22994530.7,9760340.17,NOK,2021-02-07,Active,False
T07077,C08835,P00607,31551517.72,16219044.37,EUR,2024-12-21,Active,True
T07078,C09983,P03724,30276555.38,6142465.39,NOK,2022-03-11,Default,False
T07079,C06603,P04144,28365677.75,17599592.63,EUR,2020-01-18,Active,True
T07080,C09311,P00815,2484026.25,14418361.3,EUR,2023-07-08,Default,True
T07081,C05832,P05240,10623500.47,8232166.02,USD,2024-07-15,Closed,True
T07082,C00435,P07433,10503042.67,1710292.93,USD,2021-12-02,Closed,False
T07083,C00477,P05374,10975738.72,7621119.89,USD,2021-09-19,Closed,True
T07084,C09260,P00248,13644013.11,10641452.34,EUR,2023-04-30,Default,False
T07085,C01473,P07034,49263676.8,12663175.52,USD,2024-11-28,Closed,False
T07086,C01028,P08316,42233355.52,12402209.69,NOK,2022-04-07,Active,False
T07087,C08029,P06137,4582129.57,20997934.3,USD,2025-07-11,Closed,True
T07088,C01530,P00321,47605389.85,2508695.27,EUR,2021-09-23,Closed,False
T07089,C01263,P06745,26999526.02,10091534.35,EUR,2024-07-13,Active,False
T07090,C09092,P00248,43918784.01,20097132.65,USD,2022-03-15,Default,True
T07091,C06649,P07888,6401740.33,14265726.43,EUR,2022-05-25,Default,True
T07092,C07599,P05269,26690483.89,7550934.63,NOK,2024-06-08,Active,True
T07093,C02416,P07971,28164645.34,21340234.12,NOK,2023-02-16,Closed,False
T07094,C02326,P02479,21940686.08,1722810.94,USD,2020-02-15,Active,False
T07095,C08453,P06100,21490509.79,23089619.78,USD,2024-11-13,Default,False
T07096,C07306,P00649,8571239.51,15692815.62,USD,2023-06-28,Active,True
T07097,C02666,P06088,31882609.05,21304846.1,NOK,2021-10-09,Default,False
T07098,C03503,P09604,42955418.14,21576645.6,USD,2023-08-21,Default,True
T07099,C09779,P07152,12956742.14,23521014.74,USD,2022-11-04,Active,True
T07100,C03003,P02055,45219080.73,22832702.8,USD,2022-04-08,Active,True
T07101,C06359,P02964,22381240.62,11267961.84,EUR,2021-07-12,Closed,True
T07102,C05551,P08589,37921461.68,1546013.22,USD,2024-01-14,Closed,True
T07103,C04690,P03700,27878011.18,7279786.76,USD,2020-06-14,Closed,True
T07104,C05152,P02036,48208791.02,10963005.59,EUR,2024-09-23,Active,False
T07105,C07575,P05131,44413755.65,24808576.97,EUR,2021-01-09,Closed,True
T07106,C02924,P02690,34793223.78,1697056.31,EUR,2022-11-06,Closed,True
T07107,C03179,P01686,19156547.39,7823404.95,NOK,2020-11-28,Closed,False
T07108,C07558,P04711,45725246.81,17396005.97,NOK,2025-06-09,Default,True
T07109,C00161,P04992,21967722.12,23724664.92,USD,2023-01-25,Active,True
T07110,C08915,P03345,17506938.06,3390579.67,USD,2024-12-22,Default,True
T07111,C00271,P06596,17401521.64,15026463.61,USD,2021-10-23,Closed,True
T07112,C03666,P08962,11785428.39,19060115.67,EUR,2025-03-17,Closed,False
T07113,C07996,P01665,48602922.17,15147583.18,EUR,2022-07-01,Active,True
T07114,C04195,P00503,26747323.11,9742230.61,USD,2023-09-18,Default,True
T07115,C05066,P09537,8234736.86,21624100.44,NOK,2025-01-30,Default,True
T07116,C00507,P05482,17148345.33,6970456.89,NOK,2021-03-10,Default,True
T07117,C09819,P07275,4906067.94,1886084.22,NOK,2021-06-17,Active,False
T07118,C04999,P03722,6308441.76,6774391.18,EUR,2022-07-03,Default,True
T07119,C05856,P08405,8821858.33,12119732.95,USD,2024-01-03,Active,True
T07120,C06127,P01142,24936952.57,651322.19,USD,2025-07-03,Closed,False
T07121,C02303,P01320,21485850.93,15601153.61,EUR,2023-07-19,Closed,False
T07122,C04279,P09644,42790010.44,709063.84,NOK,2025-01-16,Default,True
T07123,C00539,P03409,17420687.97,4442381.82,USD,2020-08-28,Active,True
T07124,C00476,P03917,44895314.73,2779411.29,NOK,2025-07-04,Default,True
T07125,C08935,P00462,19549426.04,2300267.8,USD,2025-10-16,Default,True
T07126,C09566,P00293,3609370.47,15553142.48,EUR,2020-09-13,Active,False
T07127,C02181,P00596,35520216.9,7718035.47,EUR,2023-12-23,Active,False
T07128,C01487,P06607,13880393.22,7572051.75,USD,2021-01-29,Active,False
T07129,C07167,P04575,4657042.64,11469985.8,EUR,2021-02-14,Active,True
T07130,C04575,P02262,30677868.8,21924821.19,NOK,2023-03-26,Default,True
T07131,C02160,P02306,27121788.54,21414338.98,EUR,2023-04-05,Closed,True
T07132,C09997,P02382,19565424.39,19098453.77,USD,2020-08-14,Default,False
T07133,C02225,P06236,34130672.12,5393602.28,EUR,2025-03-26,Active,True
T07134,C09422,P03973,49556618.13,4160224.23,USD,2021-12-22,Active,False
T07135,C04981,P07622,5580090.43,8870411.12,EUR,2022-01-21,Default,True
T07136,C03507,P00425,11252551.58,3597867.45,USD,2020-02-18,Default,True
T07137,C02525,P08719,35807287.87,13715553.06,EUR,2024-08-07,Active,False
T07138,C09408,P01267,22500319.62,1593468.36,EUR,2024-03-04,Closed,False
T07139,C07114,P04995,7639532.9,6059321.37,EUR,2022-05-11,Default,True
T07140,C02114,P06634,30250582.92,10967022.36,USD,2020-01-18,Closed,False
T07141,C04681,P03969,39224362.16,5202096.7,NOK,2020-01-01,Closed,True
T07142,C01643,P05624,16262642.93,24115425.78,EUR,2024-06-09,Closed,True
T07143,C02642,P04958,28864311.38,13125442.01,NOK,2020-06-25,Default,False
T07144,C08676,P03446,17079615.72,9040346.94,NOK,2025-01-10,Closed,False
T07145,C01842,P05243,34769216.6,13235518.0,EUR,2020-09-09,Closed,True
T07146,C09203,P03232,28969142.06,9622122.08,USD,2020-04-07,Default,False
T07147,C07626,P09115,20079568.24,16194554.33,NOK,2022-02-15,Active,False
T07148,C01416,P00144,13433714.95,3131277.59,USD,2025-08-24,Active,True
T07149,C07347,P04902,28919923.54,4315161.99,EUR,2024-11-01,Closed,False
T07150,C06716,P09878,23697208.57,21627994.92,EUR,2024-10-30,Closed,True
T07151,C06167,P01571,41342441.93,23944150.04,NOK,2021-03-20,Default,True
T07152,C01490,P03211,33511834.98,17577843.28,EUR,2020-08-22,Default,False
T07153,C09269,P02663,44866154.37,11517386.35,USD,2020-08-27,Active,False
T07154,C02675,P09145,28060636.05,11826153.1,USD,2023-07-20,Active,False
T07155,C03421,P07874,39022336.67,7053748.56,NOK,2022-01-13,Default,True
T07156,C05278,P09504,2222101.26,7987203.85,NOK,2020-12-10,Default,True
T07157,C07980,P09495,2335229.77,2195017.57,USD,2020-01-21,Closed,False
T07158,C07904,P01123,8662596.76,2522101.46,USD,2020-07-03,Active,True
T07159,C02938,P04502,3038834.4,16524893.65,EUR,2024-04-26,Active,True
T07160,C08047,P05446,44226312.15,23955065.81,NOK,2021-10-24,Default,True
T07161,C08972,P08617,40194127.54,1857808.46,EUR,2025-02-01,Default,True
T07162,C09361,P07666,5839552.23,21067064.03,EUR,2020-05-04,Default,False
T07163,C03334,P06418,4508186.93,1339039.44,EUR,2024-04-06,Default,False
T07164,C08392,P07508,20226858.84,11276515.42,NOK,2022-04-23,Default,False
T07165,C07545,P09253,6697563.4,7459277.41,USD,2021-06-16,Default,False
T07166,C09676,P08507,29159224.25,22548816.66,USD,2021-07-15,Active,True
T07167,C01117,P01730,43206705.24,9158493.1,NOK,2021-07-22,Active,True
T07168,C04250,P06991,7964582.77,22767391.83,NOK,2021-04-23,Closed,True
T07169,C04224,P08034,26510813.3,3569685.98,USD,2021-06-15,Active,True
T07170,C00274,P05278,31720860.85,15739204.8,NOK,2021-12-13,Closed,False
T07171,C01711,P03029,19691540.51,7018589.84,NOK,2022-11-29,Default,True
T07172,C00925,P03952,38246754.16,4614055.21,EUR,2022-08-30,Default,True
T07173,C03322,P07039,46623053.63,2040040.05,EUR,2024-11-02,Default,False
T07174,C09054,P07648,21257329.82,15990182.25,EUR,2021-04-19,Closed,True
T07175,C02197,P01997,37128221.72,18763704.6,USD,2024-12-05,Closed,False
T07176,C09123,P05312,14010612.26,6166635.17,NOK,2022-05-02,Default,True
T07177,C03907,P05535,23350788.58,3642330.89,EUR,2020-07-23,Active,True
T07178,C02213,P06918,30728454.31,8947784.07,NOK,2020-04-19,Active,True
T07179,C03182,P00409,28838685.06,22023404.82,EUR,2022-02-05,Active,False
T07180,C00935,P09329,31041492.26,3593654.14,USD,2023-09-27,Default,False
T07181,C00387,P03963,39329399.76,19971459.11,USD,2022-08-04,Active,True
T07182,C02678,P05646,31642383.13,23751479.44,NOK,2024-10-23,Default,False
T07183,C04940,P01978,28355984.6,12830208.9,EUR,2023-07-23,Default,False
T07184,C00868,P02633,47198612.55,12405833.14,USD,2020-02-08,Closed,False
T07185,C09066,P04582,10510504.2,22742292.51,EUR,2020-04-19,Closed,True
T07186,C08553,P02513,16320842.56,10647992.63,EUR,2024-08-14,Active,False
T07187,C04504,P06789,6898167.04,3455063.01,NOK,2023-02-14,Active,True
T07188,C00998,P09524,40568487.66,12076357.78,EUR,2021-02-07,Closed,True
T07189,C08637,P02889,45888636.24,2950054.58,NOK,2022-11-26,Active,True
T07190,C02071,P02046,44296216.6,8159566.26,NOK,2023-10-07,Default,False
T07191,C05623,P02810,31284030.17,8904892.41,NOK,2020-11-21,Default,True
T07192,C01578,P05209,22820849.63,23556841.88,USD,2020-12-26,Default,True
T07193,C06932,P03762,45448513.21,21434663.81,USD,2021-05-28,Active,True
T07194,C04154,P00307,29527853.49,23131465.46,EUR,2025-06-22,Active,True
T07195,C01714,P05858,5268782.92,20726736.99,EUR,2022-01-01,Active,False
T07196,C07327,P09417,42785695.07,14765754.02,NOK,2022-09-15,Closed,False
T07197,C05063,P01533,34509390.44,6142184.58,NOK,2020-03-13,Active,True
T07198,C05240,P02787,40894543.16,1022928.12,NOK,2022-10-19,Active,True
T07199,C01696,P03173,9377674.76,5301824.6,USD,2022-10-07,Default,False
T07200,C09398,P07605,43657693.88,2597607.5,USD,2024-08-14,Closed,False
T07201,C04557,P03829,27836462.36,5151764.7,NOK,2025-07-13,Default,True
T07202,C04819,P04487,48249035.92,14307277.0,NOK,2020-07-12,Default,False
T07203,C08792,P06952,1404737.84,15594127.85,NOK,2021-06-25,Default,False
T07204,C00039,P01823,21675937.94,902271.58,USD,2022-02-01,Closed,True
T07205,C05893,P00862,40832929.74,16981834.55,EUR,2022-01-07,Active,False
T07206,C00078,P08160,6834591.66,13694032.09,USD,2022-10-20,Default,True
T07207,C06729,P00235,48639536.84,3885359.06,NOK,2021-07-18,Closed,False
T07208,C05698,P02996,14521413.83,13019794.83,EUR,2021-10-06,Default,False
T07209,C01200,P00273,12242058.49,23900790.71,USD,2023-07-08,Active,True
T07210,C02798,P01474,3367850.54,18541448.89,NOK,2022-03-21,Default,True
T07211,C05880,P05421,31044440.67,20553482.09,NOK,2022-04-25,Active,False
T07212,C03129,P09610,22749625.48,3419775.39,USD,2025-09-15,Default,True
T07213,C02251,P07927,49904216.38,2791799.87,USD,2023-05-31,Active,False
T07214,C07205,P00966,37022542.32,7241174.27,USD,2023-04-04,Default,True
T07215,C03207,P05561,49866973.03,7723487.85,NOK,2025-06-29,Default,True
T07216,C04862,P03789,12853730.78,12773066.22,NOK,2024-01-28,Active,False
T07217,C07651,P01660,16385333.18,2563443.36,EUR,2025-09-29,Default,False
T07218,C01764,P08668,24093260.51,24716254.43,NOK,2024-10-22,Closed,False
T07219,C00139,P06316,2701557.67,10958413.88,USD,2024-09-19,Default,False
T07220,C01256,P01845,2012941.65,15645506.74,USD,2023-09-15,Default,False
T07221,C04706,P02855,42768201.92,2155994.19,USD,2022-12-07,Active,True
T07222,C08226,P03357,39515906.88,7811163.15,EUR,2021-06-13,Default,False
T07223,C01777,P02345,32635084.38,18853090.86,NOK,2020-11-25,Default,False
T07224,C08197,P05125,6649939.96,19713639.68,NOK,2024-05-10,Active,True
T07225,C05887,P02556,44315709.96,20915311.05,USD,2022-07-20,Closed,False
T07226,C07147,P03094,24061385.57,13736784.94,NOK,2020-08-19,Closed,True
T07227,C01813,P06659,25494405.26,6488496.95,EUR,2024-02-06,Closed,True
T07228,C05025,P00932,28513296.85,13096724.44,EUR,2023-03-31,Active,True
T07229,C08530,P09595,20205786.93,12127412.72,NOK,2024-06-07,Closed,True
T07230,C04626,P05890,44051661.85,17086317.1,EUR,2023-09-02,Default,False
T07231,C05945,P03749,3861445.35,13462147.85,USD,2022-07-14,Closed,False
T07232,C05116,P09995,36888487.66,11299280.87,NOK,2022-06-10,Active,True
T07233,C09846,P07575,15443621.57,20943114.33,EUR,2021-01-26,Closed,True
T07234,C00535,P09265,29290668.56,18816380.07,NOK,2023-02-28,Closed,True
T07235,C08654,P05421,37419032.08,9314396.82,USD,2022-06-04,Active,False
T07236,C04431,P09114,14343343.81,13586346.83,EUR,2023-12-24,Default,False
T07237,C08115,P07077,20046148.45,24989984.65,USD,2023-04-28,Active,False
T07238,C06199,P02034,17750568.4,10436502.47,NOK,2022-02-04,Active,True
T07239,C05856,P07981,5538834.42,21968027.06,NOK,2023-06-10,Closed,True
T07240,C01180,P09317,4407011.44,2888216.82,USD,2025-06-12,Default,False
T07241,C07663,P09254,49242170.33,16130357.3,NOK,2023-01-11,Closed,False
T07242,C03069,P06083,41908481.28,22850440.42,EUR,2023-05-27,Active,True
T07243,C01407,P04225,30690127.62,4932043.59,NOK,2022-11-30,Closed,False
T07244,C08980,P02691,12628115.01,19474951.67,USD,2023-12-28,Closed,True
T07245,C01012,P06601,45897052.49,16227837.62,NOK,2023-04-29,Active,False
T07246,C02914,P07233,44624628.84,3707951.93,USD,2024-07-02,Closed,False
T07247,C03924,P00679,23726815.72,3662506.08,EUR,2020-12-10,Active,True
T07248,C04830,P06385,5821776.51,14357786.39,NOK,2022-11-27,Default,True
T07249,C09798,P00793,30623878.36,9259740.86,NOK,2020-10-24,Active,False
T07250,C04441,P04888,37734471.8,20936577.61,NOK,2021-06-01,Default,True
T07251,C02792,P02685,24042707.04,2699593.59,EUR,2021-03-07,Active,True
T07252,C08016,P07916,21880574.94,17407877.88,EUR,2020-01-27,Closed,True
T07253,C05355,P09962,42135834.42,4678865.59,USD,2020-03-08,Closed,False
T07254,C06792,P05065,13913335.8,17233286.42,NOK,2023-05-23,Active,False
T07255,C03944,P04558,31765611.25,20391468.55,USD,2020-03-09,Active,True
T07256,C01624,P06019,9562365.19,11335435.4,USD,2025-04-12,Default,False
T07257,C04239,P07361,7849989.79,13140931.72,USD,2023-11-24,Closed,True
T07258,C03933,P07710,10908006.07,10348324.96,NOK,2021-12-21,Closed,True
T07259,C07705,P04533,34463207.34,11667136.94,EUR,2024-07-28,Default,False
T07260,C02022,P04020,13169779.15,21146541.41,EUR,2022-09-29,Active,False
T07261,C09170,P03875,17080870.0,15663661.77,NOK,2025-02-11,Active,True
T07262,C00104,P06496,16308816.96,8902561.35,EUR,2020-07-01,Default,True
T07263,C09379,P05990,19378542.08,15677575.63,USD,2021-12-10,Active,True
T07264,C02367,P01380,49946193.42,5779930.85,USD,2023-05-26,Default,False
T07265,C04715,P09055,47424353.14,1771333.58,NOK,2022-08-14,Active,False
T07266,C00563,P01079,14719732.28,4193404.38,USD,2020-11-27,Active,True
T07267,C04067,P00855,15393865.12,14092523.84,USD,2025-01-23,Active,False
T07268,C01465,P05206,7643856.08,18963654.98,NOK,2024-03-19,Closed,False
T07269,C04557,P05287,22490346.12,14552147.23,USD,2023-07-31,Closed,True
T07270,C03020,P08831,25927675.8,6597352.75,USD,2020-12-23,Active,False
T07271,C07520,P03431,12066838.01,17634634.71,NOK,2021-10-06,Active,True
T07272,C08937,P08979,10098142.38,5897248.41,USD,2020-10-18,Active,False
T07273,C04397,P00845,10767039.86,24626112.95,NOK,2022-11-17,Default,False
T07274,C06675,P02769,23560092.38,23640388.74,NOK,2024-10-13,Default,False
T07275,C01625,P08295,37929449.77,6432522.24,USD,2020-11-05,Closed,False
T07276,C08182,P09442,42877053.82,3060251.72,NOK,2023-06-22,Closed,True
T07277,C00711,P04306,19810236.26,8700252.21,EUR,2024-01-17,Active,False
T07278,C09784,P08137,37629137.76,12421448.24,NOK,2023-10-29,Default,True
T07279,C09969,P00548,17960676.49,1356310.4,USD,2020-08-17,Active,False
T07280,C05936,P08348,11842699.88,5006431.49,NOK,2021-01-25,Closed,False
T07281,C04996,P07307,28604268.83,9912487.9,EUR,2024-11-05,Closed,True
T07282,C09931,P03660,13568590.81,11496258.27,USD,2023-10-03,Default,True
T07283,C00256,P08426,31623518.59,21563694.83,NOK,2022-11-09,Default,False
T07284,C04909,P07067,9984353.75,16201557.64,NOK,2020-01-24,Default,False
T07285,C05515,P00453,13142073.82,15758685.65,NOK,2020-11-20,Active,False
T07286,C00553,P06612,30645085.66,9497581.73,NOK,2023-08-01,Default,True
T07287,C05585,P00904,31780910.71,21933395.14,EUR,2020-03-01,Closed,True
T07288,C06611,P08925,40147389.1,11091997.44,USD,2021-10-04,Active,False
T07289,C03379,P04175,16313420.55,4458753.19,NOK,2020-05-18,Closed,False
T07290,C03534,P07857,27871115.73,10118661.26,EUR,2023-09-21,Active,True
T07291,C08945,P08288,22260083.27,4786097.16,NOK,2025-10-19,Active,False
T07292,C07255,P03223,41799430.06,11350669.95,USD,2022-01-16,Closed,True
T07293,C09435,P03045,15024165.09,13307502.14,NOK,2024-04-22,Default,True
T07294,C00145,P08280,14765171.39,23289548.71,EUR,2022-03-14,Active,True
T07295,C02042,P01791,16074037.73,12459689.22,NOK,2024-04-15,Active,True
T07296,C09230,P07355,37531347.37,9863896.14,NOK,2024-08-01,Default,True
T07297,C03033,P00615,48976862.62,7961432.16,NOK,2024-04-25,Active,False
T07298,C01892,P09970,20410943.37,18005642.96,NOK,2023-04-06,Closed,True
T07299,C00628,P04104,20689042.75,10763512.08,NOK,2023-11-15,Closed,True
T07300,C03585,P01483,47664004.08,13669379.7,USD,2023-07-25,Active,True
T07301,C01112,P01837,41822779.62,17246138.8,NOK,2021-07-11,Default,False
T07302,C05915,P01428,25927836.21,5970941.65,USD,2020-10-04,Active,False
T07303,C03972,P06878,38011071.07,19456628.0,USD,2020-05-13,Closed,False
T07304,C08751,P00924,31576527.69,11384420.28,USD,2024-11-19,Default,True
T07305,C02095,P08883,26055200.08,19703288.78,NOK,2022-05-07,Default,True
T07306,C01542,P05709,36874063.36,17828050.42,NOK,2020-08-17,Default,False
T07307,C05230,P09337,35455566.13,24268089.54,NOK,2021-03-26,Closed,False
T07308,C05347,P06360,47543489.28,4459421.09,USD,2023-08-29,Default,False
T07309,C00163,P05824,7852473.02,13533980.47,USD,2023-10-27,Active,False
T07310,C08264,P05569,7434209.65,15225711.06,NOK,2024-07-25,Active,False
T07311,C08403,P04699,28389525.22,24119418.86,USD,2021-06-28,Closed,True
T07312,C04483,P07216,27212455.76,23670482.51,NOK,2024-08-20,Active,False
T07313,C04096,P08077,9018057.72,19789067.81,USD,2022-06-03,Default,True
T07314,C06897,P03214,2328858.58,9804587.42,USD,2020-10-21,Active,True
T07315,C06889,P03930,26539690.87,23027007.62,NOK,2024-09-29,Closed,True
T07316,C07359,P03758,20743375.1,19024549.49,EUR,2024-08-09,Default,True
T07317,C03149,P03041,3153807.09,16965237.56,USD,2024-06-29,Active,True
T07318,C00846,P08384,48824843.88,7252729.02,USD,2024-06-08,Default,True
T07319,C05590,P00375,43314572.16,2244368.79,EUR,2024-07-05,Default,True
T07320,C03754,P01977,2539523.23,22575935.04,USD,2024-10-26,Active,True
T07321,C03575,P00677,37488780.35,21178356.95,EUR,2022-12-23,Active,True
T07322,C06100,P02980,33855912.68,12423636.49,NOK,2025-06-04,Active,False
T07323,C08520,P05850,21385288.98,22884592.58,EUR,2024-02-10,Active,False
T07324,C00323,P06952,15905280.41,19737931.89,USD,2023-08-22,Active,True
T07325,C04886,P01906,9534015.85,1675641.45,USD,2025-06-01,Default,True
T07326,C08411,P07192,23997373.75,1912966.63,NOK,2021-07-24,Active,True
T07327,C02692,P08725,24693667.66,20034850.37,NOK,2020-09-29,Active,True
T07328,C05839,P04755,46929122.8,14895021.06,EUR,2021-04-13,Active,True
T07329,C07816,P05771,20124347.5,9369970.24,NOK,2023-08-11,Default,True
T07330,C06896,P03396,46361937.39,9525632.48,NOK,2025-03-05,Default,True
T07331,C04843,P05329,19119041.83,18458418.78,USD,2023-09-05,Closed,True
T07332,C06173,P00461,42046279.67,21107654.38,NOK,2021-08-31,Default,True
T07333,C09507,P07071,38021018.95,2597256.3,EUR,2020-12-10,Default,True
T07334,C06884,P05547,45279824.3,7062525.86,USD,2023-04-30,Active,True
T07335,C00070,P01731,48111382.67,21202245.67,USD,2022-07-07,Active,False
T07336,C01862,P06638,45939924.41,5163551.84,USD,2022-04-15,Closed,False
T07337,C03528,P01083,29026661.5,19118096.76,NOK,2023-08-17,Closed,True
T07338,C03251,P02651,39412017.0,2532786.67,USD,2023-11-05,Default,False
T07339,C00683,P06211,10273226.35,2144022.09,NOK,2020-04-26,Closed,True
T07340,C00627,P08390,6915189.28,11342280.01,USD,2023-05-30,Closed,True
T07341,C01744,P04714,27428984.48,13552590.24,USD,2024-10-21,Default,True
T07342,C03451,P05009,42311174.86,14078526.01,USD,2021-08-25,Active,False
T07343,C05076,P05247,36039197.14,5507846.91,EUR,2025-07-15,Default,True
T07344,C08804,P02787,17602214.85,15701381.33,EUR,2025-07-10,Default,True
T07345,C02296,P02269,5994960.37,22999675.08,EUR,2024-06-09,Active,False
T07346,C01295,P09373,5226343.59,19422680.11,USD,2022-03-23,Closed,False
T07347,C00753,P06267,7011774.81,5753011.69,EUR,2023-03-18,Active,False
T07348,C07317,P07627,14798724.96,5601928.32,NOK,2021-10-11,Default,True
T07349,C02210,P08409,20174572.62,7883814.65,EUR,2021-07-10,Active,True
T07350,C09163,P02742,43007239.23,24002043.23,USD,2025-08-14,Active,True
T07351,C02622,P01644,43192391.08,23564131.63,USD,2021-03-11,Active,True
T07352,C06033,P05526,44126424.92,19751658.39,USD,2024-10-04,Closed,True
T07353,C00884,P06581,9884582.06,6046589.66,EUR,2021-12-21,Closed,False
T07354,C03296,P00234,13018985.7,7566342.61,EUR,2025-02-13,Default,True
T07355,C05832,P02508,1457807.02,11256533.52,EUR,2023-10-04,Active,True
T07356,C07871,P09207,15004016.29,3122367.65,NOK,2023-09-01,Default,False
T07357,C05603,P00465,5434165.5,18692498.87,USD,2021-05-01,Closed,False
T07358,C02725,P09529,21762007.56,13949787.6,EUR,2024-06-03,Closed,False
T07359,C03788,P01224,18444823.34,17782854.77,NOK,2025-03-31,Closed,False
T07360,C03924,P06628,10279020.14,21808873.66,EUR,2025-01-22,Default,True
T07361,C01592,P01560,49045494.4,3197739.44,NOK,2023-08-22,Closed,True
T07362,C03758,P08265,17647718.28,18889352.75,EUR,2023-09-26,Closed,False
T07363,C03064,P02431,29645713.03,21852138.47,EUR,2023-11-23,Active,True
T07364,C05880,P05283,13617398.52,799327.23,EUR,2024-07-14,Default,False
T07365,C06005,P09155,39744100.53,8337233.73,EUR,2021-07-30,Closed,False
T07366,C01403,P09793,18228455.73,9750773.46,NOK,2024-07-28,Active,False
T07367,C04624,P02418,6757039.53,5779405.21,EUR,2020-05-04,Active,False
T07368,C07506,P04958,23819776.41,16897370.55,USD,2023-11-10,Active,True
T07369,C03934,P00220,20076192.9,22027484.91,NOK,2023-02-09,Active,False
T07370,C03900,P09428,34718852.54,5483275.42,USD,2020-07-16,Active,True
T07371,C00743,P06200,38226965.7,22417908.53,EUR,2024-01-17,Closed,False
T07372,C02418,P00242,24280028.28,13286113.65,EUR,2022-04-27,Default,True
T07373,C05180,P06517,6524176.68,8766481.77,NOK,2023-12-15,Default,False
T07374,C02599,P07066,48822201.26,23145901.33,USD,2022-12-13,Default,False
T07375,C02363,P08773,27379248.0,10448634.17,EUR,2022-01-24,Active,True
T07376,C03177,P04909,43246029.51,7944226.51,EUR,2020-02-18,Default,False
T07377,C09925,P05913,30260799.31,21478248.34,USD,2024-07-07,Active,False
T07378,C08984,P07489,5170558.58,16113147.2,NOK,2023-12-18,Active,True
T07379,C09189,P05484,45067208.71,5463545.54,USD,2023-07-14,Closed,False
T07380,C04322,P00809,4411224.36,12590919.68,EUR,2020-03-26,Closed,False
T07381,C03608,P06482,48777572.99,8894929.91,EUR,2024-02-20,Active,True
T07382,C03155,P09931,10683639.46,23535519.85,NOK,2024-01-24,Closed,False
T07383,C09320,P08087,20668797.22,2130108.13,USD,2020-05-26,Closed,True
T07384,C00503,P01492,9150759.54,8843163.19,USD,2021-03-14,Default,False
T07385,C01997,P05560,37040051.89,14583733.81,NOK,2022-01-26,Active,True
T07386,C03638,P06209,26216071.47,13767530.5,EUR,2022-12-02,Default,False
T07387,C05196,P06015,12098458.57,7483907.48,NOK,2021-08-05,Active,False
T07388,C08585,P04129,16433591.65,8985386.72,EUR,2022-07-22,Default,False
T07389,C00213,P01558,7396315.52,3365693.48,USD,2022-12-10,Active,True
T07390,C07196,P09468,12833630.46,5367233.09,USD,2023-03-21,Active,True
T07391,C08340,P01905,34165483.64,775981.22,EUR,2024-09-27,Default,True
T07392,C08055,P04669,18819122.59,3164575.63,USD,2025-03-20,Closed,False
T07393,C02824,P00950,29698827.69,2209787.95,EUR,2020-05-09,Active,False
T07394,C02368,P03474,8567249.57,19207303.92,NOK,2025-02-02,Default,True
T07395,C01584,P00028,27124904.09,20257400.35,USD,2023-09-05,Closed,False
T07396,C00592,P05749,38013767.89,20065482.96,USD,2021-03-11,Default,True
T07397,C07200,P07095,47099314.21,5229494.09,EUR,2024-11-22,Default,True
T07398,C05566,P03267,20727759.53,6181533.07,EUR,2021-05-29,Closed,False
T07399,C04505,P04464,46713476.13,14505685.77,NOK,2024-07-15,Default,True
T07400,C04284,P05589,48852669.76,11934599.13,NOK,2020-08-27,Closed,False
T07401,C05209,P06758,20447907.04,19220674.06,NOK,2022-09-04,Default,False
T07402,C04745,P06866,43762730.54,24093438.9,USD,2025-10-14,Default,False
T07403,C09479,P05286,15664247.54,21999133.95,EUR,2024-11-14,Closed,True
T07404,C04203,P07025,12463802.16,18794753.33,EUR,2025-04-05,Closed,True
T07405,C09877,P06543,19635880.41,2279559.73,EUR,2022-01-07,Active,False
T07406,C01285,P05940,42234399.74,1330463.17,USD,2023-10-31,Closed,True
T07407,C06243,P04784,11050143.18,5828996.92,NOK,2020-07-11,Active,True
T07408,C05872,P04472,43024398.89,10996478.82,USD,2024-04-12,Active,False
T07409,C03176,P06398,27618718.12,13413397.82,EUR,2020-08-02,Default,False
T07410,C03516,P08273,14049973.75,6424517.03,NOK,2025-10-18,Closed,True
T07411,C01089,P07518,45887247.72,11265849.6,NOK,2020-02-21,Active,True
T07412,C05510,P01895,36328866.43,9287069.13,EUR,2021-01-14,Active,False
T07413,C03376,P03635,26445589.44,23242059.59,USD,2023-01-27,Active,False
T07414,C09472,P07895,9740920.51,6808353.94,EUR,2021-06-01,Active,True
T07415,C08303,P08732,27467904.87,9555718.85,USD,2025-09-17,Active,False
T07416,C00235,P00910,42552029.71,14920260.31,NOK,2021-09-13,Default,False
T07417,C07118,P06380,9929408.34,7042093.47,NOK,2021-10-19,Closed,True
T07418,C05746,P03936,26886730.39,1613932.14,EUR,2022-09-13,Active,True
T07419,C02363,P05087,27986067.97,22271883.75,EUR,2025-01-07,Closed,True
T07420,C07155,P02648,14056319.0,3822907.47,NOK,2025-02-11,Default,False
T07421,C01004,P05729,30382801.25,3924976.58,USD,2024-02-19,Active,False
T07422,C02267,P02579,26793379.22,24545074.51,EUR,2023-12-23,Default,False
T07423,C09468,P03270,43039695.76,13611552.57,USD,2022-08-02,Closed,True
T07424,C01896,P01500,5513725.03,16143487.9,USD,2025-05-21,Active,False
T07425,C06308,P01335,27812145.44,17967326.09,USD,2023-03-04,Active,True
T07426,C06221,P07797,44664772.9,583919.75,USD,2020-01-07,Default,True
T07427,C05806,P02540,18201655.93,19247539.27,NOK,2024-11-20,Default,False
T07428,C06148,P04607,12160072.31,915401.37,NOK,2022-10-18,Closed,False
T07429,C04052,P06844,46232928.25,17728146.89,USD,2022-06-19,Closed,False
T07430,C00049,P06537,14726494.83,5182791.93,NOK,2025-05-10,Closed,True
T07431,C02105,P02776,7778772.91,19289696.7,USD,2023-01-28,Active,False
T07432,C09457,P01580,7029496.36,2659431.19,NOK,2020-05-24,Closed,True
T07433,C00783,P07327,29044775.45,15538371.5,EUR,2025-01-02,Default,True
T07434,C01752,P02453,36807268.23,17076948.62,USD,2023-12-27,Default,False
T07435,C01413,P01344,17747034.44,5803275.62,NOK,2022-02-25,Closed,False
T07436,C02104,P08920,10366068.08,20947229.04,USD,2023-06-21,Active,True
T07437,C05117,P09218,3998573.46,16943062.55,USD,2024-08-26,Closed,True
T07438,C02931,P06828,16094286.91,24314742.15,EUR,2020-09-11,Closed,False
T07439,C09557,P09126,39197236.72,9810684.06,USD,2022-04-29,Active,True
T07440,C04161,P01962,17752342.69,7101477.45,EUR,2020-04-30,Closed,True
T07441,C08858,P06689,26175667.77,13786458.63,USD,2022-07-03,Closed,True
T07442,C02737,P02010,26240528.41,6701493.97,USD,2021-06-20,Default,True
T07443,C06854,P06974,16091303.73,19203423.92,NOK,2022-03-07,Active,False
T07444,C02899,P01137,38277346.82,3780692.3,EUR,2023-10-21,Closed,True
T07445,C08521,P09001,23878250.02,8208547.02,EUR,2020-04-20,Active,False
T07446,C08510,P00750,42734666.66,12791121.21,EUR,2024-05-12,Active,True
T07447,C04781,P02604,16686397.85,13698154.58,USD,2023-01-09,Active,True
T07448,C04475,P09089,22878169.52,15242753.82,USD,2021-09-05,Closed,True
T07449,C03421,P04559,29310835.15,5809322.01,NOK,2023-10-27,Active,False
T07450,C03747,P03246,34388508.73,19681423.07,EUR,2021-01-07,Active,True
T07451,C07710,P09757,27184305.42,4493851.48,NOK,2023-08-04,Active,True
T07452,C05269,P03345,10085651.89,2415921.41,NOK,2024-03-02,Active,True
T07453,C06779,P04625,15642219.59,3211218.91,EUR,2020-07-19,Closed,True
T07454,C09197,P01328,30215572.77,5275813.16,USD,2023-01-02,Closed,True
T07455,C05101,P01162,27486498.1,22688747.41,NOK,2022-11-27,Active,False
T07456,C04051,P08740,27121793.15,12679808.68,EUR,2022-03-23,Default,False
T07457,C05126,P03987,19429735.69,3657746.72,USD,2023-11-10,Active,False
T07458,C00878,P09241,34440857.44,13801195.23,EUR,2021-02-04,Active,False
T07459,C04821,P09989,12904855.0,562488.62,USD,2025-07-23,Default,False
T07460,C03070,P02333,35281621.03,956721.34,NOK,2024-04-11,Default,False
T07461,C06932,P02716,39852627.36,6624373.61,USD,2023-11-27,Closed,True
T07462,C06299,P03319,6597097.08,1872437.89,EUR,2023-11-25,Default,False
T07463,C04080,P08862,37407231.31,11848580.9,NOK,2024-03-30,Closed,True
T07464,C02378,P08322,27781697.14,21697314.22,NOK,2025-04-23,Default,True
T07465,C04533,P04938,14659772.96,11490131.37,EUR,2024-02-03,Active,True
T07466,C00864,P02262,49297422.49,7468708.43,USD,2022-01-14,Closed,True
T07467,C04061,P09082,37211766.14,22036073.6,NOK,2020-02-19,Default,False
T07468,C07058,P04379,6100727.64,16268297.58,USD,2021-10-15,Closed,False
T07469,C02319,P06737,45819796.55,10574987.57,USD,2025-07-28,Closed,True
T07470,C03290,P08951,11217140.79,11598010.09,EUR,2020-05-05,Closed,True
T07471,C05424,P04913,41740589.81,13962943.14,NOK,2024-07-24,Default,False
T07472,C09945,P02383,32734934.41,13385464.89,NOK,2025-06-05,Closed,False
T07473,C09941,P08032,45566947.73,12787943.33,USD,2021-03-08,Closed,True
T07474,C07578,P02838,16283676.31,18616611.5,USD,2023-09-29,Closed,False
T07475,C00826,P02441,35805129.87,2992534.67,EUR,2021-06-05,Default,True
T07476,C08654,P09715,15185744.77,14881158.24,NOK,2020-07-06,Closed,True
T07477,C01337,P06372,25343838.24,21573886.32,EUR,2024-09-18,Closed,False
T07478,C01080,P02058,37627614.39,17968603.52,EUR,2022-12-21,Default,False
T07479,C06436,P04689,18979327.39,17313599.79,NOK,2023-07-25,Default,True
T07480,C07573,P09144,32085806.96,24356051.94,EUR,2022-06-09,Closed,False
T07481,C02371,P01554,29497931.61,11502288.5,EUR,2023-11-28,Active,False
T07482,C06185,P03355,42832324.77,14948703.44,EUR,2024-03-16,Default,False
T07483,C07381,P05192,16927227.84,16858861.04,USD,2023-01-11,Closed,False
T07484,C02236,P02403,17372296.43,11215298.96,EUR,2021-07-22,Active,True
T07485,C03201,P07622,17049443.05,11911646.31,USD,2021-12-20,Closed,True
T07486,C06103,P09783,46031342.86,7901940.58,USD,2020-09-23,Default,False
T07487,C02429,P09375,16863545.61,14312954.24,NOK,2024-10-04,Default,True
T07488,C00133,P06581,31927177.23,15016294.96,USD,2022-05-06,Default,False
T07489,C02598,P00078,38304650.57,5639191.1,EUR,2023-10-04,Default,False
T07490,C06886,P09805,49397911.24,20842354.93,NOK,2024-09-26,Closed,True
T07491,C07573,P01649,7888956.21,9938993.81,EUR,2021-03-06,Active,True
T07492,C08665,P07251,46531145.07,8467567.11,USD,2023-10-25,Default,False
T07493,C01511,P00808,18566427.51,9790115.69,EUR,2025-08-14,Default,True
T07494,C09295,P00459,49626345.9,14557251.52,EUR,2021-07-15,Closed,False
T07495,C08224,P02456,37980921.68,3688737.28,NOK,2024-01-20,Default,False
T07496,C00289,P05602,25901136.68,9982625.41,EUR,2025-10-01,Default,False
T07497,C00765,P01832,21188480.45,15968828.14,USD,2021-04-12,Closed,True
T07498,C07390,P08334,6752479.57,10251474.95,USD,2023-11-01,Default,False
T07499,C09927,P01015,4099991.27,23030082.56,EUR,2024-09-16,Default,False
T07500,C00438,P01325,8566225.55,18101617.62,NOK,2023-03-17,Default,True
T07501,C07476,P09345,26228439.78,2896608.81,USD,2020-10-29,Default,False
T07502,C07546,P04423,34505394.47,540897.76,USD,2024-04-30,Active,False
T07503,C06810,P01341,32380195.36,11055523.46,NOK,2021-08-29,Active,True
T07504,C07752,P06110,18211527.39,20990746.84,USD,2020-06-17,Active,False
T07505,C07851,P02518,45274743.7,4616980.37,EUR,2025-06-12,Default,True
T07506,C04954,P05099,40812209.46,4569008.01,NOK,2023-02-14,Active,True
T07507,C07547,P03718,37740748.17,9586716.6,EUR,2025-01-30,Closed,False
T07508,C03495,P02315,2728657.26,12050350.54,EUR,2021-05-04,Closed,True
T07509,C09337,P02212,7003992.55,18720463.37,NOK,2023-03-01,Default,False
T07510,C05183,P05085,36033941.78,24169370.2,NOK,2025-03-07,Active,False
T07511,C03700,P03380,12582527.08,6902184.32,USD,2022-09-28,Default,True
T07512,C09658,P04851,28931264.23,10135245.32,NOK,2024-09-13,Default,False
T07513,C02857,P00652,20669255.9,10111401.49,USD,2021-10-22,Default,True
T07514,C06451,P06600,41692721.43,1053212.8,EUR,2023-07-30,Closed,True
T07515,C09041,P04913,35203227.07,15378627.78,USD,2020-09-14,Default,True
T07516,C09934,P06919,16867498.25,7929697.68,EUR,2025-07-31,Closed,False
T07517,C02910,P03878,20048123.09,10063878.53,EUR,2021-03-09,Default,True
T07518,C00635,P09513,1353806.08,8641294.16,USD,2025-04-03,Closed,True
T07519,C07235,P07763,13993525.26,15160373.81,USD,2025-04-09,Closed,True
T07520,C09258,P07517,39401414.24,16491823.21,USD,2025-02-06,Default,False
T07521,C01808,P01570,41184134.58,12896955.54,EUR,2022-12-26,Default,True
T07522,C06672,P09302,27206728.49,3715170.8,NOK,2025-10-31,Active,False
T07523,C02701,P05505,33450837.08,2339388.87,USD,2022-10-27,Closed,True
T07524,C01708,P01394,2640825.8,5573522.54,USD,2025-06-05,Default,False
T07525,C07974,P00699,21725281.88,24997424.36,NOK,2024-10-25,Closed,True
T07526,C08682,P09146,5051932.0,19480033.6,EUR,2020-11-15,Active,False
T07527,C04941,P01378,29379236.83,10646527.8,EUR,2024-06-06,Default,True
T07528,C02691,P08299,4695178.56,21859075.5,USD,2020-05-24,Closed,True
T07529,C00878,P00950,46644546.04,16412013.53,NOK,2021-10-23,Default,True
T07530,C04417,P06094,7597933.52,15746268.39,EUR,2020-04-09,Active,False
T07531,C01066,P03295,7026180.17,10488144.54,NOK,2021-12-20,Default,False
T07532,C07131,P01580,13949362.96,9627019.82,EUR,2023-06-17,Default,False
T07533,C03900,P04878,3126752.68,7017559.58,EUR,2024-04-16,Active,True
T07534,C03967,P02057,26171804.37,18050695.84,NOK,2023-06-06,Default,True
T07535,C09465,P08327,45509750.23,22005675.16,USD,2021-09-02,Closed,True
T07536,C09267,P00115,24732635.0,18224400.62,NOK,2022-04-03,Active,True
T07537,C01667,P03814,44068861.19,20732939.39,NOK,2022-02-23,Closed,True
T07538,C06117,P06481,38521002.03,18359058.83,NOK,2021-12-06,Default,False
T07539,C03185,P03812,36986157.36,18206784.22,NOK,2020-07-22,Active,False
T07540,C07285,P05299,9418450.85,10463425.25,USD,2023-09-11,Closed,True
T07541,C07660,P00111,17664919.84,2579734.47,EUR,2020-01-14,Active,True
T07542,C00339,P00488,27720677.36,20349055.95,NOK,2023-04-03,Closed,False
T07543,C08869,P06355,31409025.77,20471950.62,EUR,2023-02-08,Closed,False
T07544,C04823,P05459,34000980.96,11323606.09,EUR,2024-12-23,Default,False
T07545,C07664,P00515,8727836.66,23717193.06,NOK,2020-04-27,Closed,False
T07546,C05010,P07583,42154685.8,6284130.78,NOK,2024-02-13,Closed,False
T07547,C03149,P02535,8386145.12,4246637.22,NOK,2025-08-30,Active,True
T07548,C06803,P06645,33606635.37,20154846.33,NOK,2023-06-26,Closed,False
T07549,C06588,P05320,11794519.3,21982518.4,NOK,2022-05-29,Active,False
T07550,C02684,P02296,46144204.85,11065491.97,NOK,2022-04-05,Active,False
T07551,C08664,P03503,41350424.7,19984688.27,EUR,2022-11-10,Closed,False
T07552,C03609,P05992,21920684.97,7603022.71,NOK,2024-03-01,Default,False
T07553,C00661,P00867,26858589.63,4500342.07,NOK,2021-06-04,Default,False
T07554,C03342,P01375,27066528.05,16537218.52,NOK,2024-07-21,Active,False
T07555,C03941,P00398,14995038.49,17339225.54,NOK,2020-11-12,Default,True
T07556,C09185,P04902,41593178.77,15959093.9,EUR,2021-12-02,Active,False
T07557,C05699,P03310,24051274.2,19351124.87,USD,2022-03-05,Active,False
T07558,C07993,P09596,23257913.83,4818797.06,USD,2021-06-29,Closed,False
T07559,C02623,P08748,28024878.63,12064383.24,EUR,2022-06-27,Active,False
T07560,C07824,P01661,4539566.15,9538964.74,NOK,2020-04-25,Default,True
T07561,C07236,P03724,29776597.62,13302865.16,USD,2022-04-24,Active,False
T07562,C00502,P03922,27936402.5,2849438.8,USD,2020-04-01,Default,True
T07563,C06128,P00085,33418895.22,5798330.7,NOK,2022-10-07,Active,False
T07564,C00221,P09104,19643595.89,19619938.97,EUR,2022-03-16,Default,True
T07565,C00320,P08353,21159103.66,24015891.89,NOK,2024-10-27,Active,True
T07566,C07434,P00588,14543602.75,2968552.66,EUR,2022-06-21,Active,True
T07567,C04603,P02070,1392678.74,12110606.14,USD,2020-09-08,Closed,False
T07568,C00642,P03809,41933981.57,13702945.57,USD,2022-03-18,Active,False
T07569,C02733,P05288,48418703.89,2566118.79,USD,2020-01-20,Active,True
T07570,C00135,P06621,34348189.41,595126.62,NOK,2024-05-14,Closed,False
T07571,C02284,P09474,21118670.09,20763140.96,EUR,2023-03-25,Active,False
T07572,C07463,P09556,4277948.87,2812457.24,EUR,2022-09-19,Active,True
T07573,C01972,P06718,19813660.02,24668909.23,NOK,2020-12-31,Default,False
T07574,C03870,P09541,37393697.05,3679022.04,EUR,2020-02-05,Default,False
T07575,C00909,P00878,8731003.98,9721159.02,USD,2021-01-03,Active,False
T07576,C00183,P07174,6665714.14,10911550.8,NOK,2020-07-07,Closed,False
T07577,C00830,P02785,8576712.07,15463200.56,EUR,2025-10-03,Closed,True
T07578,C01600,P03255,18341170.4,20407288.77,EUR,2022-12-08,Active,True
T07579,C01238,P06825,4903209.71,18453597.74,USD,2022-09-30,Default,False
T07580,C05319,P00430,17191735.85,4243315.52,NOK,2024-04-25,Default,False
T07581,C01660,P06386,41280982.05,12059914.5,EUR,2024-05-19,Active,False
T07582,C00599,P06419,37811598.7,14176997.04,USD,2021-12-08,Active,True
T07583,C09202,P04888,21681345.48,15931498.64,EUR,2020-02-18,Active,False
T07584,C05870,P06605,11672815.2,7914498.67,EUR,2024-02-02,Closed,False
T07585,C09598,P09619,5634249.88,2895481.2,USD,2025-02-07,Active,True
T07586,C03574,P07506,2653292.82,3315334.09,NOK,2021-05-21,Closed,False
T07587,C04563,P01063,24493461.83,13178706.63,EUR,2020-07-08,Default,False
T07588,C01036,P04019,36001925.01,19947279.09,EUR,2021-10-17,Default,False
T07589,C03259,P06739,24949642.55,15635852.94,USD,2024-02-27,Active,False
T07590,C08546,P00283,18383975.03,10976648.27,NOK,2022-04-11,Default,False
T07591,C07795,P01321,22048722.27,24809460.76,EUR,2020-10-06,Closed,True
T07592,C02491,P03079,46091175.01,4951944.67,USD,2022-12-24,Default,True
T07593,C09683,P02896,14423296.28,24224155.76,USD,2024-07-30,Default,False
T07594,C08927,P09866,35980124.73,19012267.46,NOK,2021-09-16,Active,True
T07595,C05785,P00443,48321775.21,19984299.42,USD,2020-11-16,Active,True
T07596,C01183,P01087,48855977.75,14142609.06,USD,2024-10-11,Active,False
T07597,C04982,P01414,37489563.82,12438727.52,EUR,2024-10-12,Closed,False
T07598,C05411,P04842,3351321.54,20659866.98,USD,2021-01-17,Closed,False
T07599,C04545,P06167,15949047.15,17222368.56,EUR,2023-01-20,Default,False
T07600,C01471,P04597,23148760.78,19601420.79,NOK,2022-05-08,Active,False
T07601,C09783,P02334,2552390.15,24762357.37,NOK,2022-01-12,Closed,False
T07602,C00361,P09079,16267191.71,10308293.93,USD,2022-09-15,Active,True
T07603,C04847,P03082,14490603.67,22712439.82,EUR,2020-03-12,Active,False
T07604,C06911,P08221,19264370.19,7627280.85,EUR,2024-10-13,Default,True
T07605,C07732,P05216,11146192.53,609814.95,USD,2020-06-24,Closed,False
T07606,C06996,P02154,17330884.1,17644942.44,USD,2020-12-05,Closed,False
T07607,C03296,P05788,21697856.38,15738112.88,NOK,2022-05-22,Closed,True
T07608,C01911,P03749,21621690.96,4572688.05,EUR,2021-07-08,Default,False
T07609,C00076,P07007,5036168.74,14789203.37,EUR,2022-01-02,Active,False
T07610,C03220,P05895,32846310.03,18399090.76,EUR,2025-08-26,Active,True
T07611,C08270,P05308,30258324.1,15189661.73,USD,2021-06-12,Default,True
T07612,C09499,P09638,28617680.94,24008124.17,USD,2023-07-08,Active,True
T07613,C06028,P06637,10780091.66,1800962.14,EUR,2021-07-09,Closed,False
T07614,C08590,P03384,4574372.74,15510814.68,USD,2022-02-19,Closed,True
T07615,C09162,P07947,33923354.82,6880517.22,USD,2024-03-15,Closed,False
T07616,C08789,P07823,25610764.78,16109135.64,NOK,2021-04-15,Closed,True
T07617,C05073,P09964,45908418.29,18309018.97,EUR,2025-08-07,Active,True
T07618,C07515,P06310,15009926.57,16430117.07,EUR,2020-07-24,Default,True
T07619,C04087,P00256,13434077.56,16824932.6,USD,2024-08-24,Active,True
T07620,C08364,P02457,38452165.89,23626764.01,USD,2020-12-15,Active,False
T07621,C08139,P06399,28785573.49,11712136.04,USD,2020-02-02,Default,True
T07622,C04933,P08741,7766734.72,15581905.28,EUR,2025-06-06,Default,False
T07623,C01653,P09305,5650022.41,14812931.34,EUR,2022-04-09,Default,True
T07624,C06033,P08337,22734236.13,18592740.71,NOK,2020-04-13,Default,False
T07625,C04285,P05029,26453943.89,1700586.94,USD,2024-05-20,Closed,False
T07626,C00148,P03117,20492949.82,21423932.65,NOK,2021-11-17,Default,False
T07627,C06110,P06477,25622502.12,19702254.62,USD,2024-10-14,Active,True
T07628,C07073,P01553,45576269.56,12405227.55,USD,2021-09-24,Default,True
T07629,C00782,P00691,11435244.57,16765875.27,EUR,2022-01-04,Default,False
T07630,C04289,P08865,27772891.22,13140620.02,USD,2021-11-15,Closed,True
T07631,C06697,P01634,23181636.69,9377743.39,NOK,2021-03-03,Closed,True
T07632,C03255,P04420,7817462.69,10308616.18,EUR,2023-09-11,Closed,True
T07633,C09595,P09312,15242102.84,16151197.17,NOK,2020-09-03,Active,True
T07634,C02724,P05220,21950436.26,13572627.81,NOK,2024-10-20,Closed,True
T07635,C05070,P04409,38287191.59,20117240.7,EUR,2021-09-15,Closed,True
T07636,C08298,P02312,19528990.49,13853166.19,NOK,2021-01-20,Closed,True
T07637,C02961,P01418,11941537.81,11931921.85,USD,2021-11-29,Closed,False
T07638,C02626,P08227,45898622.29,3972765.35,USD,2023-09-03,Closed,False
T07639,C08527,P07868,14848244.84,4478970.1,NOK,2021-07-22,Active,False
T07640,C01983,P03196,3534908.93,5854474.03,NOK,2020-11-07,Closed,True
T07641,C05122,P07374,43278613.36,3680919.42,EUR,2024-02-19,Default,True
T07642,C03888,P01748,37859653.54,20854054.78,USD,2021-03-13,Default,False
T07643,C00982,P07773,27419716.14,16905219.87,USD,2023-11-05,Closed,True
T07644,C08615,P01028,48986851.18,17243796.03,NOK,2021-01-04,Closed,False
T07645,C09740,P01529,28946702.01,12607759.7,NOK,2024-11-05,Active,False
T07646,C08449,P03901,48420778.49,6330751.23,NOK,2022-01-04,Active,False
T07647,C08552,P01187,30879496.06,13024471.38,NOK,2022-12-04,Closed,True
T07648,C03113,P02947,31212192.25,21738852.75,NOK,2023-11-28,Default,False
T07649,C05074,P08516,12185800.63,14571982.11,NOK,2023-11-29,Default,True
T07650,C02846,P01148,20978443.5,8472808.92,USD,2024-03-19,Closed,False
T07651,C09154,P05890,44381922.57,24857601.46,EUR,2024-10-19,Active,True
T07652,C04960,P05126,41018900.66,22149467.25,EUR,2021-12-27,Default,False
T07653,C01008,P02857,27960518.46,8140720.34,EUR,2020-07-04,Active,False
T07654,C03086,P05447,21701393.62,15164076.49,NOK,2021-04-05,Default,False
T07655,C06080,P01002,31464022.88,8537173.32,USD,2022-07-15,Closed,True
T07656,C08233,P00811,30330020.43,7872353.8,EUR,2020-05-06,Default,False
T07657,C04195,P04947,37319112.33,15985339.35,NOK,2020-07-02,Closed,False
T07658,C09280,P01852,27980094.96,6707877.09,NOK,2022-01-05,Closed,False
T07659,C03409,P04110,26631221.07,19910518.4,EUR,2025-06-03,Active,False
T07660,C09982,P09942,14823548.59,1833034.25,USD,2021-08-30,Default,False
T07661,C02226,P02494,25302368.44,12234073.54,NOK,2025-03-28,Default,False
T07662,C07509,P02000,42774549.51,4515751.02,NOK,2021-08-04,Active,True
T07663,C09865,P02555,33718963.2,16918041.77,NOK,2025-08-10,Default,True
T07664,C07897,P03193,33312498.64,19112381.36,EUR,2023-12-01,Active,False
T07665,C01045,P00900,14617313.85,10994583.62,USD,2022-07-07,Active,True
T07666,C08842,P02118,46516089.55,15801481.66,USD,2020-05-10,Active,True
T07667,C08574,P08159,14489761.5,11400965.78,EUR,2024-05-08,Default,False
T07668,C00446,P06122,9576879.14,24739736.05,EUR,2025-04-12,Default,False
T07669,C05373,P03035,17572972.36,9823041.97,USD,2024-12-26,Active,False
T07670,C06785,P04979,2293275.52,22621449.68,USD,2025-02-10,Closed,True
T07671,C02760,P09721,29871069.06,11029444.87,EUR,2025-07-21,Default,True
T07672,C01508,P06765,4514668.88,23616017.29,USD,2020-12-22,Closed,True
T07673,C00491,P07174,15116065.73,7496353.02,USD,2024-10-23,Default,True
T07674,C04573,P03480,30079266.98,22455103.82,EUR,2024-08-11,Active,False
T07675,C08131,P02414,22132091.18,10307385.4,NOK,2021-09-27,Active,True
T07676,C02633,P02588,25035178.46,7336445.17,NOK,2022-03-03,Default,True
T07677,C09237,P03342,30106249.98,24406916.84,EUR,2025-04-03,Closed,False
T07678,C08655,P00893,46099194.61,9000174.47,NOK,2025-05-27,Default,False
T07679,C00333,P01771,39160141.81,17833710.27,NOK,2025-02-03,Active,False
T07680,C02554,P08605,31984661.3,21396831.45,USD,2025-08-13,Active,False
T07681,C08878,P08173,17412864.33,15621870.11,USD,2024-03-16,Closed,False
T07682,C02898,P01164,39843714.17,2573384.83,NOK,2021-05-03,Closed,True
T07683,C06471,P05275,31773730.03,15215878.01,EUR,2022-01-21,Default,True
T07684,C04402,P03485,44817898.73,21864582.79,NOK,2024-06-09,Default,False
T07685,C06816,P07526,37579853.91,1924813.22,USD,2024-05-19,Active,False
T07686,C09083,P06226,47284004.08,23914262.66,NOK,2023-05-30,Default,False
T07687,C07550,P05589,32442313.38,755530.23,USD,2023-03-13,Active,True
T07688,C06076,P01184,49923364.88,8359223.05,USD,2024-07-29,Active,False
T07689,C02338,P07160,35615215.9,16526947.49,USD,2020-08-12,Default,False
T07690,C07944,P08537,23681853.5,24652014.27,EUR,2021-05-26,Default,True
T07691,C07882,P08389,1215260.31,9369165.02,NOK,2022-11-14,Closed,True
T07692,C00184,P01551,5474594.71,11437724.58,EUR,2024-02-05,Closed,False
T07693,C05763,P06958,9898820.92,12585640.76,NOK,2023-02-23,Default,False
T07694,C02151,P05419,49755408.26,23781020.24,USD,2025-09-26,Closed,True
T07695,C04794,P06626,17094750.23,2203642.89,NOK,2025-06-12,Default,False
T07696,C01626,P05370,8948438.84,16972382.94,USD,2023-04-03,Closed,False
T07697,C06629,P01326,49682945.99,6448632.63,USD,2025-04-10,Default,False
T07698,C04615,P00507,44585069.02,12110049.56,EUR,2021-03-09,Active,True
T07699,C03623,P07272,11401056.57,6574546.91,USD,2024-02-25,Active,True
T07700,C08803,P00491,33944261.41,14826585.13,EUR,2024-05-16,Closed,False
T07701,C05949,P09460,8688723.05,9150454.16,EUR,2025-05-19,Default,False
T07702,C03040,P08410,28794555.97,16100282.3,NOK,2024-08-26,Active,False
T07703,C06157,P07485,15998265.57,18662002.03,USD,2022-12-08,Default,True
T07704,C08681,P07226,10637403.76,7425603.33,USD,2021-06-04,Default,True
T07705,C03968,P04165,34048347.49,14757203.56,EUR,2023-02-26,Closed,True
T07706,C05591,P04192,26770657.89,16871317.99,USD,2020-11-25,Active,True
T07707,C07799,P02517,33924987.64,7534768.75,EUR,2020-08-14,Closed,True
T07708,C04790,P05258,32049336.63,5619164.04,NOK,2020-04-25,Active,True
T07709,C08999,P00934,39159414.07,7432619.57,EUR,2020-01-20,Default,True
T07710,C01490,P02513,28549165.02,17875473.1,EUR,2020-05-15,Default,False
T07711,C00916,P08700,41291989.82,9147743.18,EUR,2023-01-13,Active,True
T07712,C00787,P08033,14172833.66,18126155.84,NOK,2023-08-06,Default,False
T07713,C06467,P00709,5347113.79,3284352.0,EUR,2022-10-22,Default,False
T07714,C09339,P08236,8077451.47,13645761.89,EUR,2024-09-24,Active,True
T07715,C06563,P09514,43438899.23,10772070.11,EUR,2022-12-23,Default,True
T07716,C00161,P04317,46062209.34,16567594.75,NOK,2023-01-14,Default,False
T07717,C08306,P00931,12101209.47,23436932.7,NOK,2020-07-14,Default,True
T07718,C07019,P05089,10784727.21,19828827.72,USD,2022-10-30,Default,False
T07719,C04680,P05201,4232735.57,8640554.09,USD,2023-06-17,Active,True
T07720,C01950,P02709,26062794.3,6878576.29,NOK,2021-03-02,Closed,True
T07721,C05554,P08521,39666641.71,12781336.54,NOK,2023-07-10,Default,True
T07722,C09764,P05273,42705726.71,1681176.64,USD,2024-09-30,Default,True
T07723,C06965,P07248,25875461.82,9715690.23,NOK,2022-08-23,Closed,True
T07724,C04983,P03722,18623596.03,19653440.06,NOK,2021-08-31,Closed,True
T07725,C06156,P00207,45122157.89,12291516.41,EUR,2022-01-10,Active,True
T07726,C09767,P01073,33222260.39,7562788.96,NOK,2025-10-12,Default,True
T07727,C01898,P06636,15745584.2,15478726.13,EUR,2024-09-06,Active,False
T07728,C09365,P02132,48141151.58,17268675.04,EUR,2022-02-15,Default,False
T07729,C04774,P04193,31793894.39,7703679.92,USD,2025-03-20,Default,False
T07730,C03363,P04403,47422612.69,19530957.23,USD,2022-12-15,Active,False
T07731,C07450,P05754,48895280.06,22193836.21,USD,2024-12-10,Active,True
T07732,C06112,P03821,15989790.4,7442456.3,EUR,2024-05-17,Active,True
T07733,C01557,P08380,21958978.32,24610235.02,USD,2020-06-18,Active,True
T07734,C03043,P06966,29987688.62,1871494.78,USD,2022-04-25,Closed,False
T07735,C06810,P04467,40561060.65,6920311.24,NOK,2021-05-09,Active,True
T07736,C06743,P09871,17536490.49,10932473.74,USD,2022-03-13,Active,True
T07737,C03659,P05088,27292483.24,10418914.08,USD,2025-08-04,Closed,False
T07738,C03843,P05768,49145256.12,20556385.8,EUR,2024-04-23,Closed,False
T07739,C09590,P04278,10639246.78,19581357.42,EUR,2023-01-16,Default,True
T07740,C06017,P05726,15613499.8,17406642.98,USD,2024-09-30,Closed,True
T07741,C09364,P01012,11254616.5,7102498.04,NOK,2024-05-20,Active,True
T07742,C00810,P09939,32727734.38,20150355.8,EUR,2022-01-27,Active,False
T07743,C01146,P06828,19677333.82,17436253.94,USD,2023-09-08,Active,True
T07744,C01488,P07722,11652087.3,18295719.24,USD,2020-02-24,Active,False
T07745,C00173,P00925,45353606.2,20432648.3,USD,2021-01-23,Active,False
T07746,C05497,P09896,27636238.42,17523101.13,EUR,2025-09-24,Active,False
T07747,C05784,P02707,37614418.18,3921969.06,EUR,2022-07-16,Closed,True
T07748,C05743,P00497,3554138.33,3089363.65,USD,2022-11-17,Closed,True
T07749,C04483,P05435,39130755.28,18817049.71,EUR,2022-04-19,Closed,True
T07750,C07910,P06009,47108725.68,9367269.31,EUR,2024-12-25,Closed,False
T07751,C06934,P03897,43711707.38,7374416.41,EUR,2021-06-03,Active,True
T07752,C06696,P00357,2627151.03,8553497.69,NOK,2021-07-06,Default,True
T07753,C09454,P09648,45728269.15,2865495.16,USD,2021-05-28,Default,True
T07754,C06278,P03159,1821533.72,4758413.95,NOK,2020-08-28,Active,True
T07755,C04402,P07294,42341557.77,3206585.68,USD,2023-04-14,Active,False
T07756,C00442,P06484,41503872.04,15406235.13,USD,2024-10-25,Default,True
T07757,C04124,P08767,38528510.99,16460096.13,USD,2020-06-23,Closed,True
T07758,C09351,P09009,10867865.93,6154850.35,USD,2023-12-16,Closed,True
T07759,C02593,P09013,43328569.28,13483153.92,NOK,2022-06-19,Default,True
T07760,C05340,P02107,14281280.43,10564602.19,USD,2022-11-03,Closed,False
T07761,C04228,P04110,47925162.91,14838937.55,NOK,2020-04-25,Active,False
T07762,C02377,P08687,12778364.28,21363349.01,EUR,2024-08-19,Default,True
T07763,C06649,P02898,4515516.3,17635875.36,NOK,2023-11-15,Default,True
T07764,C02701,P01771,14965447.38,10237044.72,USD,2024-12-07,Active,True
T07765,C09559,P01509,12672353.52,15540003.15,EUR,2022-10-10,Active,False
T07766,C00228,P00177,36769395.63,13112000.43,USD,2024-04-11,Default,False
T07767,C07127,P04911,43312481.61,18386425.6,EUR,2023-03-03,Closed,False
T07768,C02321,P01225,11361355.29,6381233.56,EUR,2021-06-20,Default,False
T07769,C08196,P01367,8037418.27,9033126.4,USD,2024-01-04,Default,False
T07770,C03132,P09531,44904477.75,12049179.97,EUR,2020-04-09,Default,True
T07771,C01169,P00408,48475244.86,14721802.04,EUR,2021-04-11,Active,True
T07772,C08435,P01531,20550743.64,7284489.72,USD,2025-08-19,Closed,True
T07773,C04759,P05912,45811029.16,19017931.95,USD,2022-02-12,Default,False
T07774,C02159,P04442,36578975.64,24511712.58,NOK,2021-10-01,Closed,False
T07775,C03799,P08694,37798818.29,11972877.14,NOK,2022-03-20,Closed,True
T07776,C00680,P04241,34248376.26,6870891.59,EUR,2024-07-19,Active,True
T07777,C04350,P02064,3512882.25,7734450.3,NOK,2025-07-29,Default,True
T07778,C05035,P09561,46369949.08,8393454.98,EUR,2022-06-12,Active,False
T07779,C09131,P06864,7243289.93,16967871.44,USD,2024-02-18,Active,True
T07780,C02291,P06228,8131451.91,12218506.13,NOK,2023-02-09,Closed,True
T07781,C07518,P01191,23931723.22,13066474.06,NOK,2024-04-16,Closed,False
T07782,C01409,P02006,8327761.88,20466265.58,EUR,2024-08-03,Closed,True
T07783,C09611,P02120,23061975.34,22687782.21,EUR,2021-09-08,Default,True
T07784,C02784,P01063,30057293.11,12029088.6,EUR,2023-09-15,Default,True
T07785,C06125,P08432,31587574.45,3539587.35,USD,2022-04-14,Closed,False
T07786,C00530,P07667,16772621.02,9526595.33,USD,2022-08-24,Closed,True
T07787,C04294,P07615,7644728.57,21860501.35,NOK,2023-08-29,Active,True
T07788,C00576,P03345,25860744.93,2849195.6,EUR,2023-09-28,Active,False
T07789,C08707,P04977,25791690.94,8601111.69,USD,2022-11-23,Active,True
T07790,C00972,P09228,16460693.86,19476740.45,EUR,2020-10-06,Default,True
T07791,C07364,P03368,2533689.35,16318729.59,EUR,2023-01-02,Default,True
T07792,C09283,P04831,19868222.93,17167455.15,USD,2023-09-11,Closed,True
T07793,C03185,P03580,31707222.55,518432.43,EUR,2024-06-02,Default,False
T07794,C09361,P01113,10128699.0,21281890.02,EUR,2025-01-03,Default,True
T07795,C04471,P01386,34662146.0,14382846.62,NOK,2020-05-17,Closed,False
T07796,C00096,P09377,26656903.29,13181337.05,EUR,2023-04-12,Default,True
T07797,C00768,P09920,31537276.97,13436503.99,USD,2025-08-22,Default,True
T07798,C00272,P06617,40635827.31,16518289.1,EUR,2020-04-18,Default,True
T07799,C02585,P09322,1242430.78,17509497.15,EUR,2022-08-03,Active,True
T07800,C09327,P09099,14862899.74,16261070.41,NOK,2022-05-08,Closed,False
T07801,C07687,P08263,24416897.86,7602418.56,NOK,2021-09-24,Active,True
T07802,C05520,P04205,20719183.23,20563335.73,EUR,2023-03-20,Default,False
T07803,C03944,P09813,17022574.6,16460800.93,USD,2023-03-01,Default,False
T07804,C00012,P09529,44341824.54,20517115.67,USD,2024-08-15,Closed,False
T07805,C02420,P00847,49601187.41,894560.77,USD,2025-07-31,Active,True
T07806,C06868,P07202,44501962.9,20920950.84,NOK,2020-10-14,Default,False
T07807,C03086,P03519,28773880.63,10834482.04,NOK,2024-04-20,Default,False
T07808,C03281,P01143,49885525.02,13960752.64,NOK,2024-02-07,Default,True
T07809,C06795,P06146,37536070.4,3318705.22,NOK,2020-03-09,Active,True
T07810,C09262,P05728,36079035.43,13012507.39,NOK,2021-01-07,Closed,True
T07811,C08824,P04675,32826791.6,3398718.24,NOK,2022-01-20,Default,False
T07812,C00961,P04664,21414621.75,11708818.04,EUR,2024-02-10,Active,False
T07813,C01604,P01831,7543361.22,20087833.49,EUR,2024-07-01,Active,False
T07814,C09458,P04652,6734360.53,5375382.72,USD,2020-07-26,Closed,True
T07815,C07615,P03692,14439765.8,14907323.6,USD,2020-12-15,Default,False
T07816,C05110,P02925,18432500.85,20363628.64,EUR,2022-02-20,Closed,True
T07817,C00994,P05466,45645397.8,13404004.23,USD,2023-08-06,Active,False
T07818,C01791,P00848,33134710.15,23760907.59,NOK,2022-11-26,Active,False
T07819,C08012,P07645,9369932.27,2068808.96,USD,2022-10-15,Closed,True
T07820,C01981,P02548,36220921.07,1219028.68,EUR,2023-08-13,Default,False
T07821,C07715,P09083,39697772.09,1647161.67,EUR,2024-01-22,Default,True
T07822,C00710,P03320,1405325.02,5918337.31,USD,2023-07-31,Active,False
T07823,C03750,P06819,46939701.42,12135101.63,USD,2020-01-05,Default,True
T07824,C07264,P00806,38146295.41,13708119.33,NOK,2020-11-07,Closed,False
T07825,C00778,P08581,27064361.44,15973659.65,NOK,2025-10-03,Active,True
T07826,C02910,P09610,29023451.33,8948005.4,USD,2025-01-28,Default,True
T07827,C01797,P01541,36786765.53,17079977.06,NOK,2024-08-04,Active,True
T07828,C04012,P07986,44332421.88,16584005.59,NOK,2020-12-31,Closed,True
T07829,C00754,P08592,22539678.0,20524913.19,NOK,2020-07-25,Active,True
T07830,C09904,P02771,13693995.54,6009311.0,USD,2022-07-17,Active,False
T07831,C01491,P00796,34420429.43,19428332.38,EUR,2025-06-23,Default,True
T07832,C00532,P05916,10463563.14,16468433.78,EUR,2025-02-24,Closed,False
T07833,C06729,P07004,13432147.73,2399981.81,USD,2022-04-11,Default,False
T07834,C07203,P03534,47350802.84,17032945.51,NOK,2025-04-02,Default,False
T07835,C08304,P00530,43357964.31,8802377.58,NOK,2023-10-18,Default,False
T07836,C07727,P09496,33033176.0,17038978.96,EUR,2025-03-23,Default,False
T07837,C09935,P03136,5913475.14,23856225.21,NOK,2025-09-21,Active,True
T07838,C07153,P05626,4566353.1,7319911.13,USD,2025-02-19,Closed,True
T07839,C03561,P08387,14663193.88,6277051.19,USD,2021-06-21,Default,False
T07840,C03243,P08456,35495812.6,23475166.73,NOK,2025-05-19,Default,False
T07841,C03825,P07612,29185756.05,18614110.04,USD,2020-12-22,Default,False
T07842,C09104,P05417,20815173.57,12243649.63,NOK,2024-09-04,Closed,True
T07843,C09983,P06045,6978046.1,16111722.79,NOK,2023-09-29,Closed,False
T07844,C09409,P02558,39988367.68,7028231.54,EUR,2021-02-06,Default,True
T07845,C09626,P03031,47344736.49,19652595.4,NOK,2025-09-12,Default,True
T07846,C01847,P09631,18056683.96,16378535.84,NOK,2022-11-21,Closed,False
T07847,C08121,P04701,44347021.18,15643785.41,EUR,2020-09-20,Active,True
T07848,C06502,P09585,13546682.9,13822569.78,USD,2021-03-22,Default,False
T07849,C08907,P01124,6851611.78,24247236.78,EUR,2021-11-10,Active,True
T07850,C01203,P03994,20339902.39,12844812.17,EUR,2021-04-13,Default,False
T07851,C09765,P06892,16054656.93,23344054.63,USD,2021-09-29,Default,False
T07852,C04305,P01889,9853907.95,16617694.98,USD,2024-09-21,Default,False
T07853,C05979,P08557,27557310.54,23816417.08,USD,2021-06-17,Closed,True
T07854,C05058,P09797,44027073.65,19773137.88,NOK,2021-12-02,Closed,False
T07855,C06599,P00766,36205081.63,14718185.08,EUR,2020-05-20,Default,False
T07856,C04984,P02700,9008099.49,4287820.78,NOK,2023-05-08,Active,False
T07857,C00123,P00406,6319665.06,15422347.27,NOK,2023-12-07,Default,True
T07858,C07129,P02690,12400427.39,20897197.95,EUR,2023-11-18,Default,True
T07859,C01456,P01935,46138392.9,5387038.56,NOK,2020-10-28,Active,True
T07860,C08270,P09762,4984820.45,10234974.77,USD,2021-01-28,Default,True
T07861,C07006,P02805,38473836.08,11743197.49,EUR,2020-07-16,Closed,True
T07862,C03174,P08976,43574431.39,11344573.31,EUR,2021-08-21,Active,True
T07863,C04250,P04671,22466165.33,11320534.03,NOK,2022-08-15,Closed,True
T07864,C00296,P00448,25647572.17,19779537.85,NOK,2021-01-01,Active,False
T07865,C08539,P04343,18717431.94,15043571.09,USD,2020-01-03,Closed,False
T07866,C02217,P02582,1869889.06,21406155.3,USD,2023-12-14,Default,True
T07867,C06537,P06802,23399197.31,8532646.65,NOK,2020-10-18,Closed,True
T07868,C09429,P01819,37980369.11,5388197.01,USD,2023-03-22,Closed,True
T07869,C08358,P02819,46118766.87,16999468.4,EUR,2021-09-07,Default,False
T07870,C06051,P07197,35876864.75,2666250.86,NOK,2023-05-15,Active,True
T07871,C05431,P02011,14094342.53,22328614.11,USD,2023-08-31,Active,False
T07872,C06108,P09883,2016023.82,10862366.1,NOK,2021-01-19,Closed,True
T07873,C08710,P09797,23733260.35,17727158.72,USD,2021-03-06,Closed,False
T07874,C01902,P06361,48942357.88,1326584.55,EUR,2024-06-02,Closed,False
T07875,C06196,P08309,45367596.88,16824116.01,EUR,2024-09-17,Default,True
T07876,C06925,P06761,24128821.24,14276094.2,NOK,2024-02-22,Default,True
T07877,C07215,P05392,31606244.27,9403785.22,USD,2020-04-03,Active,True
T07878,C05706,P01482,29737359.2,18020100.76,EUR,2020-04-01,Closed,True
T07879,C01207,P01826,6472626.27,14116691.16,NOK,2025-09-27,Active,True
T07880,C08629,P04467,11547095.76,22500816.75,USD,2020-01-20,Active,False
T07881,C09590,P03054,3556758.43,2736076.67,NOK,2023-08-08,Active,True
T07882,C05180,P00885,48164053.73,8314722.89,NOK,2025-02-25,Default,True
T07883,C00431,P05398,48976717.34,2157800.56,EUR,2025-06-15,Default,True
T07884,C05449,P07218,4791863.17,17774581.82,EUR,2021-08-26,Active,True
T07885,C05050,P03479,30363639.55,18925527.61,NOK,2025-07-13,Default,True
T07886,C09167,P08462,24390898.23,18650873.31,USD,2021-06-20,Default,False
T07887,C01066,P02776,28828268.99,16009948.24,NOK,2020-02-08,Closed,False
T07888,C05800,P03199,11599550.8,11847820.04,EUR,2025-10-16,Active,False
T07889,C01240,P00328,45725443.03,10581108.0,USD,2025-10-28,Closed,True
T07890,C02439,P00125,31457703.18,1612833.61,NOK,2023-03-03,Active,True
T07891,C08423,P03934,46100334.16,23086768.05,NOK,2021-09-13,Default,False
T07892,C00255,P05438,12735371.02,15679271.65,USD,2024-01-02,Closed,True
T07893,C09576,P08663,31110817.35,19015363.94,USD,2024-10-21,Closed,False
T07894,C06419,P01226,6614715.42,19033247.03,USD,2022-01-09,Closed,False
T07895,C01008,P02806,43117940.82,9293949.77,USD,2025-02-17,Closed,True
T07896,C01383,P01997,1554543.63,18765234.53,USD,2024-03-11,Closed,False
T07897,C03117,P04508,24074093.18,3307245.47,NOK,2022-01-18,Default,False
T07898,C07230,P06312,34012566.7,23195783.4,NOK,2021-02-05,Active,True
T07899,C09635,P03130,45024171.14,9967083.93,EUR,2023-09-11,Active,False
T07900,C07737,P05817,4426671.07,20221435.54,NOK,2020-05-31,Closed,False
T07901,C09141,P03775,44593447.05,21527053.88,NOK,2022-04-26,Closed,False
T07902,C04771,P03329,39863073.37,18886215.38,USD,2025-08-24,Closed,False
T07903,C08892,P05409,12713609.29,5404958.24,EUR,2021-03-12,Default,False
T07904,C05888,P04110,14786656.58,9516492.6,NOK,2023-08-03,Closed,False
T07905,C05231,P00368,29575425.0,19308787.0,USD,2024-09-04,Closed,True
T07906,C07981,P04355,36805573.03,2040003.07,EUR,2023-09-20,Active,True
T07907,C05289,P05377,47275773.06,21801113.14,EUR,2024-02-16,Active,True
T07908,C07097,P09064,15977991.78,2605184.17,EUR,2024-04-11,Default,False
T07909,C05325,P03731,21426040.7,15314687.64,NOK,2024-01-30,Closed,False
T07910,C08923,P06840,40023397.59,11144495.19,EUR,2021-07-02,Active,True
T07911,C01940,P06272,11457263.87,20539169.46,USD,2021-06-17,Default,False
T07912,C02237,P04614,39776735.21,19501160.64,NOK,2023-02-14,Closed,False
T07913,C08198,P08986,3567625.86,23232773.28,NOK,2020-09-29,Active,True
T07914,C03977,P08002,26434765.44,3980820.92,EUR,2020-04-06,Closed,False
T07915,C02355,P06446,20959086.61,9957938.25,NOK,2025-05-12,Default,False
T07916,C00070,P02616,24505386.56,20040304.05,USD,2020-12-08,Default,True
T07917,C07355,P01207,16592151.53,6640298.91,USD,2023-07-14,Default,False
T07918,C02943,P03986,42243083.27,11203176.84,USD,2022-07-15,Default,True
T07919,C09612,P00158,40061430.5,13262697.73,USD,2021-06-11,Default,False
T07920,C09429,P06007,44581211.02,1580014.0,EUR,2025-05-19,Default,False
T07921,C07545,P03733,9117706.58,14964579.13,EUR,2024-04-21,Closed,True
T07922,C05529,P03685,9303583.83,12551394.05,EUR,2021-12-28,Default,False
T07923,C07964,P03905,31920512.5,3514573.06,USD,2025-05-01,Active,True
T07924,C04525,P04856,16893843.25,7843674.89,EUR,2023-11-19,Active,True
T07925,C08706,P07957,25773561.45,6437892.99,EUR,2020-07-30,Active,True
T07926,C08715,P08427,36606981.01,22774655.89,NOK,2023-10-29,Default,True
T07927,C03411,P01248,7933571.25,9707251.1,USD,2025-09-13,Closed,True
T07928,C00009,P04138,41112138.58,11501112.31,NOK,2022-11-09,Closed,True
T07929,C06885,P01562,7992532.13,4968887.05,NOK,2020-07-31,Active,True
T07930,C03398,P08871,20111508.23,1242830.49,NOK,2023-06-25,Active,True
T07931,C09816,P05092,10405290.87,6181034.24,EUR,2025-03-29,Default,False
T07932,C02163,P04606,24995516.11,21588768.23,EUR,2021-04-28,Default,False
T07933,C00072,P07446,46886973.29,7656423.82,USD,2024-12-06,Default,True
T07934,C03977,P01590,37351135.83,22382468.45,USD,2024-12-19,Active,True
T07935,C07010,P08690,43789920.89,10305612.03,EUR,2025-09-29,Default,True
T07936,C04001,P02511,48783135.04,14035938.15,USD,2024-12-24,Default,False
T07937,C01490,P04407,4610729.28,16125417.14,EUR,2022-05-23,Closed,False
T07938,C04410,P01317,3626159.6,13223310.57,NOK,2020-09-10,Active,True
T07939,C02819,P09216,29784354.41,23321193.49,EUR,2021-04-28,Active,False
T07940,C05048,P03823,13554771.81,14892579.95,NOK,2022-04-16,Active,True
T07941,C04689,P08892,28832317.36,12150633.44,USD,2024-11-23,Closed,False
T07942,C02910,P05233,47484482.4,20597082.24,NOK,2023-05-31,Default,True
T07943,C07641,P03663,16229254.5,23278417.5,NOK,2020-06-13,Closed,False
T07944,C08865,P04662,28280105.75,14219508.95,NOK,2025-03-29,Active,True
T07945,C08783,P08972,23583202.83,17211987.12,USD,2022-11-25,Closed,False
T07946,C08563,P03420,25922144.1,1736452.14,EUR,2025-07-01,Default,False
T07947,C09498,P06384,32667617.59,4424086.38,USD,2022-02-25,Active,False
T07948,C06641,P09985,23832278.98,5827883.02,EUR,2024-06-07,Default,False
T07949,C04833,P06638,46836678.01,10359117.92,EUR,2021-02-25,Active,False
T07950,C01022,P04415,2956480.66,14114201.07,USD,2024-05-25,Default,False
T07951,C01403,P01174,48254652.81,9175446.92,NOK,2025-07-04,Active,True
T07952,C01792,P04684,28880419.68,15456691.78,EUR,2024-09-12,Active,True
T07953,C02308,P00385,24831015.06,10931973.92,USD,2021-09-07,Default,True
T07954,C05387,P02678,41991158.23,21425981.89,USD,2023-01-05,Active,False
T07955,C05748,P09171,14880252.1,23937949.27,USD,2021-09-05,Default,False
T07956,C09869,P02902,37037972.55,11676663.18,EUR,2021-03-16,Closed,True
T07957,C07068,P03543,1678119.9,9742217.33,NOK,2024-09-10,Closed,True
T07958,C01962,P01082,2493391.53,24249753.37,EUR,2023-08-07,Default,True
T07959,C09521,P07073,14514622.99,24602397.34,NOK,2025-09-22,Closed,False
T07960,C09273,P09231,21831435.37,19217618.88,NOK,2022-10-13,Closed,True
T07961,C07270,P01731,11567348.6,1996851.14,EUR,2022-06-18,Active,False
T07962,C06431,P03630,14428632.44,1686579.08,EUR,2021-11-05,Active,False
T07963,C02050,P03711,45425467.11,1130580.09,EUR,2023-08-24,Default,False
T07964,C09095,P01126,16041651.86,23167596.92,EUR,2021-08-10,Default,True
T07965,C03977,P00349,24241851.87,2523168.09,EUR,2022-12-04,Active,True
T07966,C04469,P02681,46681847.01,23520973.09,EUR,2022-03-15,Active,True
T07967,C03576,P01385,22908080.72,14036786.35,NOK,2020-05-30,Closed,True
T07968,C03317,P06932,29105406.16,20336117.65,EUR,2024-03-13,Closed,True
T07969,C00170,P09011,4800655.24,4464799.03,USD,2022-09-27,Active,True
T07970,C00555,P01703,22625351.29,12401130.05,NOK,2020-06-18,Active,True
T07971,C07001,P09103,48826602.74,11989987.58,NOK,2020-12-13,Default,False
T07972,C00606,P05363,18860106.58,19032237.69,NOK,2023-08-14,Default,False
T07973,C04674,P06643,13065054.55,12352593.18,NOK,2024-08-04,Closed,True
T07974,C05787,P01374,10245959.05,1230138.27,NOK,2021-01-24,Closed,True
T07975,C06452,P09878,29960671.22,16771558.28,USD,2025-09-15,Active,True
T07976,C09038,P08577,34224808.16,21649315.65,EUR,2024-09-08,Active,False
T07977,C06698,P07880,41891011.2,5697769.6,NOK,2024-06-03,Default,False
T07978,C04847,P01616,45376822.87,13922550.62,NOK,2020-05-26,Active,False
T07979,C01020,P06928,8383628.99,17507919.86,NOK,2025-09-29,Closed,False
T07980,C08769,P01131,25933134.74,3731661.19,NOK,2022-02-16,Default,True
T07981,C07609,P02411,5627775.94,21927128.1,NOK,2020-09-14,Active,False
T07982,C05527,P02056,7717587.56,19882130.31,EUR,2021-12-15,Active,True
T07983,C04117,P05690,17440224.06,18762989.4,EUR,2025-06-12,Default,True
T07984,C04950,P02988,24597052.78,6380253.15,EUR,2020-12-09,Active,True
T07985,C03119,P09626,2082042.29,16093682.0,USD,2022-11-20,Closed,True
T07986,C01554,P08776,43028168.26,24028012.17,NOK,2022-08-19,Default,False
T07987,C01781,P06666,19234425.01,4229996.98,NOK,2025-01-11,Default,False
T07988,C00901,P00880,30014753.98,11088019.81,EUR,2022-09-21,Default,True
T07989,C00664,P05497,29005123.81,14789600.09,EUR,2024-11-27,Default,True
T07990,C02956,P07922,28622089.24,21609089.14,USD,2021-05-31,Default,False
T07991,C06145,P03169,42067083.87,6674057.55,NOK,2023-07-09,Active,True
T07992,C08376,P04312,8198274.73,12868381.65,EUR,2020-01-04,Closed,True
T07993,C05023,P01438,48088117.68,16824159.28,NOK,2024-04-06,Closed,True
T07994,C07879,P06704,32675588.16,16106764.32,EUR,2024-06-03,Default,True
T07995,C00777,P08457,32621438.04,11582733.29,USD,2025-08-27,Default,True
T07996,C08746,P06179,4334844.97,11394992.78,USD,2020-06-27,Default,False
T07997,C06809,P03405,37249372.74,18138600.95,NOK,2023-01-23,Active,False
T07998,C00560,P05275,34735936.9,22675749.58,USD,2025-06-26,Default,True
T07999,C00256,P08689,32389356.39,2378325.97,EUR,2022-03-24,Active,True
T08000,C02969,P07340,47390812.09,13899123.8,EUR,2020-03-09,Default,True
T08001,C05831,P03196,21111757.47,6674854.07,USD,2021-09-03,Default,False
T08002,C03156,P08941,37589198.47,21753807.86,NOK,2024-01-28,Default,True
T08003,C03915,P05267,23496411.7,594088.74,NOK,2022-10-21,Closed,False
T08004,C05649,P09324,22313293.03,15976588.38,USD,2023-10-20,Active,True
T08005,C09238,P05573,12337673.61,21835543.13,EUR,2025-10-17,Closed,False
T08006,C09531,P01555,20431052.23,5966678.34,USD,2025-08-02,Active,False
T08007,C02539,P04903,5589694.56,7987855.19,NOK,2025-08-15,Default,True
T08008,C08772,P04604,46670928.6,13106507.24,NOK,2021-11-14,Active,False
T08009,C07605,P02372,35058580.54,2624706.43,EUR,2020-03-28,Default,True
T08010,C06715,P07252,39016507.55,13879210.45,USD,2023-02-01,Default,False
T08011,C04622,P05139,21069173.86,24471387.03,NOK,2022-04-09,Closed,True
T08012,C07036,P00399,10446781.39,20466909.14,NOK,2022-04-27,Closed,False
T08013,C05442,P05311,49591153.74,12383119.85,NOK,2024-03-09,Default,False
T08014,C09458,P01421,8179138.7,6916822.63,EUR,2020-07-10,Closed,False
T08015,C03839,P09592,39860327.33,8632355.16,NOK,2022-01-26,Closed,True
T08016,C06343,P04488,15505968.29,3504059.31,EUR,2022-09-23,Closed,True
T08017,C06724,P08170,34786593.88,3677984.06,USD,2023-04-02,Closed,True
T08018,C08443,P00491,20023195.43,23619539.76,EUR,2024-10-09,Closed,False
T08019,C02977,P00694,16008112.72,21014673.07,NOK,2022-10-05,Closed,True
T08020,C06742,P01715,6889470.92,19220043.18,EUR,2024-09-19,Closed,False
T08021,C01307,P03272,42515540.26,21986827.79,USD,2025-07-04,Active,True
T08022,C08127,P00473,8223638.98,13027333.76,USD,2020-03-13,Closed,True
T08023,C01554,P03239,24464764.89,16003825.05,NOK,2022-02-25,Default,True
T08024,C01752,P05941,42767020.96,4898324.2,NOK,2025-03-23,Active,True
T08025,C07341,P06811,17378020.41,6167167.9,EUR,2024-03-12,Active,True
T08026,C09851,P06148,23482268.28,10654695.11,EUR,2025-04-12,Active,True
T08027,C05792,P01470,25006772.97,17350732.77,EUR,2020-07-17,Closed,False
T08028,C02285,P02217,3043667.74,1136975.06,USD,2022-06-18,Closed,False
T08029,C00464,P02231,9689951.19,23838591.37,EUR,2025-01-09,Default,True
T08030,C06275,P09581,15504509.96,6265588.14,EUR,2021-07-19,Closed,True
T08031,C01607,P00244,46755069.21,19301169.74,EUR,2023-10-13,Default,False
T08032,C06924,P03037,21709745.32,20130818.62,NOK,2024-07-20,Active,False
T08033,C01093,P03771,27416973.03,11641409.93,USD,2020-02-04,Default,False
T08034,C05779,P02606,28849131.84,5461559.85,EUR,2024-08-22,Default,True
T08035,C06627,P08531,29069142.89,24899685.49,USD,2020-12-13,Active,False
T08036,C09482,P01946,22931983.33,17629508.61,EUR,2025-07-13,Closed,False
T08037,C01417,P09851,16147670.09,14609971.37,USD,2022-09-03,Default,True
T08038,C06344,P05907,12045269.79,7059565.63,USD,2023-04-08,Closed,False
T08039,C08271,P01116,6916465.08,24228026.41,EUR,2021-12-21,Active,False
T08040,C06274,P08371,31763549.64,1488534.93,EUR,2021-12-11,Default,True
T08041,C02866,P04997,14965805.72,8442300.31,NOK,2021-06-11,Closed,False
T08042,C09523,P04911,45342914.72,17547051.23,USD,2022-01-04,Default,False
T08043,C01531,P01167,39496101.74,11655596.55,NOK,2021-02-23,Closed,False
T08044,C01832,P04108,45733892.1,11455032.52,USD,2023-02-28,Active,True
T08045,C03607,P08646,45066301.92,1576436.29,USD,2024-07-03,Active,True
T08046,C08765,P08003,42307161.9,6570089.53,EUR,2023-06-19,Active,True
T08047,C01546,P08289,41374495.3,10956757.69,NOK,2021-04-12,Closed,False
T08048,C09662,P03710,44113831.59,22280786.2,NOK,2024-01-29,Closed,False
T08049,C02807,P08283,3845697.57,15161627.31,NOK,2021-06-20,Active,True
T08050,C01163,P01580,40594394.23,1660152.28,NOK,2020-04-02,Active,True
T08051,C01103,P08470,29334293.75,14038087.3,NOK,2021-01-02,Active,True
T08052,C06224,P00855,26765498.63,21886917.8,USD,2023-05-30,Active,False
T08053,C07298,P07283,19251354.6,8369423.04,USD,2025-01-09,Active,True
T08054,C05378,P05123,11678845.18,14538077.88,EUR,2021-06-24,Active,True
T08055,C03245,P00417,17889123.43,24940113.41,NOK,2022-10-01,Default,False
T08056,C04785,P09090,2912602.52,23407789.45,NOK,2020-12-21,Default,False
T08057,C00841,P01629,29100551.93,21339461.74,NOK,2025-10-18,Default,False
T08058,C08195,P00924,36650761.95,3179090.01,USD,2023-12-30,Default,True
T08059,C08028,P05693,24333705.19,13533844.13,EUR,2023-03-21,Default,True
T08060,C05332,P01679,36903270.87,11240068.8,USD,2021-02-20,Active,True
T08061,C09098,P08255,25311985.56,15574274.63,NOK,2021-06-26,Default,False
T08062,C03478,P06205,16320111.92,22144795.01,EUR,2022-03-23,Active,False
T08063,C02524,P07911,25682299.3,2012149.33,EUR,2022-01-24,Active,True
T08064,C07397,P06856,33621861.92,5125202.27,USD,2022-12-22,Default,True
T08065,C00486,P01415,45285804.37,1991830.08,EUR,2021-06-28,Active,True
T08066,C07820,P07901,43482001.83,6805327.23,USD,2022-02-20,Closed,True
T08067,C08269,P07759,35723296.16,5316762.63,EUR,2021-03-23,Active,False
T08068,C01005,P01587,2229719.28,13825012.31,EUR,2025-10-14,Active,False
T08069,C01372,P05083,35669425.23,19703753.89,USD,2025-05-27,Default,True
T08070,C09897,P05218,12156091.61,7781149.84,USD,2024-01-04,Active,False
T08071,C02031,P03070,9612937.71,18895253.64,EUR,2023-01-23,Default,False
T08072,C06226,P01935,25295314.33,21479877.04,USD,2025-08-20,Active,True
T08073,C02486,P02665,28051779.77,9124663.32,EUR,2023-04-17,Default,True
T08074,C02052,P01033,7694121.75,11742536.66,USD,2023-10-26,Closed,False
T08075,C07765,P02253,5172150.22,16303039.97,USD,2020-03-03,Default,False
T08076,C07829,P09033,26380091.83,19574314.88,EUR,2024-12-02,Closed,True
T08077,C05731,P02011,27268349.59,15342743.54,EUR,2023-12-22,Closed,False
T08078,C02077,P09413,49959839.63,5113918.26,USD,2023-09-28,Default,False
T08079,C07162,P01996,2010009.37,17074318.84,NOK,2023-04-19,Active,False
T08080,C07403,P09409,17711727.13,22761273.99,NOK,2022-12-13,Active,True
T08081,C07807,P07002,43977623.59,3493025.67,NOK,2020-03-26,Default,False
T08082,C08237,P00354,5318978.51,7550778.91,USD,2020-02-19,Default,False
T08083,C08247,P03171,38234047.39,13456721.6,EUR,2022-09-20,Active,False
T08084,C09129,P02392,6542949.23,9932540.95,NOK,2023-07-10,Default,False
T08085,C02025,P05364,42950184.59,22970010.09,NOK,2021-08-18,Default,True
T08086,C05881,P08776,42418292.57,6363238.91,NOK,2024-11-21,Default,False
T08087,C08034,P02790,27939963.27,2522975.63,NOK,2021-12-30,Active,True
T08088,C04018,P08421,16161872.35,13576592.07,USD,2025-07-21,Active,True
T08089,C08906,P00109,45203968.3,13823635.0,USD,2025-10-24,Default,True
T08090,C08635,P05200,33089612.31,12967003.87,USD,2020-08-17,Default,False
T08091,C06483,P00297,15549398.23,24323068.25,EUR,2020-11-29,Closed,True
T08092,C01684,P09622,33021287.17,11601454.63,EUR,2021-11-24,Default,True
T08093,C00699,P03667,26806708.18,11305122.82,EUR,2023-12-19,Closed,False
T08094,C09596,P07345,35208926.11,21000903.69,USD,2023-03-28,Active,True
T08095,C04525,P01840,35542683.21,13752682.73,USD,2022-07-29,Default,True
T08096,C01156,P05191,46803070.05,23727815.41,EUR,2025-10-13,Active,False
T08097,C06675,P00426,45867197.51,16617490.03,USD,2022-03-26,Default,True
T08098,C03383,P03687,43877665.4,5760981.18,EUR,2021-10-21,Closed,False
T08099,C00932,P08983,8484806.79,14779594.07,EUR,2020-09-06,Closed,True
T08100,C00443,P06228,11961668.49,9299315.19,NOK,2022-02-01,Active,True
T08101,C05410,P09102,23323421.25,16911316.88,EUR,2021-11-03,Active,False
T08102,C04859,P05296,24745925.93,4032268.08,USD,2020-07-27,Default,False
T08103,C01037,P03135,35316039.82,17578652.38,USD,2024-07-29,Default,True
T08104,C08465,P08838,28353578.2,1693001.22,NOK,2022-09-11,Active,False
T08105,C08303,P02748,49455481.22,18099701.87,USD,2022-08-16,Default,True
T08106,C00902,P09301,30104178.57,1496268.92,EUR,2023-09-04,Active,False
T08107,C05883,P05082,14165728.43,13839598.75,EUR,2025-05-16,Closed,True
T08108,C08719,P05142,43198489.93,11627356.0,USD,2024-02-24,Default,True
T08109,C09835,P04033,44159908.54,15146871.37,NOK,2022-02-02,Active,True
T08110,C00730,P02153,42382918.9,1568597.97,EUR,2020-02-03,Closed,True
T08111,C08391,P01834,2878413.33,1496394.44,USD,2022-07-05,Closed,True
T08112,C00553,P08901,10909474.35,8020949.16,USD,2022-09-29,Default,True
T08113,C08888,P04263,23624113.41,17138779.05,NOK,2020-12-22,Active,False
T08114,C02635,P09473,7288176.46,19051948.24,NOK,2022-02-27,Default,False
T08115,C01973,P08543,48643056.21,10580041.94,NOK,2024-08-29,Active,True
T08116,C02467,P01146,23379404.43,17166446.72,NOK,2022-11-10,Closed,True
T08117,C06646,P06516,21657284.25,7334357.81,NOK,2021-04-24,Active,False
T08118,C08187,P09932,42018571.42,19562463.46,EUR,2022-12-08,Closed,True
T08119,C09895,P08920,10631754.81,9504420.37,EUR,2020-07-16,Active,False
T08120,C05383,P00879,4703680.81,18541124.66,NOK,2020-01-01,Closed,True
T08121,C05972,P01776,22164551.85,9650301.63,EUR,2023-12-07,Closed,False
T08122,C00301,P05161,15033952.9,2626646.13,NOK,2023-02-26,Closed,False
T08123,C08522,P07775,42471805.88,11552810.75,NOK,2023-04-06,Closed,False
T08124,C06243,P05902,24977019.35,13899653.81,EUR,2025-10-15,Closed,True
T08125,C09627,P09799,12024502.48,18571310.72,NOK,2022-03-11,Active,False
T08126,C05237,P01128,36602046.56,13956011.49,USD,2022-02-02,Default,True
T08127,C04569,P06168,21029100.92,20215718.07,USD,2023-02-15,Active,True
T08128,C09382,P09911,29039126.18,18510348.1,NOK,2025-08-20,Default,True
T08129,C02456,P09238,49112019.54,10189257.07,USD,2020-06-19,Closed,True
T08130,C03347,P07094,33707670.3,5027048.55,EUR,2024-08-13,Default,False
T08131,C02373,P09397,25160274.23,4062548.88,EUR,2022-02-21,Closed,False
T08132,C09956,P06067,10794762.69,10338221.42,EUR,2024-10-29,Closed,True
T08133,C04163,P02851,25551197.28,7681856.52,USD,2023-07-20,Default,True
T08134,C06949,P06512,38260383.49,3518931.78,NOK,2022-12-07,Default,True
T08135,C07487,P02113,38040625.36,16345252.4,NOK,2025-03-12,Default,False
T08136,C09120,P07216,38467137.61,3477926.23,USD,2022-11-05,Active,False
T08137,C07814,P09600,29372904.61,11224764.87,USD,2023-04-03,Active,True
T08138,C02071,P00915,29064426.53,20443942.56,USD,2024-06-13,Active,False
T08139,C08991,P03064,14026722.2,21863495.75,EUR,2024-11-09,Active,False
T08140,C08712,P06113,37569885.84,22829854.87,USD,2021-11-04,Active,False
T08141,C04818,P00273,27329851.31,15894412.25,EUR,2024-01-19,Active,True
T08142,C01608,P05325,17962646.35,2105303.17,USD,2023-12-29,Closed,False
T08143,C09864,P07724,47186638.77,22719699.35,USD,2020-04-17,Active,False
T08144,C09256,P01880,40432350.59,6838666.85,EUR,2021-02-28,Closed,False
T08145,C01914,P05145,20728759.24,9044663.06,NOK,2022-01-20,Active,True
T08146,C07708,P09131,40096599.79,18234190.49,USD,2025-02-23,Default,True
T08147,C04432,P06437,38075511.52,5132091.58,EUR,2023-09-08,Closed,False
T08148,C00218,P03002,6646598.04,23757001.96,EUR,2022-07-28,Default,True
T08149,C06930,P05429,3618115.48,15561478.63,EUR,2025-02-14,Default,True
T08150,C03942,P00856,1660565.47,1465407.88,NOK,2021-09-07,Closed,True
T08151,C03584,P09009,28958081.26,12286069.83,USD,2025-03-15,Active,False
T08152,C00701,P01856,29905911.53,22850013.16,NOK,2022-04-12,Closed,False
T08153,C08209,P02137,33601004.17,22168552.02,USD,2024-09-15,Active,False
T08154,C06302,P04082,22806385.24,16881446.31,EUR,2020-07-28,Active,True
T08155,C00339,P07816,24396154.1,20458790.1,USD,2025-03-25,Active,False
T08156,C05607,P08877,34305449.24,14810510.33,NOK,2021-10-14,Closed,False
T08157,C00551,P09741,29692962.34,7164654.24,EUR,2020-12-31,Closed,False
T08158,C00693,P00606,32022303.05,3079247.16,NOK,2020-11-06,Default,True
T08159,C03250,P09729,24811622.52,8713645.76,EUR,2023-10-29,Active,False
T08160,C02231,P00034,46611523.89,20298231.8,EUR,2021-12-13,Active,True
T08161,C02814,P09532,37621111.81,9513697.73,EUR,2020-12-27,Active,True
T08162,C05059,P08512,26621575.17,10895895.02,EUR,2023-08-25,Closed,False
T08163,C02202,P08905,32140558.16,8930788.27,EUR,2022-01-09,Default,False
T08164,C05227,P01436,34025980.71,8463552.31,NOK,2024-12-31,Active,True
T08165,C09981,P05983,24914991.0,1882079.95,NOK,2024-12-18,Closed,False
T08166,C05093,P07857,35428496.86,850444.12,NOK,2024-05-12,Closed,False
T08167,C00732,P06012,20444642.59,11728050.58,USD,2025-06-29,Active,False
T08168,C06210,P07678,47259246.37,12021936.35,EUR,2024-01-23,Closed,False
T08169,C03315,P03990,43437877.56,17469607.81,NOK,2021-08-07,Active,False
T08170,C02898,P07417,10199128.43,12095623.91,EUR,2022-01-14,Closed,False
T08171,C01589,P00950,43606716.17,12357285.46,USD,2021-12-14,Active,False
T08172,C00965,P01203,11184505.15,4902326.79,EUR,2022-04-24,Active,False
T08173,C04160,P09354,49157904.05,8733401.1,EUR,2023-03-27,Active,True
T08174,C04624,P04763,39030259.15,12160529.72,EUR,2025-10-11,Default,True
T08175,C00134,P00527,5303397.87,1353874.68,NOK,2021-12-19,Active,True
T08176,C00986,P09963,6250108.61,16478809.33,EUR,2022-11-15,Closed,False
T08177,C07457,P06927,36399256.32,9231490.82,USD,2020-08-02,Active,False
T08178,C00638,P01097,9115458.73,8502044.53,EUR,2025-06-29,Default,True
T08179,C00615,P00491,3399334.41,20384908.37,EUR,2020-06-06,Active,True
T08180,C00616,P01340,24964578.18,15029444.03,NOK,2020-02-24,Default,True
T08181,C09560,P05781,1302173.81,20964691.56,NOK,2022-12-04,Active,True
T08182,C07605,P06317,48296158.57,15482401.23,USD,2022-07-07,Closed,True
T08183,C07063,P06995,11161175.54,22641553.04,EUR,2021-07-20,Closed,True
T08184,C02305,P02110,18555400.79,19389585.64,EUR,2023-10-09,Closed,False
T08185,C09476,P01207,10665640.9,21217536.76,USD,2022-06-02,Active,False
T08186,C07802,P04376,5604100.81,2329022.05,USD,2023-12-09,Closed,False
T08187,C00521,P02173,31095917.8,13089297.57,USD,2020-10-04,Default,True
T08188,C08149,P02585,48423755.49,12404845.01,NOK,2021-08-05,Closed,True
T08189,C05147,P02144,13393821.63,8808241.79,EUR,2024-08-06,Active,False
T08190,C00715,P02546,19203332.44,3282965.58,EUR,2024-03-19,Default,False
T08191,C09252,P08275,47541979.44,10742297.65,USD,2021-08-16,Default,False
T08192,C03138,P02397,41110139.88,10166639.5,NOK,2022-04-09,Active,True
T08193,C08461,P02973,19313519.51,3608215.89,USD,2025-04-03,Default,True
T08194,C07148,P05429,19604282.47,6131873.65,NOK,2022-01-14,Active,True
T08195,C05903,P04462,38860106.43,15017737.17,USD,2023-12-22,Closed,False
T08196,C05528,P07225,1021224.21,5990986.73,USD,2025-08-09,Active,True
T08197,C00826,P01764,5100774.5,13180169.34,NOK,2024-06-07,Default,False
T08198,C04536,P04640,32989738.24,2519032.34,EUR,2020-12-24,Active,False
T08199,C00267,P01312,21147439.03,3007868.33,EUR,2020-04-28,Active,False
T08200,C07452,P07936,19060472.82,5414905.42,NOK,2021-04-21,Active,False
T08201,C06197,P09146,48699933.19,21579923.37,EUR,2025-02-05,Active,True
T08202,C04580,P03663,15376895.95,18500248.78,NOK,2021-03-22,Closed,False
T08203,C02247,P01835,24379797.24,6219671.0,USD,2024-04-16,Default,False
T08204,C05344,P08612,8262726.04,1590444.2,EUR,2020-08-14,Closed,True
T08205,C01910,P09226,9083556.93,904808.99,NOK,2021-11-10,Default,False
T08206,C08895,P05507,1951692.43,7711117.42,EUR,2024-09-02,Closed,True
T08207,C02920,P06248,13617959.14,24336293.94,USD,2021-07-04,Closed,False
T08208,C06694,P04626,29861311.9,7514382.99,USD,2020-08-25,Closed,False
T08209,C06953,P08189,33379509.85,19095771.92,EUR,2022-04-30,Default,True
T08210,C04433,P04062,22190858.03,18942806.98,USD,2020-01-28,Active,True
T08211,C01386,P03913,42445062.93,24019628.61,EUR,2025-02-24,Closed,False
T08212,C04368,P00029,4667245.31,6170075.53,NOK,2020-09-26,Closed,False
T08213,C01931,P02535,20377747.84,21199869.4,USD,2022-03-23,Closed,True
T08214,C05301,P02391,47974583.17,1855548.83,NOK,2023-02-17,Active,False
T08215,C04801,P06711,27114957.51,4889466.93,USD,2024-03-01,Default,True
T08216,C07864,P03310,7972603.37,7357951.06,NOK,2023-08-31,Default,True
T08217,C01167,P00635,49228093.65,23941760.29,NOK,2021-06-03,Active,True
T08218,C01763,P03103,23479845.59,4116867.29,EUR,2021-01-13,Closed,True
T08219,C08588,P02476,31302233.56,11082663.62,EUR,2022-09-17,Active,False
T08220,C05872,P02197,39691636.22,15413526.78,USD,2025-09-07,Active,False
T08221,C06755,P02027,5187991.14,14233398.5,EUR,2024-05-12,Active,True
T08222,C09167,P00867,8921035.92,872865.25,USD,2023-05-22,Active,True
T08223,C03944,P07046,8778895.13,6061313.41,NOK,2025-03-30,Active,True
T08224,C03333,P05087,23154792.99,6467660.05,USD,2022-10-27,Default,False
T08225,C04154,P08132,30814825.91,18601818.14,NOK,2021-01-02,Closed,False
T08226,C09929,P04572,5892317.5,19849204.99,NOK,2024-06-05,Closed,False
T08227,C05920,P06580,3436108.64,17461673.54,USD,2023-09-26,Closed,True
T08228,C03925,P06454,44511322.43,22393921.46,NOK,2021-02-14,Closed,True
T08229,C04066,P08486,32102831.55,8377802.93,EUR,2025-01-16,Active,True
T08230,C04435,P04359,24064627.71,10005213.36,USD,2025-05-07,Default,True
T08231,C02272,P03319,47473734.04,15355178.22,USD,2020-09-12,Active,True
T08232,C06479,P06683,47772988.93,14194620.06,EUR,2021-08-04,Active,True
T08233,C03222,P08818,21349078.44,16762378.73,USD,2020-08-05,Closed,True
T08234,C02288,P09377,40219089.88,3134678.37,EUR,2023-08-28,Default,True
T08235,C01877,P09601,48007830.77,6208790.04,USD,2024-11-28,Default,False
T08236,C00859,P02140,40475480.19,8049464.13,USD,2024-08-29,Closed,False
T08237,C01041,P01183,20933476.9,7375343.29,NOK,2020-03-17,Default,False
T08238,C03910,P03267,28510191.22,8025615.13,NOK,2021-05-24,Active,True
T08239,C06861,P02580,21613599.36,12682325.34,EUR,2021-07-12,Closed,True
T08240,C05727,P04955,36805458.54,21735972.57,NOK,2022-12-23,Default,False
T08241,C03274,P01196,16015115.35,7746581.75,USD,2020-05-15,Closed,True
T08242,C09365,P06179,29058760.87,16270908.75,EUR,2024-01-30,Default,True
T08243,C03743,P05152,14330865.67,10382453.73,NOK,2023-01-09,Default,True
T08244,C04166,P03542,32789257.14,23120018.62,NOK,2024-01-08,Closed,True
T08245,C04566,P05907,17186799.92,20480684.37,NOK,2020-02-14,Closed,True
T08246,C05966,P06528,16359530.96,24116639.14,EUR,2024-01-30,Closed,False
T08247,C00928,P02492,49849397.31,2934045.79,USD,2022-01-12,Active,False
T08248,C04753,P05030,30155856.43,18045813.55,USD,2022-04-01,Active,True
T08249,C03518,P04843,13018725.9,13789095.28,USD,2022-03-27,Active,False
T08250,C00460,P06751,34444691.0,7686591.91,USD,2022-01-14,Default,True
T08251,C01325,P09994,44719884.75,4793851.12,USD,2020-02-06,Default,True
T08252,C08803,P02621,25880642.83,6018774.14,NOK,2025-06-30,Default,False
T08253,C06108,P09431,7694880.12,8694132.84,NOK,2025-01-23,Default,True
T08254,C01808,P07874,44996518.79,8842453.49,USD,2022-04-14,Closed,False
T08255,C02361,P07786,9492081.15,11317049.97,EUR,2025-07-04,Closed,False
T08256,C05311,P03764,38317903.04,14022780.43,NOK,2020-12-10,Closed,False
T08257,C09123,P09372,10510843.85,14064461.99,USD,2021-07-04,Active,True
T08258,C01169,P01205,24948678.98,12458140.94,NOK,2021-05-12,Default,True
T08259,C01335,P03270,11829853.58,22017281.1,USD,2023-07-26,Closed,True
T08260,C06608,P06298,33987834.75,622054.79,USD,2023-07-27,Closed,False
T08261,C05627,P08626,8865671.14,2898913.45,EUR,2020-06-21,Closed,True
T08262,C01645,P02533,29361324.57,11844676.46,NOK,2025-02-23,Default,True
T08263,C03612,P01054,7000759.19,22942878.13,USD,2025-09-18,Default,True
T08264,C00967,P04766,6880204.0,20552288.23,NOK,2024-10-19,Closed,True
T08265,C01651,P02302,30916278.43,21698583.71,EUR,2024-07-17,Active,False
T08266,C04675,P07074,23546630.59,2848320.25,NOK,2025-08-27,Default,True
T08267,C03946,P02000,45151010.39,24008983.94,NOK,2023-11-14,Closed,True
T08268,C04454,P01956,2738381.25,13829191.46,NOK,2025-02-19,Default,False
T08269,C03263,P09340,20279744.19,8247329.73,EUR,2020-02-13,Closed,False
T08270,C00455,P00021,49011824.37,10889495.99,NOK,2023-12-17,Default,True
T08271,C03485,P08559,20211806.4,18307548.26,NOK,2024-03-02,Default,True
T08272,C08450,P06961,44700006.27,21710882.87,EUR,2021-08-08,Closed,False
T08273,C02551,P07262,45577605.25,13321467.05,USD,2023-09-02,Closed,True
T08274,C01982,P03981,40871274.6,20098837.75,USD,2024-08-30,Default,False
T08275,C07891,P07624,37623912.18,11683070.53,EUR,2021-12-23,Closed,True
T08276,C09944,P04432,44063231.88,24942540.52,NOK,2023-12-03,Active,False
T08277,C03957,P01696,8216561.56,9008598.12,EUR,2020-05-29,Default,False
T08278,C06021,P09049,1894256.5,4857611.77,NOK,2022-07-18,Active,True
T08279,C04720,P04531,26356152.22,13583804.49,EUR,2020-03-21,Active,True
T08280,C02928,P00762,15448346.55,19078199.1,NOK,2020-12-29,Active,True
T08281,C00991,P02604,36321431.7,9089892.4,NOK,2023-12-07,Default,False
T08282,C08429,P00862,43641849.49,15385566.26,USD,2025-09-07,Active,False
T08283,C07661,P06371,32558747.28,24351474.36,EUR,2020-08-18,Default,False
T08284,C06269,P06076,35113257.82,2486963.66,USD,2024-08-31,Closed,False
T08285,C03743,P03411,14151475.44,22273786.21,USD,2024-11-23,Default,False
T08286,C02830,P07366,25266910.62,1660380.41,USD,2020-06-06,Closed,True
T08287,C08155,P05292,42087412.09,4366172.46,USD,2024-03-07,Default,False
T08288,C02178,P06846,15060626.04,15405238.11,USD,2023-02-13,Default,False
T08289,C01169,P09046,27656707.11,24305872.55,EUR,2024-04-04,Active,True
T08290,C01312,P07102,9858362.82,18773915.47,EUR,2020-02-28,Active,True
T08291,C06522,P08964,17075587.93,1947393.2,EUR,2020-06-07,Active,False
T08292,C04773,P06025,7694856.43,16679429.64,NOK,2022-09-13,Closed,True
T08293,C09260,P00705,34672505.36,1615984.51,USD,2025-06-01,Active,True
T08294,C02253,P08979,45158084.11,2667130.26,NOK,2021-02-16,Default,True
T08295,C03958,P08920,35226027.67,16315056.03,USD,2021-10-09,Closed,True
T08296,C05938,P07926,35101700.31,17935886.1,NOK,2024-07-20,Default,True
T08297,C03176,P09079,45236730.37,11429268.73,USD,2020-05-27,Active,True
T08298,C08591,P07600,23051943.74,7119053.06,NOK,2025-06-16,Active,True
T08299,C07091,P00943,9722643.06,18786146.4,USD,2020-08-20,Active,False
T08300,C07594,P05798,7199865.36,3189507.34,EUR,2024-06-29,Closed,True
T08301,C05896,P05052,16757420.54,17646369.96,NOK,2023-06-28,Active,True
T08302,C02219,P00500,22844678.78,18446316.88,USD,2023-08-09,Default,True
T08303,C06077,P05063,25970779.84,22762914.67,EUR,2021-01-08,Active,False
T08304,C06941,P04852,29936994.65,22374169.01,NOK,2025-10-08,Active,True
T08305,C09940,P09468,40063849.69,17073138.45,NOK,2021-04-20,Closed,False
T08306,C04224,P02261,41915166.09,2911625.51,EUR,2024-05-28,Closed,False
T08307,C02484,P08079,31834360.15,22849935.14,NOK,2024-02-10,Default,False
T08308,C03752,P03748,47731063.3,14992353.86,NOK,2022-01-07,Active,False
T08309,C00626,P02511,9955379.52,21926987.78,USD,2024-04-21,Active,False
T08310,C02187,P01279,47795993.45,20026709.6,NOK,2020-04-03,Default,True
T08311,C08587,P06898,16319287.29,15840136.1,EUR,2023-03-22,Closed,False
T08312,C05596,P05933,24661256.94,14330887.4,NOK,2020-03-27,Default,True
T08313,C06558,P08289,37666783.91,19024007.34,NOK,2023-07-05,Active,False
T08314,C07400,P04494,5644730.79,4178592.11,EUR,2020-12-11,Active,True
T08315,C07203,P09073,49151027.71,520378.93,EUR,2023-05-12,Active,True
T08316,C04452,P07647,34335683.69,11205483.65,USD,2025-03-25,Default,False
T08317,C01510,P07929,41979416.23,21568522.32,EUR,2025-07-11,Default,True
T08318,C07030,P08250,25507105.04,16915943.45,USD,2021-06-07,Default,False
T08319,C03485,P01331,41289976.7,8241616.73,EUR,2025-07-07,Closed,False
T08320,C04319,P08742,2511601.62,6488854.41,EUR,2023-06-16,Closed,False
T08321,C03272,P05801,22107190.22,5094657.57,NOK,2021-08-30,Active,True
T08322,C05589,P04651,15431727.57,22403607.63,USD,2021-03-07,Active,True
T08323,C02281,P06065,29878368.38,6712656.64,EUR,2025-05-21,Default,True
T08324,C03997,P00097,23703731.8,20210230.86,NOK,2022-05-18,Active,False
T08325,C07972,P03160,16121940.56,18700034.43,EUR,2025-06-14,Closed,False
T08326,C02643,P04714,35500970.24,8247349.42,USD,2020-12-02,Default,False
T08327,C08044,P06319,28311762.44,13938656.46,USD,2023-06-08,Default,False
T08328,C07311,P00157,44879916.77,22523291.89,EUR,2020-10-20,Closed,True
T08329,C01320,P06632,7882667.4,3521250.83,NOK,2021-02-03,Closed,False
T08330,C06719,P07799,17523972.37,17633235.25,NOK,2023-01-02,Closed,False
T08331,C07869,P00785,46538138.45,13109169.64,EUR,2023-02-13,Default,True
T08332,C07524,P00895,2377237.9,19160527.79,USD,2022-12-19,Default,True
T08333,C01208,P07361,26033711.3,21255826.1,NOK,2024-10-08,Default,False
T08334,C04132,P05906,48876843.43,10255249.48,USD,2024-01-30,Default,True
T08335,C04376,P00029,29766915.99,22720874.66,EUR,2020-01-04,Active,True
T08336,C06261,P06032,47806123.22,18044177.96,USD,2021-03-22,Default,False
T08337,C02784,P00818,41645785.91,4843067.4,NOK,2022-07-19,Active,True
T08338,C06427,P01849,23058836.69,2670485.86,USD,2020-11-22,Default,False
T08339,C04098,P03431,24383623.58,10601792.05,EUR,2022-02-02,Default,False
T08340,C02420,P02895,49995151.36,8115186.24,EUR,2025-08-08,Closed,True
T08341,C05889,P00709,15476660.51,21838865.82,EUR,2021-09-25,Closed,True
T08342,C05443,P02079,16017905.03,21646440.47,EUR,2022-07-10,Closed,False
T08343,C09280,P08405,43503359.16,1438170.79,EUR,2022-10-21,Closed,True
T08344,C00909,P08199,1814401.14,20195644.21,EUR,2020-12-20,Closed,True
T08345,C05543,P00304,10890515.43,2276107.29,EUR,2021-05-21,Active,True
T08346,C09417,P09390,21516020.97,17262527.24,EUR,2020-02-19,Default,True
T08347,C04231,P09423,28968077.24,24048995.31,EUR,2022-03-23,Active,True
T08348,C06670,P03944,13897126.67,20465215.72,USD,2023-11-11,Default,False
T08349,C02843,P08073,37343965.63,2509459.61,EUR,2024-09-20,Closed,True
T08350,C03774,P05619,45240234.95,9604365.35,NOK,2022-04-07,Active,True
T08351,C00176,P01818,15779462.6,8848153.66,NOK,2025-10-04,Default,True
T08352,C02043,P00161,37989809.02,19085011.58,USD,2024-09-15,Closed,True
T08353,C07830,P08253,46291577.42,24410631.24,EUR,2023-07-03,Active,True
T08354,C04982,P03655,29862070.04,4254514.1,USD,2020-07-03,Default,True
T08355,C02947,P03735,23184574.04,17647061.57,USD,2021-04-17,Closed,True
T08356,C01814,P03035,42458375.65,6736550.58,USD,2024-02-01,Active,False
T08357,C01092,P05762,26440565.28,15792079.94,USD,2023-03-18,Closed,True
T08358,C00167,P08979,6401577.06,5239625.87,NOK,2025-03-31,Active,True
T08359,C07246,P08747,22312634.9,22038080.58,NOK,2025-09-09,Closed,True
T08360,C00941,P07212,32542578.18,11052340.66,NOK,2023-12-27,Active,True
T08361,C04020,P02030,41705076.26,20090727.24,EUR,2020-03-12,Default,True
T08362,C01916,P00551,9339224.17,16428464.74,NOK,2020-12-28,Active,False
T08363,C07129,P07604,38626827.58,12697303.55,USD,2024-03-08,Active,True
T08364,C09962,P01802,25237074.35,10091578.75,EUR,2023-08-28,Active,False
T08365,C02483,P06808,11594206.96,6307203.82,USD,2020-09-23,Active,True
T08366,C06160,P01469,17196449.91,22592372.42,NOK,2025-04-27,Default,True
T08367,C08666,P05452,41093502.57,11782934.58,USD,2025-06-19,Active,True
T08368,C06018,P03304,23359837.07,7475399.98,USD,2022-05-02,Default,True
T08369,C04178,P04369,9886855.54,21383322.06,EUR,2024-02-29,Closed,False
T08370,C06956,P03398,27928938.44,11910623.08,USD,2025-03-14,Default,False
T08371,C07263,P01807,13507331.44,10886926.52,NOK,2023-01-19,Closed,False
T08372,C07714,P05641,35993250.43,17026529.86,NOK,2021-07-02,Default,True
T08373,C03311,P08230,20181038.5,11236498.11,USD,2021-04-26,Active,True
T08374,C00526,P00153,22860177.35,20165725.84,EUR,2024-10-04,Closed,True
T08375,C08625,P00475,21108277.7,6382073.07,USD,2024-05-16,Default,False
T08376,C04080,P04500,6040170.81,7911215.51,NOK,2024-11-22,Default,False
T08377,C05083,P07780,15602990.07,22794808.94,EUR,2021-12-01,Active,False
T08378,C08945,P03104,21429645.27,5886851.69,EUR,2023-09-10,Closed,False
T08379,C09768,P09440,16846558.09,4534416.08,USD,2024-01-03,Active,True
T08380,C00205,P07935,2369835.14,20528616.74,NOK,2022-10-13,Closed,False
T08381,C03012,P08863,44341459.67,23996599.65,USD,2022-07-24,Closed,True
T08382,C06736,P04297,31662070.4,1103201.61,NOK,2025-04-14,Active,False
T08383,C04460,P04765,37556513.03,12022838.51,NOK,2024-09-29,Default,True
T08384,C07170,P03701,21444247.96,20396365.08,USD,2024-10-02,Active,False
T08385,C00012,P04563,11236650.07,18913316.85,USD,2024-11-26,Active,False
T08386,C03915,P00930,44458732.94,21033088.3,USD,2022-03-23,Closed,True
T08387,C05666,P03895,27931548.53,17409180.58,USD,2021-03-27,Closed,True
T08388,C07511,P01524,19255626.15,9537482.69,USD,2022-12-07,Closed,False
T08389,C03350,P02620,14525021.15,15644645.13,USD,2020-10-20,Default,False
T08390,C04900,P03749,37930310.59,3811252.93,NOK,2021-10-28,Closed,False
T08391,C08414,P01568,7133265.32,16467752.06,EUR,2020-02-04,Default,True
T08392,C03661,P08796,27471731.1,22996496.65,NOK,2021-08-22,Active,True
T08393,C03641,P07520,34098553.55,6346956.29,EUR,2020-08-27,Default,False
T08394,C07167,P08664,46954097.94,21968378.7,NOK,2020-03-16,Active,True
T08395,C01284,P02988,22312500.1,2835779.93,EUR,2025-10-16,Default,True
T08396,C00118,P00524,33407809.53,4472229.66,USD,2020-08-08,Default,True
T08397,C00611,P04935,12663345.02,15442339.05,EUR,2024-05-18,Active,False
T08398,C09790,P08045,14540521.81,16493156.02,USD,2025-04-29,Active,True
T08399,C00414,P03551,23612055.39,9182405.29,EUR,2024-09-21,Active,True
T08400,C01789,P05696,11482635.19,16764867.98,USD,2022-08-06,Active,True
T08401,C05112,P01211,40683404.08,19385193.09,EUR,2023-07-12,Closed,False
T08402,C07842,P04036,14573059.45,5556662.12,USD,2023-01-26,Default,False
T08403,C02453,P09863,35729695.99,10841082.58,NOK,2021-01-09,Active,True
T08404,C08169,P06683,47475668.91,14520178.67,USD,2023-07-26,Active,True
T08405,C05373,P07384,18299718.78,5764667.35,EUR,2024-01-29,Closed,True
T08406,C01718,P09219,19864342.64,4672654.0,EUR,2024-09-03,Active,True
T08407,C06008,P08569,6916325.96,21016616.83,USD,2022-12-01,Default,False
T08408,C04441,P01921,15572337.16,1822746.73,USD,2023-01-17,Active,False
T08409,C04994,P08979,34873497.59,2701055.27,NOK,2021-08-10,Active,True
T08410,C04835,P03019,41906212.85,13573383.77,NOK,2023-05-29,Active,True
T08411,C00300,P01279,32151310.28,21562893.53,EUR,2024-09-09,Closed,True
T08412,C03632,P03627,6933805.54,2710041.68,USD,2025-04-11,Default,True
T08413,C00040,P00290,48034179.15,5001674.65,USD,2023-06-05,Default,True
T08414,C01705,P02814,14531284.05,7871436.96,NOK,2024-02-07,Closed,True
T08415,C01724,P02927,47921797.77,668450.19,EUR,2020-02-04,Closed,False
T08416,C07382,P07538,43650800.93,3699423.86,NOK,2024-05-19,Default,False
T08417,C08578,P00960,36987737.46,1355558.5,EUR,2023-01-12,Active,False
T08418,C05286,P00732,40089564.31,1000375.43,USD,2021-08-14,Closed,True
T08419,C04783,P03500,36349165.67,3973438.48,USD,2025-03-21,Closed,False
T08420,C03490,P00946,14396797.72,6704549.36,EUR,2023-11-14,Default,False
T08421,C00223,P06966,27387154.68,23475166.03,EUR,2022-04-18,Active,False
T08422,C00844,P09495,5549938.85,2824049.61,NOK,2020-06-20,Closed,True
T08423,C09857,P04260,15428627.54,6697826.97,NOK,2024-04-09,Default,False
T08424,C05462,P03976,41683240.64,10279971.83,EUR,2022-09-01,Active,True
T08425,C00598,P06156,34668732.34,16598711.3,EUR,2020-06-29,Active,True
T08426,C01757,P07500,42851397.12,5164834.33,USD,2020-09-12,Active,True
T08427,C04141,P05338,6090664.93,15836078.59,NOK,2023-10-04,Active,False
T08428,C05451,P06471,9077820.98,22889270.22,NOK,2022-10-11,Active,True
T08429,C03854,P00793,15255385.31,11415495.51,USD,2020-02-17,Closed,True
T08430,C09107,P02859,13279737.44,12791909.98,EUR,2023-08-10,Default,True
T08431,C00415,P05282,15107911.43,21864768.02,NOK,2020-02-16,Active,True
T08432,C03499,P08193,21767506.89,15440883.82,EUR,2022-05-03,Closed,True
T08433,C07239,P00239,2471038.7,17023949.83,NOK,2024-01-21,Closed,False
T08434,C08859,P01164,21308092.34,1541600.54,EUR,2024-11-17,Closed,True
T08435,C01616,P00732,9202650.82,19109734.87,NOK,2023-01-10,Closed,False
T08436,C03421,P04551,40381091.12,24393128.96,USD,2024-07-16,Active,True
T08437,C01235,P01282,32446027.02,4755910.99,USD,2023-11-18,Closed,False
T08438,C06536,P02325,14104408.14,20412421.9,NOK,2025-01-02,Default,False
T08439,C05423,P09696,21391972.84,4702186.09,NOK,2020-09-21,Closed,False
T08440,C05665,P09382,41758486.87,11460869.83,USD,2024-08-26,Active,False
T08441,C02409,P04374,3108122.96,1135743.55,EUR,2021-02-22,Active,False
T08442,C02623,P05581,40750206.54,2546814.07,USD,2022-08-14,Closed,False
T08443,C00107,P03364,10226461.83,1247414.83,NOK,2022-02-21,Active,True
T08444,C03421,P02438,46271903.64,4545656.97,USD,2025-03-20,Closed,True
T08445,C09641,P08668,30905476.08,1680783.39,USD,2021-03-17,Closed,False
T08446,C02004,P04052,24439359.08,11411743.93,NOK,2022-09-26,Closed,False
T08447,C06716,P04309,3343788.22,23904742.67,EUR,2022-01-29,Default,False
T08448,C08887,P09338,25786735.99,7219089.07,USD,2021-01-31,Active,False
T08449,C03929,P07848,23035730.18,23005577.53,EUR,2021-07-08,Active,True
T08450,C08203,P09873,15570034.71,11599024.77,EUR,2024-10-06,Closed,False
T08451,C02540,P09591,11565023.73,1932999.03,USD,2024-04-08,Active,True
T08452,C06107,P09887,7984406.86,2084477.3,EUR,2020-09-22,Closed,True
T08453,C08805,P04287,44615450.15,17085612.67,USD,2024-10-27,Default,False
T08454,C06305,P05568,27366766.05,2166629.83,EUR,2025-05-10,Closed,False
T08455,C02180,P07611,23778755.85,9517692.47,USD,2023-07-17,Default,False
T08456,C06357,P05296,23896591.22,9647147.55,EUR,2021-09-09,Default,True
T08457,C05606,P03066,28022820.76,10360217.35,EUR,2020-12-06,Default,True
T08458,C06018,P06963,44107273.52,4488764.67,NOK,2025-09-11,Active,False
T08459,C08720,P04667,40303711.35,11524405.53,USD,2024-03-24,Default,False
T08460,C01484,P07035,36788909.47,24928253.74,EUR,2025-03-13,Closed,False
T08461,C01120,P02224,49060610.61,15720426.4,USD,2021-11-29,Closed,True
T08462,C06706,P04258,35299322.0,14808047.1,EUR,2020-02-25,Active,False
T08463,C00882,P00263,27060739.32,17179078.95,EUR,2023-02-04,Closed,False
T08464,C06219,P07103,38550832.66,21123870.63,USD,2020-12-03,Active,True
T08465,C00242,P00115,10912280.25,21975906.72,NOK,2022-01-15,Closed,False
T08466,C05833,P03922,44352388.51,3612733.56,USD,2021-02-19,Default,False
T08467,C03659,P05381,47929950.75,9863234.75,EUR,2022-05-26,Active,True
T08468,C08272,P06781,5353759.4,1636714.3,EUR,2024-10-07,Default,True
T08469,C02445,P05497,44213038.45,10128251.95,USD,2024-07-13,Default,False
T08470,C08680,P06215,2799239.05,23553731.32,EUR,2020-08-09,Default,False
T08471,C00828,P09552,48880888.43,10552449.18,EUR,2020-10-18,Active,True
T08472,C08899,P09334,43495686.93,22000047.71,USD,2020-01-22,Default,False
T08473,C06903,P00605,15475930.8,24735382.03,USD,2025-10-23,Closed,False
T08474,C05435,P08277,13511604.78,3243051.58,NOK,2022-08-13,Active,True
T08475,C03305,P07316,24598364.54,3306078.55,NOK,2021-06-03,Default,False
T08476,C05646,P07560,48426255.98,22359984.45,NOK,2022-09-28,Default,False
T08477,C02492,P00806,12840527.55,4545196.37,USD,2024-08-05,Closed,True
T08478,C03653,P07902,14355359.7,19166672.82,NOK,2020-11-04,Default,True
T08479,C03400,P04364,1734647.92,3672628.5,NOK,2023-03-20,Default,False
T08480,C07964,P01361,31305569.89,21838524.44,USD,2024-06-04,Active,False
T08481,C09030,P00587,20744805.27,7535143.82,USD,2022-08-08,Active,False
T08482,C03948,P07261,17827695.37,22098567.4,USD,2023-06-06,Closed,True
T08483,C06373,P02012,45190676.83,15626459.35,NOK,2022-03-30,Default,False
T08484,C06071,P03956,2791437.97,12265973.89,NOK,2020-03-22,Closed,False
T08485,C05990,P03400,14936555.97,19510210.81,EUR,2020-03-07,Default,False
T08486,C06721,P00044,25414267.09,16784118.93,USD,2020-12-26,Default,False
T08487,C05943,P03162,27776394.28,6538544.76,NOK,2020-06-29,Active,True
T08488,C04822,P06229,17688754.61,6048206.38,NOK,2021-07-13,Active,False
T08489,C00911,P00847,16928125.62,20606710.62,USD,2024-03-16,Active,False
T08490,C08611,P03245,44611984.53,17016943.01,USD,2023-12-27,Active,False
T08491,C01761,P07625,26159385.69,3125883.93,USD,2020-10-10,Active,True
T08492,C05031,P07244,32878108.85,10745559.02,USD,2024-04-10,Closed,False
T08493,C04723,P01855,20315065.79,15551000.35,USD,2020-07-24,Closed,True
T08494,C01824,P03457,6034840.27,16780770.02,USD,2021-09-16,Default,False
T08495,C09582,P00688,29797776.76,13066932.16,USD,2021-06-21,Closed,True
T08496,C00895,P08301,6809102.6,18565169.34,NOK,2020-04-15,Default,True
T08497,C02954,P02109,2368944.26,1656272.56,NOK,2020-10-19,Closed,True
T08498,C03091,P06332,9077199.2,1014318.53,NOK,2025-04-16,Default,False
T08499,C09252,P08910,23193208.14,6693093.38,EUR,2023-09-03,Closed,False
T08500,C04584,P02650,17004090.67,8972623.55,NOK,2022-11-28,Closed,False
T08501,C09879,P06242,2268256.33,12635153.23,USD,2023-03-06,Default,False
T08502,C03600,P04382,31636775.08,23692656.56,USD,2023-07-30,Active,False
T08503,C04942,P02260,26119672.07,9949873.72,EUR,2023-07-15,Active,True
T08504,C06306,P07524,34772650.76,7746382.28,USD,2025-05-20,Active,True
T08505,C02944,P03800,26863631.83,11041409.61,USD,2024-05-04,Closed,False
T08506,C06609,P00487,43739052.02,17122584.37,USD,2024-01-16,Active,False
T08507,C04528,P03335,47025547.79,10954067.88,EUR,2020-12-28,Default,True
T08508,C03173,P04202,43485972.58,1306114.39,USD,2020-12-04,Active,True
T08509,C02407,P06360,47657052.88,1743061.39,EUR,2022-11-19,Default,True
T08510,C04553,P02526,33983681.18,9015052.61,USD,2021-12-20,Active,True
T08511,C05111,P04254,23130966.11,3265458.46,EUR,2025-09-08,Active,False
T08512,C00852,P08058,31655880.39,8985808.55,USD,2022-07-07,Closed,False
T08513,C05008,P09754,24038578.21,3131991.64,EUR,2025-04-22,Closed,False
T08514,C05242,P09096,3757161.25,16492184.45,USD,2024-02-09,Active,True
T08515,C03278,P02311,44328072.09,4000592.18,USD,2021-10-02,Active,False
T08516,C06039,P02179,31609039.37,21640231.72,NOK,2025-01-23,Default,False
T08517,C02391,P03925,20177249.22,20049753.96,USD,2021-05-18,Closed,True
T08518,C02078,P01992,19900737.18,19904381.04,NOK,2021-09-30,Active,True
T08519,C06227,P09078,32097179.61,4400699.49,NOK,2024-10-31,Default,True
T08520,C01502,P02096,21477472.36,22153312.47,EUR,2021-07-14,Default,True
T08521,C07235,P09195,30375728.01,14130731.12,EUR,2022-05-02,Active,False
T08522,C01244,P09358,34514940.25,16015137.47,EUR,2024-12-07,Active,False
T08523,C00525,P03626,49386921.22,3765411.31,USD,2020-08-10,Closed,False
T08524,C05905,P05689,35395251.76,24685720.43,USD,2023-08-27,Active,True
T08525,C04818,P01043,32342730.99,20473777.47,EUR,2022-06-14,Default,False
T08526,C02281,P01479,19204586.08,23059866.28,EUR,2025-04-06,Default,False
T08527,C06893,P05933,29926510.43,11733826.14,EUR,2020-07-10,Active,True
T08528,C09648,P05894,32667216.66,18527969.98,EUR,2022-03-02,Default,False
T08529,C06603,P03459,10609598.27,9296667.01,NOK,2021-02-17,Default,False
T08530,C07708,P08875,10546567.03,8516015.16,EUR,2021-02-16,Active,True
T08531,C07183,P06048,38597588.07,15487448.21,USD,2022-10-07,Default,True
T08532,C03392,P02291,1807960.25,15319848.29,EUR,2022-03-11,Active,True
T08533,C07543,P04477,28919122.8,6419516.44,USD,2023-07-03,Closed,True
T08534,C06855,P07594,35070049.56,4812984.81,USD,2020-10-04,Closed,False
T08535,C04972,P09846,34628487.1,2396050.17,EUR,2020-10-16,Active,False
T08536,C02220,P04800,9114522.47,20072203.46,NOK,2024-11-06,Default,False
T08537,C02466,P05723,13635205.56,20684641.3,EUR,2023-06-22,Default,True
T08538,C02474,P01997,25905658.4,18213920.74,EUR,2024-05-21,Closed,False
T08539,C01147,P03718,30542705.38,14543701.0,USD,2023-05-18,Closed,False
T08540,C00152,P03084,46893687.94,13772241.9,NOK,2023-12-15,Default,False
T08541,C09969,P07730,5271592.86,5388466.45,NOK,2025-06-09,Closed,True
T08542,C02710,P07188,8162945.11,9855280.26,EUR,2022-02-28,Default,False
T08543,C09084,P05490,46890131.31,17919856.85,EUR,2020-08-07,Active,False
T08544,C04889,P03121,8704845.74,5349785.94,NOK,2022-09-07,Default,False
T08545,C09537,P09168,48293535.37,16984479.67,NOK,2025-07-06,Active,True
T08546,C08675,P08624,21769883.43,12235950.56,NOK,2022-06-28,Closed,False
T08547,C04088,P09229,10930820.24,21241954.07,USD,2025-08-02,Default,True
T08548,C04509,P07045,25171759.06,22663484.67,NOK,2024-12-29,Active,True
T08549,C08062,P00819,5939127.76,15287334.26,NOK,2024-04-29,Default,True
T08550,C09070,P08734,39652044.95,4684212.44,NOK,2021-07-15,Closed,False
T08551,C00894,P06497,45498717.29,20926361.08,NOK,2022-04-24,Active,True
T08552,C09516,P02859,15654114.57,16317868.22,NOK,2021-06-12,Default,True
T08553,C07708,P00025,10103637.67,17006713.11,EUR,2020-08-24,Default,True
T08554,C03536,P09502,43900639.54,5868083.9,USD,2025-08-12,Default,True
T08555,C04472,P08089,39250220.14,14190117.83,NOK,2023-07-19,Closed,False
T08556,C02198,P01251,9638582.4,11226245.28,USD,2023-03-01,Default,False
T08557,C02989,P09016,39467755.84,10682577.03,USD,2023-06-04,Default,False
T08558,C02219,P07853,38089303.45,5973760.27,NOK,2024-06-26,Active,True
T08559,C00258,P03830,10930122.95,3889320.46,NOK,2020-11-17,Closed,True
T08560,C03830,P09075,32007705.98,23312457.59,USD,2020-09-25,Active,True
T08561,C04795,P04950,28957000.02,15394815.38,NOK,2021-04-16,Default,True
T08562,C04245,P08608,18296231.42,6030089.34,EUR,2023-03-04,Default,True
T08563,C03448,P06953,36830576.93,7652144.4,EUR,2022-02-13,Active,True
T08564,C05733,P07153,8568411.92,15702001.34,USD,2024-09-06,Active,False
T08565,C00583,P09468,40969092.45,9701709.21,EUR,2022-04-18,Default,False
T08566,C02336,P09925,46165106.71,1997938.54,USD,2022-01-22,Closed,True
T08567,C01433,P02703,13100674.31,8105493.4,NOK,2025-08-03,Active,True
T08568,C08740,P05948,27568642.15,10004933.54,USD,2020-01-10,Active,True
T08569,C07245,P00181,48974463.35,10596996.81,EUR,2020-02-15,Default,True
T08570,C01532,P05503,24383686.97,3771096.85,NOK,2022-05-28,Closed,True
T08571,C02454,P07933,13001519.74,19534607.67,USD,2022-07-18,Active,True
T08572,C07368,P06555,29388158.96,11039554.46,USD,2024-12-01,Active,False
T08573,C03217,P00649,29906446.09,16107283.07,EUR,2021-08-29,Closed,False
T08574,C04276,P06722,14892120.89,24196222.07,EUR,2020-12-28,Active,False
T08575,C04149,P07165,21268182.86,17227341.08,EUR,2025-01-29,Default,True
T08576,C04657,P02476,33836072.45,5906771.02,USD,2021-11-14,Default,True
T08577,C09197,P08600,13676754.28,12779343.12,EUR,2023-07-04,Default,True
T08578,C00598,P03149,35278141.61,2896285.05,NOK,2021-09-16,Default,False
T08579,C09284,P09377,6574573.67,6505710.09,NOK,2024-02-17,Default,True
T08580,C08388,P05420,19850826.08,14908422.9,USD,2024-03-09,Active,False
T08581,C02479,P00076,14575298.12,17532769.79,NOK,2020-09-06,Active,False
T08582,C00939,P05727,13772318.16,22657547.58,USD,2024-08-03,Default,True
T08583,C09860,P00926,33387589.98,15355338.28,NOK,2024-04-18,Closed,False
T08584,C00351,P00901,22063795.46,4597504.05,EUR,2020-07-19,Closed,True
T08585,C03121,P07459,26873264.91,23455710.61,EUR,2022-11-14,Closed,False
T08586,C03022,P03423,34016243.8,2462101.89,USD,2024-08-01,Default,True
T08587,C02420,P06952,26706769.89,6516114.22,USD,2025-08-25,Active,False
T08588,C06493,P07170,12832104.35,21702383.91,USD,2024-11-25,Default,False
T08589,C02167,P09752,7900991.55,7097837.82,EUR,2021-07-31,Default,False
T08590,C05071,P09210,44493560.11,3267589.76,EUR,2022-10-27,Closed,False
T08591,C01663,P09643,29089722.55,20119185.8,NOK,2022-06-19,Closed,True
T08592,C00345,P07819,20896930.25,10935077.08,USD,2024-05-06,Closed,True
T08593,C00134,P08532,35201392.08,4141427.23,EUR,2020-05-30,Active,False
T08594,C06557,P07512,21700444.55,16168140.22,USD,2020-09-26,Default,True
T08595,C07373,P08983,19751695.86,22396688.02,NOK,2020-09-26,Default,True
T08596,C06114,P04184,22032442.94,12437382.81,USD,2024-05-18,Active,False
T08597,C06509,P02125,25893858.39,23611013.37,USD,2022-08-24,Closed,False
T08598,C01928,P07708,3917167.31,5220672.87,NOK,2022-10-01,Active,True
T08599,C07531,P03500,2814527.19,2019956.33,NOK,2020-11-08,Active,False
T08600,C01911,P01518,27802735.04,23940975.04,NOK,2024-08-05,Closed,False
T08601,C06359,P07695,38846109.92,11019423.03,NOK,2025-04-10,Closed,True
T08602,C08733,P03221,15038215.51,10046624.51,NOK,2022-07-15,Active,True
T08603,C06702,P02274,47572746.85,20509977.97,NOK,2024-02-14,Closed,False
T08604,C09489,P03523,7066766.29,16651726.35,USD,2023-03-08,Default,True
T08605,C08609,P07469,32709576.78,17725566.61,USD,2021-11-23,Default,False
T08606,C06604,P08820,35052910.53,5685041.53,EUR,2025-06-05,Closed,False
T08607,C01568,P00667,41527569.71,14560561.22,EUR,2025-01-27,Active,False
T08608,C01700,P01225,45321477.27,3557023.3,NOK,2020-10-22,Active,False
T08609,C06493,P00944,44364009.45,21510913.11,EUR,2023-01-19,Closed,True
T08610,C05792,P01643,2137893.61,19039612.73,EUR,2020-08-24,Closed,False
T08611,C02460,P03505,9264437.75,24504302.62,USD,2022-02-14,Closed,True
T08612,C03206,P03349,46363996.16,3320761.93,USD,2022-06-19,Active,True
T08613,C02193,P00020,14462500.92,15174739.63,EUR,2022-02-19,Default,False
T08614,C04696,P08388,16108519.84,13547846.22,USD,2021-10-11,Closed,True
T08615,C03173,P05639,27992048.58,8245653.12,EUR,2020-07-05,Closed,False
T08616,C06883,P08706,14061401.08,6172741.85,NOK,2021-01-20,Default,False
T08617,C06400,P08218,5379743.9,17921935.61,USD,2023-09-30,Active,False
T08618,C06316,P07442,40277371.99,19498090.79,USD,2024-09-26,Default,False
T08619,C07822,P09525,5917307.96,5600271.04,EUR,2023-08-26,Default,False
T08620,C09282,P08883,32273076.77,14148907.62,EUR,2020-06-22,Active,True
T08621,C00469,P05183,41511412.31,9935126.74,USD,2020-09-16,Default,True
T08622,C00346,P01064,46257892.33,8600707.02,NOK,2023-12-04,Default,True
T08623,C06141,P05895,45861339.6,16065408.39,EUR,2023-06-18,Closed,False
T08624,C08835,P06366,11267961.09,16622566.19,NOK,2021-01-05,Closed,False
T08625,C02441,P06739,43967461.08,15835992.47,USD,2022-03-16,Default,False
T08626,C04767,P04676,35359423.34,20028532.16,EUR,2025-04-30,Default,True
T08627,C05650,P04732,7306937.17,20289562.08,EUR,2024-09-05,Active,False
T08628,C08941,P09690,2049796.91,15088587.83,USD,2021-05-19,Active,False
T08629,C00116,P08620,47534855.12,23039960.81,NOK,2025-04-01,Active,True
T08630,C01334,P04562,34607877.56,5041474.97,NOK,2025-05-25,Active,True
T08631,C04320,P00913,33969184.34,10867760.09,USD,2020-01-30,Active,True
T08632,C01350,P05831,36569699.37,23555240.84,NOK,2020-01-13,Default,False
T08633,C05472,P08407,7334400.8,15831892.1,NOK,2024-10-07,Active,False
T08634,C04870,P04264,39327941.36,2761980.87,USD,2024-04-17,Active,True
T08635,C01128,P05195,30863955.39,14649139.38,EUR,2024-11-17,Default,True
T08636,C03471,P00245,46707757.91,5222629.42,USD,2021-10-22,Active,False
T08637,C07305,P09873,12110532.67,18357799.15,NOK,2020-09-01,Default,True
T08638,C00743,P02893,26499941.15,2721552.61,USD,2022-01-14,Active,False
T08639,C09337,P01376,11499535.66,24358215.34,USD,2024-02-11,Closed,False
T08640,C08469,P08242,1288219.58,21255617.0,NOK,2024-03-26,Default,True
T08641,C02832,P00872,25190116.52,6210771.32,USD,2024-07-25,Active,False
T08642,C10000,P07223,6600588.33,14731017.2,NOK,2024-11-07,Default,False
T08643,C09702,P05568,4280681.12,13042574.13,USD,2023-07-07,Active,False
T08644,C01349,P09354,14795310.07,6616487.71,NOK,2025-06-28,Active,True
T08645,C00769,P09836,3091786.5,11058760.73,USD,2020-03-19,Active,False
T08646,C05024,P08449,9744528.89,8092154.33,EUR,2021-01-30,Closed,True
T08647,C06146,P02319,27351019.02,23021915.02,EUR,2023-06-19,Default,True
T08648,C09936,P04358,30504643.72,20492206.93,USD,2023-08-15,Closed,True
T08649,C07411,P07453,43097096.7,14217299.5,EUR,2020-01-14,Active,True
T08650,C09187,P09567,36999424.64,23746931.87,EUR,2023-02-05,Default,True
T08651,C02910,P02030,10321706.55,18217284.71,EUR,2024-05-07,Active,True
T08652,C06459,P08499,15757490.09,20123870.48,USD,2024-10-06,Default,False
T08653,C04028,P04115,40207574.67,19805265.66,USD,2023-04-24,Active,True
T08654,C02125,P01135,20513895.74,15881531.96,USD,2022-03-04,Closed,True
T08655,C04735,P09719,40844999.79,24278163.91,EUR,2023-11-18,Default,False
T08656,C02530,P06902,1257745.72,20639166.56,EUR,2020-01-07,Default,True
T08657,C01485,P09183,43432907.95,679441.57,NOK,2025-07-17,Closed,True
T08658,C03004,P09364,42312662.33,2203193.73,EUR,2024-07-26,Default,False
T08659,C09777,P07770,36845393.41,14354391.64,NOK,2024-09-28,Default,True
T08660,C00159,P07513,1163802.51,15543674.49,NOK,2025-04-14,Default,True
T08661,C08996,P09950,33539272.94,14381913.61,NOK,2021-02-21,Default,True
T08662,C01190,P03166,9683137.28,6640540.33,USD,2021-03-31,Closed,True
T08663,C03334,P09291,48937335.67,1005334.3,EUR,2020-09-17,Default,False
T08664,C03138,P00708,24552053.88,10855452.68,NOK,2024-04-20,Closed,False
T08665,C09613,P00685,37461953.17,10933330.73,USD,2023-06-13,Active,True
T08666,C09959,P07228,14598240.66,12329262.36,EUR,2020-08-06,Default,False
T08667,C06351,P05919,47794352.68,23203865.32,USD,2025-08-17,Default,False
T08668,C01481,P02826,12741471.29,5137773.44,EUR,2024-05-31,Active,True
T08669,C02533,P09922,6695950.35,23617468.91,USD,2021-02-13,Closed,True
T08670,C03383,P01899,7774059.3,22343062.64,EUR,2024-03-21,Default,True
T08671,C01902,P03363,30738717.1,19158667.91,USD,2020-02-27,Closed,False
T08672,C08008,P03715,1867167.33,12372119.97,NOK,2025-10-08,Closed,True
T08673,C09385,P03405,44395513.65,24669268.95,NOK,2025-02-03,Active,False
T08674,C07601,P00367,40217985.52,13477544.61,NOK,2021-07-18,Active,False
T08675,C00563,P02973,14835628.47,6745703.25,EUR,2024-01-07,Default,False
T08676,C06950,P04746,5997045.95,2508996.3,EUR,2021-01-22,Closed,True
T08677,C06840,P05213,21889171.6,13546676.15,NOK,2020-06-03,Closed,True
T08678,C06712,P02513,46129818.45,24417365.3,NOK,2020-04-25,Default,False
T08679,C03495,P05972,14531066.23,1547482.11,USD,2024-02-25,Closed,False
T08680,C01341,P04950,1056105.07,4710585.83,EUR,2021-02-03,Default,True
T08681,C09704,P06012,20326623.56,21573238.19,EUR,2021-04-21,Closed,False
T08682,C08456,P07838,46969939.42,21819327.96,USD,2022-10-07,Default,False
T08683,C08385,P08346,28566180.43,22272153.1,USD,2024-07-04,Closed,True
T08684,C02586,P03104,49329105.9,18760197.0,NOK,2024-12-18,Active,False
T08685,C07213,P04775,10181511.19,4677551.85,NOK,2024-02-29,Active,False
T08686,C07389,P01541,49772499.65,22304190.15,EUR,2025-08-07,Closed,False
T08687,C03511,P06915,25788368.89,17009269.91,NOK,2020-12-24,Default,True
T08688,C04347,P03138,31014864.77,9041781.04,EUR,2020-12-25,Active,True
T08689,C00483,P01233,26917883.63,1717383.17,NOK,2025-02-15,Default,False
T08690,C03974,P07600,38041752.91,14677739.08,EUR,2020-11-27,Active,True
T08691,C07818,P00202,7784421.64,13970673.1,USD,2024-06-28,Closed,False
T08692,C07201,P09837,2019188.88,3364353.26,EUR,2025-07-25,Closed,False
T08693,C08753,P01697,17668908.79,24738332.46,NOK,2023-01-08,Closed,False
T08694,C07488,P08916,41556060.9,1027304.89,EUR,2022-04-02,Closed,True
T08695,C00510,P02844,16576233.96,7910610.24,EUR,2024-12-02,Active,True
T08696,C09433,P05034,1698001.17,23690700.06,NOK,2022-06-21,Active,True
T08697,C09954,P08021,46988966.57,20740842.78,USD,2023-03-08,Default,False
T08698,C04127,P01923,20755493.78,17820890.37,NOK,2023-01-20,Closed,True
T08699,C04485,P07003,5488749.03,5471006.82,EUR,2022-07-28,Default,False
T08700,C03991,P09661,44137246.44,23164878.72,USD,2023-02-17,Active,False
T08701,C07578,P06763,37575979.81,24592958.76,NOK,2025-04-19,Default,True
T08702,C08379,P01416,31282582.52,21775397.87,NOK,2021-06-19,Closed,False
T08703,C04379,P04120,33090171.69,6448799.72,NOK,2025-09-06,Active,True
T08704,C05523,P02305,25970592.27,8997645.22,EUR,2023-06-16,Active,False
T08705,C01291,P01480,26758886.4,5696745.78,USD,2024-02-04,Closed,True
T08706,C01980,P05438,32802702.39,5237525.66,USD,2023-08-27,Closed,True
T08707,C07135,P07774,15737505.63,10031743.0,EUR,2020-09-02,Default,True
T08708,C05943,P07598,38103545.16,13246531.38,EUR,2022-01-12,Default,False
T08709,C05744,P05919,10888330.32,16976383.84,USD,2022-05-23,Default,False
T08710,C00957,P06194,37201928.36,21655518.26,NOK,2021-06-14,Active,False
T08711,C07325,P08096,31022613.78,3411567.2,EUR,2022-12-05,Closed,False
T08712,C04226,P08643,33053590.5,4014948.22,EUR,2022-12-25,Closed,False
T08713,C06489,P02401,30278584.42,16490774.08,NOK,2023-08-29,Default,False
T08714,C05577,P09266,40230628.61,839687.37,NOK,2024-12-29,Default,False
T08715,C01732,P06215,33182534.79,5030538.02,USD,2021-12-19,Closed,True
T08716,C02123,P05908,3986469.63,1517829.83,USD,2021-09-27,Closed,False
T08717,C07639,P07538,7765099.63,13173840.53,EUR,2021-12-30,Active,True
T08718,C08270,P02931,39135524.92,9722275.26,NOK,2021-01-15,Default,True
T08719,C06056,P08409,7888661.57,1172500.84,USD,2022-12-06,Active,True
T08720,C01311,P02380,43409768.46,953658.81,NOK,2023-08-28,Default,False
T08721,C08077,P03032,29721617.71,5068486.98,NOK,2022-12-06,Default,False
T08722,C05851,P04471,20240826.25,23223304.81,NOK,2025-08-11,Default,False
T08723,C03827,P05356,37851864.09,23072727.3,NOK,2020-01-06,Active,False
T08724,C03078,P02506,34924442.31,13219346.64,EUR,2024-04-13,Default,False
T08725,C02172,P06009,25178396.95,15742840.28,NOK,2025-03-26,Default,True
T08726,C09726,P01953,6722410.53,15489529.98,NOK,2025-02-02,Default,False
T08727,C07601,P09320,17966701.38,13625778.83,NOK,2025-07-31,Closed,False
T08728,C06709,P06978,38812869.46,21613801.3,USD,2025-04-26,Closed,True
T08729,C06720,P01632,31059662.53,14798121.63,NOK,2024-12-09,Default,True
T08730,C09683,P09815,41671350.97,15944379.51,EUR,2020-11-11,Active,False
T08731,C03246,P03941,28792043.65,9520898.47,EUR,2020-03-18,Default,True
T08732,C06483,P01553,8215081.79,16657086.66,USD,2022-11-22,Active,True
T08733,C07115,P03721,31952782.1,3030078.31,NOK,2024-02-28,Default,False
T08734,C00978,P06329,8504755.09,16075468.12,NOK,2020-05-29,Active,False
T08735,C00057,P00527,49269816.41,20604513.91,EUR,2023-02-19,Closed,False
T08736,C06601,P09785,29430553.05,10488954.13,EUR,2024-10-23,Active,False
T08737,C06954,P02030,39600436.23,7718358.47,NOK,2022-07-20,Active,True
T08738,C00126,P02707,37333807.82,7907361.38,EUR,2023-12-18,Default,False
T08739,C09140,P01504,21019060.36,8328359.23,USD,2023-03-12,Closed,True
T08740,C07196,P03067,30139034.78,19267178.38,EUR,2025-06-11,Active,True
T08741,C09651,P00684,22203132.64,8761653.63,USD,2024-05-29,Default,False
T08742,C02225,P00288,42687523.84,3849593.72,USD,2022-03-31,Active,False
T08743,C05628,P03353,17871345.48,6902862.76,EUR,2024-09-06,Active,True
T08744,C04065,P04382,35408510.01,18760705.52,USD,2022-03-29,Default,False
T08745,C02511,P07433,16679405.49,3576892.3,EUR,2021-08-16,Closed,True
T08746,C04448,P08149,43325844.27,4532824.22,EUR,2021-01-31,Active,False
T08747,C07482,P05865,16320618.68,24065965.65,USD,2022-05-06,Active,False
T08748,C00565,P04522,7055816.16,23836695.38,NOK,2025-01-15,Active,False
T08749,C07373,P02400,25050945.11,24119525.34,USD,2022-03-31,Closed,True
T08750,C06183,P04705,43315867.15,24067701.18,NOK,2020-03-21,Active,False
T08751,C07771,P04689,28194922.3,3916293.46,NOK,2023-01-17,Closed,True
T08752,C08392,P04802,1360045.45,24547473.11,USD,2024-08-08,Default,False
T08753,C02546,P03437,14500395.53,21097561.3,EUR,2023-06-05,Default,True
T08754,C04259,P07312,12679112.41,13021996.37,EUR,2022-11-23,Closed,False
T08755,C04365,P03598,35197797.54,10615959.55,EUR,2021-09-13,Default,True
T08756,C06847,P09323,6443015.98,12323528.96,NOK,2025-05-04,Active,True
T08757,C04470,P08561,14939171.47,10550995.53,EUR,2023-08-17,Active,False
T08758,C09376,P00825,25422950.53,18053723.75,USD,2020-08-04,Default,True
T08759,C02587,P02609,48205289.91,5946308.87,EUR,2022-03-11,Default,False
T08760,C03623,P04439,6860566.72,20961234.38,NOK,2020-11-25,Active,False
T08761,C04481,P07739,9263069.31,1212773.95,EUR,2021-02-03,Closed,False
T08762,C08741,P03397,4123157.11,24496210.59,NOK,2021-10-23,Closed,True
T08763,C09651,P02277,36356504.7,12903012.85,EUR,2023-04-10,Active,True
T08764,C00840,P02810,19832432.65,3723557.02,EUR,2023-04-05,Default,True
T08765,C00745,P08528,25796985.58,22847306.13,NOK,2020-03-02,Active,True
T08766,C07993,P00841,17821765.81,23890682.9,EUR,2020-01-15,Default,False
T08767,C05495,P03759,13754375.38,14860860.22,EUR,2022-04-30,Default,False
T08768,C08189,P05098,6996708.34,15027887.14,NOK,2022-05-24,Closed,True
T08769,C08206,P00645,5868276.44,15484693.45,USD,2025-03-13,Default,True
T08770,C07803,P02136,13043268.94,3171984.01,USD,2023-12-31,Active,False
T08771,C02879,P07958,40089050.56,17601606.19,EUR,2023-12-31,Default,True
T08772,C06213,P02449,28944106.44,17207303.15,USD,2022-10-19,Active,False
T08773,C08220,P07342,18917409.75,15465116.15,USD,2023-12-10,Default,True
T08774,C05968,P04229,42662858.46,4624407.53,USD,2020-08-09,Default,True
T08775,C04348,P09873,4533022.64,19486980.93,USD,2021-05-24,Active,True
T08776,C08960,P08647,5759432.8,20004773.22,EUR,2020-04-13,Default,False
T08777,C06036,P02208,35143939.85,4053663.92,USD,2022-05-09,Closed,False
T08778,C04087,P03027,14903656.28,23510088.9,NOK,2025-01-30,Active,False
T08779,C01029,P09329,27426751.57,23150357.36,USD,2020-07-31,Active,True
T08780,C08542,P09895,35224055.25,16574298.27,NOK,2021-01-06,Closed,True
T08781,C06965,P06385,5949971.81,12905308.64,USD,2023-09-07,Closed,False
T08782,C01264,P03652,39072958.78,17302688.95,NOK,2023-10-22,Default,False
T08783,C06714,P06820,44318343.63,20784164.09,USD,2020-10-14,Default,False
T08784,C01927,P00198,46724315.69,24450154.58,EUR,2025-02-22,Default,False
T08785,C04399,P07666,22263542.12,21042651.87,USD,2024-01-06,Closed,False
T08786,C07406,P09622,23153661.66,16792067.69,EUR,2024-11-14,Closed,False
T08787,C02924,P04221,14976739.59,23958950.84,NOK,2023-01-27,Active,True
T08788,C08263,P03059,36436820.51,1595280.99,EUR,2023-09-26,Default,False
T08789,C01858,P08244,3381260.28,2090909.93,EUR,2024-03-10,Closed,True
T08790,C07868,P08980,13662904.0,5882037.58,NOK,2023-04-16,Closed,False
T08791,C05332,P05059,16574543.57,885230.06,NOK,2022-03-16,Default,True
T08792,C01491,P00064,29390058.62,23630698.69,NOK,2024-04-08,Active,False
T08793,C04245,P08991,15519095.35,3552261.22,EUR,2025-05-02,Closed,False
T08794,C05241,P03368,40523163.17,22704378.15,USD,2022-09-08,Default,True
T08795,C01687,P02180,7631098.23,7477289.4,USD,2020-12-21,Active,False
T08796,C06193,P03072,37919752.22,20484348.16,EUR,2025-03-06,Active,True
T08797,C08030,P01284,17275303.72,23655895.32,NOK,2020-05-28,Closed,True
T08798,C03220,P02732,11511834.85,4186802.23,EUR,2021-02-12,Active,True
T08799,C03285,P06328,14898212.17,7521224.13,EUR,2022-10-06,Default,True
T08800,C06855,P07159,25570661.21,12784426.88,EUR,2024-09-19,Active,False
T08801,C06605,P06527,40730343.45,6806919.3,NOK,2023-04-05,Closed,False
T08802,C08155,P03084,34085520.92,8195363.02,NOK,2024-12-24,Closed,True
T08803,C05929,P04106,9606543.18,3107908.63,USD,2022-12-13,Active,False
T08804,C09738,P04530,16818288.81,14662327.76,NOK,2020-01-19,Closed,True
T08805,C03758,P04957,10284540.84,12188401.07,NOK,2024-07-16,Closed,False
T08806,C08613,P04871,49700551.0,8575541.31,NOK,2021-02-02,Closed,True
T08807,C07705,P06868,38391779.69,2190703.29,USD,2023-12-18,Active,False
T08808,C06489,P06146,20971691.6,12993876.41,NOK,2021-03-19,Active,False
T08809,C00536,P04778,13161078.81,9544500.28,USD,2025-07-05,Default,False
T08810,C01395,P07654,21333849.77,14904228.54,USD,2023-03-17,Default,False
T08811,C06094,P00571,46928869.2,21883758.83,NOK,2024-07-11,Closed,True
T08812,C05675,P00223,32154086.32,19465031.67,NOK,2024-08-08,Active,False
T08813,C09826,P02359,27890166.39,24564092.37,EUR,2023-02-22,Active,False
T08814,C01983,P02833,43058417.05,16611874.05,USD,2024-02-05,Active,True
T08815,C01566,P04702,36343111.93,3584664.23,EUR,2022-12-29,Closed,False
T08816,C06569,P02271,17776985.0,9920164.67,NOK,2025-08-29,Closed,True
T08817,C01923,P02087,44223539.01,7940835.27,USD,2024-03-03,Closed,True
T08818,C01728,P01253,25048024.48,4343407.62,NOK,2023-11-23,Default,True
T08819,C05355,P09335,12990923.06,13413002.22,USD,2022-10-04,Default,False
T08820,C03957,P06829,26116428.21,16333161.43,EUR,2025-09-23,Active,False
T08821,C00929,P09934,4571523.91,15736699.3,USD,2022-09-17,Default,True
T08822,C06095,P07498,26521537.7,21949472.66,EUR,2022-11-01,Closed,True
T08823,C02500,P07489,37258088.3,9038289.48,USD,2025-05-23,Default,True
T08824,C00701,P00417,23665289.72,4697683.82,NOK,2020-10-05,Closed,True
T08825,C08538,P00360,45271197.24,24281870.11,EUR,2022-08-25,Active,False
T08826,C05395,P09670,1133631.62,15782930.54,NOK,2020-03-07,Default,True
T08827,C04272,P06662,3779012.56,10248691.92,USD,2020-10-20,Active,False
T08828,C00880,P03608,10400351.66,7025582.34,NOK,2021-06-05,Default,True
T08829,C07125,P06279,40527791.01,15543056.16,NOK,2022-08-20,Default,False
T08830,C07577,P02039,36940093.86,5509457.82,EUR,2024-09-18,Active,True
T08831,C08482,P06707,10121181.99,8821651.78,USD,2021-12-16,Closed,True
T08832,C07226,P08851,41863421.99,16243435.81,NOK,2024-07-17,Closed,True
T08833,C01800,P00382,46663248.81,6259805.18,NOK,2021-01-09,Closed,False
T08834,C01809,P06768,6357818.67,23497813.92,EUR,2020-08-10,Default,True
T08835,C08842,P05618,27261129.91,23328390.14,EUR,2023-05-22,Closed,False
T08836,C00909,P05221,17959667.78,19063147.6,EUR,2023-08-19,Active,True
T08837,C08980,P09892,5516373.12,19730896.89,USD,2022-08-02,Default,True
T08838,C09480,P02684,49592631.26,11099146.33,NOK,2022-02-27,Active,False
T08839,C07759,P05489,32627699.2,6298117.69,EUR,2022-05-11,Closed,True
T08840,C04010,P05662,29825897.56,12883652.03,EUR,2022-04-20,Active,True
T08841,C09327,P06379,20383420.19,8088643.43,EUR,2022-04-19,Active,False
T08842,C06708,P04501,15561364.98,5558682.03,EUR,2025-02-13,Active,True
T08843,C05464,P04186,17901067.4,9650378.35,USD,2020-08-07,Active,True
T08844,C02971,P02320,3050681.87,7555784.73,NOK,2024-12-27,Active,True
T08845,C06780,P07616,12120880.66,6750378.22,USD,2020-10-17,Default,False
T08846,C05398,P05230,1504176.03,3662475.54,NOK,2022-12-24,Closed,True
T08847,C09947,P09807,1516561.82,9385365.78,USD,2024-09-04,Closed,False
T08848,C02063,P02978,38180675.67,12273540.97,USD,2020-01-20,Default,False
T08849,C01924,P06289,44246930.27,13208386.55,EUR,2025-02-20,Default,False
T08850,C07257,P07320,16937034.48,13095364.53,NOK,2024-03-07,Closed,True
T08851,C05542,P09609,4811646.45,5504876.41,USD,2021-09-04,Default,False
T08852,C09433,P06568,6811164.38,10798117.11,NOK,2023-11-13,Default,False
T08853,C02689,P06505,43457013.67,15952033.36,USD,2024-06-18,Default,False
T08854,C03274,P07189,43219475.06,21590773.69,NOK,2025-01-10,Default,True
T08855,C09227,P04996,4229354.82,15860292.15,USD,2023-01-12,Active,True
T08856,C01122,P00248,20160481.63,21810487.67,EUR,2025-02-21,Default,True
T08857,C01922,P00786,19634543.11,12957347.33,USD,2020-05-18,Active,True
T08858,C07885,P06894,36518609.99,16841645.63,NOK,2023-05-28,Closed,True
T08859,C00642,P00614,8745864.64,15983698.17,NOK,2020-12-25,Default,False
T08860,C06281,P05523,16410308.4,1617692.45,USD,2023-10-31,Closed,True
T08861,C03161,P05392,45225704.05,14695428.8,EUR,2020-05-04,Default,False
T08862,C00229,P07281,5022552.5,3520568.23,EUR,2020-12-05,Closed,True
T08863,C09775,P04808,41819256.08,5462729.63,EUR,2021-08-06,Active,True
T08864,C09939,P04192,44782461.6,8618094.64,USD,2022-02-10,Closed,False
T08865,C02287,P04603,21246272.62,24062282.15,EUR,2021-03-26,Default,True
T08866,C00724,P06676,29400950.93,13257014.48,USD,2022-06-30,Closed,False
T08867,C03462,P06392,28540452.07,1902679.98,USD,2024-02-02,Closed,False
T08868,C06430,P06320,33523183.78,18028329.2,NOK,2025-05-02,Closed,True
T08869,C01123,P04756,20337571.16,1678916.87,USD,2022-01-07,Default,False
T08870,C06450,P05485,11174510.29,5840796.55,EUR,2020-02-29,Default,False
T08871,C05178,P02650,23446263.42,19814782.04,EUR,2023-06-27,Closed,True
T08872,C07133,P00219,36078443.06,24382505.5,EUR,2022-10-04,Default,True
T08873,C06633,P04693,12794770.56,13784788.86,USD,2021-01-20,Default,False
T08874,C03632,P02437,14096207.22,2123979.43,USD,2025-05-24,Closed,True
T08875,C09110,P00464,40247785.61,4275559.17,EUR,2022-06-02,Default,True
T08876,C03064,P07187,6795353.93,16199072.63,NOK,2020-08-16,Default,True
T08877,C05474,P06959,42660773.7,21703664.38,USD,2020-11-18,Active,False
T08878,C01945,P05582,5884218.25,22677397.85,USD,2025-01-10,Active,False
T08879,C02982,P09498,40949541.37,16213654.81,USD,2021-03-31,Closed,True
T08880,C05451,P03265,44200319.91,6657006.61,EUR,2024-02-01,Closed,True
T08881,C02479,P07549,40888846.61,2331389.24,USD,2025-03-17,Closed,False
T08882,C08359,P01590,5006622.6,23230463.45,NOK,2022-03-13,Active,False
T08883,C00523,P01364,8559125.79,7568679.77,USD,2023-10-31,Default,False
T08884,C09590,P03559,35634940.49,3988280.09,EUR,2020-03-01,Closed,False
T08885,C05285,P07473,36040921.7,19237640.13,EUR,2023-05-18,Active,True
T08886,C00065,P05158,27256162.7,7245957.19,USD,2020-09-11,Closed,False
T08887,C05439,P05858,46240172.6,20610965.82,NOK,2024-02-06,Active,True
T08888,C04729,P06480,16303494.75,23610993.81,EUR,2023-04-12,Default,False
T08889,C04940,P05607,25564089.73,7688563.61,EUR,2023-01-10,Default,True
T08890,C05150,P07142,31896170.75,15727807.77,USD,2022-08-04,Default,True
T08891,C04606,P07627,36511416.37,2133054.32,USD,2021-01-17,Active,False
T08892,C04044,P09497,39594691.79,22965299.35,USD,2021-08-31,Closed,False
T08893,C07910,P08065,29717368.99,2723959.7,EUR,2020-04-03,Closed,False
T08894,C05087,P04835,22215919.67,3666718.13,EUR,2021-03-24,Closed,True
T08895,C01470,P04457,31836973.96,18837091.07,EUR,2024-10-31,Closed,True
T08896,C04554,P08112,5701345.78,17962078.34,EUR,2021-11-07,Closed,False
T08897,C01419,P05659,22064836.71,13751382.85,EUR,2023-04-07,Default,False
T08898,C00567,P04783,21124641.08,15574652.83,NOK,2023-04-11,Closed,True
T08899,C04712,P00739,35097911.24,9102547.0,EUR,2025-05-02,Closed,True
T08900,C00314,P07902,30317981.59,21191058.35,USD,2022-04-13,Active,True
T08901,C09775,P07053,47900286.81,22892724.3,USD,2023-05-22,Default,True
T08902,C07190,P09828,4111694.62,9996766.84,NOK,2021-06-10,Default,True
T08903,C09119,P01447,31185709.48,24714933.14,USD,2021-11-12,Default,True
T08904,C08729,P05846,48993452.13,22424683.88,USD,2021-01-29,Default,True
T08905,C02481,P03865,33784124.13,24153587.37,USD,2021-07-28,Default,False
T08906,C08450,P01239,32938145.5,13930091.9,NOK,2020-04-15,Default,True
T08907,C00065,P09627,39220665.18,7030290.7,EUR,2025-05-04,Active,False
T08908,C02757,P04290,21277850.44,3132869.96,USD,2023-09-18,Active,False
T08909,C00738,P05467,16269462.35,4342396.42,NOK,2020-08-21,Default,False
T08910,C01315,P06631,6336674.77,10807846.63,USD,2024-01-21,Default,False
T08911,C05719,P04078,11154577.95,714836.02,USD,2022-06-22,Default,False
T08912,C00516,P04620,47170031.67,989296.83,EUR,2020-01-17,Active,False
T08913,C05965,P07832,44413456.31,21647980.75,EUR,2025-06-19,Active,False
T08914,C04841,P02640,12584505.81,2806018.83,EUR,2025-09-23,Default,False
T08915,C04140,P02104,49266337.78,5874668.8,EUR,2024-09-20,Closed,False
T08916,C05448,P06670,13342545.26,20790058.35,USD,2020-02-20,Closed,False
T08917,C04439,P03119,3604588.74,6709514.44,EUR,2024-01-06,Active,False
T08918,C07377,P05157,38744003.54,23650837.69,USD,2025-03-10,Closed,True
T08919,C08619,P05056,16171548.31,10338310.91,EUR,2023-12-06,Active,True
T08920,C01445,P09803,24747786.33,1223743.55,NOK,2023-07-14,Active,False
T08921,C06160,P07988,39205867.17,3072283.26,NOK,2023-09-01,Closed,True
T08922,C06265,P09126,45383698.31,9460053.14,USD,2024-03-12,Closed,True
T08923,C04928,P07973,17483377.29,11152054.83,USD,2020-01-09,Default,False
T08924,C03302,P05156,21054382.0,23313529.5,NOK,2024-04-10,Default,True
T08925,C05683,P01594,19506500.56,20750849.28,NOK,2023-03-09,Active,True
T08926,C00140,P06016,29420838.53,3234752.32,EUR,2023-09-13,Active,True
T08927,C05620,P08709,10814760.66,12066205.43,EUR,2021-04-20,Active,False
T08928,C04893,P08394,37673132.43,19070238.3,EUR,2025-09-05,Active,False
T08929,C04679,P05329,47988418.69,5934406.54,NOK,2020-11-11,Default,True
T08930,C09050,P06702,26034840.09,14527854.3,NOK,2023-01-09,Active,False
T08931,C09237,P04517,43009617.84,23056215.73,NOK,2025-08-18,Closed,False
T08932,C02382,P09800,1516217.14,6025971.19,EUR,2022-10-14,Closed,True
T08933,C01097,P03319,9878575.76,5597756.68,NOK,2021-12-17,Default,True
T08934,C02155,P02983,21220045.55,4681885.37,NOK,2024-09-15,Active,False
T08935,C03621,P06358,28675264.66,15755022.79,NOK,2024-07-18,Closed,False
T08936,C00752,P02236,22178033.58,19472472.92,USD,2023-03-06,Default,False
T08937,C01386,P04170,29599870.09,9025453.44,NOK,2023-05-20,Closed,True
T08938,C06979,P09135,35709402.1,9159478.99,USD,2021-07-25,Closed,False
T08939,C09224,P02888,18700638.97,23001258.13,EUR,2023-12-07,Default,False
T08940,C07017,P09657,24694695.56,8981718.88,USD,2024-04-16,Default,True
T08941,C02007,P05754,16525973.31,24258166.26,USD,2025-05-29,Default,False
T08942,C04832,P01053,12854763.49,24673679.81,EUR,2021-05-24,Default,True
T08943,C07651,P05873,13747311.9,17880758.44,NOK,2023-11-08,Closed,True
T08944,C00604,P08595,2642087.43,15460521.55,EUR,2024-10-28,Closed,True
T08945,C01026,P03903,32438759.18,16061089.96,NOK,2021-03-29,Active,True
T08946,C06439,P02035,14273120.28,19619866.08,NOK,2022-01-14,Active,False
T08947,C00932,P06844,28729691.52,12470470.2,NOK,2024-07-16,Default,False
T08948,C05149,P05028,6651949.88,12630605.14,NOK,2023-01-23,Closed,True
T08949,C06893,P03099,46690780.28,17910568.24,USD,2021-10-21,Active,False
T08950,C07738,P02880,44641595.24,8737102.04,NOK,2024-07-10,Default,True
T08951,C07533,P01748,31084939.18,3468250.65,EUR,2023-10-03,Closed,True
T08952,C05410,P04910,11341686.64,19281302.02,NOK,2022-03-04,Closed,False
T08953,C06585,P09072,16279339.42,15196628.25,NOK,2022-06-25,Closed,False
T08954,C08789,P05209,24037817.78,13082784.51,NOK,2025-06-17,Closed,True
T08955,C03680,P01960,14630977.64,4572112.47,NOK,2023-06-22,Default,False
T08956,C01002,P01057,43345363.51,24498686.62,USD,2022-01-28,Active,True
T08957,C09634,P07037,26361643.79,6234964.01,USD,2020-07-30,Active,True
T08958,C00384,P03868,30143133.89,3138569.93,EUR,2022-09-17,Active,False
T08959,C00135,P04844,40413894.8,22558023.67,EUR,2021-04-04,Default,True
T08960,C09036,P07186,30969014.87,10993492.01,USD,2022-12-24,Closed,False
T08961,C05438,P05997,18406201.34,19265935.74,NOK,2024-04-25,Closed,True
T08962,C09779,P07919,46922108.88,12024598.19,USD,2023-03-24,Closed,True
T08963,C09294,P04764,47988786.85,21728620.36,NOK,2020-01-08,Default,True
T08964,C02224,P01492,29089039.43,17618563.47,USD,2022-05-17,Default,True
T08965,C03538,P00149,37702179.87,5979033.88,EUR,2024-09-22,Active,True
T08966,C07568,P03908,12865480.35,11817285.68,USD,2025-03-14,Default,True
T08967,C03177,P05297,32072610.55,2906605.83,USD,2020-08-31,Default,False
T08968,C08153,P08000,44051048.85,12682397.28,USD,2022-11-08,Closed,True
T08969,C03045,P07727,40872590.62,3158993.5,NOK,2020-12-20,Default,False
T08970,C08541,P03529,46652479.42,1897306.2,USD,2021-09-02,Active,True
T08971,C04932,P06136,39280981.77,15869996.36,EUR,2022-10-14,Active,True
T08972,C09878,P02916,4503411.92,13872336.61,USD,2021-09-19,Default,True
T08973,C04339,P01527,11153488.34,3289413.36,USD,2021-06-22,Closed,True
T08974,C02992,P03549,15333243.77,10109828.81,EUR,2023-04-22,Closed,False
T08975,C00562,P05121,23168809.02,670313.05,USD,2020-08-01,Closed,False
T08976,C07135,P01089,7142907.61,21579370.0,USD,2021-02-07,Closed,True
T08977,C06841,P09984,33273366.91,2281758.44,USD,2024-04-20,Default,True
T08978,C00427,P03585,6305511.65,12958341.12,USD,2020-10-01,Active,False
T08979,C08274,P08146,14389277.61,23288739.3,NOK,2022-01-02,Closed,False
T08980,C00503,P03543,9822760.51,7980868.68,EUR,2022-08-12,Closed,False
T08981,C03320,P05279,42849604.8,1444165.23,NOK,2025-10-17,Active,True
T08982,C01347,P06850,6862517.66,7758481.26,NOK,2025-06-08,Default,False
T08983,C04817,P07579,12186023.66,21731243.4,NOK,2024-03-11,Active,True
T08984,C06740,P06337,2178599.86,24999668.58,EUR,2023-04-30,Active,True
T08985,C07555,P09851,27248818.19,6843582.64,NOK,2025-10-15,Active,True
T08986,C07456,P08915,35190658.11,23671105.07,NOK,2021-05-25,Closed,False
T08987,C03449,P04892,38479990.39,17209735.55,EUR,2021-10-18,Closed,True
T08988,C03140,P03157,32882029.57,2866597.55,USD,2021-06-26,Closed,False
T08989,C05538,P03506,20645242.37,11218860.09,NOK,2021-04-16,Active,True
T08990,C02603,P03037,12788600.79,1516371.46,EUR,2023-07-23,Active,True
T08991,C08962,P01644,49675190.92,856002.38,EUR,2020-05-20,Closed,True
T08992,C00350,P02030,28294650.04,2202524.95,NOK,2022-05-09,Closed,False
T08993,C06788,P08300,30996966.9,8604222.2,NOK,2021-06-18,Active,True
T08994,C01476,P07077,10143458.26,5026251.19,USD,2025-06-26,Active,False
T08995,C02544,P05054,45798121.71,16402841.99,EUR,2025-08-14,Default,False
T08996,C04001,P02220,15756330.52,18409918.75,USD,2021-04-19,Active,False
T08997,C01136,P04835,8939066.88,18128543.46,USD,2024-05-05,Active,False
T08998,C00289,P00531,38172546.93,17900622.08,NOK,2021-10-28,Active,True
T08999,C06603,P01400,14005656.44,20330738.4,USD,2020-11-08,Closed,True
T09000,C01219,P06684,24978975.09,5645549.92,USD,2023-06-06,Default,False
T09001,C00801,P04783,47935007.63,13538310.9,NOK,2025-02-27,Default,False
T09002,C08611,P05294,43126518.05,7790225.6,NOK,2020-02-28,Active,True
T09003,C07672,P07785,29080197.86,5057024.48,EUR,2024-03-07,Closed,False
T09004,C01409,P05127,8827262.17,14010095.31,USD,2024-04-21,Active,True
T09005,C07514,P03114,36156540.88,14525690.35,USD,2022-03-23,Active,False
T09006,C04408,P01431,13558936.69,20222114.94,USD,2020-05-21,Closed,True
T09007,C07892,P07604,39233059.63,21127890.43,USD,2022-05-23,Active,False
T09008,C07466,P04886,47806548.01,14982551.77,EUR,2023-07-07,Default,True
T09009,C01172,P06271,15904090.79,22316034.26,USD,2024-06-04,Default,True
T09010,C06980,P02997,26931587.01,7504738.91,USD,2025-03-01,Active,False
T09011,C02629,P09920,34725215.24,14651787.98,NOK,2022-11-25,Closed,True
T09012,C02904,P00093,41929538.3,24700078.64,USD,2024-01-22,Active,True
T09013,C03663,P06224,25346715.9,8581708.75,EUR,2022-01-21,Closed,False
T09014,C07925,P01484,36535240.99,10828468.13,USD,2022-05-26,Default,False
T09015,C09382,P08324,46738625.7,21752749.31,USD,2022-12-16,Active,False
T09016,C08530,P08367,3068352.96,20166403.29,EUR,2024-09-07,Closed,True
T09017,C01038,P02059,20035647.35,16392457.83,NOK,2022-01-24,Active,False
T09018,C01745,P05569,10841377.05,19906171.38,EUR,2020-04-29,Closed,True
T09019,C03577,P00221,24706434.7,13925000.2,EUR,2023-09-16,Active,False
T09020,C00548,P00952,22613184.59,15231134.62,USD,2020-09-06,Closed,True
T09021,C05807,P05253,7720788.73,9005163.11,USD,2025-02-02,Closed,True
T09022,C02101,P02284,43385461.39,16302342.13,EUR,2025-01-09,Closed,True
T09023,C00014,P07911,30233447.28,19793884.84,USD,2024-08-26,Active,False
T09024,C06609,P01030,23394928.11,6735834.89,NOK,2020-06-25,Default,False
T09025,C06113,P07943,39248262.62,17480894.24,NOK,2022-04-20,Default,False
T09026,C04100,P08054,39389936.89,17008088.44,USD,2021-05-12,Active,True
T09027,C06114,P03039,30764937.86,13795177.54,NOK,2022-01-30,Active,False
T09028,C03478,P01232,19761184.96,12818914.65,NOK,2022-04-27,Active,True
T09029,C06277,P04003,30923513.81,19205994.53,NOK,2020-02-21,Closed,False
T09030,C01255,P01117,17088780.23,15141252.62,USD,2020-08-28,Closed,False
T09031,C08208,P02385,45906931.41,3951296.92,EUR,2022-08-06,Active,False
T09032,C06781,P00172,9326154.49,2834386.27,USD,2020-08-08,Closed,True
T09033,C00479,P06369,22003706.05,14790352.66,USD,2025-08-29,Active,False
T09034,C09961,P08588,34701355.77,13835162.07,USD,2023-01-04,Closed,True
T09035,C09414,P01124,31074755.81,17768672.95,NOK,2024-08-25,Default,True
T09036,C06713,P04303,41013742.53,4459393.91,USD,2025-05-10,Active,False
T09037,C06978,P05540,24878576.47,18376965.12,NOK,2020-10-07,Default,True
T09038,C00098,P04188,14459086.56,22756420.78,USD,2023-03-26,Default,True
T09039,C01493,P05164,4570780.88,9234089.13,USD,2020-11-29,Default,False
T09040,C01045,P08841,10606570.36,15003486.43,EUR,2022-01-05,Closed,False
T09041,C06432,P05306,38868343.3,14133907.55,NOK,2023-07-20,Default,False
T09042,C03136,P05174,5760962.81,9579901.68,NOK,2022-11-16,Active,False
T09043,C00115,P07379,13608778.87,16453705.73,EUR,2022-09-03,Default,False
T09044,C09083,P00023,45685376.9,3965298.14,EUR,2024-01-13,Active,True
T09045,C06834,P07003,34680397.75,17709402.52,EUR,2023-11-20,Default,False
T09046,C07535,P05186,29118969.77,23061611.06,USD,2022-05-11,Closed,False
T09047,C04898,P04728,28138055.95,2424409.32,NOK,2024-11-16,Closed,True
T09048,C01608,P07999,40607068.87,22305733.28,EUR,2020-09-12,Default,True
T09049,C04625,P08281,10480946.95,5602393.83,USD,2021-03-21,Closed,False
T09050,C08615,P00362,45935102.38,17897405.85,EUR,2023-04-28,Active,True
T09051,C08132,P04915,23859615.4,17585664.65,USD,2023-05-19,Closed,True
T09052,C05130,P08572,22761517.52,22588160.67,USD,2023-09-26,Active,False
T09053,C07443,P06345,40277532.77,6566542.22,EUR,2021-09-20,Default,False
T09054,C01930,P04450,13863408.83,22802091.75,NOK,2023-10-10,Active,False
T09055,C03725,P00410,40544201.09,23026249.96,EUR,2024-11-10,Closed,True
T09056,C07948,P06057,24296345.88,3890684.57,EUR,2024-02-21,Default,False
T09057,C08238,P07264,9506860.11,6328031.11,EUR,2023-05-28,Closed,False
T09058,C05461,P04786,24640338.86,12497825.5,EUR,2021-02-28,Closed,True
T09059,C03406,P05048,43181591.8,24583787.86,USD,2023-12-24,Default,True
T09060,C04474,P08640,40107371.52,5424418.76,NOK,2020-01-25,Active,True
T09061,C09388,P07987,16447647.0,794036.51,EUR,2025-07-28,Closed,True
T09062,C00731,P06426,26808975.89,13623367.7,NOK,2024-06-13,Closed,True
T09063,C06400,P03567,10586801.59,17257925.26,USD,2022-07-18,Default,True
T09064,C03348,P08205,33953100.57,12140694.66,USD,2022-12-30,Closed,True
T09065,C09419,P07244,9226607.39,8046307.08,USD,2020-12-29,Active,False
T09066,C01887,P09997,46415998.96,8444051.49,EUR,2023-02-18,Default,False
T09067,C02644,P09655,30469011.46,22210108.08,NOK,2023-04-01,Default,True
T09068,C05190,P07051,46203025.14,3694610.95,USD,2023-09-20,Closed,True
T09069,C06136,P08096,27808278.9,17206603.07,EUR,2023-04-27,Closed,False
T09070,C06788,P05300,19036944.26,19147373.31,USD,2024-02-18,Active,False
T09071,C05725,P08084,23984624.92,8859488.02,EUR,2024-08-24,Active,True
T09072,C03684,P00065,47972261.81,5576722.79,NOK,2025-09-06,Closed,False
T09073,C09184,P04359,1827245.77,12364266.48,NOK,2021-11-30,Closed,False
T09074,C09775,P00657,44035424.39,13529720.76,USD,2021-05-13,Default,False
T09075,C04720,P06902,35545677.64,14819173.42,EUR,2024-03-10,Closed,False
T09076,C01163,P06583,42984780.77,24298821.97,EUR,2023-06-06,Active,False
T09077,C04570,P03226,42470187.04,14856911.79,USD,2020-08-09,Default,False
T09078,C07826,P04558,43650926.48,18954835.57,EUR,2024-05-07,Closed,False
T09079,C06733,P05175,48325795.37,1478550.69,NOK,2022-08-10,Default,True
T09080,C07157,P00090,41010872.37,5715650.82,EUR,2021-07-12,Closed,False
T09081,C09573,P02465,23631035.44,1400409.34,USD,2024-02-18,Default,False
T09082,C06639,P02812,10714939.4,12139108.88,NOK,2022-06-16,Active,False
T09083,C05817,P07141,14520828.47,2893702.72,EUR,2025-06-25,Default,False
T09084,C09095,P07939,10349759.91,10568754.43,NOK,2023-01-27,Default,True
T09085,C07831,P00169,19045519.55,10576294.14,EUR,2024-04-02,Closed,False
T09086,C06486,P04538,31733366.11,11817068.12,EUR,2022-10-06,Active,False
T09087,C03749,P05145,42974666.67,16917444.02,NOK,2020-03-23,Active,True
T09088,C04808,P08644,23439166.34,21504931.78,EUR,2022-08-17,Active,True
T09089,C08563,P04209,13541775.61,14286636.94,EUR,2024-09-01,Closed,False
T09090,C03265,P02607,30174735.78,20662118.94,USD,2020-03-14,Default,False
T09091,C00921,P06447,20759299.01,6735884.28,EUR,2024-10-10,Default,False
T09092,C07393,P05388,43192735.32,22228284.28,NOK,2024-10-02,Active,False
T09093,C02347,P02193,33162671.65,22040714.8,USD,2024-08-12,Active,True
T09094,C06989,P08629,25432436.26,10365218.58,EUR,2022-05-18,Default,False
T09095,C02348,P08948,45824880.81,4468951.86,NOK,2021-08-18,Active,False
T09096,C06210,P00353,43885711.16,11426090.23,NOK,2024-02-19,Default,False
T09097,C06051,P00445,32867143.8,10455534.99,EUR,2020-02-06,Default,True
T09098,C06623,P03355,34340691.35,24897919.16,USD,2022-07-25,Active,False
T09099,C09628,P07215,44085515.4,21241645.77,NOK,2021-12-02,Default,False
T09100,C04253,P09621,3616639.09,4500524.38,USD,2021-12-01,Active,False
T09101,C06017,P01334,22730181.63,11818626.25,NOK,2025-03-16,Closed,True
T09102,C03485,P02177,38608213.39,8652419.51,NOK,2024-06-30,Active,True
T09103,C06283,P01982,32676920.97,14651353.8,USD,2022-12-31,Closed,True
T09104,C01922,P05490,45869590.99,12933723.18,NOK,2024-09-01,Default,True
T09105,C00651,P05340,45327888.51,3023447.91,EUR,2025-09-15,Active,True
T09106,C04532,P03191,4051966.09,13756161.89,EUR,2020-07-03,Active,True
T09107,C02619,P02555,47997976.72,10209457.83,NOK,2020-12-02,Closed,False
T09108,C02314,P06659,20152996.45,3424143.67,EUR,2020-02-17,Active,True
T09109,C07646,P06235,13901492.65,16419849.28,NOK,2021-09-23,Default,False
T09110,C08991,P09897,40760140.03,14758990.83,NOK,2020-03-24,Closed,False
T09111,C02703,P03787,20738355.05,19257627.63,USD,2022-07-09,Default,True
T09112,C06372,P09649,26393711.89,13089859.17,USD,2024-07-15,Default,False
T09113,C00037,P06790,40951737.47,9717948.28,NOK,2024-01-25,Closed,True
T09114,C09715,P09026,14664125.84,18665948.16,EUR,2020-04-04,Default,True
T09115,C08598,P04209,26377287.49,12067311.72,EUR,2020-12-01,Closed,True
T09116,C03896,P09718,49715679.96,8140380.83,EUR,2020-12-16,Active,False
T09117,C03209,P07547,23822779.7,24644199.42,NOK,2024-07-20,Default,True
T09118,C08048,P00729,16334215.26,24069880.62,NOK,2021-04-23,Default,False
T09119,C03420,P02278,1729032.98,14073806.63,EUR,2024-06-02,Closed,True
T09120,C08994,P07323,14644578.4,4273080.61,EUR,2023-11-07,Default,True
T09121,C06495,P03908,41096501.96,17972960.42,USD,2025-01-11,Default,True
T09122,C03084,P05011,40580287.74,1576506.56,NOK,2022-05-28,Default,True
T09123,C08804,P03163,24097131.7,24807637.05,NOK,2024-09-04,Closed,True
T09124,C03834,P04487,19774878.3,6795239.96,EUR,2023-11-14,Active,True
T09125,C00921,P00135,30889386.79,17912582.04,NOK,2022-12-26,Default,True
T09126,C04226,P03081,27241039.95,11227695.68,USD,2022-04-09,Active,True
T09127,C03862,P01196,44017745.14,4355861.28,USD,2020-09-15,Closed,True
T09128,C06303,P03377,11743435.02,4480816.64,EUR,2024-09-14,Default,True
T09129,C00240,P04041,4848085.19,17887259.03,EUR,2023-02-19,Closed,True
T09130,C06072,P06081,17967649.56,13109512.37,NOK,2021-06-03,Closed,False
T09131,C02792,P01023,18628783.04,5899533.87,USD,2020-01-18,Default,True
T09132,C01681,P00734,27525827.27,12361634.5,NOK,2025-07-26,Active,False
T09133,C06601,P09249,20380781.1,4288429.42,NOK,2020-05-25,Active,True
T09134,C07619,P01392,28847386.22,771153.5,NOK,2020-05-04,Closed,True
T09135,C06892,P00832,31920015.34,14431026.29,USD,2021-05-29,Closed,False
T09136,C04885,P07771,2992164.35,16398025.22,EUR,2025-07-27,Default,True
T09137,C02935,P07714,5698869.68,2711885.64,EUR,2021-05-09,Default,False
T09138,C00536,P07487,36253397.99,24082759.88,NOK,2025-03-16,Default,True
T09139,C02876,P09943,21462078.81,14288316.77,USD,2021-08-01,Active,False
T09140,C00945,P00683,8231466.4,24216186.66,USD,2023-08-10,Active,False
T09141,C04315,P05323,22132967.26,23573948.16,USD,2022-03-07,Closed,False
T09142,C04888,P09872,16615400.07,23363929.67,USD,2021-01-31,Default,True
T09143,C06240,P01829,5668308.08,23836403.9,NOK,2024-02-14,Closed,True
T09144,C01952,P07884,44456724.06,23335634.58,USD,2025-02-26,Active,True
T09145,C02182,P00284,9105878.97,15953885.27,USD,2023-04-21,Closed,False
T09146,C01422,P09534,6265376.11,13246634.53,USD,2025-09-29,Closed,True
T09147,C08352,P00864,38982229.77,15965690.26,USD,2024-05-18,Active,True
T09148,C00745,P08569,8456447.57,15218905.18,EUR,2020-06-27,Default,False
T09149,C06279,P05847,38787300.08,18731780.29,EUR,2020-02-24,Active,False
T09150,C00696,P04137,45210254.03,7032791.49,USD,2021-01-20,Default,False
T09151,C07062,P05514,8818216.7,1848329.8,USD,2022-04-08,Active,False
T09152,C04888,P02934,28977866.2,21120213.6,USD,2023-04-21,Closed,False
T09153,C01487,P08791,29415951.56,19910005.49,EUR,2020-06-13,Closed,True
T09154,C03457,P00377,35800633.1,12671446.25,EUR,2020-12-09,Closed,True
T09155,C08531,P04439,8271716.1,9590158.1,NOK,2021-08-02,Closed,False
T09156,C06057,P02698,15367301.3,16731582.2,USD,2020-10-14,Closed,False
T09157,C08242,P02572,26909154.46,8843366.23,EUR,2024-08-17,Active,True
T09158,C07292,P00284,19833053.26,15444650.88,USD,2023-08-21,Active,True
T09159,C08894,P01792,8530561.61,19858315.6,EUR,2024-11-06,Active,True
T09160,C01395,P09857,44475797.79,21394475.15,EUR,2020-11-09,Active,True
T09161,C03544,P04196,6842407.31,5154173.44,EUR,2023-10-26,Closed,False
T09162,C01509,P03707,8379867.56,978193.52,NOK,2021-12-30,Active,False
T09163,C05494,P03244,28657632.33,11894174.19,USD,2020-06-26,Default,True
T09164,C08460,P04799,41741750.16,7927638.38,NOK,2020-03-03,Closed,False
T09165,C05989,P00515,10028080.57,16266048.45,EUR,2021-11-08,Default,False
T09166,C09132,P02135,19253314.94,23580235.8,EUR,2020-10-08,Closed,False
T09167,C02506,P03176,37487011.93,10646942.4,NOK,2023-08-16,Default,False
T09168,C03956,P01140,36219827.01,8440067.38,USD,2020-03-13,Default,True
T09169,C01613,P04977,21560531.65,14104387.49,USD,2023-05-01,Default,True
T09170,C05017,P02158,8023089.0,3756927.68,USD,2025-07-18,Active,True
T09171,C05514,P04987,44172193.76,24340019.22,USD,2022-06-13,Closed,True
T09172,C05349,P08013,26559655.81,14802432.01,NOK,2024-03-11,Default,True
T09173,C09121,P00236,27236193.12,7554605.8,USD,2023-06-18,Default,True
T09174,C02610,P00308,41526646.3,1557786.74,EUR,2022-01-24,Default,False
T09175,C08167,P03827,26644741.04,3262696.61,EUR,2020-01-13,Closed,True
T09176,C05416,P06886,41640938.27,12490331.16,USD,2022-05-13,Closed,False
T09177,C03659,P05984,28786294.42,5332286.66,EUR,2020-07-13,Active,True
T09178,C01059,P02223,16771997.12,16322322.51,NOK,2021-11-26,Closed,True
T09179,C06518,P08576,36498156.62,9545733.98,NOK,2022-11-23,Active,False
T09180,C08109,P05704,12947916.23,19719615.89,USD,2023-10-27,Closed,False
T09181,C08597,P01481,23502473.97,21244528.32,USD,2024-12-21,Default,False
T09182,C05127,P05655,23715992.19,11477740.82,NOK,2020-11-30,Closed,False
T09183,C04913,P06846,42162503.54,18199274.95,USD,2022-11-20,Active,True
T09184,C08022,P06686,11249423.9,10183407.26,EUR,2021-10-13,Closed,True
T09185,C01876,P09302,11153377.38,1521726.57,EUR,2020-05-01,Active,True
T09186,C06560,P00257,42014909.14,14983724.9,EUR,2020-02-12,Default,False
T09187,C02719,P01389,3723580.0,20459430.02,EUR,2020-06-15,Closed,True
T09188,C04190,P03581,45506647.8,4718360.19,NOK,2020-11-15,Closed,False
T09189,C08040,P06783,10873408.81,19155556.25,USD,2025-02-15,Active,True
T09190,C08567,P05183,12145500.23,5354304.47,NOK,2020-03-20,Closed,False
T09191,C05985,P08365,35601758.13,8300077.22,NOK,2023-04-13,Closed,False
T09192,C01592,P06602,48755161.36,10820075.11,NOK,2023-03-17,Active,False
T09193,C01070,P03649,8584342.03,20381542.43,USD,2021-01-27,Closed,False
T09194,C03268,P05705,24304953.39,6628215.06,USD,2022-03-06,Closed,False
T09195,C02088,P03442,31334917.97,23332257.97,EUR,2024-08-04,Active,True
T09196,C01266,P06959,3236385.97,6267131.81,NOK,2020-03-25,Closed,True
T09197,C08504,P05830,10814513.04,17505662.38,NOK,2024-02-04,Active,True
T09198,C07216,P06141,1470006.7,7419480.53,EUR,2024-08-03,Closed,False
T09199,C09929,P01724,42903793.99,22339089.2,NOK,2020-03-20,Active,True
T09200,C08688,P00153,11180859.69,11390591.02,NOK,2025-09-27,Default,False
T09201,C07357,P00975,31688504.47,14384243.71,NOK,2023-10-08,Active,True
T09202,C08013,P02090,22448535.57,12759222.1,EUR,2023-03-18,Closed,True
T09203,C04558,P07325,41147327.25,21770336.88,USD,2020-03-31,Active,False
T09204,C05946,P04168,38506433.31,12412155.84,EUR,2021-06-25,Closed,False
T09205,C03073,P02431,45195552.24,6649485.22,NOK,2022-08-04,Default,False
T09206,C08816,P01692,47540124.26,9003426.69,USD,2023-04-06,Active,True
T09207,C06836,P03464,12577012.06,19848532.01,USD,2021-09-15,Active,False
T09208,C02908,P05562,22943382.51,608603.52,USD,2024-05-08,Default,False
T09209,C08303,P07486,38237026.2,17159202.13,USD,2022-02-13,Default,False
T09210,C01878,P04956,39547198.86,15642478.63,NOK,2024-08-02,Closed,False
T09211,C06348,P02909,42825008.81,13447636.43,NOK,2025-03-05,Closed,True
T09212,C02255,P09618,26796114.93,19678681.68,NOK,2024-11-26,Default,False
T09213,C07278,P08828,47644261.94,10191873.71,EUR,2021-02-19,Closed,False
T09214,C09267,P00415,10130913.54,16264027.74,NOK,2023-03-17,Closed,True
T09215,C07101,P05744,8415985.39,11549687.5,EUR,2025-08-06,Closed,False
T09216,C09860,P02537,12289258.94,22968466.2,EUR,2022-02-12,Active,True
T09217,C04217,P05936,10552603.34,18272930.27,EUR,2025-05-06,Closed,True
T09218,C09630,P07160,44030717.29,17178849.41,USD,2023-02-05,Active,False
T09219,C03018,P09081,9240617.93,4098334.98,NOK,2024-02-05,Closed,True
T09220,C07341,P02938,13674474.78,8312241.88,USD,2024-05-26,Default,False
T09221,C08635,P08594,20503451.17,20720794.56,USD,2020-09-27,Closed,False
T09222,C04448,P02722,24054758.86,14775475.45,USD,2023-12-05,Closed,False
T09223,C09553,P04506,29225961.12,3893197.11,NOK,2020-06-27,Active,True
T09224,C07815,P07861,37809186.72,680714.56,USD,2020-09-11,Default,True
T09225,C09556,P03712,40626809.44,13839305.15,NOK,2025-02-07,Closed,False
T09226,C06751,P02697,16146817.86,10450724.76,USD,2020-08-20,Active,True
T09227,C03734,P09696,8274853.73,13261721.8,NOK,2022-01-20,Closed,True
T09228,C03541,P07995,32849657.78,24493246.36,EUR,2022-11-23,Active,False
T09229,C02514,P02817,9860169.84,2836596.12,NOK,2024-08-23,Closed,False
T09230,C05922,P07451,27744092.47,24632081.51,NOK,2021-01-15,Active,True
T09231,C04681,P00228,48712164.48,10249454.98,USD,2024-12-11,Closed,False
T09232,C06747,P07140,22367881.02,3980646.06,EUR,2020-05-20,Active,False
T09233,C09942,P00894,16867767.73,4069146.12,USD,2020-04-29,Active,True
T09234,C04766,P07320,36407782.49,24656107.32,NOK,2025-02-10,Default,True
T09235,C03672,P08746,11109837.49,5174010.36,EUR,2022-02-16,Default,True
T09236,C07731,P04794,46714113.77,16297855.45,EUR,2023-03-01,Active,True
T09237,C06134,P00205,16799013.27,14188057.13,EUR,2022-10-23,Closed,True
T09238,C04445,P05762,35032937.8,19037103.55,EUR,2022-04-28,Closed,False
T09239,C03312,P03818,44017795.36,21791918.92,EUR,2022-05-17,Default,False
T09240,C01460,P08897,40336415.6,22755540.2,NOK,2022-01-06,Default,True
T09241,C06334,P05562,40777831.93,14770693.16,NOK,2023-06-21,Default,True
T09242,C09087,P04328,10097011.73,11396493.45,NOK,2024-07-19,Active,True
T09243,C04449,P05253,6828809.02,11121447.44,USD,2022-03-01,Closed,False
T09244,C09389,P09118,40256158.04,18110173.6,EUR,2024-12-01,Default,True
T09245,C05379,P02585,49479391.79,17466469.87,USD,2024-02-13,Closed,True
T09246,C03341,P02945,42558145.41,502178.44,USD,2025-08-15,Closed,False
T09247,C06406,P00014,2703282.88,1992171.78,EUR,2024-10-06,Closed,False
T09248,C07347,P01746,3238612.64,7289546.37,EUR,2022-04-29,Closed,False
T09249,C09433,P08038,1902744.22,16058315.6,USD,2023-05-12,Active,False
T09250,C08783,P08672,33060470.06,12259056.1,NOK,2021-04-30,Active,False
T09251,C07377,P07045,39705563.05,14365064.35,NOK,2020-05-01,Default,True
T09252,C06949,P02054,45002162.39,5639743.54,EUR,2023-10-18,Closed,False
T09253,C01604,P03220,44937152.74,22991021.45,EUR,2022-05-10,Active,False
T09254,C08330,P01426,20792735.38,23676897.7,NOK,2022-02-04,Default,True
T09255,C03144,P05781,38509536.77,579131.29,EUR,2022-01-24,Default,True
T09256,C03835,P07962,31873802.65,653805.78,NOK,2020-06-18,Active,True
T09257,C03772,P09695,24807395.08,4529278.59,EUR,2025-05-17,Default,False
T09258,C08130,P03319,27833617.4,22141694.03,EUR,2025-07-20,Default,True
T09259,C01809,P04793,36701644.79,13109986.54,USD,2020-08-08,Active,True
T09260,C00582,P01116,25758138.75,14140317.54,EUR,2024-04-01,Closed,False
T09261,C01948,P08058,17394278.5,19095514.53,USD,2022-07-13,Default,False
T09262,C00271,P05364,44272098.79,14723824.37,NOK,2022-02-20,Default,True
T09263,C01628,P03059,30806423.24,17190308.47,EUR,2020-04-06,Closed,True
T09264,C04980,P07134,2930427.8,24407948.89,NOK,2023-02-21,Active,True
T09265,C00592,P05758,28921275.14,10423279.77,USD,2024-08-09,Default,False
T09266,C07503,P08410,43886958.31,11112749.21,EUR,2024-10-27,Default,False
T09267,C00910,P02085,9344592.76,10763206.88,EUR,2020-06-09,Active,False
T09268,C00297,P02667,46710748.27,20886194.22,NOK,2021-09-27,Closed,True
T09269,C01166,P08094,2436161.58,20515365.63,NOK,2024-06-19,Active,True
T09270,C02905,P08646,15177038.18,15561234.23,EUR,2020-10-03,Closed,False
T09271,C01123,P06760,36359313.29,21410402.79,USD,2024-06-29,Closed,False
T09272,C05403,P00113,32100488.14,19412150.1,EUR,2020-03-04,Closed,False
T09273,C07931,P08776,49405595.27,8348516.62,USD,2024-02-20,Active,False
T09274,C01420,P06554,32744362.43,21502911.76,USD,2022-04-21,Closed,False
T09275,C06590,P05906,22593152.32,19995852.34,USD,2024-02-01,Default,True
T09276,C05202,P09707,23410301.67,5212908.75,NOK,2020-10-07,Active,False
T09277,C06928,P06682,6703735.72,10550566.64,USD,2025-02-23,Closed,False
T09278,C06801,P00048,28498293.2,17853170.75,EUR,2021-06-07,Closed,False
T09279,C01359,P08740,4996366.87,3297978.69,EUR,2023-04-16,Default,True
T09280,C03386,P07431,34501773.77,916054.35,EUR,2023-12-01,Default,False
T09281,C04724,P07597,46168975.03,3666073.49,EUR,2021-04-25,Closed,False
T09282,C07932,P05854,26489534.85,22636303.34,NOK,2021-03-24,Active,True
T09283,C01418,P02895,45134841.49,5550724.52,USD,2023-03-02,Active,True
T09284,C09264,P03792,20641369.4,6487093.5,NOK,2022-08-04,Active,True
T09285,C01321,P04499,17717550.68,7690618.5,EUR,2022-08-18,Default,False
T09286,C09495,P04907,45452876.38,6542964.22,EUR,2022-12-22,Closed,False
T09287,C01936,P08896,8729721.33,908769.48,USD,2025-06-26,Closed,True
T09288,C05856,P01846,41888208.81,19760049.71,NOK,2021-03-12,Default,False
T09289,C04741,P04809,30652470.11,15759484.19,USD,2022-11-09,Active,False
T09290,C06272,P07195,37429679.53,22654721.49,NOK,2022-09-09,Closed,False
T09291,C03137,P01461,12612818.89,6764641.55,NOK,2025-07-13,Closed,True
T09292,C09201,P09855,13976219.41,23712217.64,USD,2025-04-14,Active,False
T09293,C08491,P02132,37150096.62,23996615.12,NOK,2023-08-18,Default,True
T09294,C01921,P06959,2463477.23,4721027.66,EUR,2022-07-05,Active,True
T09295,C04337,P05685,14569405.96,21274481.66,USD,2023-11-01,Closed,True
T09296,C04842,P04359,31221079.68,6840023.25,EUR,2025-07-16,Active,False
T09297,C07718,P00780,27179254.31,10452538.06,EUR,2021-02-14,Closed,False
T09298,C01966,P04681,6862013.52,2699756.14,EUR,2024-10-05,Active,True
T09299,C00189,P02501,30040099.4,6715671.28,USD,2022-01-16,Closed,True
T09300,C01757,P06995,5644763.86,806494.42,NOK,2020-02-24,Closed,True
T09301,C05436,P02760,43125992.99,21790463.32,NOK,2025-10-09,Default,False
T09302,C04315,P06025,21461685.51,17249491.29,USD,2025-10-23,Active,True
T09303,C00700,P08340,21621077.45,3869334.43,EUR,2020-07-01,Closed,True
T09304,C09278,P05209,32328511.31,17326824.71,EUR,2025-10-13,Active,False
T09305,C07491,P02623,13272686.13,16082902.98,USD,2023-04-07,Closed,False
T09306,C06346,P03723,48987706.86,18377858.35,NOK,2021-07-23,Active,True
T09307,C00439,P00536,31739583.4,23258260.07,USD,2021-09-24,Active,True
T09308,C06237,P00315,5854014.74,15922497.22,EUR,2022-10-27,Closed,False
T09309,C04596,P04957,20869212.13,22817844.96,EUR,2022-04-24,Active,True
T09310,C07831,P04776,26455333.57,2050473.97,EUR,2020-12-21,Active,False
T09311,C05401,P08045,39394577.64,24420913.38,USD,2020-01-12,Default,False
T09312,C01695,P08710,28295166.41,791846.31,USD,2024-06-18,Active,False
T09313,C08996,P04725,46859660.23,2406403.45,EUR,2022-04-23,Default,False
T09314,C01532,P05854,13637490.08,5839742.6,EUR,2021-05-19,Active,False
T09315,C04339,P07672,37621835.63,24228336.09,USD,2025-05-25,Closed,False
T09316,C08354,P05937,22411923.27,2612429.23,EUR,2025-07-16,Active,True
T09317,C02825,P09073,41655853.09,14335825.54,EUR,2021-04-28,Active,True
T09318,C07040,P09968,45087994.1,4563392.73,EUR,2021-04-08,Default,True
T09319,C00631,P08203,24659742.56,16010179.82,NOK,2023-11-22,Default,False
T09320,C00455,P06577,34114042.92,18566092.4,USD,2024-01-07,Closed,True
T09321,C00744,P05711,22936596.46,7978304.31,EUR,2022-05-12,Closed,False
T09322,C06397,P03479,14988730.11,20131754.71,USD,2022-03-26,Closed,True
T09323,C05611,P03347,31754242.1,19878460.31,USD,2020-01-15,Default,False
T09324,C01175,P08304,6178659.0,21766070.6,NOK,2021-12-03,Default,False
T09325,C01269,P05879,35055031.07,9946275.29,NOK,2021-11-16,Default,False
T09326,C02589,P07147,46268100.51,21141285.67,NOK,2020-01-13,Default,True
T09327,C04117,P00027,30645938.07,12541365.67,USD,2022-02-17,Default,True
T09328,C05278,P03352,17054756.97,24802210.46,NOK,2020-09-24,Closed,False
T09329,C09472,P03546,49457518.05,19227184.55,USD,2021-10-28,Active,False
T09330,C06017,P04271,13898316.79,23706804.83,EUR,2022-06-07,Active,True
T09331,C01769,P07630,6418374.26,14291372.19,EUR,2022-06-12,Closed,True
T09332,C06651,P09395,3010179.35,13635405.79,USD,2022-04-02,Active,False
T09333,C04587,P00218,36389299.08,22009289.79,EUR,2020-10-23,Active,True
T09334,C02343,P04946,38783165.01,8976524.36,EUR,2022-03-03,Default,False
T09335,C07926,P01888,32855517.4,14251645.87,NOK,2025-01-24,Closed,False
T09336,C08391,P04481,42554334.63,3482896.65,USD,2024-09-18,Active,True
T09337,C07999,P07829,39115789.34,19943268.71,USD,2024-09-18,Active,True
T09338,C06403,P06907,44736641.04,14955560.8,NOK,2022-11-24,Default,False
T09339,C05113,P04983,35834673.58,12094496.0,USD,2020-04-24,Active,True
T09340,C00113,P03034,32892297.68,12033162.53,USD,2021-01-11,Default,False
T09341,C01303,P06207,27130081.57,19214937.02,EUR,2023-04-15,Default,False
T09342,C04961,P02952,8226874.77,7065756.21,EUR,2020-12-22,Closed,True
T09343,C09051,P07435,46878977.21,9444038.31,EUR,2022-09-18,Default,False
T09344,C01380,P01676,24953609.2,15831244.59,NOK,2023-11-28,Default,True
T09345,C07619,P07111,32293240.19,11554126.49,USD,2023-01-17,Default,False
T09346,C06636,P03783,6530331.97,13959545.53,NOK,2024-03-23,Closed,False
T09347,C03713,P05497,28693192.38,1175590.91,EUR,2024-01-24,Active,True
T09348,C06049,P08632,43777317.92,18136598.12,NOK,2025-07-17,Default,False
T09349,C00697,P00053,38085894.8,13574865.05,NOK,2020-08-01,Closed,False
T09350,C08093,P04861,40139485.03,2602019.59,EUR,2022-06-28,Closed,False
T09351,C07324,P05845,28593164.73,11392985.53,NOK,2022-12-09,Closed,True
T09352,C00121,P03632,45236452.63,17545587.73,NOK,2020-07-31,Active,False
T09353,C09560,P00841,45854538.13,7268204.86,EUR,2021-05-17,Active,False
T09354,C01866,P00718,19822175.33,2295323.5,USD,2022-04-02,Closed,False
T09355,C09907,P07435,9399534.85,11052220.64,EUR,2021-10-23,Active,False
T09356,C03411,P09158,18376438.93,10355219.92,EUR,2024-05-26,Default,True
T09357,C03280,P08661,5552795.87,17659363.92,USD,2021-10-29,Closed,False
T09358,C08177,P05007,5975130.66,20852690.26,EUR,2020-12-27,Active,False
T09359,C06393,P01616,47057249.33,11596097.05,EUR,2023-05-17,Closed,True
T09360,C09177,P02536,31552387.89,9217489.76,EUR,2025-05-02,Default,False
T09361,C02199,P09830,45198536.52,18205018.98,EUR,2022-02-25,Closed,False
T09362,C06823,P06875,40239634.09,12062276.83,USD,2025-07-05,Active,True
T09363,C09565,P01583,43867275.61,11948423.18,USD,2022-10-16,Default,False
T09364,C07185,P08085,13095147.97,3128505.96,USD,2022-07-04,Closed,False
T09365,C08122,P05375,35620327.5,4981852.18,NOK,2020-01-03,Default,False
T09366,C01110,P02193,40787111.45,12344230.06,NOK,2020-03-05,Active,True
T09367,C00702,P01836,8993315.69,1587660.63,USD,2024-11-14,Active,True
T09368,C07917,P04355,29010024.44,24616403.94,EUR,2021-02-09,Closed,True
T09369,C08442,P06683,28829371.65,3761042.01,EUR,2025-04-25,Active,False
T09370,C02744,P02883,12310929.09,6803218.47,NOK,2021-10-04,Default,True
T09371,C03671,P07702,24122649.2,17121995.44,EUR,2024-08-23,Active,True
T09372,C01351,P00242,26631698.44,16533179.08,EUR,2021-07-06,Default,False
T09373,C08115,P01433,48408353.93,22707926.21,USD,2025-07-01,Active,False
T09374,C06135,P01141,21314786.29,13105133.62,USD,2020-04-06,Active,True
T09375,C03223,P09643,3128089.44,15860776.69,USD,2025-03-26,Default,True
T09376,C09988,P01735,33015344.95,5110934.41,NOK,2024-11-26,Default,False
T09377,C04987,P00249,44596812.17,9420612.31,NOK,2024-12-25,Active,True
T09378,C00682,P04340,24948141.2,24504159.19,EUR,2025-07-17,Default,False
T09379,C08945,P02635,3477814.51,6883658.1,EUR,2024-10-18,Active,False
T09380,C03388,P08074,38995356.89,19602208.54,USD,2022-08-19,Active,False
T09381,C07437,P04709,23120903.84,18922107.76,USD,2023-11-09,Closed,True
T09382,C05520,P02067,5444531.9,7452567.6,EUR,2021-10-23,Closed,False
T09383,C09743,P05110,35889811.33,7921859.01,EUR,2021-05-19,Closed,True
T09384,C01822,P04434,34983863.71,17155838.7,NOK,2021-02-17,Default,False
T09385,C00475,P03796,22293191.97,19879040.37,NOK,2025-02-27,Active,False
T09386,C05489,P08632,7578441.83,4012043.2,NOK,2023-04-01,Closed,False
T09387,C07092,P03234,34629723.05,1477373.88,NOK,2023-05-24,Default,True
T09388,C06097,P05043,20963056.86,16026550.49,USD,2024-05-06,Active,True
T09389,C05863,P07541,37053718.42,3201169.77,USD,2024-10-30,Active,False
T09390,C01522,P07520,21781413.33,3041651.98,NOK,2022-08-02,Default,True
T09391,C06184,P01060,45264107.63,12686944.12,EUR,2025-07-01,Closed,True
T09392,C01954,P02436,28298038.94,3738796.21,EUR,2023-05-21,Active,True
T09393,C09303,P03412,13428694.96,4842136.38,EUR,2023-01-18,Default,False
T09394,C01175,P07625,48791321.31,2293990.82,USD,2024-01-19,Active,False
T09395,C07098,P02114,41488173.76,17834827.76,USD,2021-08-29,Active,True
T09396,C04203,P04619,33147257.46,6562570.67,EUR,2021-11-12,Default,True
T09397,C07367,P09269,43439460.81,16737486.84,NOK,2020-11-27,Default,True
T09398,C00014,P07125,18051839.53,8026616.28,EUR,2024-12-20,Default,True
T09399,C06767,P03628,6091121.0,16969310.89,NOK,2022-08-22,Closed,False
T09400,C07997,P03242,20777264.51,13503910.3,EUR,2020-09-13,Closed,False
T09401,C05564,P06044,6228763.99,16630784.32,EUR,2021-09-05,Default,False
T09402,C05015,P03215,41219038.47,1589578.94,EUR,2025-02-15,Default,True
T09403,C06161,P06028,40742406.58,23111174.45,NOK,2022-08-02,Closed,True
T09404,C06232,P01286,28739832.24,18655954.37,USD,2021-01-23,Default,False
T09405,C09866,P07154,15832802.18,4316028.29,NOK,2020-11-07,Active,False
T09406,C09510,P06736,45296544.69,11274234.29,USD,2024-01-13,Default,True
T09407,C00190,P08114,7054867.54,8770035.57,USD,2024-01-31,Active,False
T09408,C09468,P03969,44659481.48,21465330.85,USD,2021-11-26,Active,False
T09409,C08590,P00913,20781927.04,7621237.6,EUR,2022-04-11,Default,False
T09410,C02753,P01262,6421150.94,22735622.07,USD,2022-08-19,Active,False
T09411,C03772,P03662,8706322.93,11325200.52,NOK,2020-11-13,Closed,False
T09412,C00466,P01503,7419288.38,17273714.79,USD,2022-05-24,Active,True
T09413,C07972,P01430,18748183.55,23438800.37,USD,2023-09-15,Active,True
T09414,C01789,P03602,19516279.4,21031869.34,USD,2022-01-04,Active,True
T09415,C04376,P05157,38429126.24,16868170.45,NOK,2023-02-17,Active,False
T09416,C03381,P09257,6609932.03,24030481.65,USD,2021-06-29,Closed,True
T09417,C02516,P04872,5268467.82,23420971.08,NOK,2020-01-18,Active,False
T09418,C08171,P02760,38345277.23,8160282.17,NOK,2024-01-28,Default,True
T09419,C08280,P03945,25970436.02,23719907.56,EUR,2025-07-27,Active,True
T09420,C02562,P08671,43866258.52,18681135.78,EUR,2020-04-20,Closed,True
T09421,C07626,P09932,13581696.16,14794224.88,USD,2021-03-12,Active,False
T09422,C07111,P04613,27931815.55,2732746.16,NOK,2024-02-10,Active,True
T09423,C06935,P09316,46101656.17,24287182.56,USD,2020-05-23,Closed,True
T09424,C03455,P07562,36765941.25,17501254.75,USD,2025-09-16,Default,True
T09425,C00690,P05978,33363549.29,16892882.59,USD,2025-05-11,Default,True
T09426,C00551,P09677,18526016.96,23763712.81,USD,2024-04-27,Closed,True
T09427,C03181,P01669,40948878.35,12027071.59,USD,2025-04-23,Active,False
T09428,C02959,P02064,10412613.61,19728393.79,NOK,2021-02-01,Default,False
T09429,C04305,P08164,18735535.72,23067060.75,USD,2020-02-13,Default,True
T09430,C01414,P01767,39151079.06,20895224.04,NOK,2024-03-17,Closed,False
T09431,C08855,P01649,1075116.14,15561951.97,EUR,2025-06-08,Closed,False
T09432,C05390,P02066,45363627.01,13933238.4,USD,2020-09-12,Default,False
T09433,C04730,P04746,37581271.22,24081192.69,USD,2023-05-29,Default,True
T09434,C04474,P02451,4835069.33,4807034.81,NOK,2024-09-23,Closed,False
T09435,C02121,P08834,41189970.08,18088115.58,NOK,2023-09-13,Default,True
T09436,C07132,P01250,7298387.85,15841006.93,EUR,2021-10-06,Active,True
T09437,C07648,P00604,11747792.19,8913950.77,EUR,2024-12-13,Active,False
T09438,C04952,P07867,47058411.17,6363861.31,NOK,2023-08-02,Active,True
T09439,C07068,P03650,9008112.82,18302837.19,NOK,2023-01-23,Default,False
T09440,C02605,P08595,2896284.96,20795063.2,USD,2024-08-07,Closed,True
T09441,C09862,P07875,1315024.35,21927276.75,EUR,2024-09-12,Default,True
T09442,C00285,P07269,8274101.4,17478998.88,USD,2025-06-27,Active,False
T09443,C07622,P04536,35514594.5,21440284.45,USD,2022-12-24,Closed,True
T09444,C00418,P02223,13189004.07,5551649.6,NOK,2022-01-29,Default,True
T09445,C09845,P08172,17966168.18,2812052.03,NOK,2020-01-30,Active,False
T09446,C08273,P03268,11522896.16,6235230.97,EUR,2020-06-14,Closed,True
T09447,C04574,P09588,14057048.88,6457997.77,EUR,2021-04-20,Default,False
T09448,C04317,P09600,37836394.69,17133729.55,USD,2024-03-19,Closed,False
T09449,C07226,P02025,40850508.62,3014988.19,EUR,2023-09-07,Default,False
T09450,C02055,P07741,37491606.08,3295659.83,NOK,2025-09-03,Active,True
T09451,C05562,P02120,33977495.63,14160136.93,EUR,2020-07-07,Closed,True
T09452,C07204,P02479,41987344.4,13884909.57,USD,2023-11-09,Closed,True
T09453,C00234,P05614,35937302.06,23897083.6,NOK,2021-03-22,Closed,False
T09454,C07404,P05956,35201121.71,13757473.06,USD,2024-03-23,Closed,False
T09455,C02597,P05325,47664528.72,21642534.34,NOK,2023-05-06,Default,False
T09456,C03366,P03687,16782378.73,9969420.49,NOK,2020-12-21,Active,True
T09457,C02347,P00245,6339973.08,22723744.26,EUR,2020-02-08,Closed,True
T09458,C08076,P04510,9618507.53,1153576.53,NOK,2023-02-10,Default,True
T09459,C09085,P04436,13246276.33,22012197.59,EUR,2024-07-23,Closed,False
T09460,C08481,P03119,29848354.26,2249572.23,USD,2024-07-04,Active,False
T09461,C03651,P07082,43900342.0,8002654.03,EUR,2025-10-01,Default,False
T09462,C09653,P01923,29850026.21,8350911.26,NOK,2020-08-31,Default,False
T09463,C00682,P09593,24396068.7,3590537.05,NOK,2025-07-11,Active,True
T09464,C06241,P00673,11991012.49,24888462.12,USD,2023-04-13,Active,True
T09465,C07020,P06405,3223884.43,9552608.35,USD,2022-05-10,Active,True
T09466,C07114,P06378,19290235.43,19799550.09,NOK,2020-01-07,Default,True
T09467,C07966,P04941,47993226.7,9430034.1,USD,2024-07-21,Closed,True
T09468,C03402,P09829,17196756.91,9469386.42,USD,2020-12-27,Active,False
T09469,C08618,P05654,1922118.9,3492278.73,USD,2021-09-27,Active,False
T09470,C04622,P08639,29810922.15,3920356.48,NOK,2025-06-23,Default,False
T09471,C07393,P02747,6523136.13,10838962.43,NOK,2023-03-28,Default,False
T09472,C00345,P09442,47655284.23,12401838.38,USD,2023-07-30,Closed,False
T09473,C06270,P08008,17182276.28,7046205.9,USD,2022-03-08,Active,False
T09474,C00760,P05953,42342658.6,24175140.18,USD,2021-03-27,Default,False
T09475,C00056,P02047,43173789.13,11524583.45,NOK,2025-02-17,Closed,False
T09476,C02332,P07928,49960295.31,724112.67,NOK,2021-02-25,Active,True
T09477,C01235,P05067,36963589.91,14298414.76,EUR,2025-09-26,Active,True
T09478,C06255,P07165,29328347.09,21548614.65,NOK,2021-07-15,Active,True
T09479,C01100,P06062,2435261.51,20464539.7,NOK,2024-04-14,Default,True
T09480,C04092,P00987,37254925.82,8707934.64,NOK,2024-03-13,Active,False
T09481,C02725,P01591,42804645.78,18001015.01,USD,2024-01-07,Closed,True
T09482,C00191,P04147,44032544.77,19865421.51,EUR,2025-01-08,Default,False
T09483,C02060,P01517,9346999.29,18317893.07,NOK,2021-12-18,Closed,True
T09484,C00262,P05849,10859821.59,2976343.36,EUR,2025-05-17,Closed,True
T09485,C06267,P02556,45579038.06,8386997.08,NOK,2020-08-09,Closed,False
T09486,C08089,P01425,49468779.72,6044679.06,USD,2023-09-25,Closed,True
T09487,C05769,P08464,31630190.97,23115528.97,USD,2022-01-26,Active,False
T09488,C08728,P01028,15659465.92,22611747.81,EUR,2024-06-17,Closed,False
T09489,C06791,P02576,18148485.99,7517166.38,EUR,2024-03-05,Closed,True
T09490,C01493,P06897,23065282.74,16970148.27,EUR,2024-12-08,Active,False
T09491,C01594,P08125,34739144.61,23181640.36,USD,2021-11-29,Closed,True
T09492,C06828,P04037,30911412.35,19429184.98,NOK,2025-02-13,Closed,False
T09493,C03680,P04206,30716940.01,15785640.38,USD,2025-04-06,Active,True
T09494,C09959,P01476,14356085.45,9915073.79,USD,2025-04-01,Closed,True
T09495,C08197,P08441,19667076.35,12666902.97,NOK,2023-05-02,Closed,True
T09496,C06746,P07836,19125123.56,11586494.92,NOK,2022-07-14,Default,False
T09497,C04774,P04335,38347191.65,12052544.21,USD,2023-12-18,Default,False
T09498,C04809,P05272,37264520.57,864671.39,USD,2024-12-09,Default,False
T09499,C05259,P07097,4249638.86,5561492.18,EUR,2024-05-26,Default,False
T09500,C07239,P00886,1156423.0,629394.99,EUR,2024-01-05,Default,True
T09501,C09794,P03753,31753716.79,24625917.08,USD,2022-12-31,Default,False
T09502,C02066,P03238,49698297.25,14661531.27,USD,2022-11-06,Closed,False
T09503,C09882,P09243,37022353.83,23910287.13,USD,2023-11-09,Active,True
T09504,C05151,P04610,23005524.67,24531175.93,EUR,2025-06-22,Active,True
T09505,C09742,P06738,18036231.13,2980922.23,USD,2023-06-08,Closed,False
T09506,C00801,P01613,12541205.84,24074858.28,NOK,2024-06-19,Active,True
T09507,C09793,P01131,20338922.07,19737333.68,NOK,2024-02-16,Active,False
T09508,C06474,P08137,3657692.44,20115323.06,NOK,2025-05-28,Default,True
T09509,C05348,P01445,42444714.87,4193864.55,NOK,2025-04-15,Active,True
T09510,C01887,P01732,12504012.5,13289494.15,EUR,2024-06-26,Default,True
T09511,C06412,P05227,37948863.46,17791003.69,NOK,2023-12-31,Default,True
T09512,C01043,P00301,23749161.92,20256783.25,NOK,2020-12-12,Closed,False
T09513,C09124,P08054,34934545.46,4506750.47,NOK,2024-12-06,Default,False
T09514,C05108,P03902,4035809.76,1441551.17,NOK,2021-08-11,Active,True
T09515,C06529,P03509,25583928.01,3428666.59,NOK,2021-03-20,Closed,True
T09516,C03487,P03536,29273177.76,8790741.73,USD,2020-05-30,Active,True
T09517,C01199,P06787,49136949.89,15110649.81,USD,2023-01-18,Active,False
T09518,C00187,P08580,2015221.03,5290827.14,NOK,2020-03-10,Closed,False
T09519,C06867,P08330,49595994.86,5202222.21,NOK,2023-06-08,Active,False
T09520,C00423,P02669,36601463.7,24004365.84,NOK,2023-03-03,Default,False
T09521,C02800,P03853,6010690.25,3721499.59,NOK,2020-04-12,Active,False
T09522,C04050,P08028,34177080.26,23441136.09,USD,2024-12-21,Default,True
T09523,C01500,P09476,17210463.91,16352058.37,NOK,2022-08-06,Default,True
T09524,C00880,P08161,16307704.69,5582578.37,NOK,2022-04-04,Closed,True
T09525,C04731,P02290,38895648.28,14338748.45,EUR,2024-07-08,Closed,False
T09526,C08863,P04323,39972263.88,11692697.51,EUR,2024-07-06,Active,False
T09527,C06257,P07308,24959691.61,23948973.19,USD,2024-04-20,Active,False
T09528,C06390,P06744,27343766.27,1226856.64,USD,2023-02-23,Active,True
T09529,C01735,P05048,35035851.01,12698563.94,NOK,2021-04-19,Active,True
T09530,C00511,P06867,44467624.15,13063400.84,USD,2022-05-30,Active,True
T09531,C00127,P04170,19691792.73,14424287.69,EUR,2024-04-26,Active,False
T09532,C08206,P02516,37232628.04,14811313.99,EUR,2020-06-08,Default,False
T09533,C03055,P03993,24722061.09,15813926.44,NOK,2021-09-19,Closed,True
T09534,C04705,P06988,6747104.93,5314116.36,NOK,2025-04-08,Active,False
T09535,C07254,P09919,16752747.47,15811868.9,USD,2022-12-03,Active,False
T09536,C02291,P09016,43931284.24,21652476.16,USD,2023-02-10,Default,False
T09537,C09889,P04860,17812600.29,1533934.84,EUR,2024-07-26,Closed,False
T09538,C02689,P08121,24406940.53,11315941.93,NOK,2022-06-26,Default,False
T09539,C07700,P08276,7578974.04,20170385.45,EUR,2020-09-12,Default,False
T09540,C05885,P06349,10989347.1,22988363.83,USD,2020-12-15,Closed,True
T09541,C05243,P05704,40439612.1,9976368.74,USD,2023-08-27,Default,True
T09542,C08352,P05511,46754368.11,5439537.61,NOK,2020-05-11,Active,True
T09543,C01234,P05368,32570957.35,12238934.97,NOK,2021-04-10,Closed,True
T09544,C09112,P02022,22411566.64,3097250.36,EUR,2023-04-29,Closed,False
T09545,C05913,P04054,12609710.7,14839524.35,NOK,2025-07-18,Active,True
T09546,C04099,P06993,3134070.14,5404755.18,USD,2022-04-11,Default,False
T09547,C07186,P06147,24297020.08,13406388.67,EUR,2025-02-23,Active,False
T09548,C01846,P00053,49085932.26,16956254.24,NOK,2023-10-02,Closed,True
T09549,C04480,P01320,41240322.24,13241627.41,EUR,2022-01-03,Active,True
T09550,C09137,P06663,40766760.57,6706874.71,NOK,2022-08-10,Active,False
T09551,C08789,P08959,41798632.98,13829047.16,USD,2025-10-31,Active,False
T09552,C01445,P07084,47878610.47,2397532.65,EUR,2022-12-04,Default,True
T09553,C01315,P00786,26995248.16,12764474.49,USD,2021-06-07,Closed,False
T09554,C07162,P09485,35327237.6,23544386.14,EUR,2024-12-19,Default,False
T09555,C01099,P01306,43707445.18,3218416.51,NOK,2024-07-04,Default,True
T09556,C02515,P08991,28362467.45,23120546.55,EUR,2022-02-08,Active,True
T09557,C03781,P08023,1399672.31,7882673.86,EUR,2024-06-27,Active,False
T09558,C06922,P06900,34880529.74,20028230.2,NOK,2023-08-09,Closed,False
T09559,C00292,P01030,42665473.12,19353838.54,USD,2020-03-01,Default,False
T09560,C07660,P00471,32271166.49,18383266.47,EUR,2023-08-19,Active,False
T09561,C09843,P09308,3668352.72,19883542.71,NOK,2022-04-01,Active,True
T09562,C07669,P02585,2519242.95,19337424.64,USD,2020-02-21,Active,False
T09563,C07271,P06057,39196777.25,20858522.71,USD,2023-10-18,Default,False
T09564,C06159,P07246,34906013.25,9712677.48,EUR,2021-02-08,Closed,True
T09565,C09835,P08876,5770474.29,7495331.5,NOK,2024-02-28,Default,False
T09566,C05690,P06452,9191028.1,8550957.78,EUR,2023-09-28,Active,False
T09567,C01203,P07519,16950372.36,18786844.98,NOK,2020-09-27,Active,False
T09568,C03636,P03422,17830405.19,18610395.36,USD,2023-11-27,Default,True
T09569,C06040,P01149,18712544.5,1336365.21,USD,2021-01-25,Default,False
T09570,C00703,P09094,27717258.55,16680616.39,NOK,2025-10-14,Active,False
T09571,C03190,P07555,8602247.91,4375192.34,NOK,2022-01-20,Default,False
T09572,C09495,P06158,16686779.8,14977500.61,USD,2022-02-11,Closed,True
T09573,C09718,P03890,2623209.44,3124754.96,NOK,2021-08-27,Default,True
T09574,C08623,P06774,25418205.78,1324550.5,EUR,2023-02-07,Active,False
T09575,C01956,P05054,6754897.2,5459241.12,USD,2021-06-19,Default,False
T09576,C07422,P02729,48574334.32,24156486.12,USD,2024-06-22,Default,True
T09577,C04910,P08642,39021217.32,1339766.87,EUR,2021-07-06,Default,True
T09578,C06236,P03106,44652251.56,7340427.98,NOK,2024-12-26,Active,False
T09579,C00963,P09685,34822894.14,10748770.32,EUR,2022-05-31,Default,True
T09580,C02206,P01821,32135887.72,23783637.32,EUR,2025-08-09,Default,True
T09581,C09189,P07327,41032036.83,20154607.13,USD,2020-01-23,Closed,True
T09582,C03562,P06937,11734545.26,14620687.81,USD,2021-05-08,Active,False
T09583,C09369,P00557,30137387.21,21378698.05,NOK,2022-03-13,Closed,True
T09584,C07882,P00158,37745434.68,11050137.75,EUR,2020-07-06,Active,True
T09585,C08214,P05962,32358008.59,9350049.42,NOK,2020-01-23,Closed,False
T09586,C03731,P06284,45151046.67,8007589.15,NOK,2020-09-04,Closed,True
T09587,C01226,P00248,33464849.38,20150756.2,USD,2020-02-09,Active,False
T09588,C07417,P00066,22295613.64,19108796.82,USD,2024-05-26,Default,True
T09589,C01820,P08097,49036129.28,12283556.06,USD,2022-08-08,Default,True
T09590,C08491,P04094,14372762.04,18137617.9,USD,2020-03-17,Closed,True
T09591,C09604,P08775,11183122.12,17315942.97,EUR,2020-06-17,Active,False
T09592,C07544,P06715,23616881.98,17517270.37,NOK,2025-03-11,Closed,True
T09593,C06793,P01324,23421188.27,18551767.14,USD,2020-12-31,Closed,False
T09594,C03055,P00718,6427724.15,14970129.59,NOK,2024-11-21,Closed,False
T09595,C08455,P03536,36003052.17,18042381.82,EUR,2023-02-28,Closed,False
T09596,C04563,P07314,47133898.55,21310701.55,USD,2022-02-03,Default,False
T09597,C06422,P03925,29589737.41,6841251.33,EUR,2021-04-02,Active,True
T09598,C03360,P05711,9911750.29,5819248.55,EUR,2025-10-27,Default,False
T09599,C08361,P03542,31802142.99,16055225.0,EUR,2024-10-08,Closed,False
T09600,C01020,P09656,9433165.55,13721949.2,NOK,2025-07-13,Active,False
T09601,C03538,P05862,35605576.02,18337005.26,USD,2021-10-27,Closed,False
T09602,C06090,P02413,45507958.53,7467024.27,USD,2021-11-19,Active,True
T09603,C00994,P08629,45264117.48,19303477.43,USD,2025-07-16,Active,False
T09604,C06105,P06860,20331189.36,8205630.5,EUR,2025-07-19,Closed,False
T09605,C09214,P05754,16950880.88,9469499.27,EUR,2024-03-10,Active,True
T09606,C02679,P04978,5762604.11,1965874.25,USD,2023-03-08,Default,True
T09607,C07605,P07150,15968952.86,22743193.3,EUR,2023-08-11,Active,False
T09608,C00838,P03344,11700577.79,12693523.11,EUR,2021-08-24,Default,False
T09609,C01326,P02740,5737041.01,16417063.02,EUR,2020-07-29,Active,True
T09610,C01356,P05850,10394647.85,11951063.87,USD,2022-01-03,Default,False
T09611,C04634,P07458,46582285.64,14422023.14,EUR,2021-02-18,Default,True
T09612,C00215,P02594,45205294.3,5222785.49,NOK,2024-10-01,Closed,True
T09613,C01068,P01541,49673912.93,2067914.27,NOK,2020-08-08,Active,False
T09614,C00421,P00496,35640135.76,9506383.66,NOK,2024-11-04,Closed,True
T09615,C02021,P03966,22394572.91,10427191.38,NOK,2020-11-20,Active,False
T09616,C09698,P07188,16114915.76,7259094.25,USD,2024-12-06,Closed,False
T09617,C01642,P08912,2139738.19,8377419.92,EUR,2020-08-02,Closed,True
T09618,C08468,P03255,10373112.08,9495293.69,NOK,2022-05-07,Default,False
T09619,C06450,P01150,25444120.7,11699591.5,NOK,2022-11-12,Active,True
T09620,C03546,P07972,12886654.81,4162313.44,EUR,2020-07-10,Closed,True
T09621,C09737,P03329,3922930.43,12408027.48,USD,2021-10-11,Closed,False
T09622,C09077,P02928,49659186.78,16145929.64,EUR,2022-06-04,Closed,False
T09623,C01622,P03982,10908269.8,9384716.89,USD,2025-04-20,Active,False
T09624,C00143,P08148,32739976.88,24802697.83,USD,2023-11-14,Closed,True
T09625,C09396,P02148,2161191.56,11461089.25,USD,2020-07-01,Closed,True
T09626,C03902,P00038,7464076.87,4816585.62,EUR,2021-07-31,Active,False
T09627,C01377,P08589,37781543.75,18204460.56,NOK,2021-01-08,Default,True
T09628,C01745,P00884,25104475.09,1332018.78,USD,2020-09-17,Closed,True
T09629,C01582,P03370,24267317.38,13462519.79,USD,2024-09-01,Closed,False
T09630,C02171,P09205,48317111.37,8803831.24,NOK,2021-06-21,Active,True
T09631,C09298,P02900,12626534.34,1022345.18,EUR,2024-11-12,Default,True
T09632,C05588,P03693,25598783.52,12011475.41,NOK,2020-06-30,Active,True
T09633,C06076,P04382,20926425.5,1976886.47,EUR,2025-01-10,Default,False
T09634,C09650,P07213,38255670.04,3933848.8,NOK,2020-01-09,Default,False
T09635,C08473,P09103,11134564.92,13770684.45,NOK,2023-06-06,Closed,True
T09636,C08894,P02479,34594309.27,2971563.37,USD,2024-07-26,Active,False
T09637,C00931,P05606,22324021.17,10326885.32,EUR,2021-11-08,Active,False
T09638,C06397,P06536,47540250.66,2218890.07,EUR,2021-11-16,Default,True
T09639,C08237,P02319,28154092.71,3440468.45,EUR,2021-06-10,Closed,True
T09640,C04855,P03346,2885168.93,21419743.21,USD,2023-05-07,Closed,True
T09641,C05113,P02732,38589604.69,4116474.84,NOK,2022-11-14,Closed,True
T09642,C06164,P04785,48609749.91,7214243.09,USD,2023-01-12,Active,False
T09643,C01035,P07684,23878154.51,1294257.16,USD,2021-04-26,Active,False
T09644,C00356,P05933,9124302.61,7333230.35,USD,2022-02-24,Default,True
T09645,C03127,P04591,26371906.48,16399066.21,NOK,2024-07-11,Active,False
T09646,C02111,P07570,48786421.34,3133609.88,USD,2025-06-09,Default,False
T09647,C06266,P02915,43064024.28,3816246.8,EUR,2025-05-21,Closed,False
T09648,C09715,P05862,41342821.05,10171364.98,USD,2025-09-11,Closed,False
T09649,C08672,P01764,30764493.07,15178543.63,USD,2020-12-19,Active,True
T09650,C01349,P00543,7658519.33,8824065.15,USD,2020-10-02,Active,True
T09651,C03531,P04384,27153656.08,24098153.84,NOK,2020-10-13,Active,True
T09652,C09851,P02192,28586785.24,19499981.26,USD,2020-01-21,Closed,False
T09653,C09178,P01890,28690430.4,15865911.98,NOK,2025-08-12,Active,False
T09654,C06115,P01971,29146576.36,15972609.25,NOK,2025-10-01,Default,True
T09655,C09693,P08174,31264820.65,23977582.07,USD,2021-11-03,Default,False
T09656,C00460,P04322,3297099.01,10453465.12,EUR,2025-01-26,Active,True
T09657,C01262,P07013,13983805.38,15170193.63,EUR,2021-10-01,Closed,False
T09658,C00607,P02280,13939031.81,14331527.01,USD,2023-03-27,Active,True
T09659,C03534,P04634,10304697.6,2202483.47,EUR,2020-04-30,Closed,True
T09660,C03027,P09712,31831985.2,15441943.1,EUR,2023-05-19,Active,True
T09661,C04131,P07025,40805919.51,16460076.35,NOK,2020-11-01,Closed,False
T09662,C04170,P02437,4377686.89,15911551.41,EUR,2020-06-25,Closed,True
T09663,C05157,P01184,31864465.14,10397991.13,NOK,2024-03-14,Default,True
T09664,C05893,P07607,46060420.27,7981632.92,NOK,2024-09-18,Active,True
T09665,C03480,P04264,38431186.8,16007032.46,EUR,2021-08-22,Active,False
T09666,C03156,P09173,4464270.18,10041584.51,USD,2024-04-02,Active,False
T09667,C06140,P01353,32590899.78,15198493.84,NOK,2020-04-09,Default,False
T09668,C00972,P00540,45293346.94,17014658.24,NOK,2021-08-19,Active,False
T09669,C08770,P00642,27555251.95,20025754.3,EUR,2021-05-18,Active,True
T09670,C03663,P04576,34077136.11,16950277.71,USD,2023-09-29,Active,True
T09671,C04979,P07179,8640467.27,5185454.26,NOK,2020-02-19,Default,False
T09672,C05464,P02701,46807465.44,17762979.87,USD,2024-07-16,Closed,False
T09673,C03969,P09255,49856776.87,4756239.62,USD,2024-06-10,Active,False
T09674,C04344,P03989,1781659.84,7936535.83,NOK,2025-06-10,Active,False
T09675,C08806,P05664,40043316.83,7540480.15,USD,2024-12-24,Closed,True
T09676,C06023,P03748,44927596.07,15015198.25,USD,2023-07-27,Default,True
T09677,C00708,P03836,1009129.9,18334805.25,USD,2021-02-20,Closed,False
T09678,C03931,P07481,15832348.03,22579580.88,NOK,2020-01-25,Default,False
T09679,C05712,P05810,42251952.6,14614234.53,USD,2024-01-30,Default,True
T09680,C06710,P02082,26604938.86,7109969.36,USD,2020-01-28,Active,True
T09681,C03867,P03345,11486946.89,11682863.8,EUR,2025-01-27,Default,False
T09682,C03443,P07965,47347313.63,13651741.31,USD,2023-05-27,Default,True
T09683,C06192,P08165,47514455.8,16108813.02,NOK,2020-10-16,Active,False
T09684,C04496,P06253,18893346.42,19655520.01,USD,2022-12-20,Active,True
T09685,C06094,P04540,13093323.63,7978114.37,EUR,2023-08-19,Default,True
T09686,C01626,P04286,35326983.59,1286522.69,NOK,2023-04-07,Active,True
T09687,C01146,P08628,40990950.14,7335197.2,EUR,2021-09-15,Active,True
T09688,C00007,P04821,1172032.92,17165810.48,NOK,2024-07-15,Default,True
T09689,C07319,P01436,3323268.33,4231208.51,USD,2021-11-07,Closed,True
T09690,C08348,P01719,24919230.21,11645306.81,USD,2023-03-10,Default,False
T09691,C02344,P06299,34472550.51,14085287.29,USD,2025-06-09,Closed,True
T09692,C01568,P04355,27148379.08,12693147.24,EUR,2020-08-29,Default,False
T09693,C06142,P01132,1700534.44,6410288.05,USD,2022-10-29,Default,True
T09694,C05989,P01334,23577161.14,12132386.66,EUR,2021-10-21,Active,False
T09695,C06762,P06544,27695669.06,23042673.13,NOK,2024-12-28,Closed,False
T09696,C08283,P07238,48999289.14,6888192.15,USD,2021-12-15,Active,False
T09697,C03588,P00969,11411238.4,4157962.0,EUR,2020-11-30,Active,False
T09698,C07198,P09207,24757693.9,10119175.38,NOK,2025-04-09,Closed,False
T09699,C04430,P03318,45434463.59,19217710.35,USD,2022-09-28,Default,False
T09700,C02076,P05500,47641487.58,13350821.18,NOK,2023-02-24,Default,False
T09701,C02458,P02924,28196972.13,1146220.42,USD,2025-10-30,Default,True
T09702,C07917,P08218,24770519.15,20241443.59,NOK,2023-06-30,Active,False
T09703,C06940,P06209,28727610.94,15578867.02,EUR,2023-06-05,Default,False
T09704,C08807,P04744,45760567.29,7886778.7,USD,2024-07-18,Active,True
T09705,C03468,P01342,13155468.91,22000557.98,EUR,2022-12-19,Closed,False
T09706,C03077,P01595,13689463.78,14977493.8,USD,2023-06-28,Active,True
T09707,C07197,P08546,28980870.81,9326132.51,EUR,2023-11-25,Closed,True
T09708,C03891,P07497,14166632.22,15302566.74,USD,2022-10-03,Default,False
T09709,C07357,P03080,36669026.62,8280926.09,EUR,2025-07-15,Active,True
T09710,C04647,P07653,41925177.79,785928.16,USD,2025-07-20,Default,False
T09711,C02699,P03013,32344380.5,11929746.23,EUR,2023-08-12,Closed,False
T09712,C05753,P02043,15326787.41,4499921.92,EUR,2022-01-25,Default,False
T09713,C07306,P07645,35861710.47,7324000.18,USD,2024-07-12,Closed,True
T09714,C04507,P04306,27203458.21,16049857.44,USD,2025-09-21,Default,False
T09715,C01341,P06220,44187781.04,5296133.65,NOK,2025-01-21,Closed,True
T09716,C03769,P09357,39144980.22,9947070.1,EUR,2022-03-02,Default,True
T09717,C08793,P02733,43637637.54,7943221.1,NOK,2023-06-06,Active,True
T09718,C05159,P05220,14012633.59,23748783.41,EUR,2024-05-08,Default,False
T09719,C03357,P06027,14208219.07,23380969.44,USD,2024-10-23,Closed,False
T09720,C00182,P09966,3005577.64,13982173.87,NOK,2024-11-13,Closed,False
T09721,C02600,P07581,38813099.91,14351756.66,NOK,2022-03-25,Active,False
T09722,C06580,P09460,45020970.8,22261115.27,USD,2023-08-31,Default,True
T09723,C03850,P06699,1417180.69,18101443.74,NOK,2022-07-05,Default,False
T09724,C09135,P06144,15043473.91,6702568.35,USD,2024-07-20,Active,False
T09725,C01732,P08144,3028699.04,862433.44,NOK,2021-09-02,Active,False
T09726,C08212,P00304,2210961.55,908526.4,USD,2024-07-13,Active,True
T09727,C02975,P07966,1759287.91,9659944.25,USD,2020-08-20,Closed,False
T09728,C07471,P02327,2780567.74,5565117.06,EUR,2022-05-24,Active,True
T09729,C08640,P03656,28324741.1,21556321.22,USD,2021-06-29,Closed,True
T09730,C05064,P09431,39454767.96,9844875.62,EUR,2024-01-05,Default,True
T09731,C05301,P07440,20431826.18,8254150.57,USD,2024-07-22,Active,False
T09732,C01046,P04892,11473417.63,23807692.89,USD,2022-12-06,Active,False
T09733,C07491,P09135,13269859.45,7173403.44,EUR,2023-05-22,Closed,False
T09734,C05334,P05698,47057431.78,9397482.48,NOK,2024-04-01,Closed,False
T09735,C00692,P07033,45235153.02,15698832.28,EUR,2021-11-24,Active,False
T09736,C02718,P00957,8114614.04,2251786.28,NOK,2025-10-05,Default,False
T09737,C09563,P02560,21591798.33,17019925.11,EUR,2022-03-03,Closed,True
T09738,C01657,P04679,46043176.72,12611483.02,USD,2020-05-05,Active,True
T09739,C06970,P06445,11289815.58,4397511.75,EUR,2025-03-19,Default,True
T09740,C08502,P00313,15713519.94,20056605.2,USD,2021-06-25,Active,True
T09741,C03692,P05424,14370459.28,10463502.94,NOK,2021-01-20,Closed,False
T09742,C01129,P03728,2418815.85,6576495.24,EUR,2024-11-14,Closed,True
T09743,C07163,P08869,22116740.57,16071086.21,USD,2021-04-13,Active,True
T09744,C05054,P04358,3761179.48,20110695.45,EUR,2024-10-11,Default,True
T09745,C00611,P01668,31415154.07,20637355.42,NOK,2023-05-17,Default,False
T09746,C02460,P03250,11719090.22,4730900.05,NOK,2023-10-02,Default,False
T09747,C01927,P03681,4131747.99,3487701.94,USD,2024-04-17,Active,True
T09748,C07429,P06803,39084547.32,6127297.2,NOK,2024-07-29,Active,False
T09749,C05067,P01545,25736819.05,6289948.11,USD,2020-11-21,Default,False
T09750,C05587,P04802,7901779.91,24597236.48,USD,2024-04-29,Active,False
T09751,C05439,P09541,21459753.56,7645066.32,NOK,2021-04-18,Active,True
T09752,C07765,P04227,45249223.59,19485722.47,EUR,2023-11-10,Closed,False
T09753,C04915,P01810,20109989.18,17016654.45,USD,2023-04-09,Default,False
T09754,C03569,P03876,21307858.8,841585.4,NOK,2024-08-07,Active,False
T09755,C04765,P01575,26021800.21,2126584.97,NOK,2024-01-13,Closed,False
T09756,C01250,P09647,12814105.28,12319639.13,USD,2024-12-11,Default,False
T09757,C07366,P03037,46349986.71,24664586.03,EUR,2020-03-27,Active,False
T09758,C05996,P07366,48785417.39,9518297.46,USD,2023-04-23,Closed,True
T09759,C03241,P01443,16757392.9,18550718.68,NOK,2020-08-18,Default,True
T09760,C01131,P08849,26620965.01,24528217.46,NOK,2022-04-10,Default,True
T09761,C04344,P03510,11429448.8,23820292.97,EUR,2020-08-28,Closed,False
T09762,C04820,P03105,38952627.95,21858056.38,NOK,2020-11-25,Default,False
T09763,C06936,P07738,43103858.21,14464122.83,NOK,2024-07-18,Active,False
T09764,C05346,P07420,5550216.25,10190127.39,EUR,2022-09-24,Active,True
T09765,C04979,P06494,16017683.93,12575891.15,EUR,2023-10-15,Active,False
T09766,C03732,P07743,43393772.02,683310.43,NOK,2024-10-22,Closed,True
T09767,C08442,P09720,47583269.19,13142374.96,NOK,2021-01-15,Closed,False
T09768,C09773,P08947,48429627.17,22952485.76,NOK,2022-09-21,Default,True
T09769,C01475,P03701,45058840.92,520499.43,EUR,2020-11-18,Default,True
T09770,C08263,P07184,12653124.29,1349615.52,NOK,2021-06-07,Active,False
T09771,C01431,P08803,9849557.01,5024589.37,NOK,2023-02-09,Closed,False
T09772,C04540,P09623,10370110.92,17181747.89,EUR,2024-03-22,Closed,True
T09773,C08378,P01765,5629392.51,9512614.45,NOK,2022-10-20,Closed,False
T09774,C08621,P01858,14528748.78,591014.49,USD,2024-05-13,Active,True
T09775,C02231,P02945,32026313.25,12791143.45,NOK,2022-05-28,Active,False
T09776,C09057,P01053,11369110.8,20542758.33,NOK,2020-12-23,Default,False
T09777,C02659,P09898,41566781.77,23443224.2,USD,2020-02-28,Active,False
T09778,C04070,P07157,21214037.42,11711772.95,EUR,2024-03-26,Default,True
T09779,C02824,P03539,29056047.57,8644465.82,USD,2024-11-13,Default,False
T09780,C06973,P02961,41470347.14,19481603.66,USD,2020-11-26,Default,True
T09781,C05398,P04047,1834101.63,17294968.84,NOK,2020-09-01,Active,False
T09782,C01998,P03138,41242734.11,7442013.65,USD,2020-02-18,Default,False
T09783,C08985,P05615,13213537.78,20371875.56,EUR,2022-03-18,Active,True
T09784,C00455,P07521,32249929.59,4435405.09,USD,2025-10-15,Default,False
T09785,C03251,P02278,23956757.6,2918571.67,USD,2024-09-19,Active,True
T09786,C07199,P02683,7721492.66,20655792.9,EUR,2024-01-10,Default,False
T09787,C00198,P01396,35759111.09,1619900.73,EUR,2024-10-04,Default,True
T09788,C08874,P04990,17007137.01,12594838.08,NOK,2021-05-31,Active,False
T09789,C06533,P05555,18715686.63,19270352.44,EUR,2021-06-01,Closed,False
T09790,C07877,P05796,8375257.59,9946234.3,NOK,2024-09-20,Active,True
T09791,C01925,P03830,2245093.31,13652753.56,EUR,2025-07-15,Active,True
T09792,C03379,P06663,45841428.33,10565497.96,USD,2021-09-27,Closed,True
T09793,C06772,P05968,30205016.01,6612510.56,NOK,2025-02-04,Default,False
T09794,C07095,P07193,48321946.91,5027715.46,USD,2021-04-15,Active,True
T09795,C02242,P08861,3253622.57,4239576.51,EUR,2023-05-17,Closed,True
T09796,C09845,P09227,45464145.85,19741797.03,NOK,2023-11-07,Default,False
T09797,C02408,P09348,6952782.35,5315392.88,USD,2022-09-08,Active,False
T09798,C01868,P01145,46365218.48,16460988.24,NOK,2025-02-10,Closed,True
T09799,C06511,P05134,38489955.59,24708054.11,USD,2021-07-29,Closed,False
T09800,C08867,P08945,23917829.62,12066439.14,EUR,2021-10-07,Active,False
T09801,C07872,P00288,21503617.68,12071679.85,EUR,2022-11-24,Closed,True
T09802,C09104,P08058,48378468.33,16630168.57,USD,2022-11-08,Default,True
T09803,C03132,P05301,39001388.35,5278045.77,EUR,2021-10-19,Active,False
T09804,C05929,P08412,38512136.5,2698736.03,USD,2020-06-12,Default,True
T09805,C09584,P01278,49233818.9,23362106.3,NOK,2020-09-29,Default,True
T09806,C00975,P04439,1974261.38,1773859.03,NOK,2020-03-16,Active,False
T09807,C00614,P07930,27495347.01,22913208.26,NOK,2020-03-26,Active,True
T09808,C00672,P06955,11133944.37,3521413.94,USD,2022-07-09,Default,True
T09809,C09815,P08342,3290622.66,19661277.61,NOK,2023-01-24,Active,True
T09810,C03316,P00692,13431489.14,1541209.14,NOK,2025-09-28,Default,True
T09811,C03649,P03953,43836306.41,14401844.54,EUR,2020-10-01,Default,True
T09812,C05077,P01183,39627116.91,16370948.75,EUR,2022-04-07,Default,False
T09813,C06424,P06397,15488289.77,22773829.35,EUR,2023-03-14,Default,True
T09814,C01185,P07067,33865493.34,6534738.19,USD,2020-02-04,Default,True
T09815,C06908,P08779,1746222.16,10672445.17,NOK,2021-01-04,Active,False
T09816,C02936,P01713,37117758.88,12540372.97,EUR,2025-07-19,Closed,False
T09817,C04212,P04985,6985421.04,24801705.17,NOK,2025-07-11,Closed,True
T09818,C03684,P01690,1660576.5,16992844.33,EUR,2024-10-06,Closed,False
T09819,C02848,P05300,32979469.23,14885295.66,USD,2022-08-03,Closed,False
T09820,C04748,P09157,28109403.43,14927477.42,EUR,2025-02-23,Closed,True
T09821,C02274,P04903,35478440.14,5300054.61,USD,2021-06-23,Active,True
T09822,C08966,P07658,43428030.3,19939503.78,NOK,2022-02-27,Active,True
T09823,C02922,P08208,23696031.93,21462524.59,USD,2021-07-11,Closed,True
T09824,C06601,P05014,6708557.02,12779975.73,EUR,2023-04-11,Active,False
T09825,C02401,P06188,27251044.17,5148196.66,EUR,2024-01-13,Closed,True
T09826,C00266,P07955,35914446.59,7689566.82,USD,2024-03-17,Default,False
T09827,C00969,P09700,28510183.23,12228696.56,EUR,2025-10-07,Active,True
T09828,C07077,P06569,17537610.29,15911235.21,NOK,2025-04-21,Default,False
T09829,C04925,P03697,37309064.13,12753901.86,NOK,2024-04-14,Closed,True
T09830,C01494,P07409,6709586.29,23203186.0,NOK,2020-06-22,Closed,True
T09831,C04775,P02742,29653230.99,15785836.33,NOK,2024-07-29,Default,True
T09832,C07969,P05541,42642445.44,774434.36,EUR,2022-11-22,Default,False
T09833,C07867,P03945,28302315.85,22175422.16,USD,2020-02-27,Active,False
T09834,C01300,P02266,12234994.41,11891316.45,NOK,2022-02-18,Default,False
T09835,C08628,P07843,6347048.46,18645668.34,USD,2020-11-28,Default,False
T09836,C07911,P04944,27191999.3,23179649.61,EUR,2020-06-10,Active,False
T09837,C07964,P05756,11862408.71,9171792.01,USD,2024-01-14,Active,False
T09838,C06115,P04356,27292581.04,14532904.92,NOK,2025-07-02,Default,True
T09839,C02380,P00388,10522879.88,21641983.71,NOK,2022-07-25,Active,True
T09840,C01281,P00330,34499973.14,21483556.25,EUR,2021-06-18,Closed,False
T09841,C01958,P03858,10621637.46,10087927.73,USD,2024-04-01,Closed,False
T09842,C04387,P07148,19847510.58,4702021.38,NOK,2021-08-24,Closed,True
T09843,C03532,P08902,40248271.98,22834535.77,EUR,2024-04-01,Closed,True
T09844,C06409,P07610,33188842.62,14278308.95,EUR,2021-06-30,Closed,True
T09845,C08949,P07868,43980437.58,13662220.2,NOK,2021-08-16,Closed,True
T09846,C03734,P09052,26522994.23,16451655.17,NOK,2024-07-16,Active,False
T09847,C03330,P08884,34594198.95,22579442.5,USD,2021-04-03,Active,False
T09848,C06630,P01197,24379760.36,22085554.19,NOK,2024-11-08,Active,True
T09849,C08903,P04529,3496456.57,17676289.3,EUR,2024-08-22,Closed,True
T09850,C02297,P06607,20613994.33,6920902.92,USD,2023-04-09,Default,False
T09851,C04742,P07460,7456021.45,19861072.2,USD,2024-02-23,Default,True
T09852,C00800,P06477,31682587.21,6166203.83,EUR,2020-04-27,Closed,False
T09853,C06804,P07005,47015825.88,18466775.45,EUR,2024-01-04,Closed,False
T09854,C08745,P08890,42369579.91,4125925.84,USD,2022-04-16,Closed,False
T09855,C08033,P03228,44079537.1,8447798.24,EUR,2020-06-09,Closed,True
T09856,C08934,P06373,13524251.16,14554630.94,EUR,2024-01-05,Closed,True
T09857,C05100,P02544,11907148.01,8808243.2,EUR,2020-01-19,Closed,False
T09858,C05309,P07129,48131660.86,9940317.58,USD,2023-08-15,Default,True
T09859,C03806,P04173,44530877.04,4541770.18,NOK,2020-08-07,Default,False
T09860,C06479,P01930,20839715.46,18720755.69,USD,2021-02-07,Closed,True
T09861,C04429,P03738,8716213.18,15707020.97,USD,2023-01-15,Closed,True
T09862,C02457,P01678,47511024.53,18484465.62,EUR,2022-06-09,Closed,True
T09863,C01892,P04536,27873036.17,916169.49,EUR,2020-11-28,Default,True
T09864,C09489,P05512,43144613.12,6496758.45,EUR,2021-07-19,Default,True
T09865,C07718,P06275,36830598.73,4899570.75,NOK,2020-02-17,Default,True
T09866,C09813,P02249,30027024.08,23330392.75,USD,2023-02-13,Active,True
T09867,C06884,P03374,35090124.77,18983174.77,EUR,2022-12-21,Default,False
T09868,C03835,P06574,24883582.4,19805227.23,NOK,2025-01-09,Active,False
T09869,C02604,P06638,39179641.45,18931256.57,NOK,2025-09-05,Active,False
T09870,C06410,P02802,48162884.43,19150840.34,USD,2020-09-24,Default,False
T09871,C02131,P06786,25956590.61,3278738.31,EUR,2024-06-11,Active,False
T09872,C08249,P02700,5001204.27,19728396.58,NOK,2025-10-31,Active,False
T09873,C09356,P06717,3196116.65,11767363.58,USD,2021-11-13,Default,True
T09874,C02109,P08439,35715413.67,21346517.47,EUR,2022-07-21,Closed,True
T09875,C00531,P07919,44303570.59,21508834.18,NOK,2022-04-17,Active,False
T09876,C01462,P07486,47915695.53,3024309.68,NOK,2024-09-11,Active,True
T09877,C09510,P04978,9711866.78,5004542.01,NOK,2023-03-07,Active,False
T09878,C03828,P07140,19555162.0,9252932.78,NOK,2023-11-03,Closed,True
T09879,C09837,P08373,24224226.51,4746461.88,NOK,2022-09-25,Closed,True
T09880,C07379,P09551,5260518.4,5799114.27,NOK,2022-01-26,Closed,True
T09881,C00432,P04107,48495836.04,20992122.73,NOK,2021-05-14,Closed,False
T09882,C03773,P06491,32718646.71,5888158.55,EUR,2022-08-25,Closed,True
T09883,C06402,P05070,31534786.39,1643199.32,NOK,2024-11-18,Default,False
T09884,C05188,P04646,11956404.27,4886188.78,EUR,2024-06-29,Default,False
T09885,C01349,P09079,43538578.42,16999126.89,USD,2023-02-24,Active,False
T09886,C00092,P02291,49887120.63,1435826.33,NOK,2024-06-12,Default,True
T09887,C03351,P04188,26396625.25,9042523.71,USD,2025-01-13,Default,True
T09888,C03372,P01269,17311764.92,12764481.18,EUR,2020-09-03,Default,False
T09889,C08542,P01930,12663684.87,3053607.55,USD,2020-08-29,Closed,False
T09890,C00721,P09267,30674960.43,8328104.32,USD,2020-12-21,Closed,True
T09891,C08595,P03175,41575211.12,11289668.74,EUR,2025-05-12,Active,True
T09892,C06342,P04224,26576408.09,24164080.29,EUR,2023-03-28,Closed,False
T09893,C03355,P00786,47165978.42,12945416.53,EUR,2024-12-15,Closed,False
T09894,C06259,P00628,48651055.89,19853537.41,USD,2025-08-07,Closed,True
T09895,C09688,P01381,45127335.58,1412111.1,EUR,2025-05-26,Active,True
T09896,C08793,P00299,15652655.8,6494059.8,NOK,2020-04-29,Closed,True
T09897,C03084,P04207,35678063.41,18037159.42,NOK,2022-08-04,Closed,True
T09898,C02556,P01697,3523903.6,1368360.26,EUR,2020-11-26,Closed,False
T09899,C05867,P01278,15572377.11,21500300.42,NOK,2024-09-13,Active,True
T09900,C07116,P01453,43512438.77,21769883.09,EUR,2023-07-06,Default,False
T09901,C02880,P09722,8682364.19,13140306.71,NOK,2021-06-14,Default,True
T09902,C09578,P03849,22146153.85,4566536.84,NOK,2024-06-21,Default,False
T09903,C07516,P06308,40680513.36,20854497.59,USD,2023-11-21,Active,True
T09904,C08652,P00547,33447217.86,24555335.69,NOK,2023-02-11,Active,True
T09905,C02676,P01198,22855955.15,4519183.96,EUR,2024-09-09,Closed,True
T09906,C04234,P01398,9841150.53,21174699.13,USD,2023-02-15,Default,False
T09907,C03243,P02728,41203269.67,6459338.86,USD,2022-08-09,Active,True
T09908,C03508,P07116,32512836.14,6532894.05,NOK,2023-08-11,Closed,True
T09909,C01747,P03289,3020449.53,3451864.03,NOK,2022-09-08,Active,True
T09910,C06273,P00431,37669999.81,5789132.22,EUR,2024-10-09,Default,True
T09911,C01479,P03878,9155024.49,8536585.95,USD,2021-05-08,Default,False
T09912,C00230,P05138,44442440.69,16248921.93,USD,2025-02-26,Default,False
T09913,C08592,P09277,10488118.21,1137896.51,NOK,2023-03-16,Default,True
T09914,C01250,P05216,22193415.12,16340495.2,NOK,2022-02-27,Default,True
T09915,C09311,P01782,33160166.02,10540492.19,USD,2023-05-01,Closed,False
T09916,C01173,P09658,8990763.62,18545371.97,NOK,2025-07-10,Closed,False
T09917,C00869,P02429,38217097.52,6670769.61,EUR,2025-04-13,Default,True
T09918,C00890,P05792,35473767.05,13987287.76,USD,2022-11-05,Default,False
T09919,C01033,P08366,15077884.5,3922612.56,NOK,2020-06-06,Closed,False
T09920,C00006,P08286,26532488.55,996887.24,NOK,2022-10-15,Active,False
T09921,C08050,P04145,3884526.03,24860350.48,EUR,2020-03-12,Closed,True
T09922,C03831,P04546,5790949.41,6159711.07,EUR,2022-03-26,Default,False
T09923,C08595,P06766,7960589.56,21340607.23,USD,2025-05-29,Active,True
T09924,C04638,P06204,44802527.9,20927937.6,NOK,2022-04-14,Closed,False
T09925,C08047,P02660,35581559.95,17434034.52,USD,2024-12-14,Closed,False
T09926,C09794,P09137,8841696.95,12780541.9,EUR,2021-12-12,Active,True
T09927,C08215,P06584,21687277.22,22170747.07,EUR,2022-01-11,Default,True
T09928,C01661,P06797,6468891.14,20875061.04,NOK,2025-07-08,Active,False
T09929,C05156,P03833,32822470.06,14341226.34,USD,2020-11-22,Default,False
T09930,C06624,P09519,19206153.88,14837160.46,USD,2020-07-27,Closed,False
T09931,C00099,P05662,9792277.17,10067564.55,NOK,2023-03-13,Closed,True
T09932,C07321,P00553,2130322.54,14249025.71,NOK,2025-01-02,Default,True
T09933,C05155,P00991,48840993.57,3188272.53,NOK,2021-12-24,Active,False
T09934,C06667,P06856,33869830.3,5662183.43,EUR,2021-09-15,Closed,False
T09935,C07281,P07593,14564544.85,20289699.91,NOK,2022-02-09,Active,True
T09936,C00807,P08064,22218227.93,1117917.08,USD,2021-03-10,Closed,False
T09937,C07505,P08448,38390418.32,18035159.33,USD,2022-07-27,Closed,False
T09938,C07607,P01909,39450312.53,14703989.92,NOK,2022-01-05,Default,False
T09939,C05732,P07608,2248940.26,23644058.56,USD,2023-12-22,Default,True
T09940,C09233,P05622,3803472.8,15849326.64,NOK,2024-08-23,Closed,False
T09941,C04670,P09632,44101197.45,14355447.47,NOK,2025-02-25,Closed,True
T09942,C03565,P05497,17435546.15,741358.8,USD,2021-07-29,Default,True
T09943,C07742,P02257,18600797.41,9556095.57,EUR,2025-05-25,Default,True
T09944,C06163,P07975,16047938.17,4578447.2,USD,2024-12-31,Default,False
T09945,C03065,P03661,4209671.05,3359106.26,NOK,2022-04-02,Active,True
T09946,C01305,P07115,37820735.75,1890019.93,EUR,2024-03-29,Active,False
T09947,C04243,P06638,14294353.29,12208636.19,USD,2023-08-03,Active,False
T09948,C01293,P08693,15038778.99,22706321.14,USD,2025-01-30,Closed,False
T09949,C00262,P01017,18510959.77,23316923.61,NOK,2024-01-17,Active,False
T09950,C05871,P04922,36267281.41,4856868.88,NOK,2020-01-12,Active,False
T09951,C09888,P05104,33107973.73,4586539.39,USD,2023-08-01,Default,False
T09952,C03466,P09243,26555742.72,10610301.65,USD,2024-09-27,Closed,True
T09953,C00029,P02865,30725388.73,4626109.88,USD,2024-08-30,Active,True
T09954,C08716,P03027,33581248.77,16225181.24,USD,2025-08-06,Closed,True
T09955,C01365,P03822,21871524.52,12639159.93,NOK,2023-11-06,Active,False
T09956,C05593,P07096,20672997.72,18340648.65,USD,2023-05-25,Closed,False
T09957,C07591,P00039,45768144.55,927320.26,EUR,2025-04-12,Closed,False
T09958,C07483,P05757,46273922.98,19955010.33,NOK,2024-02-11,Default,False
T09959,C02295,P07009,4721587.15,7208698.49,NOK,2023-11-06,Active,False
T09960,C04530,P00933,13511012.88,1143669.97,NOK,2024-08-17,Closed,False
T09961,C02227,P08878,30926557.22,11138615.87,EUR,2024-01-22,Closed,True
T09962,C04894,P08301,28909128.95,19773335.65,USD,2021-11-05,Default,True
T09963,C02466,P06678,10864356.83,9369881.99,EUR,2025-09-22,Closed,True
T09964,C05378,P06924,45047055.09,19793401.47,USD,2025-03-22,Closed,False
T09965,C03353,P02427,37822910.14,20677700.61,USD,2021-08-14,Active,False
T09966,C01470,P06536,13304747.58,14605355.87,NOK,2021-04-01,Active,True
T09967,C08599,P05811,23488514.7,5196649.8,EUR,2023-06-11,Closed,True
T09968,C01612,P06026,18021624.93,4749018.33,USD,2022-10-21,Active,False
T09969,C02350,P03460,38662220.91,24878004.93,NOK,2025-02-22,Default,False
T09970,C05984,P03450,15859780.61,6997771.6,NOK,2021-11-07,Default,True
T09971,C09905,P02363,3503875.23,14056439.47,EUR,2020-02-01,Closed,False
T09972,C06835,P07719,28576631.74,13601677.02,NOK,2022-01-05,Default,True
T09973,C00539,P02303,9706584.2,19675284.45,NOK,2022-07-16,Default,True
T09974,C01353,P05585,7077379.98,22446135.35,USD,2022-02-09,Closed,True
T09975,C04244,P08783,38248363.66,18401005.41,EUR,2024-12-09,Default,True
T09976,C02701,P02383,4770883.25,8642749.66,NOK,2023-06-27,Default,True
T09977,C06130,P09412,29551130.79,17829178.17,NOK,2020-07-06,Default,False
T09978,C00223,P06020,15913452.83,10887237.85,EUR,2022-02-09,Default,True
T09979,C00195,P01944,39611129.97,16162545.76,USD,2023-12-25,Default,False
T09980,C00258,P03909,10992623.18,17601697.08,NOK,2023-11-04,Default,True
T09981,C03109,P08253,20745929.7,11401112.41,NOK,2025-08-05,Closed,True
T09982,C04979,P02990,9973554.12,15831653.1,NOK,2025-07-05,Closed,True
T09983,C08880,P06197,24959157.26,14413344.05,EUR,2022-10-12,Closed,True
T09984,C09213,P06375,47107175.63,24029404.39,USD,2024-01-25,Closed,False
T09985,C05686,P06099,43730342.76,10987340.4,EUR,2025-08-10,Active,True
T09986,C05694,P06988,5353726.05,5013349.36,EUR,2022-09-17,Default,False
T09987,C08612,P06826,25830403.16,711845.16,USD,2023-10-05,Closed,True
T09988,C04640,P09569,29628267.87,754427.62,NOK,2025-03-26,Default,False
T09989,C02880,P07260,16668679.5,1586205.96,NOK,2025-05-11,Closed,False
T09990,C00270,P09777,32341660.47,21796711.71,EUR,2024-02-06,Closed,True
T09991,C08801,P06990,42053456.53,2715632.13,USD,2021-04-01,Closed,False
T09992,C04572,P04221,25315673.81,5888360.13,NOK,2021-01-29,Closed,True
T09993,C08811,P02846,17115739.56,22983299.07,USD,2020-02-10,Closed,True
T09994,C02384,P02755,49959532.77,15610517.22,EUR,2020-05-03,Active,True
T09995,C06419,P00164,38199402.88,2422396.95,NOK,2023-07-17,Default,False
T09996,C09275,P02596,10000575.24,24409020.33,USD,2021-05-20,Active,False
T09997,C01562,P00377,13272392.66,6560143.31,NOK,2024-06-23,Default,False
T09998,C02290,P01975,16310681.25,24079285.68,NOK,2020-09-28,Closed,False
T09999,C01950,P03105,24427612.97,24292569.47,NOK,2021-11-24,Closed,False
T10000,C00266,P05378,40737333.23,24258885.27,USD,2021-05-01,Active,False