region_id,name,country
R00001,Oslo,NO
R00002,Stavanger,NO
R00003,Helsinki,FI
R00004,Helsinki,FI
R00005,Viken,NO
R00006,Copenhagen,DK
R00007,Bergen,NO
R00008,Hamburg,DE
R00009,Oslo,NO
R00010,Viken,NO
R00011,Oslo,NO
R00012,Hamburg,DE
R00013,Oslo,NO
R00014,Trondheim,NO
R00015,Oslo,NO
R00016,Hamburg,DE
R00017,Hamburg,DE
R00018,Oslo,NO
R00019,Bergen,NO
R00020,Viken,NO
R00021,Rogaland,NO
R00022,Viken,NO
R00023,Bergen,NO
R00024,Warsaw,PL
R00025,Rogaland,NO
R00026,Rogaland,NO
R00027,Rogaland,NO
R00028,Warsaw,PL
R00029,Bergen,NO
R00030,Rogaland,NO
R00031,Viken,NO
R00032,Rogaland,NO
R00033,Bergen,NO
R00034,Rogaland,NO
R00035,Bergen,NO
R00036,Trondheim,NO
R00037,Hamburg,DE
R00038,Stavanger,NO
R00039,Viken,NO
R00040,Hamburg,DE
R00041,Trondheim,NO
R00042,Rogaland,NO
R00043,Warsaw,PL
R00044,Warsaw,PL
R00045,Viken,NO
R00046,Bergen,NO
R00047,Hamburg,DE
R00048,Warsaw,PL
R00049,Bergen,NO
R00050,Oslo,NO
R00051,Rogaland,NO
R00052,Copenhagen,DK
R00053,Copenhagen,DK
R00054,Bergen,NO
R00055,Helsinki,FI
R00056,Bergen,NO
R00057,Warsaw,PL
R00058,Warsaw,PL
R00059,Rogaland,NO
R00060,Helsinki,FI
R00061,Copenhagen,DK
R00062,Helsinki,FI
R00063,Hamburg,DE
R00064,Rogaland,NO
R00065,Helsinki,FI
R00066,Copenhagen,DK
R00067,Trondheim,NO
R00068,Helsinki,FI
R00069,Bergen,NO
R00070,Warsaw,PL
R00071,Oslo,NO
R00072,Warsaw,PL
R00073,Copenhagen,DK
R00074,Rogaland,NO
R00075,Copenhagen,DK
R00076,Stavanger,NO
R00077,Rogaland,NO
R00078,Warsaw,PL
R00079,Bergen,NO
R00080,Rogaland,NO
R00081,Rogaland,NO
R00082,Copenhagen,DK
R00083,Viken,NO
R00084,Copenhagen,DK
R00085,Bergen,NO
R00086,Warsaw,PL
R00087,Helsinki,FI
R00088,Trondheim,NO
R00089,Warsaw,PL
R00090,Helsinki,FI
R00091,Helsinki,FI
R00092,Helsinki,FI
R00093,Hamburg,DE
R00094,Oslo,NO
R00095,Oslo,NO
R00096,Viken,NO
R00097,Bergen,NO
R00098,Stavanger,NO
R00099,Stavanger,NO
R00100,Stavanger,NO
R00101,Stavanger,NO
R00102,Bergen,NO
R00103,Copenhagen,DK
R00104,Hamburg,DE
R00105,Rogaland,NO
R00106,Copenhagen,DK
R00107,Copenhagen,DK
R00108,Viken,NO
R00109,Warsaw,PL
R00110,Bergen,NO
R00111,Rogaland,NO
R00112,Oslo,NO
R00113,Trondheim,NO
R00114,Oslo,NO
R00115,Stavanger,NO
R00116,Viken,NO
R00117,Helsinki,FI
R00118,Bergen,NO
R00119,Oslo,NO
R00120,Rogaland,NO
R00121,Helsinki,FI
R00122,Bergen,NO
R00123,Helsinki,FI
R00124,Warsaw,PL
R00125,Helsinki,FI
R00126,Stavanger,NO
R00127,Bergen,NO
R00128,Copenhagen,DK
R00129,Stavanger,NO
R00130,Hamburg,DE
R00131,Stavanger,NO
R00132,Warsaw,PL
R00133,Warsaw,PL
R00134,Trondheim,NO
R00135,Warsaw,PL
R00136,Hamburg,DE
R00137,Helsinki,FI
R00138,Rogaland,NO
R00139,Copenhagen,DK
R00140,Helsinki,FI
R00141,Stavanger,NO
R00142,Warsaw,PL
R00143,Viken,NO
R00144,Oslo,NO
R00145,Bergen,NO
R00146,Warsaw,PL
R00147,Oslo,NO
R00148,Copenhagen,DK
R00149,Bergen,NO
R00150,Trondheim,NO
R00151,Helsinki,FI
R00152,Stavanger,NO
R00153,Viken,NO
R00154,Oslo,NO
R00155,Warsaw,PL
R00156,Warsaw,PL
R00157,Helsinki,FI
R00158,Hamburg,DE
R00159,Viken,NO
R00160,Rogaland,NO
R00161,Oslo,NO
R00162,Bergen,NO
R00163,Stavanger,NO
R00164,Viken,NO
R00165,Trondheim,NO
R00166,Viken,NO
R00167,Warsaw,PL
R00168,Warsaw,PL
R00169,Stavanger,NO
R00170,Helsinki,FI
R00171,Oslo,NO
R00172,Rogaland,NO
R00173,Viken,NO
R00174,Warsaw,PL
R00175,Copenhagen,DK
R00176,Helsinki,FI
R00177,Viken,NO
R00178,Hamburg,DE
R00179,Viken,NO
R00180,Warsaw,PL
R00181,Rogaland,NO
R00182,Helsinki,FI
R00183,Bergen,NO
R00184,Rogaland,NO
R00185,Oslo,NO
R00186,Oslo,NO
R00187,Trondheim,NO
R00188,Trondheim,NO
R00189,Viken,NO
R00190,Oslo,NO
R00191,Oslo,NO
R00192,Rogaland,NO
R00193,Bergen,NO
R00194,Helsinki,FI
R00195,Hamburg,DE
R00196,Warsaw,PL
R00197,Stavanger,NO
R00198,Viken,NO
R00199,Rogaland,NO
R00200,Hamburg,DE
R00201,Trondheim,NO
R00202,Bergen,NO
R00203,Hamburg,DE
R00204,Hamburg,DE
R00205,Stavanger,NO
R00206,Rogaland,NO
R00207,Hamburg,DE
R00208,Rogaland,NO
R00209,Oslo,NO
R00210,Copenhagen,DK
R00211,Helsinki,FI
R00212,Bergen,NO
R00213,Bergen,NO
R00214,Trondheim,NO
R00215,Warsaw,PL
R00216,Rogaland,NO
R00217,Hamburg,DE
R00218,Warsaw,PL
R00219,Trondheim,NO
R00220,Copenhagen,DK
R00221,Warsaw,PL
R00222,Warsaw,PL
R00223,Trondheim,NO
R00224,Trondheim,NO
R00225,Trondheim,NO
R00226,Viken,NO
R00227,Helsinki,FI
R00228,Warsaw,PL
R00229,Warsaw,PL
R00230,Bergen,NO
R00231,Trondheim,NO
R00232,Warsaw,PL
R00233,Viken,NO
R00234,Stavanger,NO
R00235,Viken,NO
R00236,Oslo,NO
R00237,Copenhagen,DK
R00238,Helsinki,FI
R00239,Stavanger,NO
R00240,Stavanger,NO
R00241,Helsinki,FI
R00242,Helsinki,FI
R00243,Helsinki,FI
R00244,Trondheim,NO
R00245,Viken,NO
R00246,Trondheim,NO
R00247,Warsaw,PL
R00248,Helsinki,FI
R00249,Oslo,NO
R00250,Bergen,NO
R00251,Rogaland,NO
R00252,Hamburg,DE
R00253,Helsinki,FI
R00254,Stavanger,NO
R00255,Viken,NO
R00256,Copenhagen,DK
R00257,Trondheim,NO
R00258,Rogaland,NO
R00259,Rogaland,NO
R00260,Copenhagen,DK
R00261,Rogaland,NO
R00262,Bergen,NO
R00263,Copenhagen,DK
R00264,Helsinki,FI
R00265,Warsaw,PL
R00266,Oslo,NO
R00267,Copenhagen,DK
R00268,Trondheim,NO
R00269,Bergen,NO
R00270,Hamburg,DE
R00271,Trondheim,NO
R00272,Stavanger,NO
R00273,Trondheim,NO
R00274,Stavanger,NO
R00275,Copenhagen,DK
R00276,Trondheim,NO
R00277,Copenhagen,DK
R00278,Viken,NO
R00279,Hamburg,DE
R00280,Viken,NO
R00281,Trondheim,NO
R00282,Trondheim,NO
R00283,Hamburg,DE
R00284,Stavanger,NO
R00285,Viken,NO
R00286,Rogaland,NO
R00287,Helsinki,FI
R00288,Helsinki,FI
R00289,Viken,NO
R00290,Viken,NO
R00291,Copenhagen,DK
R00292,Helsinki,FI
R00293,Warsaw,PL
R00294,Rogaland,NO
R00295,Viken,NO
R00296,Stavanger,NO
R00297,Bergen,NO
R00298,Helsinki,FI
R00299,Viken,NO
R00300,Viken,NO
R00301,Warsaw,PL
R00302,Stavanger,NO
R00303,Warsaw,PL
R00304,Hamburg,DE
R00305,Hamburg,DE
R00306,Hamburg,DE
R00307,Oslo,NO
R00308,Viken,NO
R00309,Oslo,NO
R00310,Helsinki,FI
R00311,Hamburg,DE
R00312,Oslo,NO
R00313,Trondheim,NO
R00314,Stavanger,NO
R00315,Copenhagen,DK
R00316,Rogaland,NO
R00317,Trondheim,NO
R00318,Trondheim,NO
R00319,Warsaw,PL
R00320,Bergen,NO
R00321,Stavanger,NO
R00322,Copenhagen,DK
R00323,Viken,NO
R00324,Rogaland,NO
R00325,Viken,NO
R00326,Copenhagen,DK
R00327,Bergen,NO
R00328,Hamburg,DE
R00329,Viken,NO
R00330,Viken,NO
R00331,Stavanger,NO
R00332,Trondheim,NO
R00333,Helsinki,FI
R00334,Trondheim,NO
R00335,Warsaw,PL
R00336,Trondheim,NO
R00337,Warsaw,PL
R00338,Trondheim,NO
R00339,Trondheim,NO
R00340,Warsaw,PL
R00341,Hamburg,DE
R00342,Trondheim,NO
R00343,Trondheim,NO
R00344,Stavanger,NO
R00345,Rogaland,NO
R00346,Bergen,NO
R00347,Trondheim,NO
R00348,Rogaland,NO
R00349,Helsinki,FI
R00350,Bergen,NO
R00351,Hamburg,DE
R00352,Viken,NO
R00353,Trondheim,NO
R00354,Bergen,NO
R00355,Trondheim,NO
R00356,Helsinki,FI
R00357,Oslo,NO
R00358,Hamburg,DE
R00359,Bergen,NO
R00360,Warsaw,PL
R00361,Oslo,NO
R00362,Helsinki,FI
R00363,Rogaland,NO
R00364,Bergen,NO
R00365,Oslo,NO
R00366,Copenhagen,DK
R00367,Viken,NO
R00368,Hamburg,DE
R00369,Trondheim,NO
R00370,Bergen,NO
R00371,Stavanger,NO
R00372,Stavanger,NO
R00373,Warsaw,PL
R00374,Trondheim,NO
R00375,Bergen,NO
R00376,Rogaland,NO
R00377,Hamburg,DE
R00378,Oslo,NO
R00379,Rogaland,NO
R00380,Oslo,NO
R00381,Copenhagen,DK
R00382,Bergen,NO
R00383,Stavanger,NO
R00384,Rogaland,NO
R00385,Stavanger,NO
R00386,Stavanger,NO
R00387,Copenhagen,DK
R00388,Trondheim,NO
R00389,Warsaw,PL
R00390,Helsinki,FI
R00391,Helsinki,FI
R00392,Hamburg,DE
R00393,Hamburg,DE
R00394,Copenhagen,DK
R00395,Trondheim,NO
R00396,Hamburg,DE
R00397,Oslo,NO
R00398,Helsinki,FI
R00399,Viken,NO
R00400,Oslo,NO
R00401,Warsaw,PL
R00402,Trondheim,NO
R00403,Stavanger,NO
R00404,Trondheim,NO
R00405,Rogaland,NO
R00406,Helsinki,FI
R00407,Bergen,NO
R00408,Oslo,NO
R00409,Warsaw,PL
R00410,Stavanger,NO
R00411,Warsaw,PL
R00412,Trondheim,NO
R00413,Copenhagen,DK
R00414,Bergen,NO
R00415,Warsaw,PL
R00416,Viken,NO
R00417,Warsaw,PL
R00418,Rogaland,NO
R00419,Rogaland,NO
R00420,Rogaland,NO
R00421,Hamburg,DE
R00422,Helsinki,FI
R00423,Hamburg,DE
R00424,Helsinki,FI
R00425,Trondheim,NO
R00426,Rogaland,NO
R00427,Oslo,NO
R00428,Warsaw,PL
R00429,Trondheim,NO
R00430,Warsaw,PL
R00431,Stavanger,NO
R00432,Rogaland,NO
R00433,Copenhagen,DK
R00434,Warsaw,PL
R00435,Rogaland,NO
R00436,Oslo,NO
R00437,Helsinki,FI
R00438,Rogaland,NO
R00439,Copenhagen,DK
R00440,Trondheim,NO
R00441,Trondheim,NO
R00442,Trondheim,NO
R00443,Bergen,NO
R00444,Bergen,NO
R00445,Copenhagen,DK
R00446,Trondheim,NO
R00447,Viken,NO
R00448,Copenhagen,DK
R00449,Stavanger,NO
R00450,Trondheim,NO
R00451,Warsaw,PL
R00452,Hamburg,DE
R00453,Stavanger,NO
R00454,Stavanger,NO
R00455,Bergen,NO
R00456,Oslo,NO
R00457,Bergen,NO
R00458,Helsinki,FI
R00459,Oslo,NO
R00460,Warsaw,PL
R00461,Oslo,NO
R00462,Viken,NO
R00463,Stavanger,NO
R00464,Bergen,NO
R00465,Hamburg,DE
R00466,Helsinki,FI
R00467,Rogaland,NO
R00468,Hamburg,DE
R00469,Copenhagen,DK
R00470,Rogaland,NO
R00471,Trondheim,NO
R00472,Copenhagen,DK
R00473,Oslo,NO
R00474,Trondheim,NO
R00475,Hamburg,DE
R00476,Viken,NO
R00477,Viken,NO
R00478,Warsaw,PL
R00479,Hamburg,DE
R00480,Oslo,NO
R00481,Warsaw,PL
R00482,Hamburg,DE
R00483,Warsaw,PL
R00484,Helsinki,FI
R00485,Rogaland,NO
R00486,Warsaw,PL
R00487,Stavanger,NO
R00488,Hamburg,DE
R00489,Viken,NO
R00490,Bergen,NO
R00491,Helsinki,FI
R00492,Bergen,NO
R00493,Hamburg,DE
R00494,Copenhagen,DK
R00495,Oslo,NO
R00496,Bergen,NO
R00497,Bergen,NO
R00498,Trondheim,NO
R00499,Warsaw,PL
R00500,Oslo,NO
R00501,Stavanger,NO
R00502,Hamburg,DE
R00503,Helsinki,FI
R00504,Hamburg,DE
R00505,Oslo,NO
R00506,Rogaland,NO
R00507,Bergen,NO
R00508,Oslo,NO
R00509,Oslo,NO
R00510,Oslo,NO
R00511,Helsinki,FI
R00512,Oslo,NO
R00513,Rogaland,NO
R00514,Rogaland,NO
R00515,Oslo,NO
R00516,Copenhagen,DK
R00517,Hamburg,DE
R00518,Oslo,NO
R00519,Bergen,NO
R00520,Viken,NO
R00521,Trondheim,NO
R00522,Bergen,NO
R00523,Rogaland,NO
R00524,Copenhagen,DK
R00525,Warsaw,PL
R00526,Viken,NO
R00527,Hamburg,DE
R00528,Bergen,NO
R00529,Oslo,NO
R00530,Trondheim,NO
R00531,Bergen,NO
R00532,Stavanger,NO
R00533,Helsinki,FI
R00534,Oslo,NO
R00535,Helsinki,FI
R00536,Stavanger,NO
R00537,Helsinki,FI
R00538,Rogaland,NO
R00539,Hamburg,DE
R00540,Hamburg,DE
R00541,Stavanger,NO
R00542,Copenhagen,DK
R00543,Copenhagen,DK
R00544,Stavanger,NO
R00545,Stavanger,NO
R00546,Copenhagen,DK
R00547,Bergen,NO
R00548,Rogaland,NO
R00549,Warsaw,PL
R00550,Hamburg,DE
R00551,Trondheim,NO
R00552,Warsaw,PL
R00553,Viken,NO
R00554,Helsinki,FI
R00555,Copenhagen,DK
R00556,Stavanger,NO
R00557,Oslo,NO
R00558,Trondheim,NO
R00559,Helsinki,FI
R00560,Oslo,NO
R00561,Copenhagen,DK
R00562,Hamburg,DE
R00563,Oslo,NO
R00564,Bergen,NO
R00565,Trondheim,NO
R00566,Trondheim,NO
R00567,Helsinki,FI
R00568,Copenhagen,DK
R00569,Helsinki,FI
R00570,Oslo,NO
R00571,Stavanger,NO
R00572,Helsinki,FI
R00573,Hamburg,DE
R00574,Copenhagen,DK
R00575,Viken,NO
R00576,Rogaland,NO
R00577,Warsaw,PL
R00578,Copenhagen,DK
R00579,Bergen,NO
R00580,Copenhagen,DK
R00581,Hamburg,DE
R00582,Hamburg,DE
R00583,Stavanger,NO
R00584,Hamburg,DE
R00585,Helsinki,FI
R00586,Rogaland,NO
R00587,Helsinki,FI
R00588,Hamburg,DE
R00589,Rogaland,NO
R00590,Stavanger,NO
R00591,Rogaland,NO
R00592,Hamburg,DE
R00593,Hamburg,DE
R00594,Helsinki,FI
R00595,Warsaw,PL
R00596,Rogaland,NO
R00597,Stavanger,NO
R00598,Trondheim,NO
R00599,Rogaland,NO
R00600,Oslo,NO
R00601,Viken,NO
R00602,Stavanger,NO
R00603,Bergen,NO
R00604,Viken,NO
R00605,Stavanger,NO
R00606,Viken,NO
R00607,Helsinki,FI
R00608,Hamburg,DE
R00609,Warsaw,PL
R00610,Trondheim,NO
R00611,Oslo,NO
R00612,Rogaland,NO
R00613,Hamburg,DE
R00614,Trondheim,NO
R00615,Rogaland,NO
R00616,Copenhagen,DK
R00617,Warsaw,PL
R00618,Helsinki,FI
R00619,Trondheim,NO
R00620,Oslo,NO
R00621,Helsinki,FI
R00622,Oslo,NO
R00623,Oslo,NO
R00624,Warsaw,PL
R00625,Copenhagen,DK
R00626,Hamburg,DE
R00627,Stavanger,NO
R00628,Copenhagen,DK
R00629,Viken,NO
R00630,Oslo,NO
R00631,Oslo,NO
R00632,Viken,NO
R00633,Trondheim,NO
R00634,Rogaland,NO
R00635,Viken,NO
R00636,Helsinki,FI
R00637,Oslo,NO
R00638,Rogaland,NO
R00639,Warsaw,PL
R00640,Trondheim,NO
R00641,Viken,NO
R00642,Warsaw,PL
R00643,Bergen,NO
R00644,Hamburg,DE
R00645,Helsinki,FI
R00646,Hamburg,DE
R00647,Oslo,NO
R00648,Trondheim,NO
R00649,Rogaland,NO
R00650,Copenhagen,DK
R00651,Stavanger,NO
R00652,Oslo,NO
R00653,Trondheim,NO
R00654,Warsaw,PL
R00655,Trondheim,NO
R00656,Helsinki,FI
R00657,Stavanger,NO
R00658,Warsaw,PL
R00659,Viken,NO
R00660,Stavanger,NO
R00661,Helsinki,FI
R00662,Hamburg,DE
R00663,Hamburg,DE
R00664,Stavanger,NO
R00665,Copenhagen,DK
R00666,Helsinki,FI
R00667,Viken,NO
R00668,Bergen,NO
R00669,Stavanger,NO
R00670,Viken,NO
R00671,Warsaw,PL
R00672,Trondheim,NO
R00673,Viken,NO
R00674,Rogaland,NO
R00675,Stavanger,NO
R00676,Oslo,NO
R00677,Warsaw,PL
R00678,Rogaland,NO
R00679,Bergen,NO
R00680,Hamburg,DE
R00681,Warsaw,PL
R00682,Warsaw,PL
R00683,Stavanger,NO
R00684,Warsaw,PL
R00685,Helsinki,FI
R00686,Hamburg,DE
R00687,Trondheim,NO
R00688,Bergen,NO
R00689,Warsaw,PL
R00690,Copenhagen,DK
R00691,Hamburg,DE
R00692,Hamburg,DE
R00693,Helsinki,FI
R00694,Warsaw,PL
R00695,Viken,NO
R00696,Copenhagen,DK
R00697,Copenhagen,DK
R00698,Warsaw,PL
R00699,Viken,NO
R00700,Stavanger,NO
R00701,Helsinki,FI
R00702,Stavanger,NO
R00703,Hamburg,DE
R00704,Copenhagen,DK
R00705,Bergen,NO
R00706,Trondheim,NO
R00707,Bergen,NO
R00708,Rogaland,NO
R00709,Rogaland,NO
R00710,Bergen,NO
R00711,Hamburg,DE
R00712,Rogaland,NO
R00713,Stavanger,NO
R00714,Helsinki,FI
R00715,Rogaland,NO
R00716,Trondheim,NO
R00717,Copenhagen,DK
R00718,Warsaw,PL
R00719,Bergen,NO
R00720,Hamburg,DE
R00721,Viken,NO
R00722,Viken,NO
R00723,Warsaw,PL
R00724,Copenhagen,DK
R00725,Hamburg,DE
R00726,Warsaw,PL
R00727,Rogaland,NO
R00728,Helsinki,FI
R00729,Oslo,NO
R00730,Oslo,NO
R00731,Helsinki,FI
R00732,Oslo,NO
R00733,Rogaland,NO
R00734,Bergen,NO
R00735,Copenhagen,DK
R00736,Viken,NO
R00737,Copenhagen,DK
R00738,Oslo,NO
R00739,Viken,NO
R00740,Bergen,NO
R00741,Rogaland,NO
R00742,Viken,NO
R00743,Hamburg,DE
R00744,Helsinki,FI
R00745,Oslo,NO
R00746,Rogaland,NO
R00747,Bergen,NO
R00748,Oslo,NO
R00749,Stavanger,NO
R00750,Helsinki,FI
R00751,Rogaland,NO
R00752,Trondheim,NO
R00753,Oslo,NO
R00754,Oslo,NO
R00755,Helsinki,FI
R00756,Oslo,NO
R00757,Helsinki,FI
R00758,Copenhagen,DK
R00759,Warsaw,PL
R00760,Bergen,NO
R00761,Hamburg,DE
R00762,Stavanger,NO
R00763,Hamburg,DE
R00764,Trondheim,NO
R00765,Warsaw,PL
R00766,Viken,NO
R00767,Oslo,NO
R00768,Hamburg,DE
R00769,Hamburg,DE
R00770,Helsinki,FI
R00771,Trondheim,NO
R00772,Hamburg,DE
R00773,Helsinki,FI
R00774,Warsaw,PL
R00775,Viken,NO
R00776,Trondheim,NO
R00777,Helsinki,FI
R00778,Viken,NO
R00779,Trondheim,NO
R00780,Helsinki,FI
R00781,Stavanger,NO
R00782,Warsaw,PL
R00783,Stavanger,NO
R00784,Copenhagen,DK
R00785,Trondheim,NO
R00786,Copenhagen,DK
R00787,Helsinki,FI
R00788,Copenhagen,DK
R00789,Stavanger,NO
R00790,Bergen,NO
R00791,Trondheim,NO
R00792,Copenhagen,DK
R00793,Trondheim,NO
R00794,Oslo,NO
R00795,Viken,NO
R00796,Hamburg,DE
R00797,Bergen,NO
R00798,Viken,NO
R00799,Trondheim,NO
R00800,Stavanger,NO
R00801,Stavanger,NO
R00802,Stavanger,NO
R00803,Copenhagen,DK
R00804,Viken,NO
R00805,Trondheim,NO
R00806,Warsaw,PL
R00807,Warsaw,PL
R00808,Stavanger,NO
R00809,Hamburg,DE
R00810,Rogaland,NO
R00811,Hamburg,DE
R00812,Hamburg,DE
R00813,Rogaland,NO
R00814,Bergen,NO
R00815,Hamburg,DE
R00816,Bergen,NO
R00817,Bergen,NO
R00818,Rogaland,NO
R00819,Hamburg,DE
R00820,Bergen,NO
R00821,Trondheim,NO
R00822,Oslo,NO
R00823,Hamburg,DE
R00824,Warsaw,PL
R00825,Bergen,NO
R00826,Trondheim,NO
R00827,Bergen,NO
R00828,Viken,NO
R00829,Helsinki,FI
R00830,Warsaw,PL
R00831,Stavanger,NO
R00832,Rogaland,NO
R00833,Stavanger,NO
R00834,Bergen,NO
R00835,Helsinki,FI
R00836,Trondheim,NO
R00837,Copenhagen,DK
R00838,Hamburg,DE
R00839,Hamburg,DE
R00840,Oslo,NO
R00841,Rogaland,NO
R00842,Oslo,NO
R00843,Warsaw,PL
R00844,Viken,NO
R00845,Bergen,NO
R00846,Viken,NO
R00847,Rogaland,NO
R00848,Copenhagen,DK
R00849,Bergen,NO
R00850,Copenhagen,DK
R00851,Viken,NO
R00852,Rogaland,NO
R00853,Trondheim,NO
R00854,Rogaland,NO
R00855,Trondheim,NO
R00856,Warsaw,PL
R00857,Helsinki,FI
R00858,Trondheim,NO
R00859,Oslo,NO
R00860,Rogaland,NO
R00861,Oslo,NO
R00862,Rogaland,NO
R00863,Warsaw,PL
R00864,Copenhagen,DK
R00865,Oslo,NO
R00866,Bergen,NO
R00867,Hamburg,DE
R00868,Stavanger,NO
R00869,Warsaw,PL
R00870,Hamburg,DE
R00871,Warsaw,PL
R00872,Helsinki,FI
R00873,Hamburg,DE
R00874,Rogaland,NO
R00875,Trondheim,NO
R00876,Copenhagen,DK
R00877,Oslo,NO
R00878,Helsinki,FI
R00879,Warsaw,PL
R00880,Warsaw,PL
R00881,Oslo,NO
R00882,Rogaland,NO
R00883,Copenhagen,DK
R00884,Warsaw,PL
R00885,Hamburg,DE
R00886,Rogaland,NO
R00887,Helsinki,FI
R00888,Stavanger,NO
R00889,Bergen,NO
R00890,Rogaland,NO
R00891,Rogaland,NO
R00892,Bergen,NO
R00893,Rogaland,NO
R00894,Hamburg,DE
R00895,Viken,NO
R00896,Rogaland,NO
R00897,Stavanger,NO
R00898,Hamburg,DE
R00899,Warsaw,PL
R00900,Oslo,NO
R00901,Helsinki,FI
R00902,Rogaland,NO
R00903,Bergen,NO
R00904,Oslo,NO
R00905,Copenhagen,DK
R00906,Oslo,NO
R00907,Stavanger,NO
R00908,Hamburg,DE
R00909,Trondheim,NO
R00910,Bergen,NO
R00911,Copenhagen,DK
R00912,Warsaw,PL
R00913,Rogaland,NO
R00914,Bergen,NO
R00915,Viken,NO
R00916,Oslo,NO
R00917,Copenhagen,DK
R00918,Oslo,NO
R00919,Helsinki,FI
R00920,Trondheim,NO
R00921,Warsaw,PL
R00922,Hamburg,DE
R00923,Hamburg,DE
R00924,Helsinki,FI
R00925,Trondheim,NO
R00926,Warsaw,PL
R00927,Stavanger,NO
R00928,Bergen,NO
R00929,Helsinki,FI
R00930,Hamburg,DE
R00931,Trondheim,NO
R00932,Copenhagen,DK
R00933,Bergen,NO
R00934,Rogaland,NO
R00935,Copenhagen,DK
R00936,Trondheim,NO
R00937,Copenhagen,DK
R00938,Hamburg,DE
R00939,Warsaw,PL
R00940,Stavanger,NO
R00941,Warsaw,PL
R00942,Bergen,NO
R00943,Rogaland,NO
R00944,Hamburg,DE
R00945,Hamburg,DE
R00946,Oslo,NO
R00947,Copenhagen,DK
R00948,Oslo,NO
R00949,Helsinki,FI
R00950,Bergen,NO
R00951,Oslo,NO
R00952,Rogaland,NO
R00953,Warsaw,PL
R00954,Warsaw,PL
R00955,Trondheim,NO
R00956,Rogaland,NO
R00957,Copenhagen,DK
R00958,Copenhagen,DK
R00959,Oslo,NO
R00960,Warsaw,PL
R00961,Oslo,NO
R00962,Rogaland,NO
R00963,Helsinki,FI
R00964,Rogaland,NO
R00965,Bergen,NO
R00966,Copenhagen,DK
R00967,Rogaland,NO
R00968,Stavanger,NO
R00969,Hamburg,DE
R00970,Helsinki,FI
R00971,Copenhagen,DK
R00972,Copenhagen,DK
R00973,Oslo,NO
R00974,Rogaland,NO
R00975,Warsaw,PL
R00976,Warsaw,PL
R00977,Viken,NO
R00978,Oslo,NO
R00979,Helsinki,FI
R00980,Hamburg,DE
R00981,Hamburg,DE
R00982,Helsinki,FI
R00983,Warsaw,PL
R00984,Oslo,NO
R00985,Bergen,NO
R00986,Trondheim,NO
R00987,Bergen,NO
R00988,Oslo,NO
R00989,Rogaland,NO
R00990,Viken,NO
R00991,Viken,NO
R00992,Bergen,NO
R00993,Trondheim,NO
R00994,Warsaw,PL
R00995,Rogaland,NO
R00996,Oslo,NO
R00997,Hamburg,DE
R00998,Bergen,NO
R00999,Hamburg,DE
R01000,Stavanger,NO
R01001,Rogaland,NO
R01002,Trondheim,NO
R01003,Stavanger,NO
R01004,Bergen,NO
R01005,Oslo,NO
R01006,Trondheim,NO
R01007,Trondheim,NO
R01008,Oslo,NO
R01009,Viken,NO
R01010,Viken,NO
R01011,Oslo,NO
R01012,Bergen,NO
R01013,Helsinki,FI
R01014,Helsinki,FI
R01015,Helsinki,FI
R01016,Copenhagen,DK
R01017,Warsaw,PL
R01018,Copenhagen,DK
R01019,Warsaw,PL
R01020,Warsaw,PL
R01021,Oslo,NO
R01022,Copenhagen,DK
R01023,Helsinki,FI
R01024,Stavanger,NO
R01025,Hamburg,DE
R01026,Copenhagen,DK
R01027,Hamburg,DE
R01028,Viken,NO
R01029,Helsinki,FI
R01030,Warsaw,PL
R01031,Warsaw,PL
R01032,Hamburg,DE
R01033,Oslo,NO
R01034,Copenhagen,DK
R01035,Stavanger,NO
R01036,Copenhagen,DK
R01037,Oslo,NO
R01038,Stavanger,NO
R01039,Stavanger,NO
R01040,Stavanger,NO
R01041,Stavanger,NO
R01042,Hamburg,DE
R01043,Oslo,NO
R01044,Viken,NO
R01045,Copenhagen,DK
R01046,Helsinki,FI
R01047,Stavanger,NO
R01048,Rogaland,NO
R01049,Oslo,NO
R01050,Hamburg,DE
R01051,Warsaw,PL
R01052,Hamburg,DE
R01053,Stavanger,NO
R01054,Helsinki,FI
R01055,Bergen,NO
R01056,Stavanger,NO
R01057,Hamburg,DE
R01058,Bergen,NO
R01059,Warsaw,PL
R01060,Copenhagen,DK
R01061,Stavanger,NO
R01062,Trondheim,NO
R01063,Rogaland,NO
R01064,Helsinki,FI
R01065,Hamburg,DE
R01066,Stavanger,NO
R01067,Bergen,NO
R01068,Helsinki,FI
R01069,Trondheim,NO
R01070,Copenhagen,DK
R01071,Rogaland,NO
R01072,Oslo,NO
R01073,Helsinki,FI
R01074,Bergen,NO
R01075,Copenhagen,DK
R01076,Rogaland,NO
R01077,Oslo,NO
R01078,Viken,NO
R01079,Bergen,NO
R01080,Trondheim,NO
R01081,Copenhagen,DK
R01082,Stavanger,NO
R01083,Copenhagen,DK
R01084,Oslo,NO
R01085,Viken,NO
R01086,Stavanger,NO
R01087,Warsaw,PL
R01088,Rogaland,NO
R01089,Copenhagen,DK
R01090,Stavanger,NO
R01091,Oslo,NO
R01092,Rogaland,NO
R01093,Hamburg,DE
R01094,Stavanger,NO
R01095,Trondheim,NO
R01096,Hamburg,DE
R01097,Oslo,NO
R01098,Warsaw,PL
R01099,Warsaw,PL
R01100,Helsinki,FI
R01101,Warsaw,PL
R01102,Oslo,NO
R01103,Helsinki,FI
R01104,Hamburg,DE
R01105,Rogaland,NO
R01106,Rogaland,NO
R01107,Hamburg,DE
R01108,Bergen,NO
R01109,Oslo,NO
R01110,Hamburg,DE
R01111,Rogaland,NO
R01112,Stavanger,NO
R01113,Trondheim,NO
R01114,Bergen,NO
R01115,Rogaland,NO
R01116,Hamburg,DE
R01117,Warsaw,PL
R01118,Oslo,NO
R01119,Oslo,NO
R01120,Warsaw,PL
R01121,Viken,NO
R01122,Bergen,NO
R01123,Oslo,NO
R01124,Oslo,NO
R01125,Oslo,NO
R01126,Bergen,NO
R01127,Copenhagen,DK
R01128,Rogaland,NO
R01129,Rogaland,NO
R01130,Helsinki,FI
R01131,Trondheim,NO
R01132,Bergen,NO
R01133,Hamburg,DE
R01134,Copenhagen,DK
R01135,Helsinki,FI
R01136,Oslo,NO
R01137,Warsaw,PL
R01138,Oslo,NO
R01139,Rogaland,NO
R01140,Trondheim,NO
R01141,Helsinki,FI
R01142,Copenhagen,DK
R01143,Bergen,NO
R01144,Warsaw,PL
R01145,Copenhagen,DK
R01146,Viken,NO
R01147,Oslo,NO
R01148,Copenhagen,DK
R01149,Viken,NO
R01150,Copenhagen,DK
R01151,Hamburg,DE
R01152,Helsinki,FI
R01153,Trondheim,NO
R01154,Stavanger,NO
R01155,Bergen,NO
R01156,Rogaland,NO
R01157,Helsinki,FI
R01158,Viken,NO
R01159,Hamburg,DE
R01160,Oslo,NO
R01161,Trondheim,NO
R01162,Bergen,NO
R01163,Stavanger,NO
R01164,Bergen,NO
R01165,Hamburg,DE
R01166,Stavanger,NO
R01167,Viken,NO
R01168,Hamburg,DE
R01169,Copenhagen,DK
R01170,Helsinki,FI
R01171,Bergen,NO
R01172,Stavanger,NO
R01173,Hamburg,DE
R01174,Viken,NO
R01175,Oslo,NO
R01176,Hamburg,DE
R01177,Hamburg,DE
R01178,Helsinki,FI
R01179,Bergen,NO
R01180,Viken,NO
R01181,Oslo,NO
R01182,Oslo,NO
R01183,Hamburg,DE
R01184,Helsinki,FI
R01185,Rogaland,NO
R01186,Bergen,NO
R01187,Stavanger,NO
R01188,Stavanger,NO
R01189,Viken,NO
R01190,Rogaland,NO
R01191,Helsinki,FI
R01192,Stavanger,NO
R01193,Viken,NO
R01194,Oslo,NO
R01195,Warsaw,PL
R01196,Helsinki,FI
R01197,Trondheim,NO
R01198,Copenhagen,DK
R01199,Oslo,NO
R01200,Trondheim,NO
R01201,Trondheim,NO
R01202,Hamburg,DE
R01203,Copenhagen,DK
R01204,Stavanger,NO
R01205,Helsinki,FI
R01206,Rogaland,NO
R01207,Oslo,NO
R01208,Rogaland,NO
R01209,Oslo,NO
R01210,Helsinki,FI
R01211,Bergen,NO
R01212,Copenhagen,DK
R01213,Bergen,NO
R01214,Oslo,NO
R01215,Bergen,NO
R01216,Oslo,NO
R01217,Hamburg,DE
R01218,Trondheim,NO
R01219,Bergen,NO
R01220,Helsinki,FI
R01221,Copenhagen,DK
R01222,Stavanger,NO
R01223,Oslo,NO
R01224,Helsinki,FI
R01225,Viken,NO
R01226,Oslo,NO
R01227,Viken,NO
R01228,Helsinki,FI
R01229,Hamburg,DE
R01230,Oslo,NO
R01231,Oslo,NO
R01232,Trondheim,NO
R01233,Helsinki,FI
R01234,Viken,NO
R01235,Hamburg,DE
R01236,Trondheim,NO
R01237,Bergen,NO
R01238,Rogaland,NO
R01239,Stavanger,NO
R01240,Hamburg,DE
R01241,Oslo,NO
R01242,Trondheim,NO
R01243,Trondheim,NO
R01244,Helsinki,FI
R01245,Bergen,NO
R01246,Viken,NO
R01247,Copenhagen,DK
R01248,Hamburg,DE
R01249,Trondheim,NO
R01250,Hamburg,DE
R01251,Helsinki,FI
R01252,Hamburg,DE
R01253,Copenhagen,DK
R01254,Oslo,NO
R01255,Trondheim,NO
R01256,Bergen,NO
R01257,Rogaland,NO
R01258,Hamburg,DE
R01259,Stavanger,NO
R01260,Rogaland,NO
R01261,Bergen,NO
R01262,Rogaland,NO
R01263,Hamburg,DE
R01264,Hamburg,DE
R01265,Helsinki,FI
R01266,Rogaland,NO
R01267,Oslo,NO
R01268,Stavanger,NO
R01269,Rogaland,NO
R01270,Helsinki,FI
R01271,Helsinki,FI
R01272,Bergen,NO
R01273,Hamburg,DE
R01274,Trondheim,NO
R01275,Rogaland,NO
R01276,Helsinki,FI
R01277,Warsaw,PL
R01278,Helsinki,FI
R01279,Bergen,NO
R01280,Warsaw,PL
R01281,Viken,NO
R01282,Stavanger,NO
R01283,Warsaw,PL
R01284,Rogaland,NO
R01285,Warsaw,PL
R01286,Oslo,NO
R01287,Rogaland,NO
R01288,Viken,NO
R01289,Copenhagen,DK
R01290,Bergen,NO
R01291,Viken,NO
R01292,Viken,NO
R01293,Viken,NO
R01294,Bergen,NO
R01295,Bergen,NO
R01296,Stavanger,NO
R01297,Oslo,NO
R01298,Helsinki,FI
R01299,Oslo,NO
R01300,Copenhagen,DK
R01301,Oslo,NO
R01302,Oslo,NO
R01303,Warsaw,PL
R01304,Rogaland,NO
R01305,Oslo,NO
R01306,Hamburg,DE
R01307,Stavanger,NO
R01308,Rogaland,NO
R01309,Copenhagen,DK
R01310,Viken,NO
R01311,Hamburg,DE
R01312,Warsaw,PL
R01313,Oslo,NO
R01314,Trondheim,NO
R01315,Stavanger,NO
R01316,Stavanger,NO
R01317,Bergen,NO
R01318,Stavanger,NO
R01319,Rogaland,NO
R01320,Hamburg,DE
R01321,Viken,NO
R01322,Rogaland,NO
R01323,Rogaland,NO
R01324,Warsaw,PL
R01325,Warsaw,PL
R01326,Warsaw,PL
R01327,Oslo,NO
R01328,Oslo,NO
R01329,Stavanger,NO
R01330,Hamburg,DE
R01331,Trondheim,NO
R01332,Helsinki,FI
R01333,Viken,NO
R01334,Oslo,NO
R01335,Bergen,NO
R01336,Helsinki,FI
R01337,Bergen,NO
R01338,Trondheim,NO
R01339,Warsaw,PL
R01340,Oslo,NO
R01341,Helsinki,FI
R01342,Bergen,NO
R01343,Oslo,NO
R01344,Rogaland,NO
R01345,Copenhagen,DK
R01346,Viken,NO
R01347,Hamburg,DE
R01348,Rogaland,NO
R01349,Hamburg,DE
R01350,Rogaland,NO
R01351,Copenhagen,DK
R01352,Rogaland,NO
R01353,Helsinki,FI
R01354,Helsinki,FI
R01355,Copenhagen,DK
R01356,Stavanger,NO
R01357,Rogaland,NO
R01358,Rogaland,NO
R01359,Stavanger,NO
R01360,Warsaw,PL
R01361,Warsaw,PL
R01362,Warsaw,PL
R01363,Oslo,NO
R01364,Rogaland,NO
R01365,Bergen,NO
R01366,Stavanger,NO
R01367,Viken,NO
R01368,Hamburg,DE
R01369,Rogaland,NO
R01370,Rogaland,NO
R01371,Oslo,NO
R01372,Stavanger,NO
R01373,Viken,NO
R01374,Hamburg,DE
R01375,Hamburg,DE
R01376,Warsaw,PL
R01377,Stavanger,NO
R01378,Trondheim,NO
R01379,Rogaland,NO
R01380,Rogaland,NO
R01381,Oslo,NO
R01382,Hamburg,DE
R01383,Trondheim,NO
R01384,Bergen,NO
R01385,Rogaland,NO
R01386,Copenhagen,DK
R01387,Rogaland,NO
R01388,Viken,NO
R01389,Copenhagen,DK
R01390,Hamburg,DE
R01391,Oslo,NO
R01392,Viken,NO
R01393,Oslo,NO
R01394,Hamburg,DE
R01395,Warsaw,PL
R01396,Helsinki,FI
R01397,Copenhagen,DK
R01398,Bergen,NO
R01399,Rogaland,NO
R01400,Hamburg,DE
R01401,Warsaw,PL
R01402,Oslo,NO
R01403,Hamburg,DE
R01404,Stavanger,NO
R01405,Stavanger,NO
R01406,Helsinki,FI
R01407,Trondheim,NO
R01408,Viken,NO
R01409,Stavanger,NO
R01410,Oslo,NO
R01411,Copenhagen,DK
R01412,Viken,NO
R01413,Helsinki,FI
R01414,Copenhagen,DK
R01415,Trondheim,NO
R01416,Viken,NO
R01417,Bergen,NO
R01418,Copenhagen,DK
R01419,Bergen,NO
R01420,Stavanger,NO
R01421,Trondheim,NO
R01422,Trondheim,NO
R01423,Hamburg,DE
R01424,Copenhagen,DK
R01425,Oslo,NO
R01426,Oslo,NO
R01427,Hamburg,DE
R01428,Viken,NO
R01429,Bergen,NO
R01430,Stavanger,NO
R01431,Trondheim,NO
R01432,Helsinki,FI
R01433,Rogaland,NO
R01434,Stavanger,NO
R01435,Oslo,NO
R01436,Viken,NO
R01437,Viken,NO
R01438,Warsaw,PL
R01439,Hamburg,DE
R01440,Oslo,NO
R01441,Trondheim,NO
R01442,Helsinki,FI
R01443,Copenhagen,DK
R01444,Bergen,NO
R01445,Trondheim,NO
R01446,Bergen,NO
R01447,Copenhagen,DK
R01448,Helsinki,FI
R01449,Stavanger,NO
R01450,Copenhagen,DK
R01451,Trondheim,NO
R01452,Stavanger,NO
R01453,Hamburg,DE
R01454,Rogaland,NO
R01455,Helsinki,FI
R01456,Oslo,NO
R01457,Copenhagen,DK
R01458,Trondheim,NO
R01459,Helsinki,FI
R01460,Trondheim,NO
R01461,Stavanger,NO
R01462,Stavanger,NO
R01463,Rogaland,NO
R01464,Hamburg,DE
R01465,Rogaland,NO
R01466,Rogaland,NO
R01467,Rogaland,NO
R01468,Rogaland,NO
R01469,Trondheim,NO
R01470,Hamburg,DE
R01471,Trondheim,NO
R01472,Viken,NO
R01473,Helsinki,FI
R01474,Helsinki,FI
R01475,Rogaland,NO
R01476,Rogaland,NO
R01477,Stavanger,NO
R01478,Trondheim,NO
R01479,Copenhagen,DK
R01480,Copenhagen,DK
R01481,Warsaw,PL
R01482,Warsaw,PL
R01483,Stavanger,NO
R01484,Bergen,NO
R01485,Viken,NO
R01486,Copenhagen,DK
R01487,Stavanger,NO
R01488,Warsaw,PL
R01489,Trondheim,NO
R01490,Hamburg,DE
R01491,Trondheim,NO
R01492,Stavanger,NO
R01493,Stavanger,NO
R01494,Warsaw,PL
R01495,Stavanger,NO
R01496,Hamburg,DE
R01497,Warsaw,PL
R01498,Rogaland,NO
R01499,Hamburg,DE
R01500,Copenhagen,DK
R01501,Stavanger,NO
R01502,Bergen,NO
R01503,Viken,NO
R01504,Stavanger,NO
R01505,Stavanger,NO
R01506,Rogaland,NO
R01507,Trondheim,NO
R01508,Hamburg,DE
R01509,Oslo,NO
R01510,Helsinki,FI
R01511,Helsinki,FI
R01512,Viken,NO
R01513,Rogaland,NO
R01514,Bergen,NO
R01515,Warsaw,PL
R01516,Stavanger,NO
R01517,Bergen,NO
R01518,Viken,NO
R01519,Rogaland,NO
R01520,Oslo,NO
R01521,Helsinki,FI
R01522,Copenhagen,DK
R01523,Trondheim,NO
R01524,Trondheim,NO
R01525,Oslo,NO
R01526,Trondheim,NO
R01527,Warsaw,PL
R01528,Viken,NO
R01529,Oslo,NO
R01530,Copenhagen,DK
R01531,Rogaland,NO
R01532,Oslo,NO
R01533,Warsaw,PL
R01534,Trondheim,NO
R01535,Oslo,NO
R01536,Trondheim,NO
R01537,Helsinki,FI
R01538,Helsinki,FI
R01539,Rogaland,NO
R01540,Trondheim,NO
R01541,Hamburg,DE
R01542,Bergen,NO
R01543,Hamburg,DE
R01544,Bergen,NO
R01545,Rogaland,NO
R01546,Hamburg,DE
R01547,Rogaland,NO
R01548,Stavanger,NO
R01549,Rogaland,NO
R01550,Helsinki,FI
R01551,Bergen,NO
R01552,Trondheim,NO
R01553,Stavanger,NO
R01554,Helsinki,FI
R01555,Oslo,NO
R01556,Trondheim,NO
R01557,Bergen,NO
R01558,Hamburg,DE
R01559,Copenhagen,DK
R01560,Bergen,NO
R01561,Oslo,NO
R01562,Copenhagen,DK
R01563,Viken,NO
R01564,Hamburg,DE
R01565,Viken,NO
R01566,Copenhagen,DK
R01567,Copenhagen,DK
R01568,Trondheim,NO
R01569,Oslo,NO
R01570,Trondheim,NO
R01571,Oslo,NO
R01572,Trondheim,NO
R01573,Warsaw,PL
R01574,Warsaw,PL
R01575,Rogaland,NO
R01576,Helsinki,FI
R01577,Trondheim,NO
R01578,Hamburg,DE
R01579,Warsaw,PL
R01580,Copenhagen,DK
R01581,Trondheim,NO
R01582,Stavanger,NO
R01583,Copenhagen,DK
R01584,Helsinki,FI
R01585,Hamburg,DE
R01586,Helsinki,FI
R01587,Copenhagen,DK
R01588,Viken,NO
R01589,Oslo,NO
R01590,Copenhagen,DK
R01591,Warsaw,PL
R01592,Rogaland,NO
R01593,Oslo,NO
R01594,Hamburg,DE
R01595,Rogaland,NO
R01596,Trondheim,NO
R01597,Trondheim,NO
R01598,Stavanger,NO
R01599,Rogaland,NO
R01600,Copenhagen,DK
R01601,Trondheim,NO
R01602,Helsinki,FI
R01603,Warsaw,PL
R01604,Trondheim,NO
R01605,Oslo,NO
R01606,Trondheim,NO
R01607,Helsinki,FI
R01608,Trondheim,NO
R01609,Copenhagen,DK
R01610,Copenhagen,DK
R01611,Helsinki,FI
R01612,Warsaw,PL
R01613,Rogaland,NO
R01614,Stavanger,NO
R01615,Warsaw,PL
R01616,Viken,NO
R01617,Copenhagen,DK
R01618,Trondheim,NO
R01619,Stavanger,NO
R01620,Rogaland,NO
R01621,Oslo,NO
R01622,Bergen,NO
R01623,Bergen,NO
R01624,Viken,NO
R01625,Stavanger,NO
R01626,Bergen,NO
R01627,Trondheim,NO
R01628,Viken,NO
R01629,Trondheim,NO
R01630,Stavanger,NO
R01631,Rogaland,NO
R01632,Warsaw,PL
R01633,Viken,NO
R01634,Hamburg,DE
R01635,Stavanger,NO
R01636,Viken,NO
R01637,Oslo,NO
R01638,Copenhagen,DK
R01639,Rogaland,NO
R01640,Copenhagen,DK
R01641,Helsinki,FI
R01642,Hamburg,DE
R01643,Bergen,NO
R01644,Warsaw,PL
R01645,Bergen,NO
R01646,Bergen,NO
R01647,Copenhagen,DK
R01648,Rogaland,NO
R01649,Viken,NO
R01650,Helsinki,FI
R01651,Trondheim,NO
R01652,Bergen,NO
R01653,Bergen,NO
R01654,Viken,NO
R01655,Helsinki,FI
R01656,Bergen,NO
R01657,Stavanger,NO
R01658,Trondheim,NO
R01659,Helsinki,FI
R01660,Stavanger,NO
R01661,Viken,NO
R01662,Warsaw,PL
R01663,Bergen,NO
R01664,Bergen,NO
R01665,Warsaw,PL
R01666,Viken,NO
R01667,Hamburg,DE
R01668,Bergen,NO
R01669,Stavanger,NO
R01670,Trondheim,NO
R01671,Bergen,NO
R01672,Rogaland,NO
R01673,Trondheim,NO
R01674,Copenhagen,DK
R01675,Helsinki,FI
R01676,Copenhagen,DK
R01677,Viken,NO
R01678,Helsinki,FI
R01679,Trondheim,NO
R01680,Bergen,NO
R01681,Warsaw,PL
R01682,Bergen,NO
R01683,Stavanger,NO
R01684,Rogaland,NO
R01685,Hamburg,DE
R01686,Copenhagen,DK
R01687,Hamburg,DE
R01688,Warsaw,PL
R01689,Rogaland,NO
R01690,Viken,NO
R01691,Helsinki,FI
R01692,Rogaland,NO
R01693,Rogaland,NO
R01694,Copenhagen,DK
R01695,Stavanger,NO
R01696,Rogaland,NO
R01697,Stavanger,NO
R01698,Hamburg,DE
R01699,Viken,NO
R01700,Rogaland,NO
R01701,Stavanger,NO
R01702,Hamburg,DE
R01703,Stavanger,NO
R01704,Trondheim,NO
R01705,Helsinki,FI
R01706,Hamburg,DE
R01707,Rogaland,NO
R01708,Copenhagen,DK
R01709,Oslo,NO
R01710,Helsinki,FI
R01711,Warsaw,PL
R01712,Helsinki,FI
R01713,Stavanger,NO
R01714,Helsinki,FI
R01715,Bergen,NO
R01716,Rogaland,NO
R01717,Oslo,NO
R01718,Stavanger,NO
R01719,Rogaland,NO
R01720,Trondheim,NO
R01721,Trondheim,NO
R01722,Helsinki,FI
R01723,Warsaw,PL
R01724,Oslo,NO
R01725,Copenhagen,DK
R01726,Viken,NO
R01727,Warsaw,PL
R01728,Hamburg,DE
R01729,Oslo,NO
R01730,Viken,NO
R01731,Bergen,NO
R01732,Oslo,NO
R01733,Rogaland,NO
R01734,Oslo,NO
R01735,Hamburg,DE
R01736,Helsinki,FI
R01737,Copenhagen,DK
R01738,Hamburg,DE
R01739,Stavanger,NO
R01740,Rogaland,NO
R01741,Copenhagen,DK
R01742,Helsinki,FI
R01743,Copenhagen,DK
R01744,Copenhagen,DK
R01745,Oslo,NO
R01746,Rogaland,NO
R01747,Bergen,NO
R01748,Copenhagen,DK
R01749,Oslo,NO
R01750,Helsinki,FI
R01751,Trondheim,NO
R01752,Bergen,NO
R01753,Copenhagen,DK
R01754,Hamburg,DE
R01755,Rogaland,NO
R01756,Bergen,NO
R01757,Viken,NO
R01758,Bergen,NO
R01759,Helsinki,FI
R01760,Copenhagen,DK
R01761,Stavanger,NO
R01762,Trondheim,NO
R01763,Stavanger,NO
R01764,Stavanger,NO
R01765,Stavanger,NO
R01766,Copenhagen,DK
R01767,Viken,NO
R01768,Helsinki,FI
R01769,Rogaland,NO
R01770,Viken,NO
R01771,Warsaw,PL
R01772,Helsinki,FI
R01773,Trondheim,NO
R01774,Stavanger,NO
R01775,Warsaw,PL
R01776,Stavanger,NO
R01777,Rogaland,NO
R01778,Hamburg,DE
R01779,Stavanger,NO
R01780,Hamburg,DE
R01781,Stavanger,NO
R01782,Oslo,NO
R01783,Stavanger,NO
R01784,Stavanger,NO
R01785,Viken,NO
R01786,Oslo,NO
R01787,Rogaland,NO
R01788,Helsinki,FI
R01789,Helsinki,FI
R01790,Hamburg,DE
R01791,Trondheim,NO
R01792,Warsaw,PL
R01793,Hamburg,DE
R01794,Hamburg,DE
R01795,Copenhagen,DK
R01796,Oslo,NO
R01797,Trondheim,NO
R01798,Oslo,NO
R01799,Oslo,NO
R01800,Rogaland,NO
R01801,Warsaw,PL
R01802,Hamburg,DE
R01803,Oslo,NO
R01804,Rogaland,NO
R01805,Viken,NO
R01806,Stavanger,NO
R01807,Helsinki,FI
R01808,Copenhagen,DK
R01809,Bergen,NO
R01810,Bergen,NO
R01811,Trondheim,NO
R01812,Copenhagen,DK
R01813,Copenhagen,DK
R01814,Oslo,NO
R01815,Helsinki,FI
R01816,Oslo,NO
R01817,Copenhagen,DK
R01818,Hamburg,DE
R01819,Oslo,NO
R01820,Viken,NO
R01821,Bergen,NO
R01822,Copenhagen,DK
R01823,Hamburg,DE
R01824,Copenhagen,DK
R01825,Helsinki,FI
R01826,Warsaw,PL
R01827,Oslo,NO
R01828,Hamburg,DE
R01829,Warsaw,PL
R01830,Bergen,NO
R01831,Bergen,NO
R01832,Rogaland,NO
R01833,Copenhagen,DK
R01834,Copenhagen,DK
R01835,Trondheim,NO
R01836,Viken,NO
R01837,Rogaland,NO
R01838,Trondheim,NO
R01839,Oslo,NO
R01840,Trondheim,NO
R01841,Helsinki,FI
R01842,Viken,NO
R01843,Copenhagen,DK
R01844,Warsaw,PL
R01845,Warsaw,PL
R01846,Viken,NO
R01847,Stavanger,NO
R01848,Warsaw,PL
R01849,Bergen,NO
R01850,Copenhagen,DK
R01851,Helsinki,FI
R01852,Oslo,NO
R01853,Hamburg,DE
R01854,Helsinki,FI
R01855,Hamburg,DE
R01856,Copenhagen,DK
R01857,Stavanger,NO
R01858,Viken,NO
R01859,Copenhagen,DK
R01860,Warsaw,PL
R01861,Bergen,NO
R01862,Copenhagen,DK
R01863,Rogaland,NO
R01864,Copenhagen,DK
R01865,Oslo,NO
R01866,Bergen,NO
R01867,Rogaland,NO
R01868,Rogaland,NO
R01869,Bergen,NO
R01870,Helsinki,FI
R01871,Trondheim,NO
R01872,Viken,NO
R01873,Helsinki,FI
R01874,Helsinki,FI
R01875,Oslo,NO
R01876,Bergen,NO
R01877,Helsinki,FI
R01878,Stavanger,NO
R01879,Viken,NO
R01880,Copenhagen,DK
R01881,Copenhagen,DK
R01882,Warsaw,PL
R01883,Hamburg,DE
R01884,Trondheim,NO
R01885,Rogaland,NO
R01886,Viken,NO
R01887,Rogaland,NO
R01888,Oslo,NO
R01889,Rogaland,NO
R01890,Oslo,NO
R01891,Stavanger,NO
R01892,Trondheim,NO
R01893,Hamburg,DE
R01894,Stavanger,NO
R01895,Viken,NO
R01896,Hamburg,DE
R01897,Stavanger,NO
R01898,Bergen,NO
R01899,Bergen,NO
R01900,Hamburg,DE
R01901,Viken,NO
R01902,Stavanger,NO
R01903,Warsaw,PL
R01904,Bergen,NO
R01905,Oslo,NO
R01906,Stavanger,NO
R01907,Oslo,NO
R01908,Warsaw,PL
R01909,Stavanger,NO
R01910,Warsaw,PL
R01911,Oslo,NO
R01912,Copenhagen,DK
R01913,Oslo,NO
R01914,Hamburg,DE
R01915,Helsinki,FI
R01916,Bergen,NO
R01917,Helsinki,FI
R01918,Copenhagen,DK
R01919,Oslo,NO
R01920,Rogaland,NO
R01921,Helsinki,FI
R01922,Trondheim,NO
R01923,Viken,NO
R01924,Warsaw,PL
R01925,Viken,NO
R01926,Rogaland,NO
R01927,Stavanger,NO
R01928,Oslo,NO
R01929,Oslo,NO
R01930,Warsaw,PL
R01931,Warsaw,PL
R01932,Helsinki,FI
R01933,Oslo,NO
R01934,Helsinki,FI
R01935,Oslo,NO
R01936,Oslo,NO
R01937,Stavanger,NO
R01938,Viken,NO
R01939,Trondheim,NO
R01940,Rogaland,NO
R01941,Stavanger,NO
R01942,Helsinki,FI
R01943,Viken,NO
R01944,Viken,NO
R01945,Stavanger,NO
R01946,Trondheim,NO
R01947,Warsaw,PL
R01948,Copenhagen,DK
R01949,Oslo,NO
R01950,Oslo,NO
R01951,Rogaland,NO
R01952,Warsaw,PL
R01953,Hamburg,DE
R01954,Rogaland,NO
R01955,Oslo,NO
R01956,Oslo,NO
R01957,Oslo,NO
R01958,Rogaland,NO
R01959,Copenhagen,DK
R01960,Rogaland,NO
R01961,Bergen,NO
R01962,Rogaland,NO
R01963,Rogaland,NO
R01964,Copenhagen,DK
R01965,Bergen,NO
R01966,Viken,NO
R01967,Rogaland,NO
R01968,Bergen,NO
R01969,Stavanger,NO
R01970,Helsinki,FI
R01971,Stavanger,NO
R01972,Oslo,NO
R01973,Bergen,NO
R01974,Viken,NO
R01975,Trondheim,NO
R01976,Helsinki,FI
R01977,Helsinki,FI
R01978,Viken,NO
R01979,Rogaland,NO
R01980,Helsinki,FI
R01981,Copenhagen,DK
R01982,Viken,NO
R01983,Trondheim,NO
R01984,Trondheim,NO
R01985,Rogaland,NO
R01986,Oslo,NO
R01987,Stavanger,NO
R01988,Helsinki,FI
R01989,Warsaw,PL
R01990,Copenhagen,DK
R01991,Viken,NO
R01992,Viken,NO
R01993,Copenhagen,DK
R01994,Rogaland,NO
R01995,Bergen,NO
R01996,Copenhagen,DK
R01997,Rogaland,NO
R01998,Warsaw,PL
R01999,Hamburg,DE
R02000,Warsaw,PL
R02001,Hamburg,DE
R02002,Rogaland,NO
R02003,Hamburg,DE
R02004,Viken,NO
R02005,Oslo,NO
R02006,Helsinki,FI
R02007,Stavanger,NO
R02008,Bergen,NO
R02009,Trondheim,NO
R02010,Rogaland,NO
R02011,Trondheim,NO
R02012,Bergen,NO
R02013,Rogaland,NO
R02014,Bergen,NO
R02015,Copenhagen,DK
R02016,Oslo,NO
R02017,Stavanger,NO
R02018,Helsinki,FI
R02019,Bergen,NO
R02020,Bergen,NO
R02021,Bergen,NO
R02022,Hamburg,DE
R02023,Warsaw,PL
R02024,Oslo,NO
R02025,Bergen,NO
R02026,Viken,NO
R02027,Trondheim,NO
R02028,Viken,NO
R02029,Viken,NO
R02030,Rogaland,NO
R02031,Copenhagen,DK
R02032,Bergen,NO
R02033,Bergen,NO
R02034,Copenhagen,DK
R02035,Helsinki,FI
R02036,Warsaw,PL
R02037,Viken,NO
R02038,Bergen,NO
R02039,Stavanger,NO
R02040,Trondheim,NO
R02041,Trondheim,NO
R02042,Bergen,NO
R02043,Trondheim,NO
R02044,Oslo,NO
R02045,Hamburg,DE
R02046,Viken,NO
R02047,Hamburg,DE
R02048,Hamburg,DE
R02049,Trondheim,NO
R02050,Oslo,NO
R02051,Trondheim,NO
R02052,Oslo,NO
R02053,Viken,NO
R02054,Oslo,NO
R02055,Warsaw,PL
R02056,Rogaland,NO
R02057,Bergen,NO
R02058,Viken,NO
R02059,Hamburg,DE
R02060,Viken,NO
R02061,Rogaland,NO
R02062,Stavanger,NO
R02063,Stavanger,NO
R02064,Trondheim,NO
R02065,Oslo,NO
R02066,Helsinki,FI
R02067,Oslo,NO
R02068,Bergen,NO
R02069,Oslo,NO
R02070,Stavanger,NO
R02071,Hamburg,DE
R02072,Warsaw,PL
R02073,Helsinki,FI
R02074,Viken,NO
R02075,Oslo,NO
R02076,Oslo,NO
R02077,Stavanger,NO
R02078,Helsinki,FI
R02079,Rogaland,NO
R02080,Rogaland,NO
R02081,Oslo,NO
R02082,Stavanger,NO
R02083,Hamburg,DE
R02084,Rogaland,NO
R02085,Stavanger,NO
R02086,Oslo,NO
R02087,Copenhagen,DK
R02088,Copenhagen,DK
R02089,Stavanger,NO
R02090,Warsaw,PL
R02091,Warsaw,PL
R02092,Copenhagen,DK
R02093,Bergen,NO
R02094,Rogaland,NO
R02095,Viken,NO
R02096,Rogaland,NO
R02097,Viken,NO
R02098,Helsinki,FI
R02099,Stavanger,NO
R02100,Stavanger,NO
R02101,Helsinki,FI
R02102,Trondheim,NO
R02103,Rogaland,NO
R02104,Oslo,NO
R02105,Copenhagen,DK
R02106,Rogaland,NO
R02107,Hamburg,DE
R02108,Viken,NO
R02109,Helsinki,FI
R02110,Bergen,NO
R02111,Bergen,NO
R02112,Copenhagen,DK
R02113,Oslo,NO
R02114,Stavanger,NO
R02115,Warsaw,PL
R02116,Hamburg,DE
R02117,Helsinki,FI
R02118,Warsaw,PL
R02119,Viken,NO
R02120,Helsinki,FI
R02121,Trondheim,NO
R02122,Warsaw,PL
R02123,Stavanger,NO
R02124,Rogaland,NO
R02125,Helsinki,FI
R02126,Oslo,NO
R02127,Copenhagen,DK
R02128,Oslo,NO
R02129,Warsaw,PL
R02130,Warsaw,PL
R02131,Trondheim,NO
R02132,Stavanger,NO
R02133,Hamburg,DE
R02134,Warsaw,PL
R02135,Hamburg,DE
R02136,Bergen,NO
R02137,Viken,NO
R02138,Bergen,NO
R02139,Oslo,NO
R02140,Viken,NO
R02141,Stavanger,NO
R02142,Helsinki,FI
R02143,Helsinki,FI
R02144,Viken,NO
R02145,Trondheim,NO
R02146,Bergen,NO
R02147,Stavanger,NO
R02148,Hamburg,DE
R02149,Viken,NO
R02150,Warsaw,PL
R02151,Trondheim,NO
R02152,Stavanger,NO
R02153,Bergen,NO
R02154,Rogaland,NO
R02155,Warsaw,PL
R02156,Copenhagen,DK
R02157,Trondheim,NO
R02158,Oslo,NO
R02159,Oslo,NO
R02160,Oslo,NO
R02161,Rogaland,NO
R02162,Oslo,NO
R02163,Viken,NO
R02164,Warsaw,PL
R02165,Helsinki,FI
R02166,Helsinki,FI
R02167,Oslo,NO
R02168,Copenhagen,DK
R02169,Trondheim,NO
R02170,Viken,NO
R02171,Warsaw,PL
R02172,Helsinki,FI
R02173,Viken,NO
R02174,Bergen,NO
R02175,Bergen,NO
R02176,Viken,NO
R02177,Trondheim,NO
R02178,Warsaw,PL
R02179,Oslo,NO
R02180,Viken,NO
R02181,Oslo,NO
R02182,Viken,NO
R02183,Hamburg,DE
R02184,Rogaland,NO
R02185,Warsaw,PL
R02186,Viken,NO
R02187,Warsaw,PL
R02188,Warsaw,PL
R02189,Helsinki,FI
R02190,Trondheim,NO
R02191,Bergen,NO
R02192,Oslo,NO
R02193,Viken,NO
R02194,Hamburg,DE
R02195,Oslo,NO
R02196,Stavanger,NO
R02197,Trondheim,NO
R02198,Bergen,NO
R02199,Oslo,NO
R02200,Stavanger,NO
R02201,Stavanger,NO
R02202,Viken,NO
R02203,Viken,NO
R02204,Helsinki,FI
R02205,Helsinki,FI
R02206,Bergen,NO
R02207,Copenhagen,DK
R02208,Warsaw,PL
R02209,Oslo,NO
R02210,Helsinki,FI
R02211,Stavanger,NO
R02212,Viken,NO
R02213,Copenhagen,DK
R02214,Viken,NO
R02215,Warsaw,PL
R02216,Helsinki,FI
R02217,Rogaland,NO
R02218,Rogaland,NO
R02219,Warsaw,PL
R02220,Viken,NO
R02221,Helsinki,FI
R02222,Warsaw,PL
R02223,Viken,NO
R02224,Rogaland,NO
R02225,Viken,NO
R02226,Bergen,NO
R02227,Bergen,NO
R02228,Helsinki,FI
R02229,Bergen,NO
R02230,Bergen,NO
R02231,Warsaw,PL
R02232,Stavanger,NO
R02233,Viken,NO
R02234,Stavanger,NO
R02235,Helsinki,FI
R02236,Helsinki,FI
R02237,Stavanger,NO
R02238,Copenhagen,DK
R02239,Hamburg,DE
R02240,Trondheim,NO
R02241,Bergen,NO
R02242,Trondheim,NO
R02243,Stavanger,NO
R02244,Helsinki,FI
R02245,Bergen,NO
R02246,Trondheim,NO
R02247,Helsinki,FI
R02248,Stavanger,NO
R02249,Copenhagen,DK
R02250,Copenhagen,DK
R02251,Hamburg,DE
R02252,Oslo,NO
R02253,Helsinki,FI
R02254,Stavanger,NO
R02255,Helsinki,FI
R02256,Stavanger,NO
R02257,Bergen,NO
R02258,Trondheim,NO
R02259,Copenhagen,DK
R02260,Stavanger,NO
R02261,Warsaw,PL
R02262,Helsinki,FI
R02263,Trondheim,NO
R02264,Helsinki,FI
R02265,Bergen,NO
R02266,Helsinki,FI
R02267,Helsinki,FI
R02268,Hamburg,DE
R02269,Copenhagen,DK
R02270,Viken,NO
R02271,Rogaland,NO
R02272,Bergen,NO
R02273,Bergen,NO
R02274,Warsaw,PL
R02275,Oslo,NO
R02276,Oslo,NO
R02277,Viken,NO
R02278,Copenhagen,DK
R02279,Bergen,NO
R02280,Viken,NO
R02281,Bergen,NO
R02282,Trondheim,NO
R02283,Helsinki,FI
R02284,Trondheim,NO
R02285,Bergen,NO
R02286,Warsaw,PL
R02287,Stavanger,NO
R02288,Oslo,NO
R02289,Helsinki,FI
R02290,Oslo,NO
R02291,Warsaw,PL
R02292,Stavanger,NO
R02293,Oslo,NO
R02294,Rogaland,NO
R02295,Oslo,NO
R02296,Warsaw,PL
R02297,Viken,NO
R02298,Viken,NO
R02299,Oslo,NO
R02300,Oslo,NO
R02301,Bergen,NO
R02302,Bergen,NO
R02303,Trondheim,NO
R02304,Viken,NO
R02305,Warsaw,PL
R02306,Helsinki,FI
R02307,Bergen,NO
R02308,Warsaw,PL
R02309,Trondheim,NO
R02310,Warsaw,PL
R02311,Oslo,NO
R02312,Oslo,NO
R02313,Warsaw,PL
R02314,Bergen,NO
R02315,Viken,NO
R02316,Trondheim,NO
R02317,Viken,NO
R02318,Stavanger,NO
R02319,Viken,NO
R02320,Oslo,NO
R02321,Warsaw,PL
R02322,Hamburg,DE
R02323,Trondheim,NO
R02324,Stavanger,NO
R02325,Hamburg,DE
R02326,Rogaland,NO
R02327,Bergen,NO
R02328,Bergen,NO
R02329,Warsaw,PL
R02330,Hamburg,DE
R02331,Copenhagen,DK
R02332,Bergen,NO
R02333,Hamburg,DE
R02334,Warsaw,PL
R02335,Oslo,NO
R02336,Viken,NO
R02337,Stavanger,NO
R02338,Warsaw,PL
R02339,Stavanger,NO
R02340,Warsaw,PL
R02341,Hamburg,DE
R02342,Hamburg,DE
R02343,Warsaw,PL
R02344,Bergen,NO
R02345,Helsinki,FI
R02346,Helsinki,FI
R02347,Helsinki,FI
R02348,Helsinki,FI
R02349,Trondheim,NO
R02350,Helsinki,FI
R02351,Oslo,NO
R02352,Trondheim,NO
R02353,Warsaw,PL
R02354,Rogaland,NO
R02355,Trondheim,NO
R02356,Copenhagen,DK
R02357,Oslo,NO
R02358,Bergen,NO
R02359,Stavanger,NO
R02360,Trondheim,NO
R02361,Helsinki,FI
R02362,Hamburg,DE
R02363,Oslo,NO
R02364,Stavanger,NO
R02365,Rogaland,NO
R02366,Warsaw,PL
R02367,Hamburg,DE
R02368,Hamburg,DE
R02369,Copenhagen,DK
R02370,Warsaw,PL
R02371,Helsinki,FI
R02372,Bergen,NO
R02373,Rogaland,NO
R02374,Trondheim,NO
R02375,Oslo,NO
R02376,Oslo,NO
R02377,Warsaw,PL
R02378,Bergen,NO
R02379,Viken,NO
R02380,Bergen,NO
R02381,Copenhagen,DK
R02382,Stavanger,NO
R02383,Viken,NO
R02384,Trondheim,NO
R02385,Rogaland,NO
R02386,Oslo,NO
R02387,Hamburg,DE
R02388,Copenhagen,DK
R02389,Viken,NO
R02390,Oslo,NO
R02391,Bergen,NO
R02392,Viken,NO
R02393,Copenhagen,DK
R02394,Copenhagen,DK
R02395,Bergen,NO
R02396,Copenhagen,DK
R02397,Copenhagen,DK
R02398,Trondheim,NO
R02399,Stavanger,NO
R02400,Rogaland,NO
R02401,Helsinki,FI
R02402,Warsaw,PL
R02403,Hamburg,DE
R02404,Viken,NO
R02405,Trondheim,NO
R02406,Stavanger,NO
R02407,Stavanger,NO
R02408,Viken,NO
R02409,Oslo,NO
R02410,Rogaland,NO
R02411,Hamburg,DE
R02412,Trondheim,NO
R02413,Warsaw,PL
R02414,Helsinki,FI
R02415,Stavanger,NO
R02416,Viken,NO
R02417,Viken,NO
R02418,Rogaland,NO
R02419,Viken,NO
R02420,Bergen,NO
R02421,Hamburg,DE
R02422,Rogaland,NO
R02423,Bergen,NO
R02424,Hamburg,DE
R02425,Rogaland,NO
R02426,Hamburg,DE
R02427,Helsinki,FI
R02428,Rogaland,NO
R02429,Viken,NO
R02430,Helsinki,FI
R02431,Viken,NO
R02432,Copenhagen,DK
R02433,Oslo,NO
R02434,Trondheim,NO
R02435,Oslo,NO
R02436,Rogaland,NO
R02437,Trondheim,NO
R02438,Trondheim,NO
R02439,Hamburg,DE
R02440,Oslo,NO
R02441,Trondheim,NO
R02442,Stavanger,NO
R02443,Bergen,NO
R02444,Bergen,NO
R02445,Copenhagen,DK
R02446,Copenhagen,DK
R02447,Viken,NO
R02448,Warsaw,PL
R02449,Trondheim,NO
R02450,Copenhagen,DK
R02451,Stavanger,NO
R02452,Hamburg,DE
R02453,Trondheim,NO
R02454,Hamburg,DE
R02455,Warsaw,PL
R02456,Oslo,NO
R02457,Rogaland,NO
R02458,Rogaland,NO
R02459,Stavanger,NO
R02460,Bergen,NO
R02461,Copenhagen,DK
R02462,Hamburg,DE
R02463,Oslo,NO
R02464,Oslo,NO
R02465,Rogaland,NO
R02466,Hamburg,DE
R02467,Oslo,NO
R02468,Stavanger,NO
R02469,Stavanger,NO
R02470,Helsinki,FI
R02471,Trondheim,NO
R02472,Copenhagen,DK
R02473,Helsinki,FI
R02474,Hamburg,DE
R02475,Helsinki,FI
R02476,Warsaw,PL
R02477,Stavanger,NO
R02478,Viken,NO
R02479,Helsinki,FI
R02480,Rogaland,NO
R02481,Warsaw,PL
R02482,Bergen,NO
R02483,Hamburg,DE
R02484,Bergen,NO
R02485,Viken,NO
R02486,Hamburg,DE
R02487,Oslo,NO
R02488,Stavanger,NO
R02489,Hamburg,DE
R02490,Rogaland,NO
R02491,Warsaw,PL
R02492,Trondheim,NO
R02493,Helsinki,FI
R02494,Oslo,NO
R02495,Stavanger,NO
R02496,Copenhagen,DK
R02497,Viken,NO
R02498,Helsinki,FI
R02499,Hamburg,DE
R02500,Viken,NO
R02501,Bergen,NO
R02502,Helsinki,FI
R02503,Trondheim,NO
R02504,Warsaw,PL
R02505,Stavanger,NO
R02506,Stavanger,NO
R02507,Warsaw,PL
R02508,Stavanger,NO
R02509,Stavanger,NO
R02510,Viken,NO
R02511,Bergen,NO
R02512,Rogaland,NO
R02513,Hamburg,DE
R02514,Oslo,NO
R02515,Helsinki,FI
R02516,Helsinki,FI
R02517,Bergen,NO
R02518,Copenhagen,DK
R02519,Bergen,NO
R02520,Oslo,NO
R02521,Bergen,NO
R02522,Copenhagen,DK
R02523,Rogaland,NO
R02524,Rogaland,NO
R02525,Rogaland,NO
R02526,Bergen,NO
R02527,Rogaland,NO
R02528,Trondheim,NO
R02529,Viken,NO
R02530,Oslo,NO
R02531,Trondheim,NO
R02532,Warsaw,PL
R02533,Stavanger,NO
R02534,Stavanger,NO
R02535,Hamburg,DE
R02536,Stavanger,NO
R02537,Trondheim,NO
R02538,Viken,NO
R02539,Rogaland,NO
R02540,Hamburg,DE
R02541,Hamburg,DE
R02542,Bergen,NO
R02543,Oslo,NO
R02544,Bergen,NO
R02545,Trondheim,NO
R02546,Viken,NO
R02547,Bergen,NO
R02548,Hamburg,DE
R02549,Viken,NO
R02550,Rogaland,NO
R02551,Viken,NO
R02552,Helsinki,FI
R02553,Oslo,NO
R02554,Copenhagen,DK
R02555,Copenhagen,DK
R02556,Helsinki,FI
R02557,Warsaw,PL
R02558,Helsinki,FI
R02559,Viken,NO
R02560,Bergen,NO
R02561,Viken,NO
R02562,Oslo,NO
R02563,Warsaw,PL
R02564,Oslo,NO
R02565,Stavanger,NO
R02566,Oslo,NO
R02567,Hamburg,DE
R02568,Helsinki,FI
R02569,Stavanger,NO
R02570,Warsaw,PL
R02571,Viken,NO
R02572,Warsaw,PL
R02573,Copenhagen,DK
R02574,Hamburg,DE
R02575,Bergen,NO
R02576,Helsinki,FI
R02577,Stavanger,NO
R02578,Viken,NO
R02579,Stavanger,NO
R02580,Helsinki,FI
R02581,Hamburg,DE
R02582,Oslo,NO
R02583,Viken,NO
R02584,Copenhagen,DK
R02585,Trondheim,NO
R02586,Warsaw,PL
R02587,Viken,NO
R02588,Hamburg,DE
R02589,Hamburg,DE
R02590,Oslo,NO
R02591,Stavanger,NO
R02592,Trondheim,NO
R02593,Hamburg,DE
R02594,Warsaw,PL
R02595,Viken,NO
R02596,Trondheim,NO
R02597,Trondheim,NO
R02598,Viken,NO
R02599,Trondheim,NO
R02600,Trondheim,NO
R02601,Hamburg,DE
R02602,Hamburg,DE
R02603,Bergen,NO
R02604,Hamburg,DE
R02605,Warsaw,PL
R02606,Viken,NO
R02607,Rogaland,NO
R02608,Helsinki,FI
R02609,Hamburg,DE
R02610,Oslo,NO
R02611,Rogaland,NO
R02612,Viken,NO
R02613,Copenhagen,DK
R02614,Rogaland,NO
R02615,Rogaland,NO
R02616,Hamburg,DE
R02617,Viken,NO
R02618,Hamburg,DE
R02619,Bergen,NO
R02620,Trondheim,NO
R02621,Rogaland,NO
R02622,Viken,NO
R02623,Trondheim,NO
R02624,Warsaw,PL
R02625,Rogaland,NO
R02626,Oslo,NO
R02627,Bergen,NO
R02628,Copenhagen,DK
R02629,Oslo,NO
R02630,Trondheim,NO
R02631,Stavanger,NO
R02632,Helsinki,FI
R02633,Helsinki,FI
R02634,Helsinki,FI
R02635,Bergen,NO
R02636,Bergen,NO
R02637,Oslo,NO
R02638,Helsinki,FI
R02639,Warsaw,PL
R02640,Warsaw,PL
R02641,Trondheim,NO
R02642,Trondheim,NO
R02643,Warsaw,PL
R02644,Bergen,NO
R02645,Rogaland,NO
R02646,Viken,NO
R02647,Rogaland,NO
R02648,Hamburg,DE
R02649,Stavanger,NO
R02650,Viken,NO
R02651,Oslo,NO
R02652,Viken,NO
R02653,Trondheim,NO
R02654,Stavanger,NO
R02655,Stavanger,NO
R02656,Stavanger,NO
R02657,Stavanger,NO
R02658,Oslo,NO
R02659,Oslo,NO
R02660,Trondheim,NO
R02661,Stavanger,NO
R02662,Copenhagen,DK
R02663,Rogaland,NO
R02664,Bergen,NO
R02665,Copenhagen,DK
R02666,Viken,NO
R02667,Oslo,NO
R02668,Helsinki,FI
R02669,Rogaland,NO
R02670,Oslo,NO
R02671,Warsaw,PL
R02672,Warsaw,PL
R02673,Hamburg,DE
R02674,Copenhagen,DK
R02675,Hamburg,DE
R02676,Trondheim,NO
R02677,Bergen,NO
R02678,Viken,NO
R02679,Stavanger,NO
R02680,Copenhagen,DK
R02681,Hamburg,DE
R02682,Stavanger,NO
R02683,Viken,NO
R02684,Bergen,NO
R02685,Rogaland,NO
R02686,Warsaw,PL
R02687,Copenhagen,DK
R02688,Oslo,NO
R02689,Oslo,NO
R02690,Helsinki,FI
R02691,Trondheim,NO
R02692,Hamburg,DE
R02693,Bergen,NO
R02694,Copenhagen,DK
R02695,Viken,NO
R02696,Bergen,NO
R02697,Rogaland,NO
R02698,Viken,NO
R02699,Warsaw,PL
R02700,Oslo,NO
R02701,Helsinki,FI
R02702,Trondheim,NO
R02703,Copenhagen,DK
R02704,Stavanger,NO
R02705,Trondheim,NO
R02706,Copenhagen,DK
R02707,Oslo,NO
R02708,Bergen,NO
R02709,Helsinki,FI
R02710,Hamburg,DE
R02711,Viken,NO
R02712,Warsaw,PL
R02713,Helsinki,FI
R02714,Stavanger,NO
R02715,Oslo,NO
R02716,Rogaland,NO
R02717,Trondheim,NO
R02718,Trondheim,NO
R02719,Oslo,NO
R02720,Copenhagen,DK
R02721,Copenhagen,DK
R02722,Bergen,NO
R02723,Rogaland,NO
R02724,Bergen,NO
R02725,Helsinki,FI
R02726,Helsinki,FI
R02727,Helsinki,FI
R02728,Oslo,NO
R02729,Trondheim,NO
R02730,Bergen,NO
R02731,Copenhagen,DK
R02732,Rogaland,NO
R02733,Copenhagen,DK
R02734,Viken,NO
R02735,Copenhagen,DK
R02736,Copenhagen,DK
R02737,Stavanger,NO
R02738,Rogaland,NO
R02739,Stavanger,NO
R02740,Helsinki,FI
R02741,Viken,NO
R02742,Rogaland,NO
R02743,Stavanger,NO
R02744,Copenhagen,DK
R02745,Bergen,NO
R02746,Helsinki,FI
R02747,Rogaland,NO
R02748,Trondheim,NO
R02749,Helsinki,FI
R02750,Hamburg,DE
R02751,Hamburg,DE
R02752,Oslo,NO
R02753,Bergen,NO
R02754,Hamburg,DE
R02755,Warsaw,PL
R02756,Helsinki,FI
R02757,Copenhagen,DK
R02758,Viken,NO
R02759,Rogaland,NO
R02760,Rogaland,NO
R02761,Helsinki,FI
R02762,Copenhagen,DK
R02763,Rogaland,NO
R02764,Stavanger,NO
R02765,Trondheim,NO
R02766,Oslo,NO
R02767,Bergen,NO
R02768,Stavanger,NO
R02769,Oslo,NO
R02770,Hamburg,DE
R02771,Hamburg,DE
R02772,Rogaland,NO
R02773,Oslo,NO
R02774,Stavanger,NO
R02775,Hamburg,DE
R02776,Hamburg,DE
R02777,Stavanger,NO
R02778,Helsinki,FI
R02779,Warsaw,PL
R02780,Hamburg,DE
R02781,Warsaw,PL
R02782,Bergen,NO
R02783,Helsinki,FI
R02784,Trondheim,NO
R02785,Trondheim,NO
R02786,Stavanger,NO
R02787,Hamburg,DE
R02788,Helsinki,FI
R02789,Warsaw,PL
R02790,Oslo,NO
R02791,Oslo,NO
R02792,Rogaland,NO
R02793,Viken,NO
R02794,Warsaw,PL
R02795,Copenhagen,DK
R02796,Hamburg,DE
R02797,Warsaw,PL
R02798,Viken,NO
R02799,Oslo,NO
R02800,Bergen,NO
R02801,Viken,NO
R02802,Viken,NO
R02803,Bergen,NO
R02804,Hamburg,DE
R02805,Viken,NO
R02806,Copenhagen,DK
R02807,Oslo,NO
R02808,Oslo,NO
R02809,Bergen,NO
R02810,Viken,NO
R02811,Viken,NO
R02812,Copenhagen,DK
R02813,Hamburg,DE
R02814,Copenhagen,DK
R02815,Hamburg,DE
R02816,Helsinki,FI
R02817,Trondheim,NO
R02818,Helsinki,FI
R02819,Hamburg,DE
R02820,Trondheim,NO
R02821,Copenhagen,DK
R02822,Bergen,NO
R02823,Bergen,NO
R02824,Rogaland,NO
R02825,Warsaw,PL
R02826,Bergen,NO
R02827,Stavanger,NO
R02828,Stavanger,NO
R02829,Stavanger,NO
R02830,Oslo,NO
R02831,Oslo,NO
R02832,Helsinki,FI
R02833,Helsinki,FI
R02834,Rogaland,NO
R02835,Rogaland,NO
R02836,Viken,NO
R02837,Stavanger,NO
R02838,Trondheim,NO
R02839,Bergen,NO
R02840,Copenhagen,DK
R02841,Stavanger,NO
R02842,Trondheim,NO
R02843,Stavanger,NO
R02844,Stavanger,NO
R02845,Copenhagen,DK
R02846,Oslo,NO
R02847,Trondheim,NO
R02848,Trondheim,NO
R02849,Bergen,NO
R02850,Hamburg,DE
R02851,Oslo,NO
R02852,Stavanger,NO
R02853,Copenhagen,DK
R02854,Hamburg,DE
R02855,Hamburg,DE
R02856,Bergen,NO
R02857,Bergen,NO
R02858,Bergen,NO
R02859,Trondheim,NO
R02860,Viken,NO
R02861,Hamburg,DE
R02862,Rogaland,NO
R02863,Stavanger,NO
R02864,Rogaland,NO
R02865,Helsinki,FI
R02866,Trondheim,NO
R02867,Viken,NO
R02868,Warsaw,PL
R02869,Viken,NO
R02870,Viken,NO
R02871,Copenhagen,DK
R02872,Oslo,NO
R02873,Helsinki,FI
R02874,Viken,NO
R02875,Helsinki,FI
R02876,Hamburg,DE
R02877,Copenhagen,DK
R02878,Stavanger,NO
R02879,Oslo,NO
R02880,Viken,NO
R02881,Oslo,NO
R02882,Viken,NO
R02883,Viken,NO
R02884,Hamburg,DE
R02885,Helsinki,FI
R02886,Helsinki,FI
R02887,Stavanger,NO
R02888,Stavanger,NO
R02889,Oslo,NO
R02890,Warsaw,PL
R02891,Warsaw,PL
R02892,Trondheim,NO
R02893,Copenhagen,DK
R02894,Helsinki,FI
R02895,Rogaland,NO
R02896,Viken,NO
R02897,Bergen,NO
R02898,Warsaw,PL
R02899,Oslo,NO
R02900,Trondheim,NO
R02901,Trondheim,NO
R02902,Rogaland,NO
R02903,Trondheim,NO
R02904,Warsaw,PL
R02905,Viken,NO
R02906,Stavanger,NO
R02907,Rogaland,NO
R02908,Viken,NO
R02909,Hamburg,DE
R02910,Viken,NO
R02911,Trondheim,NO
R02912,Oslo,NO
R02913,Trondheim,NO
R02914,Copenhagen,DK
R02915,Copenhagen,DK
R02916,Trondheim,NO
R02917,Warsaw,PL
R02918,Warsaw,PL
R02919,Trondheim,NO
R02920,Helsinki,FI
R02921,Warsaw,PL
R02922,Oslo,NO
R02923,Stavanger,NO
R02924,Stavanger,NO
R02925,Stavanger,NO
R02926,Hamburg,DE
R02927,Viken,NO
R02928,Oslo,NO
R02929,Rogaland,NO
R02930,Stavanger,NO
R02931,Viken,NO
R02932,Viken,NO
R02933,Warsaw,PL
R02934,Viken,NO
R02935,Oslo,NO
R02936,Bergen,NO
R02937,Warsaw,PL
R02938,Copenhagen,DK
R02939,Stavanger,NO
R02940,Hamburg,DE
R02941,Trondheim,NO
R02942,Stavanger,NO
R02943,Helsinki,FI
R02944,Copenhagen,DK
R02945,Copenhagen,DK
R02946,Warsaw,PL
R02947,Rogaland,NO
R02948,Warsaw,PL
R02949,Hamburg,DE
R02950,Copenhagen,DK
R02951,Oslo,NO
R02952,Bergen,NO
R02953,Stavanger,NO
R02954,Stavanger,NO
R02955,Trondheim,NO
R02956,Helsinki,FI
R02957,Warsaw,PL
R02958,Bergen,NO
R02959,Stavanger,NO
R02960,Copenhagen,DK
R02961,Hamburg,DE
R02962,Stavanger,NO
R02963,Viken,NO
R02964,Rogaland,NO
R02965,Oslo,NO
R02966,Oslo,NO
R02967,Rogaland,NO
R02968,Viken,NO
R02969,Oslo,NO
R02970,Helsinki,FI
R02971,Copenhagen,DK
R02972,Hamburg,DE
R02973,Hamburg,DE
R02974,Copenhagen,DK
R02975,Oslo,NO
R02976,Oslo,NO
R02977,Viken,NO
R02978,Helsinki,FI
R02979,Hamburg,DE
R02980,Trondheim,NO
R02981,Oslo,NO
R02982,Trondheim,NO
R02983,Stavanger,NO
R02984,Helsinki,FI
R02985,Oslo,NO
R02986,Hamburg,DE
R02987,Viken,NO
R02988,Helsinki,FI
R02989,Trondheim,NO
R02990,Copenhagen,DK
R02991,Helsinki,FI
R02992,Hamburg,DE
R02993,Hamburg,DE
R02994,Viken,NO
R02995,Bergen,NO
R02996,Oslo,NO
R02997,Warsaw,PL
R02998,Bergen,NO
R02999,Oslo,NO
R03000,Rogaland,NO
R03001,Viken,NO
R03002,Oslo,NO
R03003,Copenhagen,DK
R03004,Warsaw,PL
R03005,Rogaland,NO
R03006,Hamburg,DE
R03007,Copenhagen,DK
R03008,Bergen,NO
R03009,Viken,NO
R03010,Trondheim,NO
R03011,Stavanger,NO
R03012,Copenhagen,DK
R03013,Rogaland,NO
R03014,Viken,NO
R03015,Viken,NO
R03016,Trondheim,NO
R03017,Bergen,NO
R03018,Warsaw,PL
R03019,Warsaw,PL
R03020,Stavanger,NO
R03021,Hamburg,DE
R03022,Trondheim,NO
R03023,Oslo,NO
R03024,Warsaw,PL
R03025,Bergen,NO
R03026,Trondheim,NO
R03027,Rogaland,NO
R03028,Rogaland,NO
R03029,Oslo,NO
R03030,Stavanger,NO
R03031,Copenhagen,DK
R03032,Hamburg,DE
R03033,Stavanger,NO
R03034,Rogaland,NO
R03035,Oslo,NO
R03036,Helsinki,FI
R03037,Rogaland,NO
R03038,Warsaw,PL
R03039,Bergen,NO
R03040,Warsaw,PL
R03041,Copenhagen,DK
R03042,Helsinki,FI
R03043,Hamburg,DE
R03044,Warsaw,PL
R03045,Rogaland,NO
R03046,Trondheim,NO
R03047,Rogaland,NO
R03048,Hamburg,DE
R03049,Copenhagen,DK
R03050,Bergen,NO
R03051,Rogaland,NO
R03052,Oslo,NO
R03053,Stavanger,NO
R03054,Trondheim,NO
R03055,Oslo,NO
R03056,Copenhagen,DK
R03057,Hamburg,DE
R03058,Warsaw,PL
R03059,Helsinki,FI
R03060,Helsinki,FI
R03061,Trondheim,NO
R03062,Copenhagen,DK
R03063,Rogaland,NO
R03064,Oslo,NO
R03065,Oslo,NO
R03066,Trondheim,NO
R03067,Copenhagen,DK
R03068,Helsinki,FI
R03069,Viken,NO
R03070,Rogaland,NO
R03071,Copenhagen,DK
R03072,Trondheim,NO
R03073,Trondheim,NO
R03074,Stavanger,NO
R03075,Bergen,NO
R03076,Stavanger,NO
R03077,Hamburg,DE
R03078,Warsaw,PL
R03079,Bergen,NO
R03080,Bergen,NO
R03081,Bergen,NO
R03082,Trondheim,NO
R03083,Rogaland,NO
R03084,Warsaw,PL
R03085,Warsaw,PL
R03086,Rogaland,NO
R03087,Hamburg,DE
R03088,Oslo,NO
R03089,Warsaw,PL
R03090,Stavanger,NO
R03091,Stavanger,NO
R03092,Rogaland,NO
R03093,Hamburg,DE
R03094,Helsinki,FI
R03095,Helsinki,FI
R03096,Bergen,NO
R03097,Bergen,NO
R03098,Bergen,NO
R03099,Copenhagen,DK
R03100,Bergen,NO
R03101,Rogaland,NO
R03102,Rogaland,NO
R03103,Warsaw,PL
R03104,Trondheim,NO
R03105,Warsaw,PL
R03106,Viken,NO
R03107,Viken,NO
R03108,Copenhagen,DK
R03109,Viken,NO
R03110,Hamburg,DE
R03111,Oslo,NO
R03112,Oslo,NO
R03113,Trondheim,NO
R03114,Rogaland,NO
R03115,Helsinki,FI
R03116,Hamburg,DE
R03117,Bergen,NO
R03118,Hamburg,DE
R03119,Stavanger,NO
R03120,Copenhagen,DK
R03121,Stavanger,NO
R03122,Bergen,NO
R03123,Oslo,NO
R03124,Stavanger,NO
R03125,Stavanger,NO
R03126,Viken,NO
R03127,Rogaland,NO
R03128,Rogaland,NO
R03129,Helsinki,FI
R03130,Warsaw,PL
R03131,Rogaland,NO
R03132,Bergen,NO
R03133,Copenhagen,DK
R03134,Stavanger,NO
R03135,Oslo,NO
R03136,Copenhagen,DK
R03137,Viken,NO
R03138,Oslo,NO
R03139,Trondheim,NO
R03140,Viken,NO
R03141,Rogaland,NO
R03142,Copenhagen,DK
R03143,Bergen,NO
R03144,Rogaland,NO
R03145,Oslo,NO
R03146,Bergen,NO
R03147,Stavanger,NO
R03148,Hamburg,DE
R03149,Trondheim,NO
R03150,Rogaland,NO
R03151,Bergen,NO
R03152,Helsinki,FI
R03153,Viken,NO
R03154,Stavanger,NO
R03155,Warsaw,PL
R03156,Copenhagen,DK
R03157,Copenhagen,DK
R03158,Warsaw,PL
R03159,Helsinki,FI
R03160,Stavanger,NO
R03161,Warsaw,PL
R03162,Rogaland,NO
R03163,Viken,NO
R03164,Stavanger,NO
R03165,Hamburg,DE
R03166,Stavanger,NO
R03167,Trondheim,NO
R03168,Rogaland,NO
R03169,Copenhagen,DK
R03170,Bergen,NO
R03171,Bergen,NO
R03172,Copenhagen,DK
R03173,Copenhagen,DK
R03174,Oslo,NO
R03175,Warsaw,PL
R03176,Rogaland,NO
R03177,Helsinki,FI
R03178,Trondheim,NO
R03179,Bergen,NO
R03180,Helsinki,FI
R03181,Oslo,NO
R03182,Warsaw,PL
R03183,Oslo,NO
R03184,Helsinki,FI
R03185,Viken,NO
R03186,Hamburg,DE
R03187,Rogaland,NO
R03188,Hamburg,DE
R03189,Helsinki,FI
R03190,Viken,NO
R03191,Copenhagen,DK
R03192,Warsaw,PL
R03193,Viken,NO
R03194,Trondheim,NO
R03195,Rogaland,NO
R03196,Copenhagen,DK
R03197,Stavanger,NO
R03198,Bergen,NO
R03199,Viken,NO
R03200,Copenhagen,DK
R03201,Viken,NO
R03202,Trondheim,NO
R03203,Viken,NO
R03204,Hamburg,DE
R03205,Rogaland,NO
R03206,Stavanger,NO
R03207,Rogaland,NO
R03208,Hamburg,DE
R03209,Viken,NO
R03210,Copenhagen,DK
R03211,Helsinki,FI
R03212,Hamburg,DE
R03213,Copenhagen,DK
R03214,Helsinki,FI
R03215,Hamburg,DE
R03216,Bergen,NO
R03217,Trondheim,NO
R03218,Rogaland,NO
R03219,Copenhagen,DK
R03220,Bergen,NO
R03221,Viken,NO
R03222,Helsinki,FI
R03223,Rogaland,NO
R03224,Copenhagen,DK
R03225,Warsaw,PL
R03226,Rogaland,NO
R03227,Helsinki,FI
R03228,Oslo,NO
R03229,Trondheim,NO
R03230,Trondheim,NO
R03231,Oslo,NO
R03232,Helsinki,FI
R03233,Copenhagen,DK
R03234,Bergen,NO
R03235,Copenhagen,DK
R03236,Hamburg,DE
R03237,Copenhagen,DK
R03238,Trondheim,NO
R03239,Hamburg,DE
R03240,Warsaw,PL
R03241,Copenhagen,DK
R03242,Helsinki,FI
R03243,Stavanger,NO
R03244,Stavanger,NO
R03245,Oslo,NO
R03246,Stavanger,NO
R03247,Trondheim,NO
R03248,Helsinki,FI
R03249,Bergen,NO
R03250,Trondheim,NO
R03251,Bergen,NO
R03252,Copenhagen,DK
R03253,Viken,NO
R03254,Copenhagen,DK
R03255,Copenhagen,DK
R03256,Helsinki,FI
R03257,Copenhagen,DK
R03258,Helsinki,FI
R03259,Bergen,NO
R03260,Copenhagen,DK
R03261,Trondheim,NO
R03262,Hamburg,DE
R03263,Rogaland,NO
R03264,Rogaland,NO
R03265,Warsaw,PL
R03266,Viken,NO
R03267,Oslo,NO
R03268,Helsinki,FI
R03269,Rogaland,NO
R03270,Viken,NO
R03271,Hamburg,DE
R03272,Copenhagen,DK
R03273,Copenhagen,DK
R03274,Copenhagen,DK
R03275,Viken,NO
R03276,Helsinki,FI
R03277,Copenhagen,DK
R03278,Trondheim,NO
R03279,Copenhagen,DK
R03280,Hamburg,DE
R03281,Viken,NO
R03282,Oslo,NO
R03283,Rogaland,NO
R03284,Rogaland,NO
R03285,Oslo,NO
R03286,Copenhagen,DK
R03287,Oslo,NO
R03288,Copenhagen,DK
R03289,Oslo,NO
R03290,Warsaw,PL
R03291,Bergen,NO
R03292,Copenhagen,DK
R03293,Bergen,NO
R03294,Helsinki,FI
R03295,Helsinki,FI
R03296,Bergen,NO
R03297,Stavanger,NO
R03298,Hamburg,DE
R03299,Viken,NO
R03300,Stavanger,NO
R03301,Oslo,NO
R03302,Trondheim,NO
R03303,Viken,NO
R03304,Warsaw,PL
R03305,Bergen,NO
R03306,Oslo,NO
R03307,Oslo,NO
R03308,Rogaland,NO
R03309,Warsaw,PL
R03310,Copenhagen,DK
R03311,Stavanger,NO
R03312,Rogaland,NO
R03313,Oslo,NO
R03314,Stavanger,NO
R03315,Bergen,NO
R03316,Oslo,NO
R03317,Oslo,NO
R03318,Warsaw,PL
R03319,Rogaland,NO
R03320,Bergen,NO
R03321,Bergen,NO
R03322,Helsinki,FI
R03323,Warsaw,PL
R03324,Bergen,NO
R03325,Hamburg,DE
R03326,Oslo,NO
R03327,Hamburg,DE
R03328,Viken,NO
R03329,Rogaland,NO
R03330,Viken,NO
R03331,Trondheim,NO
R03332,Copenhagen,DK
R03333,Rogaland,NO
R03334,Warsaw,PL
R03335,Rogaland,NO
R03336,Bergen,NO
R03337,Viken,NO
R03338,Helsinki,FI
R03339,Trondheim,NO
R03340,Helsinki,FI
R03341,Warsaw,PL
R03342,Oslo,NO
R03343,Warsaw,PL
R03344,Stavanger,NO
R03345,Oslo,NO
R03346,Rogaland,NO
R03347,Stavanger,NO
R03348,Oslo,NO
R03349,Stavanger,NO
R03350,Helsinki,FI
R03351,Trondheim,NO
R03352,Hamburg,DE
R03353,Viken,NO
R03354,Helsinki,FI
R03355,Stavanger,NO
R03356,Copenhagen,DK
R03357,Hamburg,DE
R03358,Hamburg,DE
R03359,Copenhagen,DK
R03360,Bergen,NO
R03361,Hamburg,DE
R03362,Trondheim,NO
R03363,Helsinki,FI
R03364,Viken,NO
R03365,Oslo,NO
R03366,Stavanger,NO
R03367,Trondheim,NO
R03368,Warsaw,PL
R03369,Warsaw,PL
R03370,Trondheim,NO
R03371,Viken,NO
R03372,Hamburg,DE
R03373,Viken,NO
R03374,Bergen,NO
R03375,Bergen,NO
R03376,Oslo,NO
R03377,Stavanger,NO
R03378,Trondheim,NO
R03379,Trondheim,NO
R03380,Rogaland,NO
R03381,Copenhagen,DK
R03382,Viken,NO
R03383,Bergen,NO
R03384,Viken,NO
R03385,Copenhagen,DK
R03386,Viken,NO
R03387,Trondheim,NO
R03388,Helsinki,FI
R03389,Rogaland,NO
R03390,Hamburg,DE
R03391,Viken,NO
R03392,Hamburg,DE
R03393,Warsaw,PL
R03394,Stavanger,NO
R03395,Stavanger,NO
R03396,Rogaland,NO
R03397,Trondheim,NO
R03398,Rogaland,NO
R03399,Oslo,NO
R03400,Rogaland,NO
R03401,Trondheim,NO
R03402,Bergen,NO
R03403,Trondheim,NO
R03404,Copenhagen,DK
R03405,Helsinki,FI
R03406,Copenhagen,DK
R03407,Viken,NO
R03408,Stavanger,NO
R03409,Hamburg,DE
R03410,Oslo,NO
R03411,Trondheim,NO
R03412,Stavanger,NO
R03413,Oslo,NO
R03414,Rogaland,NO
R03415,Oslo,NO
R03416,Hamburg,DE
R03417,Bergen,NO
R03418,Viken,NO
R03419,Helsinki,FI
R03420,Trondheim,NO
R03421,Rogaland,NO
R03422,Rogaland,NO
R03423,Stavanger,NO
R03424,Copenhagen,DK
R03425,Hamburg,DE
R03426,Bergen,NO
R03427,Stavanger,NO
R03428,Rogaland,NO
R03429,Helsinki,FI
R03430,Copenhagen,DK
R03431,Viken,NO
R03432,Viken,NO
R03433,Viken,NO
R03434,Oslo,NO
R03435,Bergen,NO
R03436,Bergen,NO
R03437,Viken,NO
R03438,Trondheim,NO
R03439,Helsinki,FI
R03440,Rogaland,NO
R03441,Hamburg,DE
R03442,Trondheim,NO
R03443,Copenhagen,DK
R03444,Helsinki,FI
R03445,Copenhagen,DK
R03446,Viken,NO
R03447,Hamburg,DE
R03448,Oslo,NO
R03449,Stavanger,NO
R03450,Warsaw,PL
R03451,Warsaw,PL
R03452,Hamburg,DE
R03453,Warsaw,PL
R03454,Rogaland,NO
R03455,Bergen,NO
R03456,Copenhagen,DK
R03457,Warsaw,PL
R03458,Hamburg,DE
R03459,Rogaland,NO
R03460,Helsinki,FI
R03461,Stavanger,NO
R03462,Warsaw,PL
R03463,Hamburg,DE
R03464,Stavanger,NO
R03465,Hamburg,DE
R03466,Helsinki,FI
R03467,Viken,NO
R03468,Bergen,NO
R03469,Bergen,NO
R03470,Viken,NO
R03471,Rogaland,NO
R03472,Hamburg,DE
R03473,Viken,NO
R03474,Oslo,NO
R03475,Hamburg,DE
R03476,Oslo,NO
R03477,Warsaw,PL
R03478,Copenhagen,DK
R03479,Stavanger,NO
R03480,Trondheim,NO
R03481,Viken,NO
R03482,Viken,NO
R03483,Hamburg,DE
R03484,Helsinki,FI
R03485,Warsaw,PL
R03486,Bergen,NO
R03487,Oslo,NO
R03488,Viken,NO
R03489,Rogaland,NO
R03490,Oslo,NO
R03491,Helsinki,FI
R03492,Oslo,NO
R03493,Helsinki,FI
R03494,Trondheim,NO
R03495,Hamburg,DE
R03496,Hamburg,DE
R03497,Helsinki,FI
R03498,Warsaw,PL
R03499,Hamburg,DE
R03500,Oslo,NO
R03501,Stavanger,NO
R03502,Stavanger,NO
R03503,Helsinki,FI
R03504,Stavanger,NO
R03505,Viken,NO
R03506,Stavanger,NO
R03507,Copenhagen,DK
R03508,Rogaland,NO
R03509,Rogaland,NO
R03510,Bergen,NO
R03511,Rogaland,NO
R03512,Helsinki,FI
R03513,Helsinki,FI
R03514,Copenhagen,DK
R03515,Bergen,NO
R03516,Helsinki,FI
R03517,Viken,NO
R03518,Rogaland,NO
R03519,Stavanger,NO
R03520,Bergen,NO
R03521,Helsinki,FI
R03522,Trondheim,NO
R03523,Hamburg,DE
R03524,Copenhagen,DK
R03525,Trondheim,NO
R03526,Warsaw,PL
R03527,Stavanger,NO
R03528,Stavanger,NO
R03529,Stavanger,NO
R03530,Oslo,NO
R03531,Bergen,NO
R03532,Stavanger,NO
R03533,Copenhagen,DK
R03534,Hamburg,DE
R03535,Stavanger,NO
R03536,Helsinki,FI
R03537,Warsaw,PL
R03538,Rogaland,NO
R03539,Bergen,NO
R03540,Copenhagen,DK
R03541,Viken,NO
R03542,Rogaland,NO
R03543,Oslo,NO
R03544,Viken,NO
R03545,Stavanger,NO
R03546,Rogaland,NO
R03547,Oslo,NO
R03548,Hamburg,DE
R03549,Helsinki,FI
R03550,Bergen,NO
R03551,Warsaw,PL
R03552,Helsinki,FI
R03553,Trondheim,NO
R03554,Copenhagen,DK
R03555,Stavanger,NO
R03556,Rogaland,NO
R03557,Hamburg,DE
R03558,Copenhagen,DK
R03559,Warsaw,PL
R03560,Hamburg,DE
R03561,Viken,NO
R03562,Viken,NO
R03563,Helsinki,FI
R03564,Trondheim,NO
R03565,Warsaw,PL
R03566,Trondheim,NO
R03567,Viken,NO
R03568,Bergen,NO
R03569,Viken,NO
R03570,Copenhagen,DK
R03571,Viken,NO
R03572,Helsinki,FI
R03573,Hamburg,DE
R03574,Copenhagen,DK
R03575,Viken,NO
R03576,Trondheim,NO
R03577,Hamburg,DE
R03578,Warsaw,PL
R03579,Viken,NO
R03580,Helsinki,FI
R03581,Oslo,NO
R03582,Hamburg,DE
R03583,Trondheim,NO
R03584,Oslo,NO
R03585,Viken,NO
R03586,Helsinki,FI
R03587,Trondheim,NO
R03588,Bergen,NO
R03589,Helsinki,FI
R03590,Trondheim,NO
R03591,Oslo,NO
R03592,Hamburg,DE
R03593,Copenhagen,DK
R03594,Oslo,NO
R03595,Rogaland,NO
R03596,Hamburg,DE
R03597,Rogaland,NO
R03598,Helsinki,FI
R03599,Hamburg,DE
R03600,Oslo,NO
R03601,Viken,NO
R03602,Oslo,NO
R03603,Oslo,NO
R03604,Trondheim,NO
R03605,Viken,NO
R03606,Trondheim,NO
R03607,Warsaw,PL
R03608,Copenhagen,DK
R03609,Viken,NO
R03610,Bergen,NO
R03611,Warsaw,PL
R03612,Bergen,NO
R03613,Oslo,NO
R03614,Stavanger,NO
R03615,Warsaw,PL
R03616,Trondheim,NO
R03617,Trondheim,NO
R03618,Copenhagen,DK
R03619,Bergen,NO
R03620,Hamburg,DE
R03621,Viken,NO
R03622,Oslo,NO
R03623,Trondheim,NO
R03624,Trondheim,NO
R03625,Hamburg,DE
R03626,Copenhagen,DK
R03627,Oslo,NO
R03628,Helsinki,FI
R03629,Copenhagen,DK
R03630,Copenhagen,DK
R03631,Rogaland,NO
R03632,Viken,NO
R03633,Bergen,NO
R03634,Stavanger,NO
R03635,Helsinki,FI
R03636,Helsinki,FI
R03637,Rogaland,NO
R03638,Rogaland,NO
R03639,Copenhagen,DK
R03640,Warsaw,PL
R03641,Copenhagen,DK
R03642,Hamburg,DE
R03643,Trondheim,NO
R03644,Copenhagen,DK
R03645,Viken,NO
R03646,Oslo,NO
R03647,Helsinki,FI
R03648,Stavanger,NO
R03649,Copenhagen,DK
R03650,Oslo,NO
R03651,Oslo,NO
R03652,Helsinki,FI
R03653,Hamburg,DE
R03654,Viken,NO
R03655,Stavanger,NO
R03656,Rogaland,NO
R03657,Warsaw,PL
R03658,Oslo,NO
R03659,Trondheim,NO
R03660,Stavanger,NO
R03661,Hamburg,DE
R03662,Warsaw,PL
R03663,Warsaw,PL
R03664,Viken,NO
R03665,Oslo,NO
R03666,Helsinki,FI
R03667,Viken,NO
R03668,Trondheim,NO
R03669,Rogaland,NO
R03670,Copenhagen,DK
R03671,Rogaland,NO
R03672,Viken,NO
R03673,Oslo,NO
R03674,Warsaw,PL
R03675,Stavanger,NO
R03676,Helsinki,FI
R03677,Stavanger,NO
R03678,Bergen,NO
R03679,Helsinki,FI
R03680,Hamburg,DE
R03681,Trondheim,NO
R03682,Hamburg,DE
R03683,Trondheim,NO
R03684,Oslo,NO
R03685,Hamburg,DE
R03686,Viken,NO
R03687,Stavanger,NO
R03688,Copenhagen,DK
R03689,Oslo,NO
R03690,Helsinki,FI
R03691,Oslo,NO
R03692,Bergen,NO
R03693,Stavanger,NO
R03694,Helsinki,FI
R03695,Rogaland,NO
R03696,Helsinki,FI
R03697,Rogaland,NO
R03698,Trondheim,NO
R03699,Trondheim,NO
R03700,Copenhagen,DK
R03701,Stavanger,NO
R03702,Hamburg,DE
R03703,Oslo,NO
R03704,Oslo,NO
R03705,Viken,NO
R03706,Hamburg,DE
R03707,Trondheim,NO
R03708,Trondheim,NO
R03709,Hamburg,DE
R03710,Copenhagen,DK
R03711,Rogaland,NO
R03712,Trondheim,NO
R03713,Helsinki,FI
R03714,Hamburg,DE
R03715,Oslo,NO
R03716,Warsaw,PL
R03717,Oslo,NO
R03718,Warsaw,PL
R03719,Hamburg,DE
R03720,Oslo,NO
R03721,Warsaw,PL
R03722,Oslo,NO
R03723,Rogaland,NO
R03724,Bergen,NO
R03725,Warsaw,PL
R03726,Stavanger,NO
R03727,Oslo,NO
R03728,Helsinki,FI
R03729,Rogaland,NO
R03730,Rogaland,NO
R03731,Hamburg,DE
R03732,Trondheim,NO
R03733,Oslo,NO
R03734,Trondheim,NO
R03735,Copenhagen,DK
R03736,Hamburg,DE
R03737,Rogaland,NO
R03738,Viken,NO
R03739,Copenhagen,DK
R03740,Hamburg,DE
R03741,Hamburg,DE
R03742,Bergen,NO
R03743,Warsaw,PL
R03744,Trondheim,NO
R03745,Stavanger,NO
R03746,Oslo,NO
R03747,Hamburg,DE
R03748,Warsaw,PL
R03749,Hamburg,DE
R03750,Helsinki,FI
R03751,Helsinki,FI
R03752,Oslo,NO
R03753,Oslo,NO
R03754,Rogaland,NO
R03755,Warsaw,PL
R03756,Stavanger,NO
R03757,Copenhagen,DK
R03758,Helsinki,FI
R03759,Viken,NO
R03760,Helsinki,FI
R03761,Trondheim,NO
R03762,Hamburg,DE
R03763,Bergen,NO
R03764,Copenhagen,DK
R03765,Copenhagen,DK
R03766,Warsaw,PL
R03767,Helsinki,FI
R03768,Stavanger,NO
R03769,Warsaw,PL
R03770,Oslo,NO
R03771,Helsinki,FI
R03772,Copenhagen,DK
R03773,Rogaland,NO
R03774,Warsaw,PL
R03775,Copenhagen,DK
R03776,Hamburg,DE
R03777,Oslo,NO
R03778,Stavanger,NO
R03779,Helsinki,FI
R03780,Copenhagen,DK
R03781,Viken,NO
R03782,Rogaland,NO
R03783,Oslo,NO
R03784,Stavanger,NO
R03785,Viken,NO
R03786,Hamburg,DE
R03787,Bergen,NO
R03788,Helsinki,FI
R03789,Warsaw,PL
R03790,Trondheim,NO
R03791,Rogaland,NO
R03792,Helsinki,FI
R03793,Rogaland,NO
R03794,Stavanger,NO
R03795,Helsinki,FI
R03796,Bergen,NO
R03797,Copenhagen,DK
R03798,Trondheim,NO
R03799,Copenhagen,DK
R03800,Stavanger,NO
R03801,Viken,NO
R03802,Warsaw,PL
R03803,Trondheim,NO
R03804,Warsaw,PL
R03805,Copenhagen,DK
R03806,Warsaw,PL
R03807,Rogaland,NO
R03808,Viken,NO
R03809,Oslo,NO
R03810,Hamburg,DE
R03811,Stavanger,NO
R03812,Helsinki,FI
R03813,Trondheim,NO
R03814,Bergen,NO
R03815,Oslo,NO
R03816,Oslo,NO
R03817,Trondheim,NO
R03818,Helsinki,FI
R03819,Trondheim,NO
R03820,Trondheim,NO
R03821,Copenhagen,DK
R03822,Trondheim,NO
R03823,Bergen,NO
R03824,Helsinki,FI
R03825,Helsinki,FI
R03826,Hamburg,DE
R03827,Copenhagen,DK
R03828,Copenhagen,DK
R03829,Bergen,NO
R03830,Bergen,NO
R03831,Stavanger,NO
R03832,Bergen,NO
R03833,Viken,NO
R03834,Copenhagen,DK
R03835,Hamburg,DE
R03836,Warsaw,PL
R03837,Copenhagen,DK
R03838,Copenhagen,DK
R03839,Hamburg,DE
R03840,Trondheim,NO
R03841,Rogaland,NO
R03842,Warsaw,PL
R03843,Stavanger,NO
R03844,Bergen,NO
R03845,Copenhagen,DK
R03846,Trondheim,NO
R03847,Viken,NO
R03848,Helsinki,FI
R03849,Oslo,NO
R03850,Helsinki,FI
R03851,Oslo,NO
R03852,Oslo,NO
R03853,Copenhagen,DK
R03854,Copenhagen,DK
R03855,Bergen,NO
R03856,Oslo,NO
R03857,Warsaw,PL
R03858,Bergen,NO
R03859,Copenhagen,DK
R03860,Oslo,NO
R03861,Viken,NO
R03862,Trondheim,NO
R03863,Stavanger,NO
R03864,Bergen,NO
R03865,Copenhagen,DK
R03866,Stavanger,NO
R03867,Copenhagen,DK
R03868,Oslo,NO
R03869,Copenhagen,DK
R03870,Viken,NO
R03871,Oslo,NO
R03872,Oslo,NO
R03873,Helsinki,FI
R03874,Viken,NO
R03875,Trondheim,NO
R03876,Helsinki,FI
R03877,Viken,NO
R03878,Stavanger,NO
R03879,Stavanger,NO
R03880,Viken,NO
R03881,Oslo,NO
R03882,Viken,NO
R03883,Rogaland,NO
R03884,Copenhagen,DK
R03885,Rogaland,NO
R03886,Bergen,NO
R03887,Hamburg,DE
R03888,Bergen,NO
R03889,Viken,NO
R03890,Viken,NO
R03891,Hamburg,DE
R03892,Hamburg,DE
R03893,Copenhagen,DK
R03894,Oslo,NO
R03895,Bergen,NO
R03896,Copenhagen,DK
R03897,Trondheim,NO
R03898,Helsinki,FI
R03899,Bergen,NO
R03900,Stavanger,NO
R03901,Warsaw,PL
R03902,Viken,NO
R03903,Copenhagen,DK
R03904,Viken,NO
R03905,Copenhagen,DK
R03906,Oslo,NO
R03907,Warsaw,PL
R03908,Helsinki,FI
R03909,Copenhagen,DK
R03910,Oslo,NO
R03911,Bergen,NO
R03912,Helsinki,FI
R03913,Viken,NO
R03914,Warsaw,PL
R03915,Copenhagen,DK
R03916,Helsinki,FI
R03917,Copenhagen,DK
R03918,Warsaw,PL
R03919,Trondheim,NO
R03920,Oslo,NO
R03921,Viken,NO
R03922,Bergen,NO
R03923,Helsinki,FI
R03924,Trondheim,NO
R03925,Stavanger,NO
R03926,Copenhagen,DK
R03927,Stavanger,NO
R03928,Rogaland,NO
R03929,Rogaland,NO
R03930,Oslo,NO
R03931,Trondheim,NO
R03932,Rogaland,NO
R03933,Trondheim,NO
R03934,Trondheim,NO
R03935,Trondheim,NO
R03936,Copenhagen,DK
R03937,Hamburg,DE
R03938,Hamburg,DE
R03939,Bergen,NO
R03940,Warsaw,PL
R03941,Oslo,NO
R03942,Viken,NO
R03943,Warsaw,PL
R03944,Helsinki,FI
R03945,Warsaw,PL
R03946,Bergen,NO
R03947,Oslo,NO
R03948,Bergen,NO
R03949,Bergen,NO
R03950,Copenhagen,DK
R03951,Bergen,NO
R03952,Trondheim,NO
R03953,Trondheim,NO
R03954,Viken,NO
R03955,Helsinki,FI
R03956,Helsinki,FI
R03957,Hamburg,DE
R03958,Viken,NO
R03959,Warsaw,PL
R03960,Bergen,NO
R03961,Helsinki,FI
R03962,Copenhagen,DK
R03963,Trondheim,NO
R03964,Hamburg,DE
R03965,Bergen,NO
R03966,Hamburg,DE
R03967,Warsaw,PL
R03968,Bergen,NO
R03969,Helsinki,FI
R03970,Trondheim,NO
R03971,Helsinki,FI
R03972,Stavanger,NO
R03973,Copenhagen,DK
R03974,Rogaland,NO
R03975,Copenhagen,DK
R03976,Helsinki,FI
R03977,Stavanger,NO
R03978,Oslo,NO
R03979,Oslo,NO
R03980,Hamburg,DE
R03981,Hamburg,DE
R03982,Rogaland,NO
R03983,Viken,NO
R03984,Hamburg,DE
R03985,Viken,NO
R03986,Trondheim,NO
R03987,Helsinki,FI
R03988,Bergen,NO
R03989,Rogaland,NO
R03990,Stavanger,NO
R03991,Hamburg,DE
R03992,Trondheim,NO
R03993,Hamburg,DE
R03994,Copenhagen,DK
R03995,Viken,NO
R03996,Bergen,NO
R03997,Trondheim,NO
R03998,Rogaland,NO
R03999,Rogaland,NO
R04000,Oslo,NO
R04001,Oslo,NO
R04002,Viken,NO
R04003,Helsinki,FI
R04004,Bergen,NO
R04005,Warsaw,PL
R04006,Rogaland,NO
R04007,Copenhagen,DK
R04008,Helsinki,FI
R04009,Hamburg,DE
R04010,Trondheim,NO
R04011,Copenhagen,DK
R04012,Hamburg,DE
R04013,Stavanger,NO
R04014,Warsaw,PL
R04015,Hamburg,DE
R04016,Oslo,NO
R04017,Warsaw,PL
R04018,Copenhagen,DK
R04019,Hamburg,DE
R04020,Trondheim,NO
R04021,Rogaland,NO
R04022,Rogaland,NO
R04023,Rogaland,NO
R04024,Viken,NO
R04025,Rogaland,NO
R04026,Hamburg,DE
R04027,Bergen,NO
R04028,Oslo,NO
R04029,Hamburg,DE
R04030,Copenhagen,DK
R04031,Stavanger,NO
R04032,Viken,NO
R04033,Copenhagen,DK
R04034,Rogaland,NO
R04035,Stavanger,NO
R04036,Helsinki,FI
R04037,Rogaland,NO
R04038,Rogaland,NO
R04039,Hamburg,DE
R04040,Trondheim,NO
R04041,Helsinki,FI
R04042,Copenhagen,DK
R04043,Trondheim,NO
R04044,Viken,NO
R04045,Rogaland,NO
R04046,Bergen,NO
R04047,Viken,NO
R04048,Copenhagen,DK
R04049,Trondheim,NO
R04050,Viken,NO
R04051,Rogaland,NO
R04052,Bergen,NO
R04053,Hamburg,DE
R04054,Bergen,NO
R04055,Stavanger,NO
R04056,Rogaland,NO
R04057,Warsaw,PL
R04058,Trondheim,NO
R04059,Viken,NO
R04060,Viken,NO
R04061,Stavanger,NO
R04062,Oslo,NO
R04063,Oslo,NO
R04064,Trondheim,NO
R04065,Helsinki,FI
R04066,Copenhagen,DK
R04067,Helsinki,FI
R04068,Stavanger,NO
R04069,Viken,NO
R04070,Rogaland,NO
R04071,Copenhagen,DK
R04072,Trondheim,NO
R04073,Bergen,NO
R04074,Oslo,NO
R04075,Warsaw,PL
R04076,Stavanger,NO
R04077,Copenhagen,DK
R04078,Oslo,NO
R04079,Stavanger,NO
R04080,Hamburg,DE
R04081,Stavanger,NO
R04082,Helsinki,FI
R04083,Stavanger,NO
R04084,Copenhagen,DK
R04085,Helsinki,FI
R04086,Oslo,NO
R04087,Oslo,NO
R04088,Viken,NO
R04089,Warsaw,PL
R04090,Hamburg,DE
R04091,Trondheim,NO
R04092,Trondheim,NO
R04093,Trondheim,NO
R04094,Viken,NO
R04095,Stavanger,NO
R04096,Helsinki,FI
R04097,Viken,NO
R04098,Rogaland,NO
R04099,Helsinki,FI
R04100,Copenhagen,DK
R04101,Rogaland,NO
R04102,Bergen,NO
R04103,Oslo,NO
R04104,Hamburg,DE
R04105,Copenhagen,DK
R04106,Warsaw,PL
R04107,Bergen,NO
R04108,Rogaland,NO
R04109,Trondheim,NO
R04110,Trondheim,NO
R04111,Stavanger,NO
R04112,Oslo,NO
R04113,Copenhagen,DK
R04114,Hamburg,DE
R04115,Bergen,NO
R04116,Viken,NO
R04117,Helsinki,FI
R04118,Hamburg,DE
R04119,Copenhagen,DK
R04120,Warsaw,PL
R04121,Trondheim,NO
R04122,Warsaw,PL
R04123,Rogaland,NO
R04124,Oslo,NO
R04125,Viken,NO
R04126,Viken,NO
R04127,Bergen,NO
R04128,Viken,NO
R04129,Rogaland,NO
R04130,Hamburg,DE
R04131,Copenhagen,DK
R04132,Copenhagen,DK
R04133,Bergen,NO
R04134,Warsaw,PL
R04135,Rogaland,NO
R04136,Hamburg,DE
R04137,Viken,NO
R04138,Copenhagen,DK
R04139,Oslo,NO
R04140,Rogaland,NO
R04141,Helsinki,FI
R04142,Hamburg,DE
R04143,Stavanger,NO
R04144,Bergen,NO
R04145,Helsinki,FI
R04146,Trondheim,NO
R04147,Trondheim,NO
R04148,Rogaland,NO
R04149,Rogaland,NO
R04150,Hamburg,DE
R04151,Copenhagen,DK
R04152,Warsaw,PL
R04153,Stavanger,NO
R04154,Bergen,NO
R04155,Copenhagen,DK
R04156,Rogaland,NO
R04157,Hamburg,DE
R04158,Bergen,NO
R04159,Trondheim,NO
R04160,Warsaw,PL
R04161,Copenhagen,DK
R04162,Oslo,NO
R04163,Stavanger,NO
R04164,Stavanger,NO
R04165,Helsinki,FI
R04166,Warsaw,PL
R04167,Rogaland,NO
R04168,Helsinki,FI
R04169,Viken,NO
R04170,Trondheim,NO
R04171,Copenhagen,DK
R04172,Helsinki,FI
R04173,Warsaw,PL
R04174,Oslo,NO
R04175,Bergen,NO
R04176,Stavanger,NO
R04177,Hamburg,DE
R04178,Rogaland,NO
R04179,Bergen,NO
R04180,Warsaw,PL
R04181,Trondheim,NO
R04182,Trondheim,NO
R04183,Trondheim,NO
R04184,Bergen,NO
R04185,Oslo,NO
R04186,Trondheim,NO
R04187,Warsaw,PL
R04188,Viken,NO
R04189,Viken,NO
R04190,Trondheim,NO
R04191,Copenhagen,DK
R04192,Stavanger,NO
R04193,Oslo,NO
R04194,Oslo,NO
R04195,Bergen,NO
R04196,Helsinki,FI
R04197,Helsinki,FI
R04198,Copenhagen,DK
R04199,Hamburg,DE
R04200,Rogaland,NO
R04201,Viken,NO
R04202,Copenhagen,DK
R04203,Warsaw,PL
R04204,Hamburg,DE
R04205,Rogaland,NO
R04206,Copenhagen,DK
R04207,Trondheim,NO
R04208,Hamburg,DE
R04209,Hamburg,DE
R04210,Trondheim,NO
R04211,Bergen,NO
R04212,Warsaw,PL
R04213,Copenhagen,DK
R04214,Trondheim,NO
R04215,Hamburg,DE
R04216,Copenhagen,DK
R04217,Warsaw,PL
R04218,Copenhagen,DK
R04219,Trondheim,NO
R04220,Copenhagen,DK
R04221,Copenhagen,DK
R04222,Warsaw,PL
R04223,Oslo,NO
R04224,Trondheim,NO
R04225,Hamburg,DE
R04226,Warsaw,PL
R04227,Viken,NO
R04228,Rogaland,NO
R04229,Hamburg,DE
R04230,Helsinki,FI
R04231,Rogaland,NO
R04232,Warsaw,PL
R04233,Trondheim,NO
R04234,Hamburg,DE
R04235,Helsinki,FI
R04236,Stavanger,NO
R04237,Viken,NO
R04238,Viken,NO
R04239,Rogaland,NO
R04240,Warsaw,PL
R04241,Oslo,NO
R04242,Rogaland,NO
R04243,Oslo,NO
R04244,Copenhagen,DK
R04245,Rogaland,NO
R04246,Trondheim,NO
R04247,Hamburg,DE
R04248,Trondheim,NO
R04249,Rogaland,NO
R04250,Oslo,NO
R04251,Oslo,NO
R04252,Trondheim,NO
R04253,Rogaland,NO
R04254,Trondheim,NO
R04255,Oslo,NO
R04256,Hamburg,DE
R04257,Viken,NO
R04258,Oslo,NO
R04259,Hamburg,DE
R04260,Warsaw,PL
R04261,Stavanger,NO
R04262,Viken,NO
R04263,Viken,NO
R04264,Oslo,NO
R04265,Warsaw,PL
R04266,Stavanger,NO
R04267,Stavanger,NO
R04268,Trondheim,NO
R04269,Oslo,NO
R04270,Copenhagen,DK
R04271,Rogaland,NO
R04272,Helsinki,FI
R04273,Trondheim,NO
R04274,Helsinki,FI
R04275,Bergen,NO
R04276,Trondheim,NO
R04277,Stavanger,NO
R04278,Bergen,NO
R04279,Stavanger,NO
R04280,Viken,NO
R04281,Stavanger,NO
R04282,Viken,NO
R04283,Oslo,NO
R04284,Trondheim,NO
R04285,Hamburg,DE
R04286,Copenhagen,DK
R04287,Bergen,NO
R04288,Viken,NO
R04289,Viken,NO
R04290,Bergen,NO
R04291,Hamburg,DE
R04292,Warsaw,PL
R04293,Copenhagen,DK
R04294,Stavanger,NO
R04295,Trondheim,NO
R04296,Stavanger,NO
R04297,Hamburg,DE
R04298,Helsinki,FI
R04299,Oslo,NO
R04300,Oslo,NO
R04301,Rogaland,NO
R04302,Warsaw,PL
R04303,Hamburg,DE
R04304,Copenhagen,DK
R04305,Copenhagen,DK
R04306,Bergen,NO
R04307,Copenhagen,DK
R04308,Oslo,NO
R04309,Warsaw,PL
R04310,Oslo,NO
R04311,Copenhagen,DK
R04312,Hamburg,DE
R04313,Helsinki,FI
R04314,Trondheim,NO
R04315,Rogaland,NO
R04316,Oslo,NO
R04317,Hamburg,DE
R04318,Oslo,NO
R04319,Rogaland,NO
R04320,Helsinki,FI
R04321,Warsaw,PL
R04322,Stavanger,NO
R04323,Oslo,NO
R04324,Hamburg,DE
R04325,Helsinki,FI
R04326,Rogaland,NO
R04327,Hamburg,DE
R04328,Stavanger,NO
R04329,Oslo,NO
R04330,Stavanger,NO
R04331,Bergen,NO
R04332,Warsaw,PL
R04333,Warsaw,PL
R04334,Bergen,NO
R04335,Rogaland,NO
R04336,Oslo,NO
R04337,Bergen,NO
R04338,Copenhagen,DK
R04339,Viken,NO
R04340,Oslo,NO
R04341,Viken,NO
R04342,Bergen,NO
R04343,Stavanger,NO
R04344,Oslo,NO
R04345,Stavanger,NO
R04346,Oslo,NO
R04347,Oslo,NO
R04348,Hamburg,DE
R04349,Hamburg,DE
R04350,Rogaland,NO
R04351,Copenhagen,DK
R04352,Hamburg,DE
R04353,Rogaland,NO
R04354,Rogaland,NO
R04355,Stavanger,NO
R04356,Trondheim,NO
R04357,Hamburg,DE
R04358,Helsinki,FI
R04359,Copenhagen,DK
R04360,Rogaland,NO
R04361,Warsaw,PL
R04362,Warsaw,PL
R04363,Warsaw,PL
R04364,Trondheim,NO
R04365,Stavanger,NO
R04366,Viken,NO
R04367,Oslo,NO
R04368,Stavanger,NO
R04369,Trondheim,NO
R04370,Viken,NO
R04371,Rogaland,NO
R04372,Viken,NO
R04373,Copenhagen,DK
R04374,Trondheim,NO
R04375,Warsaw,PL
R04376,Warsaw,PL
R04377,Stavanger,NO
R04378,Hamburg,DE
R04379,Viken,NO
R04380,Oslo,NO
R04381,Warsaw,PL
R04382,Trondheim,NO
R04383,Helsinki,FI
R04384,Trondheim,NO
R04385,Hamburg,DE
R04386,Viken,NO
R04387,Copenhagen,DK
R04388,Copenhagen,DK
R04389,Stavanger,NO
R04390,Viken,NO
R04391,Viken,NO
R04392,Rogaland,NO
R04393,Oslo,NO
R04394,Trondheim,NO
R04395,Viken,NO
R04396,Rogaland,NO
R04397,Hamburg,DE
R04398,Oslo,NO
R04399,Stavanger,NO
R04400,Helsinki,FI
R04401,Trondheim,NO
R04402,Copenhagen,DK
R04403,Trondheim,NO
R04404,Oslo,NO
R04405,Helsinki,FI
R04406,Warsaw,PL
R04407,Bergen,NO
R04408,Trondheim,NO
R04409,Copenhagen,DK
R04410,Warsaw,PL
R04411,Helsinki,FI
R04412,Warsaw,PL
R04413,Bergen,NO
R04414,Viken,NO
R04415,Helsinki,FI
R04416,Warsaw,PL
R04417,Oslo,NO
R04418,Helsinki,FI
R04419,Viken,NO
R04420,Copenhagen,DK
R04421,Rogaland,NO
R04422,Helsinki,FI
R04423,Rogaland,NO
R04424,Rogaland,NO
R04425,Trondheim,NO
R04426,Copenhagen,DK
R04427,Copenhagen,DK
R04428,Warsaw,PL
R04429,Oslo,NO
R04430,Hamburg,DE
R04431,Bergen,NO
R04432,Helsinki,FI
R04433,Stavanger,NO
R04434,Viken,NO
R04435,Bergen,NO
R04436,Oslo,NO
R04437,Warsaw,PL
R04438,Viken,NO
R04439,Oslo,NO
R04440,Stavanger,NO
R04441,Helsinki,FI
R04442,Copenhagen,DK
R04443,Helsinki,FI
R04444,Rogaland,NO
R04445,Oslo,NO
R04446,Helsinki,FI
R04447,Viken,NO
R04448,Copenhagen,DK
R04449,Stavanger,NO
R04450,Rogaland,NO
R04451,Copenhagen,DK
R04452,Hamburg,DE
R04453,Bergen,NO
R04454,Oslo,NO
R04455,Warsaw,PL
R04456,Stavanger,NO
R04457,Hamburg,DE
R04458,Oslo,NO
R04459,Oslo,NO
R04460,Copenhagen,DK
R04461,Copenhagen,DK
R04462,Hamburg,DE
R04463,Helsinki,FI
R04464,Hamburg,DE
R04465,Warsaw,PL
R04466,Viken,NO
R04467,Stavanger,NO
R04468,Hamburg,DE
R04469,Oslo,NO
R04470,Rogaland,NO
R04471,Bergen,NO
R04472,Trondheim,NO
R04473,Helsinki,FI
R04474,Helsinki,FI
R04475,Oslo,NO
R04476,Oslo,NO
R04477,Stavanger,NO
R04478,Hamburg,DE
R04479,Rogaland,NO
R04480,Copenhagen,DK
R04481,Rogaland,NO
R04482,Trondheim,NO
R04483,Rogaland,NO
R04484,Oslo,NO
R04485,Helsinki,FI
R04486,Warsaw,PL
R04487,Viken,NO
R04488,Trondheim,NO
R04489,Hamburg,DE
R04490,Bergen,NO
R04491,Copenhagen,DK
R04492,Stavanger,NO
R04493,Bergen,NO
R04494,Helsinki,FI
R04495,Oslo,NO
R04496,Hamburg,DE
R04497,Rogaland,NO
R04498,Warsaw,PL
R04499,Oslo,NO
R04500,Rogaland,NO
R04501,Helsinki,FI
R04502,Warsaw,PL
R04503,Bergen,NO
R04504,Copenhagen,DK
R04505,Viken,NO
R04506,Hamburg,DE
R04507,Oslo,NO
R04508,Viken,NO
R04509,Trondheim,NO
R04510,Copenhagen,DK
R04511,Copenhagen,DK
R04512,Bergen,NO
R04513,Copenhagen,DK
R04514,Stavanger,NO
R04515,Bergen,NO
R04516,Bergen,NO
R04517,Oslo,NO
R04518,Viken,NO
R04519,Rogaland,NO
R04520,Oslo,NO
R04521,Warsaw,PL
R04522,Warsaw,PL
R04523,Oslo,NO
R04524,Trondheim,NO
R04525,Stavanger,NO
R04526,Warsaw,PL
R04527,Hamburg,DE
R04528,Hamburg,DE
R04529,Bergen,NO
R04530,Oslo,NO
R04531,Warsaw,PL
R04532,Trondheim,NO
R04533,Copenhagen,DK
R04534,Viken,NO
R04535,Helsinki,FI
R04536,Oslo,NO
R04537,Rogaland,NO
R04538,Stavanger,NO
R04539,Rogaland,NO
R04540,Bergen,NO
R04541,Bergen,NO
R04542,Rogaland,NO
R04543,Viken,NO
R04544,Copenhagen,DK
R04545,Viken,NO
R04546,Helsinki,FI
R04547,Helsinki,FI
R04548,Copenhagen,DK
R04549,Helsinki,FI
R04550,Hamburg,DE
R04551,Copenhagen,DK
R04552,Copenhagen,DK
R04553,Oslo,NO
R04554,Bergen,NO
R04555,Stavanger,NO
R04556,Helsinki,FI
R04557,Stavanger,NO
R04558,Bergen,NO
R04559,Bergen,NO
R04560,Oslo,NO
R04561,Bergen,NO
R04562,Bergen,NO
R04563,Stavanger,NO
R04564,Stavanger,NO
R04565,Bergen,NO
R04566,Rogaland,NO
R04567,Hamburg,DE
R04568,Stavanger,NO
R04569,Bergen,NO
R04570,Rogaland,NO
R04571,Helsinki,FI
R04572,Oslo,NO
R04573,Copenhagen,DK
R04574,Viken,NO
R04575,Warsaw,PL
R04576,Stavanger,NO
R04577,Warsaw,PL
R04578,Oslo,NO
R04579,Hamburg,DE
R04580,Warsaw,PL
R04581,Viken,NO
R04582,Trondheim,NO
R04583,Viken,NO
R04584,Viken,NO
R04585,Oslo,NO
R04586,Trondheim,NO
R04587,Warsaw,PL
R04588,Helsinki,FI
R04589,Warsaw,PL
R04590,Warsaw,PL
R04591,Hamburg,DE
R04592,Oslo,NO
R04593,Warsaw,PL
R04594,Oslo,NO
R04595,Helsinki,FI
R04596,Helsinki,FI
R04597,Warsaw,PL
R04598,Trondheim,NO
R04599,Viken,NO
R04600,Warsaw,PL
R04601,Bergen,NO
R04602,Rogaland,NO
R04603,Viken,NO
R04604,Viken,NO
R04605,Copenhagen,DK
R04606,Copenhagen,DK
R04607,Rogaland,NO
R04608,Copenhagen,DK
R04609,Oslo,NO
R04610,Helsinki,FI
R04611,Rogaland,NO
R04612,Viken,NO
R04613,Trondheim,NO
R04614,Helsinki,FI
R04615,Trondheim,NO
R04616,Helsinki,FI
R04617,Viken,NO
R04618,Copenhagen,DK
R04619,Rogaland,NO
R04620,Viken,NO
R04621,Stavanger,NO
R04622,Trondheim,NO
R04623,Rogaland,NO
R04624,Rogaland,NO
R04625,Copenhagen,DK
R04626,Rogaland,NO
R04627,Warsaw,PL
R04628,Warsaw,PL
R04629,Trondheim,NO
R04630,Helsinki,FI
R04631,Warsaw,PL
R04632,Copenhagen,DK
R04633,Viken,NO
R04634,Rogaland,NO
R04635,Rogaland,NO
R04636,Trondheim,NO
R04637,Helsinki,FI
R04638,Warsaw,PL
R04639,Trondheim,NO
R04640,Viken,NO
R04641,Viken,NO
R04642,Helsinki,FI
R04643,Stavanger,NO
R04644,Copenhagen,DK
R04645,Hamburg,DE
R04646,Trondheim,NO
R04647,Hamburg,DE
R04648,Hamburg,DE
R04649,Viken,NO
R04650,Viken,NO
R04651,Oslo,NO
R04652,Viken,NO
R04653,Viken,NO
R04654,Helsinki,FI
R04655,Rogaland,NO
R04656,Warsaw,PL
R04657,Rogaland,NO
R04658,Trondheim,NO
R04659,Helsinki,FI
R04660,Helsinki,FI
R04661,Rogaland,NO
R04662,Viken,NO
R04663,Bergen,NO
R04664,Trondheim,NO
R04665,Rogaland,NO
R04666,Copenhagen,DK
R04667,Copenhagen,DK
R04668,Hamburg,DE
R04669,Viken,NO
R04670,Bergen,NO
R04671,Warsaw,PL
R04672,Stavanger,NO
R04673,Oslo,NO
R04674,Copenhagen,DK
R04675,Warsaw,PL
R04676,Helsinki,FI
R04677,Stavanger,NO
R04678,Oslo,NO
R04679,Hamburg,DE
R04680,Warsaw,PL
R04681,Rogaland,NO
R04682,Stavanger,NO
R04683,Warsaw,PL
R04684,Trondheim,NO
R04685,Viken,NO
R04686,Trondheim,NO
R04687,Rogaland,NO
R04688,Copenhagen,DK
R04689,Oslo,NO
R04690,Bergen,NO
R04691,Stavanger,NO
R04692,Stavanger,NO
R04693,Hamburg,DE
R04694,Oslo,NO
R04695,Warsaw,PL
R04696,Bergen,NO
R04697,Stavanger,NO
R04698,Hamburg,DE
R04699,Bergen,NO
R04700,Stavanger,NO
R04701,Oslo,NO
R04702,Bergen,NO
R04703,Viken,NO
R04704,Oslo,NO
R04705,Copenhagen,DK
R04706,Rogaland,NO
R04707,Bergen,NO
R04708,Oslo,NO
R04709,Copenhagen,DK
R04710,Helsinki,FI
R04711,Warsaw,PL
R04712,Hamburg,DE
R04713,Warsaw,PL
R04714,Hamburg,DE
R04715,Warsaw,PL
R04716,Rogaland,NO
R04717,Trondheim,NO
R04718,Warsaw,PL
R04719,Viken,NO
R04720,Hamburg,DE
R04721,Hamburg,DE
R04722,Rogaland,NO
R04723,Oslo,NO
R04724,Copenhagen,DK
R04725,Rogaland,NO
R04726,Copenhagen,DK
R04727,Warsaw,PL
R04728,Warsaw,PL
R04729,Trondheim,NO
R04730,Rogaland,NO
R04731,Viken,NO
R04732,Trondheim,NO
R04733,Hamburg,DE
R04734,Copenhagen,DK
R04735,Stavanger,NO
R04736,Helsinki,FI
R04737,Oslo,NO
R04738,Warsaw,PL
R04739,Bergen,NO
R04740,Warsaw,PL
R04741,Viken,NO
R04742,Hamburg,DE
R04743,Hamburg,DE
R04744,Trondheim,NO
R04745,Rogaland,NO
R04746,Helsinki,FI
R04747,Rogaland,NO
R04748,Stavanger,NO
R04749,Stavanger,NO
R04750,Copenhagen,DK
R04751,Stavanger,NO
R04752,Oslo,NO
R04753,Stavanger,NO
R04754,Stavanger,NO
R04755,Hamburg,DE
R04756,Oslo,NO
R04757,Stavanger,NO
R04758,Rogaland,NO
R04759,Oslo,NO
R04760,Hamburg,DE
R04761,Helsinki,FI
R04762,Oslo,NO
R04763,Helsinki,FI
R04764,Helsinki,FI
R04765,Copenhagen,DK
R04766,Viken,NO
R04767,Hamburg,DE
R04768,Copenhagen,DK
R04769,Bergen,NO
R04770,Warsaw,PL
R04771,Viken,NO
R04772,Hamburg,DE
R04773,Hamburg,DE
R04774,Copenhagen,DK
R04775,Warsaw,PL
R04776,Warsaw,PL
R04777,Copenhagen,DK
R04778,Bergen,NO
R04779,Stavanger,NO
R04780,Oslo,NO
R04781,Viken,NO
R04782,Bergen,NO
R04783,Trondheim,NO
R04784,Rogaland,NO
R04785,Viken,NO
R04786,Rogaland,NO
R04787,Hamburg,DE
R04788,Oslo,NO
R04789,Viken,NO
R04790,Viken,NO
R04791,Bergen,NO
R04792,Rogaland,NO
R04793,Viken,NO
R04794,Stavanger,NO
R04795,Viken,NO
R04796,Helsinki,FI
R04797,Viken,NO
R04798,Trondheim,NO
R04799,Trondheim,NO
R04800,Bergen,NO
R04801,Viken,NO
R04802,Viken,NO
R04803,Oslo,NO
R04804,Bergen,NO
R04805,Helsinki,FI
R04806,Oslo,NO
R04807,Hamburg,DE
R04808,Helsinki,FI
R04809,Viken,NO
R04810,Viken,NO
R04811,Hamburg,DE
R04812,Trondheim,NO
R04813,Viken,NO
R04814,Bergen,NO
R04815,Hamburg,DE
R04816,Helsinki,FI
R04817,Stavanger,NO
R04818,Viken,NO
R04819,Helsinki,FI
R04820,Rogaland,NO
R04821,Warsaw,PL
R04822,Stavanger,NO
R04823,Trondheim,NO
R04824,Bergen,NO
R04825,Copenhagen,DK
R04826,Hamburg,DE
R04827,Oslo,NO
R04828,Hamburg,DE
R04829,Hamburg,DE
R04830,Bergen,NO
R04831,Helsinki,FI
R04832,Helsinki,FI
R04833,Hamburg,DE
R04834,Helsinki,FI
R04835,Trondheim,NO
R04836,Copenhagen,DK
R04837,Trondheim,NO
R04838,Viken,NO
R04839,Hamburg,DE
R04840,Viken,NO
R04841,Rogaland,NO
R04842,Warsaw,PL
R04843,Copenhagen,DK
R04844,Viken,NO
R04845,Viken,NO
R04846,Warsaw,PL
R04847,Viken,NO
R04848,Oslo,NO
R04849,Rogaland,NO
R04850,Copenhagen,DK
R04851,Hamburg,DE
R04852,Copenhagen,DK
R04853,Oslo,NO
R04854,Stavanger,NO
R04855,Copenhagen,DK
R04856,Hamburg,DE
R04857,Warsaw,PL
R04858,Trondheim,NO
R04859,Helsinki,FI
R04860,Trondheim,NO
R04861,Stavanger,NO
R04862,Stavanger,NO
R04863,Trondheim,NO
R04864,Copenhagen,DK
R04865,Trondheim,NO
R04866,Copenhagen,DK
R04867,Stavanger,NO
R04868,Stavanger,NO
R04869,Trondheim,NO
R04870,Trondheim,NO
R04871,Bergen,NO
R04872,Oslo,NO
R04873,Hamburg,DE
R04874,Rogaland,NO
R04875,Rogaland,NO
R04876,Oslo,NO
R04877,Hamburg,DE
R04878,Copenhagen,DK
R04879,Rogaland,NO
R04880,Hamburg,DE
R04881,Oslo,NO
R04882,Hamburg,DE
R04883,Helsinki,FI
R04884,Oslo,NO
R04885,Helsinki,FI
R04886,Bergen,NO
R04887,Viken,NO
R04888,Oslo,NO
R04889,Hamburg,DE
R04890,Viken,NO
R04891,Hamburg,DE
R04892,Trondheim,NO
R04893,Viken,NO
R04894,Copenhagen,DK
R04895,Warsaw,PL
R04896,Trondheim,NO
R04897,Trondheim,NO
R04898,Stavanger,NO
R04899,Trondheim,NO
R04900,Hamburg,DE
R04901,Rogaland,NO
R04902,Viken,NO
R04903,Oslo,NO
R04904,Copenhagen,DK
R04905,Trondheim,NO
R04906,Rogaland,NO
R04907,Viken,NO
R04908,Trondheim,NO
R04909,Trondheim,NO
R04910,Viken,NO
R04911,Viken,NO
R04912,Copenhagen,DK
R04913,Copenhagen,DK
R04914,Rogaland,NO
R04915,Trondheim,NO
R04916,Oslo,NO
R04917,Bergen,NO
R04918,Trondheim,NO
R04919,Stavanger,NO
R04920,Bergen,NO
R04921,Stavanger,NO
R04922,Oslo,NO
R04923,Bergen,NO
R04924,Trondheim,NO
R04925,Hamburg,DE
R04926,Helsinki,FI
R04927,Warsaw,PL
R04928,Trondheim,NO
R04929,Warsaw,PL
R04930,Hamburg,DE
R04931,Bergen,NO
R04932,Helsinki,FI
R04933,Helsinki,FI
R04934,Copenhagen,DK
R04935,Trondheim,NO
R04936,Stavanger,NO
R04937,Copenhagen,DK
R04938,Trondheim,NO
R04939,Helsinki,FI
R04940,Hamburg,DE
R04941,Helsinki,FI
R04942,Trondheim,NO
R04943,Stavanger,NO
R04944,Stavanger,NO
R04945,Viken,NO
R04946,Warsaw,PL
R04947,Viken,NO
R04948,Warsaw,PL
R04949,Trondheim,NO
R04950,Rogaland,NO
R04951,Viken,NO
R04952,Stavanger,NO
R04953,Viken,NO
R04954,Warsaw,PL
R04955,Viken,NO
R04956,Helsinki,FI
R04957,Copenhagen,DK
R04958,Oslo,NO
R04959,Trondheim,NO
R04960,Viken,NO
R04961,Warsaw,PL
R04962,Copenhagen,DK
R04963,Hamburg,DE
R04964,Copenhagen,DK
R04965,Stavanger,NO
R04966,Oslo,NO
R04967,Hamburg,DE
R04968,Viken,NO
R04969,Oslo,NO
R04970,Copenhagen,DK
R04971,Bergen,NO
R04972,Copenhagen,DK
R04973,Stavanger,NO
R04974,Oslo,NO
R04975,Stavanger,NO
R04976,Trondheim,NO
R04977,Hamburg,DE
R04978,Rogaland,NO
R04979,Copenhagen,DK
R04980,Bergen,NO
R04981,Hamburg,DE
R04982,Hamburg,DE
R04983,Stavanger,NO
R04984,Hamburg,DE
R04985,Warsaw,PL
R04986,Stavanger,NO
R04987,Warsaw,PL
R04988,Warsaw,PL
R04989,Hamburg,DE
R04990,Oslo,NO
R04991,Rogaland,NO
R04992,Helsinki,FI
R04993,Stavanger,NO
R04994,Bergen,NO
R04995,Warsaw,PL
R04996,Warsaw,PL
R04997,Bergen,NO
R04998,Oslo,NO
R04999,Stavanger,NO
R05000,Hamburg,DE
R05001,Stavanger,NO
R05002,Helsinki,FI
R05003,Bergen,NO
R05004,Viken,NO
R05005,Helsinki,FI
R05006,Hamburg,DE
R05007,Rogaland,NO
R05008,Stavanger,NO
R05009,Hamburg,DE
R05010,Copenhagen,DK
R05011,Hamburg,DE
R05012,Warsaw,PL
R05013,Stavanger,NO
R05014,Stavanger,NO
R05015,Hamburg,DE
R05016,Oslo,NO
R05017,Trondheim,NO
R05018,Helsinki,FI
R05019,Warsaw,PL
R05020,Stavanger,NO
R05021,Copenhagen,DK
R05022,Warsaw,PL
R05023,Bergen,NO
R05024,Hamburg,DE
R05025,Rogaland,NO
R05026,Rogaland,NO
R05027,Rogaland,NO
R05028,Bergen,NO
R05029,Stavanger,NO
R05030,Stavanger,NO
R05031,Bergen,NO
R05032,Oslo,NO
R05033,Hamburg,DE
R05034,Copenhagen,DK
R05035,Helsinki,FI
R05036,Hamburg,DE
R05037,Stavanger,NO
R05038,Copenhagen,DK
R05039,Warsaw,PL
R05040,Helsinki,FI
R05041,Hamburg,DE
R05042,Helsinki,FI
R05043,Hamburg,DE
R05044,Trondheim,NO
R05045,Oslo,NO
R05046,Helsinki,FI
R05047,Oslo,NO
R05048,Rogaland,NO
R05049,Rogaland,NO
R05050,Warsaw,PL
R05051,Rogaland,NO
R05052,Bergen,NO
R05053,Bergen,NO
R05054,Trondheim,NO
R05055,Oslo,NO
R05056,Rogaland,NO
R05057,Rogaland,NO
R05058,Warsaw,PL
R05059,Stavanger,NO
R05060,Copenhagen,DK
R05061,Rogaland,NO
R05062,Helsinki,FI
R05063,Copenhagen,DK
R05064,Hamburg,DE
R05065,Stavanger,NO
R05066,Stavanger,NO
R05067,Copenhagen,DK
R05068,Rogaland,NO
R05069,Viken,NO
R05070,Oslo,NO
R05071,Stavanger,NO
R05072,Warsaw,PL
R05073,Trondheim,NO
R05074,Helsinki,FI
R05075,Copenhagen,DK
R05076,Oslo,NO
R05077,Rogaland,NO
R05078,Trondheim,NO
R05079,Helsinki,FI
R05080,Copenhagen,DK
R05081,Warsaw,PL
R05082,Hamburg,DE
R05083,Oslo,NO
R05084,Bergen,NO
R05085,Rogaland,NO
R05086,Trondheim,NO
R05087,Warsaw,PL
R05088,Stavanger,NO
R05089,Trondheim,NO
R05090,Oslo,NO
R05091,Trondheim,NO
R05092,Trondheim,NO
R05093,Oslo,NO
R05094,Bergen,NO
R05095,Viken,NO
R05096,Hamburg,DE
R05097,Hamburg,DE
R05098,Rogaland,NO
R05099,Bergen,NO
R05100,Viken,NO
R05101,Copenhagen,DK
R05102,Rogaland,NO
R05103,Copenhagen,DK
R05104,Stavanger,NO
R05105,Helsinki,FI
R05106,Trondheim,NO
R05107,Stavanger,NO
R05108,Copenhagen,DK
R05109,Helsinki,FI
R05110,Helsinki,FI
R05111,Oslo,NO
R05112,Stavanger,NO
R05113,Oslo,NO
R05114,Stavanger,NO
R05115,Trondheim,NO
R05116,Viken,NO
R05117,Stavanger,NO
R05118,Trondheim,NO
R05119,Warsaw,PL
R05120,Trondheim,NO
R05121,Stavanger,NO
R05122,Hamburg,DE
R05123,Rogaland,NO
R05124,Oslo,NO
R05125,Oslo,NO
R05126,Stavanger,NO
R05127,Viken,NO
R05128,Oslo,NO
R05129,Warsaw,PL
R05130,Rogaland,NO
R05131,Trondheim,NO
R05132,Rogaland,NO
R05133,Hamburg,DE
R05134,Copenhagen,DK
R05135,Hamburg,DE
R05136,Warsaw,PL
R05137,Copenhagen,DK
R05138,Hamburg,DE
R05139,Copenhagen,DK
R05140,Bergen,NO
R05141,Trondheim,NO
R05142,Warsaw,PL
R05143,Copenhagen,DK
R05144,Stavanger,NO
R05145,Bergen,NO
R05146,Hamburg,DE
R05147,Bergen,NO
R05148,Oslo,NO
R05149,Trondheim,NO
R05150,Trondheim,NO
R05151,Rogaland,NO
R05152,Stavanger,NO
R05153,Copenhagen,DK
R05154,Viken,NO
R05155,Bergen,NO
R05156,Copenhagen,DK
R05157,Hamburg,DE
R05158,Helsinki,FI
R05159,Warsaw,PL
R05160,Oslo,NO
R05161,Warsaw,PL
R05162,Stavanger,NO
R05163,Copenhagen,DK
R05164,Stavanger,NO
R05165,Copenhagen,DK
R05166,Hamburg,DE
R05167,Hamburg,DE
R05168,Stavanger,NO
R05169,Oslo,NO
R05170,Oslo,NO
R05171,Bergen,NO
R05172,Trondheim,NO
R05173,Viken,NO
R05174,Warsaw,PL
R05175,Warsaw,PL
R05176,Warsaw,PL
R05177,Bergen,NO
R05178,Oslo,NO
R05179,Bergen,NO
R05180,Rogaland,NO
R05181,Copenhagen,DK
R05182,Oslo,NO
R05183,Warsaw,PL
R05184,Trondheim,NO
R05185,Viken,NO
R05186,Hamburg,DE
R05187,Stavanger,NO
R05188,Bergen,NO
R05189,Warsaw,PL
R05190,Copenhagen,DK
R05191,Copenhagen,DK
R05192,Bergen,NO
R05193,Copenhagen,DK
R05194,Viken,NO
R05195,Viken,NO
R05196,Viken,NO
R05197,Warsaw,PL
R05198,Helsinki,FI
R05199,Stavanger,NO
R05200,Helsinki,FI
R05201,Warsaw,PL
R05202,Stavanger,NO
R05203,Bergen,NO
R05204,Warsaw,PL
R05205,Warsaw,PL
R05206,Warsaw,PL
R05207,Rogaland,NO
R05208,Hamburg,DE
R05209,Warsaw,PL
R05210,Viken,NO
R05211,Stavanger,NO
R05212,Bergen,NO
R05213,Stavanger,NO
R05214,Stavanger,NO
R05215,Hamburg,DE
R05216,Oslo,NO
R05217,Rogaland,NO
R05218,Rogaland,NO
R05219,Rogaland,NO
R05220,Hamburg,DE
R05221,Warsaw,PL
R05222,Bergen,NO
R05223,Copenhagen,DK
R05224,Viken,NO
R05225,Copenhagen,DK
R05226,Copenhagen,DK
R05227,Copenhagen,DK
R05228,Copenhagen,DK
R05229,Bergen,NO
R05230,Stavanger,NO
R05231,Warsaw,PL
R05232,Oslo,NO
R05233,Helsinki,FI
R05234,Copenhagen,DK
R05235,Hamburg,DE
R05236,Rogaland,NO
R05237,Helsinki,FI
R05238,Oslo,NO
R05239,Bergen,NO
R05240,Rogaland,NO
R05241,Stavanger,NO
R05242,Bergen,NO
R05243,Trondheim,NO
R05244,Warsaw,PL
R05245,Stavanger,NO
R05246,Stavanger,NO
R05247,Copenhagen,DK
R05248,Oslo,NO
R05249,Hamburg,DE
R05250,Hamburg,DE
R05251,Warsaw,PL
R05252,Stavanger,NO
R05253,Stavanger,NO
R05254,Oslo,NO
R05255,Stavanger,NO
R05256,Stavanger,NO
R05257,Viken,NO
R05258,Stavanger,NO
R05259,Copenhagen,DK
R05260,Hamburg,DE
R05261,Oslo,NO
R05262,Hamburg,DE
R05263,Warsaw,PL
R05264,Copenhagen,DK
R05265,Warsaw,PL
R05266,Oslo,NO
R05267,Helsinki,FI
R05268,Warsaw,PL
R05269,Bergen,NO
R05270,Hamburg,DE
R05271,Helsinki,FI
R05272,Viken,NO
R05273,Oslo,NO
R05274,Rogaland,NO
R05275,Copenhagen,DK
R05276,Oslo,NO
R05277,Rogaland,NO
R05278,Oslo,NO
R05279,Oslo,NO
R05280,Warsaw,PL
R05281,Oslo,NO
R05282,Stavanger,NO
R05283,Bergen,NO
R05284,Helsinki,FI
R05285,Rogaland,NO
R05286,Rogaland,NO
R05287,Oslo,NO
R05288,Viken,NO
R05289,Stavanger,NO
R05290,Warsaw,PL
R05291,Hamburg,DE
R05292,Trondheim,NO
R05293,Oslo,NO
R05294,Trondheim,NO
R05295,Rogaland,NO
R05296,Warsaw,PL
R05297,Copenhagen,DK
R05298,Rogaland,NO
R05299,Hamburg,DE
R05300,Rogaland,NO
R05301,Oslo,NO
R05302,Viken,NO
R05303,Hamburg,DE
R05304,Bergen,NO
R05305,Copenhagen,DK
R05306,Rogaland,NO
R05307,Copenhagen,DK
R05308,Copenhagen,DK
R05309,Stavanger,NO
R05310,Hamburg,DE
R05311,Hamburg,DE
R05312,Helsinki,FI
R05313,Helsinki,FI
R05314,Helsinki,FI
R05315,Copenhagen,DK
R05316,Stavanger,NO
R05317,Oslo,NO
R05318,Helsinki,FI
R05319,Copenhagen,DK
R05320,Oslo,NO
R05321,Helsinki,FI
R05322,Stavanger,NO
R05323,Oslo,NO
R05324,Viken,NO
R05325,Oslo,NO
R05326,Copenhagen,DK
R05327,Copenhagen,DK
R05328,Bergen,NO
R05329,Trondheim,NO
R05330,Hamburg,DE
R05331,Trondheim,NO
R05332,Oslo,NO
R05333,Rogaland,NO
R05334,Stavanger,NO
R05335,Helsinki,FI
R05336,Rogaland,NO
R05337,Rogaland,NO
R05338,Stavanger,NO
R05339,Rogaland,NO
R05340,Bergen,NO
R05341,Warsaw,PL
R05342,Rogaland,NO
R05343,Warsaw,PL
R05344,Bergen,NO
R05345,Warsaw,PL
R05346,Warsaw,PL
R05347,Stavanger,NO
R05348,Helsinki,FI
R05349,Oslo,NO
R05350,Copenhagen,DK
R05351,Helsinki,FI
R05352,Trondheim,NO
R05353,Oslo,NO
R05354,Oslo,NO
R05355,Hamburg,DE
R05356,Trondheim,NO
R05357,Helsinki,FI
R05358,Warsaw,PL
R05359,Copenhagen,DK
R05360,Stavanger,NO
R05361,Bergen,NO
R05362,Stavanger,NO
R05363,Oslo,NO
R05364,Trondheim,NO
R05365,Rogaland,NO
R05366,Stavanger,NO
R05367,Stavanger,NO
R05368,Oslo,NO
R05369,Stavanger,NO
R05370,Bergen,NO
R05371,Viken,NO
R05372,Stavanger,NO
R05373,Hamburg,DE
R05374,Warsaw,PL
R05375,Hamburg,DE
R05376,Viken,NO
R05377,Rogaland,NO
R05378,Oslo,NO
R05379,Stavanger,NO
R05380,Bergen,NO
R05381,Trondheim,NO
R05382,Oslo,NO
R05383,Copenhagen,DK
R05384,Helsinki,FI
R05385,Copenhagen,DK
R05386,Hamburg,DE
R05387,Oslo,NO
R05388,Bergen,NO
R05389,Warsaw,PL
R05390,Warsaw,PL
R05391,Hamburg,DE
R05392,Oslo,NO
R05393,Helsinki,FI
R05394,Oslo,NO
R05395,Bergen,NO
R05396,Oslo,NO
R05397,Warsaw,PL
R05398,Rogaland,NO
R05399,Helsinki,FI
R05400,Hamburg,DE
R05401,Bergen,NO
R05402,Copenhagen,DK
R05403,Oslo,NO
R05404,Stavanger,NO
R05405,Hamburg,DE
R05406,Rogaland,NO
R05407,Helsinki,FI
R05408,Stavanger,NO
R05409,Viken,NO
R05410,Warsaw,PL
R05411,Bergen,NO
R05412,Trondheim,NO
R05413,Viken,NO
R05414,Helsinki,FI
R05415,Hamburg,DE
R05416,Copenhagen,DK
R05417,Viken,NO
R05418,Rogaland,NO
R05419,Copenhagen,DK
R05420,Warsaw,PL
R05421,Helsinki,FI
R05422,Rogaland,NO
R05423,Hamburg,DE
R05424,Hamburg,DE
R05425,Helsinki,FI
R05426,Viken,NO
R05427,Trondheim,NO
R05428,Viken,NO
R05429,Rogaland,NO
R05430,Bergen,NO
R05431,Hamburg,DE
R05432,Viken,NO
R05433,Hamburg,DE
R05434,Rogaland,NO
R05435,Bergen,NO
R05436,Copenhagen,DK
R05437,Bergen,NO
R05438,Bergen,NO
R05439,Oslo,NO
R05440,Rogaland,NO
R05441,Viken,NO
R05442,Rogaland,NO
R05443,Rogaland,NO
R05444,Rogaland,NO
R05445,Copenhagen,DK
R05446,Copenhagen,DK
R05447,Trondheim,NO
R05448,Trondheim,NO
R05449,Oslo,NO
R05450,Copenhagen,DK
R05451,Helsinki,FI
R05452,Viken,NO
R05453,Hamburg,DE
R05454,Rogaland,NO
R05455,Rogaland,NO
R05456,Bergen,NO
R05457,Warsaw,PL
R05458,Trondheim,NO
R05459,Bergen,NO
R05460,Warsaw,PL
R05461,Oslo,NO
R05462,Stavanger,NO
R05463,Helsinki,FI
R05464,Oslo,NO
R05465,Trondheim,NO
R05466,Hamburg,DE
R05467,Bergen,NO
R05468,Trondheim,NO
R05469,Viken,NO
R05470,Hamburg,DE
R05471,Warsaw,PL
R05472,Warsaw,PL
R05473,Helsinki,FI
R05474,Stavanger,NO
R05475,Viken,NO
R05476,Helsinki,FI
R05477,Stavanger,NO
R05478,Warsaw,PL
R05479,Bergen,NO
R05480,Trondheim,NO
R05481,Copenhagen,DK
R05482,Trondheim,NO
R05483,Stavanger,NO
R05484,Hamburg,DE
R05485,Copenhagen,DK
R05486,Rogaland,NO
R05487,Helsinki,FI
R05488,Oslo,NO
R05489,Rogaland,NO
R05490,Stavanger,NO
R05491,Stavanger,NO
R05492,Hamburg,DE
R05493,Trondheim,NO
R05494,Viken,NO
R05495,Oslo,NO
R05496,Viken,NO
R05497,Helsinki,FI
R05498,Viken,NO
R05499,Viken,NO
R05500,Warsaw,PL
R05501,Copenhagen,DK
R05502,Helsinki,FI
R05503,Rogaland,NO
R05504,Stavanger,NO
R05505,Viken,NO
R05506,Bergen,NO
R05507,Warsaw,PL
R05508,Hamburg,DE
R05509,Rogaland,NO
R05510,Warsaw,PL
R05511,Rogaland,NO
R05512,Viken,NO
R05513,Helsinki,FI
R05514,Warsaw,PL
R05515,Hamburg,DE
R05516,Bergen,NO
R05517,Rogaland,NO
R05518,Rogaland,NO
R05519,Hamburg,DE
R05520,Copenhagen,DK
R05521,Stavanger,NO
R05522,Oslo,NO
R05523,Copenhagen,DK
R05524,Oslo,NO
R05525,Trondheim,NO
R05526,Rogaland,NO
R05527,Warsaw,PL
R05528,Bergen,NO
R05529,Oslo,NO
R05530,Warsaw,PL
R05531,Oslo,NO
R05532,Helsinki,FI
R05533,Copenhagen,DK
R05534,Oslo,NO
R05535,Stavanger,NO
R05536,Hamburg,DE
R05537,Viken,NO
R05538,Viken,NO
R05539,Copenhagen,DK
R05540,Bergen,NO
R05541,Viken,NO
R05542,Helsinki,FI
R05543,Trondheim,NO
R05544,Viken,NO
R05545,Rogaland,NO
R05546,Rogaland,NO
R05547,Oslo,NO
R05548,Warsaw,PL
R05549,Hamburg,DE
R05550,Stavanger,NO
R05551,Helsinki,FI
R05552,Bergen,NO
R05553,Viken,NO
R05554,Warsaw,PL
R05555,Rogaland,NO
R05556,Viken,NO
R05557,Oslo,NO
R05558,Hamburg,DE
R05559,Trondheim,NO
R05560,Copenhagen,DK
R05561,Bergen,NO
R05562,Copenhagen,DK
R05563,Bergen,NO
R05564,Bergen,NO
R05565,Copenhagen,DK
R05566,Bergen,NO
R05567,Trondheim,NO
R05568,Warsaw,PL
R05569,Warsaw,PL
R05570,Copenhagen,DK
R05571,Viken,NO
R05572,Hamburg,DE
R05573,Trondheim,NO
R05574,Trondheim,NO
R05575,Helsinki,FI
R05576,Rogaland,NO
R05577,Trondheim,NO
R05578,Trondheim,NO
R05579,Warsaw,PL
R05580,Helsinki,FI
R05581,Helsinki,FI
R05582,Oslo,NO
R05583,Rogaland,NO
R05584,Copenhagen,DK
R05585,Bergen,NO
R05586,Stavanger,NO
R05587,Trondheim,NO
R05588,Rogaland,NO
R05589,Stavanger,NO
R05590,Trondheim,NO
R05591,Oslo,NO
R05592,Copenhagen,DK
R05593,Bergen,NO
R05594,Hamburg,DE
R05595,Oslo,NO
R05596,Trondheim,NO
R05597,Bergen,NO
R05598,Trondheim,NO
R05599,Stavanger,NO
R05600,Copenhagen,DK
R05601,Oslo,NO
R05602,Stavanger,NO
R05603,Bergen,NO
R05604,Warsaw,PL
R05605,Warsaw,PL
R05606,Copenhagen,DK
R05607,Stavanger,NO
R05608,Trondheim,NO
R05609,Trondheim,NO
R05610,Warsaw,PL
R05611,Copenhagen,DK
R05612,Trondheim,NO
R05613,Bergen,NO
R05614,Oslo,NO
R05615,Warsaw,PL
R05616,Oslo,NO
R05617,Rogaland,NO
R05618,Hamburg,DE
R05619,Viken,NO
R05620,Rogaland,NO
R05621,Rogaland,NO
R05622,Copenhagen,DK
R05623,Copenhagen,DK
R05624,Oslo,NO
R05625,Viken,NO
R05626,Bergen,NO
R05627,Hamburg,DE
R05628,Oslo,NO
R05629,Hamburg,DE
R05630,Hamburg,DE
R05631,Hamburg,DE
R05632,Hamburg,DE
R05633,Copenhagen,DK
R05634,Oslo,NO
R05635,Trondheim,NO
R05636,Warsaw,PL
R05637,Copenhagen,DK
R05638,Stavanger,NO
R05639,Copenhagen,DK
R05640,Viken,NO
R05641,Rogaland,NO
R05642,Bergen,NO
R05643,Bergen,NO
R05644,Bergen,NO
R05645,Viken,NO
R05646,Copenhagen,DK
R05647,Bergen,NO
R05648,Oslo,NO
R05649,Stavanger,NO
R05650,Warsaw,PL
R05651,Stavanger,NO
R05652,Bergen,NO
R05653,Stavanger,NO
R05654,Copenhagen,DK
R05655,Viken,NO
R05656,Rogaland,NO
R05657,Helsinki,FI
R05658,Trondheim,NO
R05659,Bergen,NO
R05660,Hamburg,DE
R05661,Oslo,NO
R05662,Copenhagen,DK
R05663,Bergen,NO
R05664,Oslo,NO
R05665,Rogaland,NO
R05666,Warsaw,PL
R05667,Warsaw,PL
R05668,Warsaw,PL
R05669,Hamburg,DE
R05670,Viken,NO
R05671,Viken,NO
R05672,Bergen,NO
R05673,Warsaw,PL
R05674,Hamburg,DE
R05675,Warsaw,PL
R05676,Stavanger,NO
R05677,Copenhagen,DK
R05678,Stavanger,NO
R05679,Warsaw,PL
R05680,Bergen,NO
R05681,Copenhagen,DK
R05682,Warsaw,PL
R05683,Copenhagen,DK
R05684,Hamburg,DE
R05685,Stavanger,NO
R05686,Viken,NO
R05687,Warsaw,PL
R05688,Hamburg,DE
R05689,Trondheim,NO
R05690,Copenhagen,DK
R05691,Hamburg,DE
R05692,Rogaland,NO
R05693,Bergen,NO
R05694,Bergen,NO
R05695,Trondheim,NO
R05696,Oslo,NO
R05697,Copenhagen,DK
R05698,Rogaland,NO
R05699,Helsinki,FI
R05700,Copenhagen,DK
R05701,Hamburg,DE
R05702,Warsaw,PL
R05703,Bergen,NO
R05704,Stavanger,NO
R05705,Warsaw,PL
R05706,Rogaland,NO
R05707,Bergen,NO
R05708,Viken,NO
R05709,Warsaw,PL
R05710,Warsaw,PL
R05711,Warsaw,PL
R05712,Oslo,NO
R05713,Oslo,NO
R05714,Bergen,NO
R05715,Oslo,NO
R05716,Viken,NO
R05717,Warsaw,PL
R05718,Rogaland,NO
R05719,Rogaland,NO
R05720,Copenhagen,DK
R05721,Warsaw,PL
R05722,Hamburg,DE
R05723,Trondheim,NO
R05724,Helsinki,FI
R05725,Bergen,NO
R05726,Viken,NO
R05727,Bergen,NO
R05728,Helsinki,FI
R05729,Oslo,NO
R05730,Rogaland,NO
R05731,Viken,NO
R05732,Stavanger,NO
R05733,Viken,NO
R05734,Rogaland,NO
R05735,Trondheim,NO
R05736,Oslo,NO
R05737,Helsinki,FI
R05738,Trondheim,NO
R05739,Viken,NO
R05740,Copenhagen,DK
R05741,Copenhagen,DK
R05742,Trondheim,NO
R05743,Bergen,NO
R05744,Helsinki,FI
R05745,Viken,NO
R05746,Rogaland,NO
R05747,Hamburg,DE
R05748,Copenhagen,DK
R05749,Warsaw,PL
R05750,Stavanger,NO
R05751,Bergen,NO
R05752,Warsaw,PL
R05753,Warsaw,PL
R05754,Bergen,NO
R05755,Bergen,NO
R05756,Bergen,NO
R05757,Stavanger,NO
R05758,Bergen,NO
R05759,Viken,NO
R05760,Stavanger,NO
R05761,Warsaw,PL
R05762,Viken,NO
R05763,Hamburg,DE
R05764,Viken,NO
R05765,Helsinki,FI
R05766,Oslo,NO
R05767,Bergen,NO
R05768,Warsaw,PL
R05769,Bergen,NO
R05770,Oslo,NO
R05771,Viken,NO
R05772,Hamburg,DE
R05773,Bergen,NO
R05774,Helsinki,FI
R05775,Viken,NO
R05776,Oslo,NO
R05777,Stavanger,NO
R05778,Bergen,NO
R05779,Warsaw,PL
R05780,Viken,NO
R05781,Bergen,NO
R05782,Trondheim,NO
R05783,Rogaland,NO
R05784,Stavanger,NO
R05785,Rogaland,NO
R05786,Oslo,NO
R05787,Rogaland,NO
R05788,Bergen,NO
R05789,Hamburg,DE
R05790,Helsinki,FI
R05791,Trondheim,NO
R05792,Stavanger,NO
R05793,Bergen,NO
R05794,Viken,NO
R05795,Stavanger,NO
R05796,Bergen,NO
R05797,Bergen,NO
R05798,Rogaland,NO
R05799,Helsinki,FI
R05800,Stavanger,NO
R05801,Copenhagen,DK
R05802,Oslo,NO
R05803,Viken,NO
R05804,Copenhagen,DK
R05805,Trondheim,NO
R05806,Viken,NO
R05807,Viken,NO
R05808,Stavanger,NO
R05809,Rogaland,NO
R05810,Bergen,NO
R05811,Stavanger,NO
R05812,Warsaw,PL
R05813,Trondheim,NO
R05814,Copenhagen,DK
R05815,Oslo,NO
R05816,Hamburg,DE
R05817,Rogaland,NO
R05818,Trondheim,NO
R05819,Stavanger,NO
R05820,Viken,NO
R05821,Oslo,NO
R05822,Rogaland,NO
R05823,Viken,NO
R05824,Copenhagen,DK
R05825,Hamburg,DE
R05826,Bergen,NO
R05827,Viken,NO
R05828,Bergen,NO
R05829,Viken,NO
R05830,Warsaw,PL
R05831,Hamburg,DE
R05832,Warsaw,PL
R05833,Warsaw,PL
R05834,Hamburg,DE
R05835,Bergen,NO
R05836,Bergen,NO
R05837,Copenhagen,DK
R05838,Trondheim,NO
R05839,Rogaland,NO
R05840,Viken,NO
R05841,Helsinki,FI
R05842,Warsaw,PL
R05843,Rogaland,NO
R05844,Copenhagen,DK
R05845,Stavanger,NO
R05846,Helsinki,FI
R05847,Warsaw,PL
R05848,Viken,NO
R05849,Rogaland,NO
R05850,Viken,NO
R05851,Bergen,NO
R05852,Stavanger,NO
R05853,Copenhagen,DK
R05854,Stavanger,NO
R05855,Helsinki,FI
R05856,Stavanger,NO
R05857,Rogaland,NO
R05858,Rogaland,NO
R05859,Stavanger,NO
R05860,Warsaw,PL
R05861,Trondheim,NO
R05862,Stavanger,NO
R05863,Rogaland,NO
R05864,Oslo,NO
R05865,Rogaland,NO
R05866,Oslo,NO
R05867,Helsinki,FI
R05868,Oslo,NO
R05869,Hamburg,DE
R05870,Helsinki,FI
R05871,Warsaw,PL
R05872,Warsaw,PL
R05873,Warsaw,PL
R05874,Hamburg,DE
R05875,Bergen,NO
R05876,Helsinki,FI
R05877,Hamburg,DE
R05878,Oslo,NO
R05879,Copenhagen,DK
R05880,Warsaw,PL
R05881,Helsinki,FI
R05882,Oslo,NO
R05883,Bergen,NO
R05884,Oslo,NO
R05885,Oslo,NO
R05886,Rogaland,NO
R05887,Warsaw,PL
R05888,Viken,NO
R05889,Helsinki,FI
R05890,Warsaw,PL
R05891,Warsaw,PL
R05892,Copenhagen,DK
R05893,Trondheim,NO
R05894,Rogaland,NO
R05895,Warsaw,PL
R05896,Helsinki,FI
R05897,Warsaw,PL
R05898,Bergen,NO
R05899,Helsinki,FI
R05900,Hamburg,DE
R05901,Rogaland,NO
R05902,Stavanger,NO
R05903,Trondheim,NO
R05904,Rogaland,NO
R05905,Viken,NO
R05906,Viken,NO
R05907,Oslo,NO
R05908,Helsinki,FI
R05909,Hamburg,DE
R05910,Rogaland,NO
R05911,Oslo,NO
R05912,Stavanger,NO
R05913,Rogaland,NO
R05914,Hamburg,DE
R05915,Trondheim,NO
R05916,Hamburg,DE
R05917,Oslo,NO
R05918,Bergen,NO
R05919,Trondheim,NO
R05920,Copenhagen,DK
R05921,Oslo,NO
R05922,Viken,NO
R05923,Bergen,NO
R05924,Rogaland,NO
R05925,Viken,NO
R05926,Warsaw,PL
R05927,Stavanger,NO
R05928,Bergen,NO
R05929,Viken,NO
R05930,Warsaw,PL
R05931,Oslo,NO
R05932,Helsinki,FI
R05933,Helsinki,FI
R05934,Rogaland,NO
R05935,Copenhagen,DK
R05936,Copenhagen,DK
R05937,Stavanger,NO
R05938,Copenhagen,DK
R05939,Helsinki,FI
R05940,Bergen,NO
R05941,Copenhagen,DK
R05942,Warsaw,PL
R05943,Warsaw,PL
R05944,Bergen,NO
R05945,Warsaw,PL
R05946,Oslo,NO
R05947,Rogaland,NO
R05948,Viken,NO
R05949,Hamburg,DE
R05950,Bergen,NO
R05951,Copenhagen,DK
R05952,Warsaw,PL
R05953,Rogaland,NO
R05954,Warsaw,PL
R05955,Viken,NO
R05956,Viken,NO
R05957,Trondheim,NO
R05958,Stavanger,NO
R05959,Helsinki,FI
R05960,Trondheim,NO
R05961,Rogaland,NO
R05962,Stavanger,NO
R05963,Warsaw,PL
R05964,Viken,NO
R05965,Stavanger,NO
R05966,Helsinki,FI
R05967,Warsaw,PL
R05968,Rogaland,NO
R05969,Helsinki,FI
R05970,Rogaland,NO
R05971,Bergen,NO
R05972,Viken,NO
R05973,Trondheim,NO
R05974,Warsaw,PL
R05975,Helsinki,FI
R05976,Hamburg,DE
R05977,Hamburg,DE
R05978,Trondheim,NO
R05979,Stavanger,NO
R05980,Stavanger,NO
R05981,Viken,NO
R05982,Trondheim,NO
R05983,Warsaw,PL
R05984,Trondheim,NO
R05985,Oslo,NO
R05986,Copenhagen,DK
R05987,Stavanger,NO
R05988,Trondheim,NO
R05989,Trondheim,NO
R05990,Viken,NO
R05991,Rogaland,NO
R05992,Rogaland,NO
R05993,Stavanger,NO
R05994,Oslo,NO
R05995,Oslo,NO
R05996,Rogaland,NO
R05997,Helsinki,FI
R05998,Trondheim,NO
R05999,Stavanger,NO
R06000,Hamburg,DE
R06001,Warsaw,PL
R06002,Rogaland,NO
R06003,Helsinki,FI
R06004,Viken,NO
R06005,Rogaland,NO
R06006,Helsinki,FI
R06007,Oslo,NO
R06008,Stavanger,NO
R06009,Rogaland,NO
R06010,Rogaland,NO
R06011,Oslo,NO
R06012,Warsaw,PL
R06013,Oslo,NO
R06014,Oslo,NO
R06015,Copenhagen,DK
R06016,Rogaland,NO
R06017,Helsinki,FI
R06018,Viken,NO
R06019,Viken,NO
R06020,Hamburg,DE
R06021,Copenhagen,DK
R06022,Rogaland,NO
R06023,Oslo,NO
R06024,Copenhagen,DK
R06025,Hamburg,DE
R06026,Copenhagen,DK
R06027,Oslo,NO
R06028,Stavanger,NO
R06029,Oslo,NO
R06030,Warsaw,PL
R06031,Hamburg,DE
R06032,Hamburg,DE
R06033,Hamburg,DE
R06034,Warsaw,PL
R06035,Helsinki,FI
R06036,Bergen,NO
R06037,Copenhagen,DK
R06038,Bergen,NO
R06039,Stavanger,NO
R06040,Copenhagen,DK
R06041,Trondheim,NO
R06042,Hamburg,DE
R06043,Viken,NO
R06044,Oslo,NO
R06045,Helsinki,FI
R06046,Stavanger,NO
R06047,Oslo,NO
R06048,Trondheim,NO
R06049,Viken,NO
R06050,Warsaw,PL
R06051,Oslo,NO
R06052,Copenhagen,DK
R06053,Stavanger,NO
R06054,Viken,NO
R06055,Copenhagen,DK
R06056,Hamburg,DE
R06057,Copenhagen,DK
R06058,Stavanger,NO
R06059,Oslo,NO
R06060,Rogaland,NO
R06061,Oslo,NO
R06062,Bergen,NO
R06063,Rogaland,NO
R06064,Bergen,NO
R06065,Hamburg,DE
R06066,Hamburg,DE
R06067,Hamburg,DE
R06068,Hamburg,DE
R06069,Stavanger,NO
R06070,Oslo,NO
R06071,Rogaland,NO
R06072,Helsinki,FI
R06073,Copenhagen,DK
R06074,Rogaland,NO
R06075,Copenhagen,DK
R06076,Stavanger,NO
R06077,Bergen,NO
R06078,Warsaw,PL
R06079,Rogaland,NO
R06080,Bergen,NO
R06081,Warsaw,PL
R06082,Viken,NO
R06083,Helsinki,FI
R06084,Copenhagen,DK
R06085,Viken,NO
R06086,Oslo,NO
R06087,Copenhagen,DK
R06088,Copenhagen,DK
R06089,Warsaw,PL
R06090,Trondheim,NO
R06091,Trondheim,NO
R06092,Rogaland,NO
R06093,Warsaw,PL
R06094,Helsinki,FI
R06095,Oslo,NO
R06096,Hamburg,DE
R06097,Warsaw,PL
R06098,Copenhagen,DK
R06099,Warsaw,PL
R06100,Helsinki,FI
R06101,Copenhagen,DK
R06102,Trondheim,NO
R06103,Bergen,NO
R06104,Hamburg,DE
R06105,Rogaland,NO
R06106,Bergen,NO
R06107,Viken,NO
R06108,Bergen,NO
R06109,Rogaland,NO
R06110,Helsinki,FI
R06111,Stavanger,NO
R06112,Copenhagen,DK
R06113,Warsaw,PL
R06114,Copenhagen,DK
R06115,Warsaw,PL
R06116,Trondheim,NO
R06117,Helsinki,FI
R06118,Oslo,NO
R06119,Trondheim,NO
R06120,Rogaland,NO
R06121,Stavanger,NO
R06122,Trondheim,NO
R06123,Rogaland,NO
R06124,Copenhagen,DK
R06125,Oslo,NO
R06126,Helsinki,FI
R06127,Trondheim,NO
R06128,Trondheim,NO
R06129,Warsaw,PL
R06130,Oslo,NO
R06131,Stavanger,NO
R06132,Viken,NO
R06133,Helsinki,FI
R06134,Warsaw,PL
R06135,Bergen,NO
R06136,Viken,NO
R06137,Trondheim,NO
R06138,Helsinki,FI
R06139,Stavanger,NO
R06140,Stavanger,NO
R06141,Trondheim,NO
R06142,Copenhagen,DK
R06143,Stavanger,NO
R06144,Rogaland,NO
R06145,Stavanger,NO
R06146,Bergen,NO
R06147,Warsaw,PL
R06148,Oslo,NO
R06149,Bergen,NO
R06150,Bergen,NO
R06151,Trondheim,NO
R06152,Trondheim,NO
R06153,Trondheim,NO
R06154,Viken,NO
R06155,Stavanger,NO
R06156,Warsaw,PL
R06157,Trondheim,NO
R06158,Copenhagen,DK
R06159,Helsinki,FI
R06160,Oslo,NO
R06161,Warsaw,PL
R06162,Warsaw,PL
R06163,Trondheim,NO
R06164,Warsaw,PL
R06165,Rogaland,NO
R06166,Copenhagen,DK
R06167,Rogaland,NO
R06168,Rogaland,NO
R06169,Bergen,NO
R06170,Oslo,NO
R06171,Hamburg,DE
R06172,Helsinki,FI
R06173,Rogaland,NO
R06174,Trondheim,NO
R06175,Copenhagen,DK
R06176,Bergen,NO
R06177,Viken,NO
R06178,Oslo,NO
R06179,Helsinki,FI
R06180,Stavanger,NO
R06181,Copenhagen,DK
R06182,Bergen,NO
R06183,Bergen,NO
R06184,Hamburg,DE
R06185,Viken,NO
R06186,Bergen,NO
R06187,Oslo,NO
R06188,Stavanger,NO
R06189,Helsinki,FI
R06190,Warsaw,PL
R06191,Rogaland,NO
R06192,Viken,NO
R06193,Warsaw,PL
R06194,Helsinki,FI
R06195,Hamburg,DE
R06196,Warsaw,PL
R06197,Oslo,NO
R06198,Viken,NO
R06199,Helsinki,FI
R06200,Hamburg,DE
R06201,Bergen,NO
R06202,Viken,NO
R06203,Copenhagen,DK
R06204,Trondheim,NO
R06205,Stavanger,NO
R06206,Hamburg,DE
R06207,Viken,NO
R06208,Copenhagen,DK
R06209,Trondheim,NO
R06210,Helsinki,FI
R06211,Viken,NO
R06212,Bergen,NO
R06213,Helsinki,FI
R06214,Rogaland,NO
R06215,Trondheim,NO
R06216,Rogaland,NO
R06217,Rogaland,NO
R06218,Copenhagen,DK
R06219,Bergen,NO
R06220,Trondheim,NO
R06221,Oslo,NO
R06222,Rogaland,NO
R06223,Stavanger,NO
R06224,Viken,NO
R06225,Trondheim,NO
R06226,Hamburg,DE
R06227,Bergen,NO
R06228,Oslo,NO
R06229,Viken,NO
R06230,Stavanger,NO
R06231,Rogaland,NO
R06232,Helsinki,FI
R06233,Viken,NO
R06234,Trondheim,NO
R06235,Hamburg,DE
R06236,Trondheim,NO
R06237,Helsinki,FI
R06238,Viken,NO
R06239,Viken,NO
R06240,Viken,NO
R06241,Hamburg,DE
R06242,Helsinki,FI
R06243,Viken,NO
R06244,Helsinki,FI
R06245,Warsaw,PL
R06246,Rogaland,NO
R06247,Copenhagen,DK
R06248,Viken,NO
R06249,Oslo,NO
R06250,Hamburg,DE
R06251,Rogaland,NO
R06252,Rogaland,NO
R06253,Hamburg,DE
R06254,Warsaw,PL
R06255,Rogaland,NO
R06256,Hamburg,DE
R06257,Viken,NO
R06258,Stavanger,NO
R06259,Stavanger,NO
R06260,Copenhagen,DK
R06261,Hamburg,DE
R06262,Copenhagen,DK
R06263,Warsaw,PL
R06264,Copenhagen,DK
R06265,Hamburg,DE
R06266,Oslo,NO
R06267,Bergen,NO
R06268,Copenhagen,DK
R06269,Copenhagen,DK
R06270,Trondheim,NO
R06271,Bergen,NO
R06272,Rogaland,NO
R06273,Oslo,NO
R06274,Bergen,NO
R06275,Rogaland,NO
R06276,Rogaland,NO
R06277,Trondheim,NO
R06278,Bergen,NO
R06279,Warsaw,PL
R06280,Warsaw,PL
R06281,Bergen,NO
R06282,Viken,NO
R06283,Viken,NO
R06284,Oslo,NO
R06285,Copenhagen,DK
R06286,Hamburg,DE
R06287,Copenhagen,DK
R06288,Trondheim,NO
R06289,Helsinki,FI
R06290,Stavanger,NO
R06291,Warsaw,PL
R06292,Oslo,NO
R06293,Helsinki,FI
R06294,Helsinki,FI
R06295,Helsinki,FI
R06296,Oslo,NO
R06297,Rogaland,NO
R06298,Hamburg,DE
R06299,Warsaw,PL
R06300,Warsaw,PL
R06301,Copenhagen,DK
R06302,Oslo,NO
R06303,Oslo,NO
R06304,Copenhagen,DK
R06305,Warsaw,PL
R06306,Bergen,NO
R06307,Warsaw,PL
R06308,Viken,NO
R06309,Helsinki,FI
R06310,Hamburg,DE
R06311,Viken,NO
R06312,Warsaw,PL
R06313,Rogaland,NO
R06314,Bergen,NO
R06315,Copenhagen,DK
R06316,Rogaland,NO
R06317,Trondheim,NO
R06318,Warsaw,PL
R06319,Helsinki,FI
R06320,Warsaw,PL
R06321,Bergen,NO
R06322,Hamburg,DE
R06323,Hamburg,DE
R06324,Hamburg,DE
R06325,Viken,NO
R06326,Oslo,NO
R06327,Trondheim,NO
R06328,Hamburg,DE
R06329,Viken,NO
R06330,Rogaland,NO
R06331,Hamburg,DE
R06332,Viken,NO
R06333,Hamburg,DE
R06334,Copenhagen,DK
R06335,Oslo,NO
R06336,Stavanger,NO
R06337,Oslo,NO
R06338,Helsinki,FI
R06339,Bergen,NO
R06340,Copenhagen,DK
R06341,Viken,NO
R06342,Rogaland,NO
R06343,Copenhagen,DK
R06344,Bergen,NO
R06345,Oslo,NO
R06346,Copenhagen,DK
R06347,Oslo,NO
R06348,Viken,NO
R06349,Trondheim,NO
R06350,Rogaland,NO
R06351,Oslo,NO
R06352,Stavanger,NO
R06353,Warsaw,PL
R06354,Trondheim,NO
R06355,Helsinki,FI
R06356,Copenhagen,DK
R06357,Trondheim,NO
R06358,Helsinki,FI
R06359,Trondheim,NO
R06360,Hamburg,DE
R06361,Copenhagen,DK
R06362,Rogaland,NO
R06363,Stavanger,NO
R06364,Hamburg,DE
R06365,Helsinki,FI
R06366,Oslo,NO
R06367,Oslo,NO
R06368,Oslo,NO
R06369,Stavanger,NO
R06370,Copenhagen,DK
R06371,Stavanger,NO
R06372,Copenhagen,DK
R06373,Rogaland,NO
R06374,Stavanger,NO
R06375,Warsaw,PL
R06376,Helsinki,FI
R06377,Copenhagen,DK
R06378,Helsinki,FI
R06379,Copenhagen,DK
R06380,Bergen,NO
R06381,Bergen,NO
R06382,Viken,NO
R06383,Helsinki,FI
R06384,Stavanger,NO
R06385,Oslo,NO
R06386,Rogaland,NO
R06387,Stavanger,NO
R06388,Warsaw,PL
R06389,Copenhagen,DK
R06390,Trondheim,NO
R06391,Viken,NO
R06392,Stavanger,NO
R06393,Helsinki,FI
R06394,Rogaland,NO
R06395,Warsaw,PL
R06396,Helsinki,FI
R06397,Rogaland,NO
R06398,Stavanger,NO
R06399,Helsinki,FI
R06400,Warsaw,PL
R06401,Copenhagen,DK
R06402,Stavanger,NO
R06403,Warsaw,PL
R06404,Hamburg,DE
R06405,Helsinki,FI
R06406,Viken,NO
R06407,Trondheim,NO
R06408,Viken,NO
R06409,Stavanger,NO
R06410,Stavanger,NO
R06411,Hamburg,DE
R06412,Trondheim,NO
R06413,Trondheim,NO
R06414,Rogaland,NO
R06415,Viken,NO
R06416,Stavanger,NO
R06417,Hamburg,DE
R06418,Copenhagen,DK
R06419,Stavanger,NO
R06420,Stavanger,NO
R06421,Warsaw,PL
R06422,Hamburg,DE
R06423,Copenhagen,DK
R06424,Copenhagen,DK
R06425,Trondheim,NO
R06426,Warsaw,PL
R06427,Copenhagen,DK
R06428,Copenhagen,DK
R06429,Helsinki,FI
R06430,Trondheim,NO
R06431,Warsaw,PL
R06432,Stavanger,NO
R06433,Bergen,NO
R06434,Warsaw,PL
R06435,Copenhagen,DK
R06436,Rogaland,NO
R06437,Trondheim,NO
R06438,Viken,NO
R06439,Warsaw,PL
R06440,Rogaland,NO
R06441,Rogaland,NO
R06442,Warsaw,PL
R06443,Copenhagen,DK
R06444,Helsinki,FI
R06445,Bergen,NO
R06446,Stavanger,NO
R06447,Viken,NO
R06448,Bergen,NO
R06449,Warsaw,PL
R06450,Stavanger,NO
R06451,Rogaland,NO
R06452,Rogaland,NO
R06453,Viken,NO
R06454,Trondheim,NO
R06455,Rogaland,NO
R06456,Copenhagen,DK
R06457,Stavanger,NO
R06458,Viken,NO
R06459,Bergen,NO
R06460,Rogaland,NO
R06461,Warsaw,PL
R06462,Trondheim,NO
R06463,Copenhagen,DK
R06464,Copenhagen,DK
R06465,Hamburg,DE
R06466,Viken,NO
R06467,Trondheim,NO
R06468,Rogaland,NO
R06469,Viken,NO
R06470,Trondheim,NO
R06471,Viken,NO
R06472,Rogaland,NO
R06473,Copenhagen,DK
R06474,Copenhagen,DK
R06475,Warsaw,PL
R06476,Hamburg,DE
R06477,Helsinki,FI
R06478,Stavanger,NO
R06479,Warsaw,PL
R06480,Rogaland,NO
R06481,Oslo,NO
R06482,Warsaw,PL
R06483,Oslo,NO
R06484,Warsaw,PL
R06485,Helsinki,FI
R06486,Copenhagen,DK
R06487,Bergen,NO
R06488,Bergen,NO
R06489,Oslo,NO
R06490,Rogaland,NO
R06491,Warsaw,PL
R06492,Copenhagen,DK
R06493,Trondheim,NO
R06494,Copenhagen,DK
R06495,Helsinki,FI
R06496,Trondheim,NO
R06497,Trondheim,NO
R06498,Stavanger,NO
R06499,Copenhagen,DK
R06500,Helsinki,FI
R06501,Oslo,NO
R06502,Copenhagen,DK
R06503,Bergen,NO
R06504,Trondheim,NO
R06505,Stavanger,NO
R06506,Helsinki,FI
R06507,Copenhagen,DK
R06508,Rogaland,NO
R06509,Bergen,NO
R06510,Viken,NO
R06511,Copenhagen,DK
R06512,Rogaland,NO
R06513,Trondheim,NO
R06514,Hamburg,DE
R06515,Helsinki,FI
R06516,Stavanger,NO
R06517,Hamburg,DE
R06518,Helsinki,FI
R06519,Stavanger,NO
R06520,Stavanger,NO
R06521,Trondheim,NO
R06522,Rogaland,NO
R06523,Bergen,NO
R06524,Copenhagen,DK
R06525,Stavanger,NO
R06526,Oslo,NO
R06527,Oslo,NO
R06528,Viken,NO
R06529,Oslo,NO
R06530,Copenhagen,DK
R06531,Trondheim,NO
R06532,Warsaw,PL
R06533,Stavanger,NO
R06534,Warsaw,PL
R06535,Viken,NO
R06536,Helsinki,FI
R06537,Hamburg,DE
R06538,Copenhagen,DK
R06539,Viken,NO
R06540,Copenhagen,DK
R06541,Trondheim,NO
R06542,Copenhagen,DK
R06543,Viken,NO
R06544,Stavanger,NO
R06545,Hamburg,DE
R06546,Stavanger,NO
R06547,Viken,NO
R06548,Rogaland,NO
R06549,Oslo,NO
R06550,Copenhagen,DK
R06551,Oslo,NO
R06552,Copenhagen,DK
R06553,Copenhagen,DK
R06554,Stavanger,NO
R06555,Hamburg,DE
R06556,Rogaland,NO
R06557,Trondheim,NO
R06558,Warsaw,PL
R06559,Bergen,NO
R06560,Viken,NO
R06561,Stavanger,NO
R06562,Trondheim,NO
R06563,Warsaw,PL
R06564,Helsinki,FI
R06565,Hamburg,DE
R06566,Oslo,NO
R06567,Helsinki,FI
R06568,Stavanger,NO
R06569,Warsaw,PL
R06570,Viken,NO
R06571,Viken,NO
R06572,Copenhagen,DK
R06573,Bergen,NO
R06574,Trondheim,NO
R06575,Trondheim,NO
R06576,Trondheim,NO
R06577,Bergen,NO
R06578,Bergen,NO
R06579,Oslo,NO
R06580,Copenhagen,DK
R06581,Viken,NO
R06582,Rogaland,NO
R06583,Hamburg,DE
R06584,Hamburg,DE
R06585,Stavanger,NO
R06586,Viken,NO
R06587,Helsinki,FI
R06588,Rogaland,NO
R06589,Helsinki,FI
R06590,Oslo,NO
R06591,Rogaland,NO
R06592,Bergen,NO
R06593,Bergen,NO
R06594,Hamburg,DE
R06595,Viken,NO
R06596,Rogaland,NO
R06597,Copenhagen,DK
R06598,Oslo,NO
R06599,Trondheim,NO
R06600,Hamburg,DE
R06601,Hamburg,DE
R06602,Bergen,NO
R06603,Rogaland,NO
R06604,Hamburg,DE
R06605,Trondheim,NO
R06606,Warsaw,PL
R06607,Bergen,NO
R06608,Bergen,NO
R06609,Hamburg,DE
R06610,Copenhagen,DK
R06611,Helsinki,FI
R06612,Warsaw,PL
R06613,Copenhagen,DK
R06614,Hamburg,DE
R06615,Warsaw,PL
R06616,Trondheim,NO
R06617,Oslo,NO
R06618,Trondheim,NO
R06619,Stavanger,NO
R06620,Oslo,NO
R06621,Warsaw,PL
R06622,Trondheim,NO
R06623,Copenhagen,DK
R06624,Viken,NO
R06625,Hamburg,DE
R06626,Rogaland,NO
R06627,Bergen,NO
R06628,Rogaland,NO
R06629,Oslo,NO
R06630,Hamburg,DE
R06631,Helsinki,FI
R06632,Bergen,NO
R06633,Copenhagen,DK
R06634,Viken,NO
R06635,Viken,NO
R06636,Rogaland,NO
R06637,Helsinki,FI
R06638,Helsinki,FI
R06639,Trondheim,NO
R06640,Stavanger,NO
R06641,Bergen,NO
R06642,Stavanger,NO
R06643,Copenhagen,DK
R06644,Oslo,NO
R06645,Hamburg,DE
R06646,Rogaland,NO
R06647,Oslo,NO
R06648,Viken,NO
R06649,Oslo,NO
R06650,Helsinki,FI
R06651,Helsinki,FI
R06652,Trondheim,NO
R06653,Warsaw,PL
R06654,Rogaland,NO
R06655,Oslo,NO
R06656,Oslo,NO
R06657,Hamburg,DE
R06658,Hamburg,DE
R06659,Viken,NO
R06660,Hamburg,DE
R06661,Hamburg,DE
R06662,Stavanger,NO
R06663,Hamburg,DE
R06664,Hamburg,DE
R06665,Stavanger,NO
R06666,Bergen,NO
R06667,Bergen,NO
R06668,Rogaland,NO
R06669,Oslo,NO
R06670,Stavanger,NO
R06671,Viken,NO
R06672,Viken,NO
R06673,Trondheim,NO
R06674,Helsinki,FI
R06675,Viken,NO
R06676,Rogaland,NO
R06677,Stavanger,NO
R06678,Bergen,NO
R06679,Stavanger,NO
R06680,Copenhagen,DK
R06681,Copenhagen,DK
R06682,Warsaw,PL
R06683,Hamburg,DE
R06684,Oslo,NO
R06685,Copenhagen,DK
R06686,Oslo,NO
R06687,Rogaland,NO
R06688,Bergen,NO
R06689,Warsaw,PL
R06690,Hamburg,DE
R06691,Trondheim,NO
R06692,Oslo,NO
R06693,Bergen,NO
R06694,Warsaw,PL
R06695,Oslo,NO
R06696,Viken,NO
R06697,Hamburg,DE
R06698,Oslo,NO
R06699,Warsaw,PL
R06700,Stavanger,NO
R06701,Rogaland,NO
R06702,Warsaw,PL
R06703,Rogaland,NO
R06704,Copenhagen,DK
R06705,Warsaw,PL
R06706,Rogaland,NO
R06707,Stavanger,NO
R06708,Viken,NO
R06709,Stavanger,NO
R06710,Oslo,NO
R06711,Copenhagen,DK
R06712,Bergen,NO
R06713,Bergen,NO
R06714,Bergen,NO
R06715,Copenhagen,DK
R06716,Bergen,NO
R06717,Trondheim,NO
R06718,Viken,NO
R06719,Copenhagen,DK
R06720,Bergen,NO
R06721,Trondheim,NO
R06722,Viken,NO
R06723,Bergen,NO
R06724,Viken,NO
R06725,Warsaw,PL
R06726,Stavanger,NO
R06727,Hamburg,DE
R06728,Bergen,NO
R06729,Helsinki,FI
R06730,Rogaland,NO
R06731,Copenhagen,DK
R06732,Helsinki,FI
R06733,Rogaland,NO
R06734,Viken,NO
R06735,Rogaland,NO
R06736,Copenhagen,DK
R06737,Rogaland,NO
R06738,Warsaw,PL
R06739,Helsinki,FI
R06740,Bergen,NO
R06741,Hamburg,DE
R06742,Warsaw,PL
R06743,Hamburg,DE
R06744,Hamburg,DE
R06745,Bergen,NO
R06746,Copenhagen,DK
R06747,Stavanger,NO
R06748,Oslo,NO
R06749,Warsaw,PL
R06750,Stavanger,NO
R06751,Trondheim,NO
R06752,Hamburg,DE
R06753,Bergen,NO
R06754,Bergen,NO
R06755,Oslo,NO
R06756,Warsaw,PL
R06757,Copenhagen,DK
R06758,Helsinki,FI
R06759,Bergen,NO
R06760,Trondheim,NO
R06761,Copenhagen,DK
R06762,Stavanger,NO
R06763,Helsinki,FI
R06764,Oslo,NO
R06765,Warsaw,PL
R06766,Rogaland,NO
R06767,Copenhagen,DK
R06768,Warsaw,PL
R06769,Hamburg,DE
R06770,Oslo,NO
R06771,Oslo,NO
R06772,Stavanger,NO
R06773,Hamburg,DE
R06774,Warsaw,PL
R06775,Bergen,NO
R06776,Stavanger,NO
R06777,Trondheim,NO
R06778,Rogaland,NO
R06779,Rogaland,NO
R06780,Trondheim,NO
R06781,Oslo,NO
R06782,Rogaland,NO
R06783,Copenhagen,DK
R06784,Helsinki,FI
R06785,Trondheim,NO
R06786,Copenhagen,DK
R06787,Warsaw,PL
R06788,Stavanger,NO
R06789,Copenhagen,DK
R06790,Stavanger,NO
R06791,Bergen,NO
R06792,Viken,NO
R06793,Hamburg,DE
R06794,Helsinki,FI
R06795,Viken,NO
R06796,Oslo,NO
R06797,Rogaland,NO
R06798,Viken,NO
R06799,Hamburg,DE
R06800,Trondheim,NO
R06801,Copenhagen,DK
R06802,Copenhagen,DK
R06803,Bergen,NO
R06804,Stavanger,NO
R06805,Copenhagen,DK
R06806,Helsinki,FI
R06807,Viken,NO
R06808,Bergen,NO
R06809,Helsinki,FI
R06810,Bergen,NO
R06811,Copenhagen,DK
R06812,Bergen,NO
R06813,Copenhagen,DK
R06814,Trondheim,NO
R06815,Stavanger,NO
R06816,Bergen,NO
R06817,Hamburg,DE
R06818,Trondheim,NO
R06819,Trondheim,NO
R06820,Copenhagen,DK
R06821,Oslo,NO
R06822,Oslo,NO
R06823,Warsaw,PL
R06824,Helsinki,FI
R06825,Stavanger,NO
R06826,Copenhagen,DK
R06827,Trondheim,NO
R06828,Rogaland,NO
R06829,Rogaland,NO
R06830,Rogaland,NO
R06831,Rogaland,NO
R06832,Rogaland,NO
R06833,Copenhagen,DK
R06834,Copenhagen,DK
R06835,Rogaland,NO
R06836,Copenhagen,DK
R06837,Viken,NO
R06838,Warsaw,PL
R06839,Viken,NO
R06840,Copenhagen,DK
R06841,Copenhagen,DK
R06842,Bergen,NO
R06843,Helsinki,FI
R06844,Oslo,NO
R06845,Copenhagen,DK
R06846,Hamburg,DE
R06847,Viken,NO
R06848,Helsinki,FI
R06849,Helsinki,FI
R06850,Warsaw,PL
R06851,Viken,NO
R06852,Copenhagen,DK
R06853,Viken,NO
R06854,Rogaland,NO
R06855,Warsaw,PL
R06856,Copenhagen,DK
R06857,Hamburg,DE
R06858,Warsaw,PL
R06859,Trondheim,NO
R06860,Hamburg,DE
R06861,Trondheim,NO
R06862,Bergen,NO
R06863,Trondheim,NO
R06864,Oslo,NO
R06865,Bergen,NO
R06866,Viken,NO
R06867,Oslo,NO
R06868,Stavanger,NO
R06869,Bergen,NO
R06870,Copenhagen,DK
R06871,Helsinki,FI
R06872,Stavanger,NO
R06873,Warsaw,PL
R06874,Warsaw,PL
R06875,Warsaw,PL
R06876,Stavanger,NO
R06877,Bergen,NO
R06878,Trondheim,NO
R06879,Viken,NO
R06880,Viken,NO
R06881,Oslo,NO
R06882,Viken,NO
R06883,Viken,NO
R06884,Helsinki,FI
R06885,Stavanger,NO
R06886,Helsinki,FI
R06887,Warsaw,PL
R06888,Bergen,NO
R06889,Hamburg,DE
R06890,Oslo,NO
R06891,Bergen,NO
R06892,Warsaw,PL
R06893,Rogaland,NO
R06894,Viken,NO
R06895,Oslo,NO
R06896,Trondheim,NO
R06897,Oslo,NO
R06898,Viken,NO
R06899,Helsinki,FI
R06900,Viken,NO
R06901,Trondheim,NO
R06902,Warsaw,PL
R06903,Hamburg,DE
R06904,Oslo,NO
R06905,Trondheim,NO
R06906,Trondheim,NO
R06907,Viken,NO
R06908,Oslo,NO
R06909,Bergen,NO
R06910,Rogaland,NO
R06911,Hamburg,DE
R06912,Oslo,NO
R06913,Copenhagen,DK
R06914,Hamburg,DE
R06915,Stavanger,NO
R06916,Helsinki,FI
R06917,Copenhagen,DK
R06918,Rogaland,NO
R06919,Viken,NO
R06920,Trondheim,NO
R06921,Bergen,NO
R06922,Warsaw,PL
R06923,Rogaland,NO
R06924,Hamburg,DE
R06925,Rogaland,NO
R06926,Trondheim,NO
R06927,Bergen,NO
R06928,Rogaland,NO
R06929,Stavanger,NO
R06930,Viken,NO
R06931,Bergen,NO
R06932,Bergen,NO
R06933,Helsinki,FI
R06934,Rogaland,NO
R06935,Hamburg,DE
R06936,Trondheim,NO
R06937,Viken,NO
R06938,Bergen,NO
R06939,Hamburg,DE
R06940,Trondheim,NO
R06941,Warsaw,PL
R06942,Trondheim,NO
R06943,Helsinki,FI
R06944,Viken,NO
R06945,Stavanger,NO
R06946,Bergen,NO
R06947,Rogaland,NO
R06948,Copenhagen,DK
R06949,Viken,NO
R06950,Rogaland,NO
R06951,Rogaland,NO
R06952,Stavanger,NO
R06953,Rogaland,NO
R06954,Trondheim,NO
R06955,Viken,NO
R06956,Viken,NO
R06957,Trondheim,NO
R06958,Rogaland,NO
R06959,Copenhagen,DK
R06960,Rogaland,NO
R06961,Hamburg,DE
R06962,Bergen,NO
R06963,Stavanger,NO
R06964,Trondheim,NO
R06965,Viken,NO
R06966,Trondheim,NO
R06967,Rogaland,NO
R06968,Hamburg,DE
R06969,Rogaland,NO
R06970,Copenhagen,DK
R06971,Oslo,NO
R06972,Viken,NO
R06973,Copenhagen,DK
R06974,Copenhagen,DK
R06975,Rogaland,NO
R06976,Bergen,NO
R06977,Warsaw,PL
R06978,Viken,NO
R06979,Trondheim,NO
R06980,Copenhagen,DK
R06981,Helsinki,FI
R06982,Stavanger,NO
R06983,Helsinki,FI
R06984,Warsaw,PL
R06985,Stavanger,NO
R06986,Rogaland,NO
R06987,Warsaw,PL
R06988,Copenhagen,DK
R06989,Copenhagen,DK
R06990,Warsaw,PL
R06991,Warsaw,PL
R06992,Hamburg,DE
R06993,Stavanger,NO
R06994,Copenhagen,DK
R06995,Stavanger,NO
R06996,Warsaw,PL
R06997,Rogaland,NO
R06998,Rogaland,NO
R06999,Warsaw,PL
R07000,Rogaland,NO
R07001,Hamburg,DE
R07002,Helsinki,FI
R07003,Bergen,NO
R07004,Rogaland,NO
R07005,Trondheim,NO
R07006,Stavanger,NO
R07007,Bergen,NO
R07008,Hamburg,DE
R07009,Helsinki,FI
R07010,Oslo,NO
R07011,Helsinki,FI
R07012,Oslo,NO
R07013,Warsaw,PL
R07014,Trondheim,NO
R07015,Stavanger,NO
R07016,Viken,NO
R07017,Bergen,NO
R07018,Bergen,NO
R07019,Rogaland,NO
R07020,Copenhagen,DK
R07021,Hamburg,DE
R07022,Helsinki,FI
R07023,Rogaland,NO
R07024,Stavanger,NO
R07025,Copenhagen,DK
R07026,Viken,NO
R07027,Hamburg,DE
R07028,Viken,NO
R07029,Bergen,NO
R07030,Viken,NO
R07031,Rogaland,NO
R07032,Warsaw,PL
R07033,Hamburg,DE
R07034,Oslo,NO
R07035,Warsaw,PL
R07036,Oslo,NO
R07037,Warsaw,PL
R07038,Trondheim,NO
R07039,Bergen,NO
R07040,Warsaw,PL
R07041,Viken,NO
R07042,Oslo,NO
R07043,Copenhagen,DK
R07044,Rogaland,NO
R07045,Stavanger,NO
R07046,Bergen,NO
R07047,Oslo,NO
R07048,Bergen,NO
R07049,Warsaw,PL
R07050,Rogaland,NO
R07051,Warsaw,PL
R07052,Helsinki,FI
R07053,Copenhagen,DK
R07054,Hamburg,DE
R07055,Hamburg,DE
R07056,Trondheim,NO
R07057,Helsinki,FI
R07058,Bergen,NO
R07059,Stavanger,NO
R07060,Rogaland,NO
R07061,Warsaw,PL
R07062,Oslo,NO
R07063,Trondheim,NO
R07064,Copenhagen,DK
R07065,Stavanger,NO
R07066,Helsinki,FI
R07067,Rogaland,NO
R07068,Viken,NO
R07069,Copenhagen,DK
R07070,Viken,NO
R07071,Rogaland,NO
R07072,Hamburg,DE
R07073,Stavanger,NO
R07074,Copenhagen,DK
R07075,Viken,NO
R07076,Helsinki,FI
R07077,Viken,NO
R07078,Helsinki,FI
R07079,Rogaland,NO
R07080,Warsaw,PL
R07081,Helsinki,FI
R07082,Bergen,NO
R07083,Viken,NO
R07084,Trondheim,NO
R07085,Stavanger,NO
R07086,Rogaland,NO
R07087,Bergen,NO
R07088,Copenhagen,DK
R07089,Helsinki,FI
R07090,Warsaw,PL
R07091,Oslo,NO
R07092,Stavanger,NO
R07093,Rogaland,NO
R07094,Rogaland,NO
R07095,Helsinki,FI
R07096,Viken,NO
R07097,Trondheim,NO
R07098,Warsaw,PL
R07099,Bergen,NO
R07100,Copenhagen,DK
R07101,Viken,NO
R07102,Trondheim,NO
R07103,Rogaland,NO
R07104,Warsaw,PL
R07105,Rogaland,NO
R07106,Oslo,NO
R07107,Helsinki,FI
R07108,Rogaland,NO
R07109,Hamburg,DE
R07110,Bergen,NO
R07111,Trondheim,NO
R07112,Hamburg,DE
R07113,Copenhagen,DK
R07114,Trondheim,NO
R07115,Warsaw,PL
R07116,Hamburg,DE
R07117,Helsinki,FI
R07118,Trondheim,NO
R07119,Oslo,NO
R07120,Warsaw,PL
R07121,Hamburg,DE
R07122,Stavanger,NO
R07123,Oslo,NO
R07124,Oslo,NO
R07125,Helsinki,FI
R07126,Stavanger,NO
R07127,Stavanger,NO
R07128,Stavanger,NO
R07129,Stavanger,NO
R07130,Warsaw,PL
R07131,Stavanger,NO
R07132,Hamburg,DE
R07133,Viken,NO
R07134,Helsinki,FI
R07135,Oslo,NO
R07136,Hamburg,DE
R07137,Stavanger,NO
R07138,Warsaw,PL
R07139,Rogaland,NO
R07140,Stavanger,NO
R07141,Hamburg,DE
R07142,Stavanger,NO
R07143,Hamburg,DE
R07144,Helsinki,FI
R07145,Stavanger,NO
R07146,Hamburg,DE
R07147,Copenhagen,DK
R07148,Trondheim,NO
R07149,Copenhagen,DK
R07150,Hamburg,DE
R07151,Helsinki,FI
R07152,Helsinki,FI
R07153,Hamburg,DE
R07154,Copenhagen,DK
R07155,Trondheim,NO
R07156,Bergen,NO
R07157,Stavanger,NO
R07158,Bergen,NO
R07159,Oslo,NO
R07160,Helsinki,FI
R07161,Oslo,NO
R07162,Trondheim,NO
R07163,Stavanger,NO
R07164,Helsinki,FI
R07165,Copenhagen,DK
R07166,Helsinki,FI
R07167,Copenhagen,DK
R07168,Viken,NO
R07169,Rogaland,NO
R07170,Helsinki,FI
R07171,Rogaland,NO
R07172,Warsaw,PL
R07173,Trondheim,NO
R07174,Trondheim,NO
R07175,Stavanger,NO
R07176,Hamburg,DE
R07177,Trondheim,NO
R07178,Hamburg,DE
R07179,Warsaw,PL
R07180,Oslo,NO
R07181,Viken,NO
R07182,Copenhagen,DK
R07183,Trondheim,NO
R07184,Oslo,NO
R07185,Warsaw,PL
R07186,Bergen,NO
R07187,Hamburg,DE
R07188,Warsaw,PL
R07189,Rogaland,NO
R07190,Hamburg,DE
R07191,Rogaland,NO
R07192,Viken,NO
R07193,Trondheim,NO
R07194,Hamburg,DE
R07195,Viken,NO
R07196,Copenhagen,DK
R07197,Helsinki,FI
R07198,Oslo,NO
R07199,Helsinki,FI
R07200,Viken,NO
R07201,Oslo,NO
R07202,Copenhagen,DK
R07203,Helsinki,FI
R07204,Stavanger,NO
R07205,Trondheim,NO
R07206,Oslo,NO
R07207,Oslo,NO
R07208,Warsaw,PL
R07209,Stavanger,NO
R07210,Helsinki,FI
R07211,Rogaland,NO
R07212,Copenhagen,DK
R07213,Stavanger,NO
R07214,Viken,NO
R07215,Viken,NO
R07216,Oslo,NO
R07217,Trondheim,NO
R07218,Trondheim,NO
R07219,Copenhagen,DK
R07220,Warsaw,PL
R07221,Copenhagen,DK
R07222,Hamburg,DE
R07223,Hamburg,DE
R07224,Trondheim,NO
R07225,Hamburg,DE
R07226,Helsinki,FI
R07227,Rogaland,NO
R07228,Hamburg,DE
R07229,Warsaw,PL
R07230,Helsinki,FI
R07231,Hamburg,DE
R07232,Hamburg,DE
R07233,Viken,NO
R07234,Stavanger,NO
R07235,Oslo,NO
R07236,Rogaland,NO
R07237,Rogaland,NO
R07238,Bergen,NO
R07239,Copenhagen,DK
R07240,Stavanger,NO
R07241,Trondheim,NO
R07242,Viken,NO
R07243,Warsaw,PL
R07244,Stavanger,NO
R07245,Helsinki,FI
R07246,Oslo,NO
R07247,Bergen,NO
R07248,Trondheim,NO
R07249,Stavanger,NO
R07250,Viken,NO
R07251,Copenhagen,DK
R07252,Oslo,NO
R07253,Bergen,NO
R07254,Warsaw,PL
R07255,Copenhagen,DK
R07256,Bergen,NO
R07257,Copenhagen,DK
R07258,Oslo,NO
R07259,Trondheim,NO
R07260,Stavanger,NO
R07261,Stavanger,NO
R07262,Bergen,NO
R07263,Warsaw,PL
R07264,Rogaland,NO
R07265,Helsinki,FI
R07266,Rogaland,NO
R07267,Helsinki,FI
R07268,Stavanger,NO
R07269,Viken,NO
R07270,Rogaland,NO
R07271,Helsinki,FI
R07272,Viken,NO
R07273,Copenhagen,DK
R07274,Viken,NO
R07275,Helsinki,FI
R07276,Hamburg,DE
R07277,Oslo,NO
R07278,Viken,NO
R07279,Copenhagen,DK
R07280,Hamburg,DE
R07281,Oslo,NO
R07282,Bergen,NO
R07283,Helsinki,FI
R07284,Hamburg,DE
R07285,Bergen,NO
R07286,Bergen,NO
R07287,Helsinki,FI
R07288,Rogaland,NO
R07289,Hamburg,DE
R07290,Bergen,NO
R07291,Viken,NO
R07292,Rogaland,NO
R07293,Stavanger,NO
R07294,Oslo,NO
R07295,Viken,NO
R07296,Trondheim,NO
R07297,Warsaw,PL
R07298,Helsinki,FI
R07299,Bergen,NO
R07300,Oslo,NO
R07301,Bergen,NO
R07302,Helsinki,FI
R07303,Trondheim,NO
R07304,Copenhagen,DK
R07305,Rogaland,NO
R07306,Bergen,NO
R07307,Bergen,NO
R07308,Hamburg,DE
R07309,Viken,NO
R07310,Copenhagen,DK
R07311,Bergen,NO
R07312,Oslo,NO
R07313,Warsaw,PL
R07314,Warsaw,PL
R07315,Hamburg,DE
R07316,Hamburg,DE
R07317,Trondheim,NO
R07318,Copenhagen,DK
R07319,Hamburg,DE
R07320,Hamburg,DE
R07321,Rogaland,NO
R07322,Viken,NO
R07323,Rogaland,NO
R07324,Stavanger,NO
R07325,Bergen,NO
R07326,Rogaland,NO
R07327,Viken,NO
R07328,Warsaw,PL
R07329,Bergen,NO
R07330,Hamburg,DE
R07331,Rogaland,NO
R07332,Helsinki,FI
R07333,Oslo,NO
R07334,Viken,NO
R07335,Rogaland,NO
R07336,Hamburg,DE
R07337,Rogaland,NO
R07338,Rogaland,NO
R07339,Stavanger,NO
R07340,Viken,NO
R07341,Rogaland,NO
R07342,Rogaland,NO
R07343,Copenhagen,DK
R07344,Viken,NO
R07345,Viken,NO
R07346,Hamburg,DE
R07347,Oslo,NO
R07348,Rogaland,NO
R07349,Trondheim,NO
R07350,Stavanger,NO
R07351,Helsinki,FI
R07352,Trondheim,NO
R07353,Oslo,NO
R07354,Copenhagen,DK
R07355,Hamburg,DE
R07356,Hamburg,DE
R07357,Viken,NO
R07358,Viken,NO
R07359,Copenhagen,DK
R07360,Bergen,NO
R07361,Helsinki,FI
R07362,Copenhagen,DK
R07363,Oslo,NO
R07364,Trondheim,NO
R07365,Stavanger,NO
R07366,Copenhagen,DK
R07367,Helsinki,FI
R07368,Copenhagen,DK
R07369,Hamburg,DE
R07370,Hamburg,DE
R07371,Hamburg,DE
R07372,Stavanger,NO
R07373,Stavanger,NO
R07374,Bergen,NO
R07375,Rogaland,NO
R07376,Warsaw,PL
R07377,Bergen,NO
R07378,Copenhagen,DK
R07379,Trondheim,NO
R07380,Copenhagen,DK
R07381,Hamburg,DE
R07382,Warsaw,PL
R07383,Hamburg,DE
R07384,Oslo,NO
R07385,Copenhagen,DK
R07386,Helsinki,FI
R07387,Stavanger,NO
R07388,Trondheim,NO
R07389,Hamburg,DE
R07390,Copenhagen,DK
R07391,Viken,NO
R07392,Bergen,NO
R07393,Hamburg,DE
R07394,Hamburg,DE
R07395,Warsaw,PL
R07396,Rogaland,NO
R07397,Viken,NO
R07398,Stavanger,NO
R07399,Stavanger,NO
R07400,Copenhagen,DK
R07401,Bergen,NO
R07402,Bergen,NO
R07403,Helsinki,FI
R07404,Hamburg,DE
R07405,Copenhagen,DK
R07406,Viken,NO
R07407,Helsinki,FI
R07408,Viken,NO
R07409,Oslo,NO
R07410,Helsinki,FI
R07411,Trondheim,NO
R07412,Copenhagen,DK
R07413,Oslo,NO
R07414,Trondheim,NO
R07415,Viken,NO
R07416,Trondheim,NO
R07417,Rogaland,NO
R07418,Viken,NO
R07419,Helsinki,FI
R07420,Trondheim,NO
R07421,Stavanger,NO
R07422,Hamburg,DE
R07423,Warsaw,PL
R07424,Oslo,NO
R07425,Stavanger,NO
R07426,Rogaland,NO
R07427,Viken,NO
R07428,Copenhagen,DK
R07429,Bergen,NO
R07430,Trondheim,NO
R07431,Warsaw,PL
R07432,Helsinki,FI
R07433,Trondheim,NO
R07434,Hamburg,DE
R07435,Bergen,NO
R07436,Warsaw,PL
R07437,Stavanger,NO
R07438,Copenhagen,DK
R07439,Copenhagen,DK
R07440,Hamburg,DE
R07441,Trondheim,NO
R07442,Stavanger,NO
R07443,Helsinki,FI
R07444,Viken,NO
R07445,Viken,NO
R07446,Bergen,NO
R07447,Rogaland,NO
R07448,Hamburg,DE
R07449,Viken,NO
R07450,Trondheim,NO
R07451,Warsaw,PL
R07452,Copenhagen,DK
R07453,Bergen,NO
R07454,Bergen,NO
R07455,Oslo,NO
R07456,Viken,NO
R07457,Rogaland,NO
R07458,Viken,NO
R07459,Rogaland,NO
R07460,Rogaland,NO
R07461,Viken,NO
R07462,Bergen,NO
R07463,Rogaland,NO
R07464,Copenhagen,DK
R07465,Helsinki,FI
R07466,Oslo,NO
R07467,Hamburg,DE
R07468,Copenhagen,DK
R07469,Rogaland,NO
R07470,Helsinki,FI
R07471,Oslo,NO
R07472,Trondheim,NO
R07473,Bergen,NO
R07474,Hamburg,DE
R07475,Copenhagen,DK
R07476,Warsaw,PL
R07477,Hamburg,DE
R07478,Helsinki,FI
R07479,Trondheim,NO
R07480,Rogaland,NO
R07481,Helsinki,FI
R07482,Trondheim,NO
R07483,Hamburg,DE
R07484,Copenhagen,DK
R07485,Hamburg,DE
R07486,Hamburg,DE
R07487,Oslo,NO
R07488,Warsaw,PL
R07489,Trondheim,NO
R07490,Bergen,NO
R07491,Rogaland,NO
R07492,Stavanger,NO
R07493,Hamburg,DE
R07494,Copenhagen,DK
R07495,Stavanger,NO
R07496,Stavanger,NO
R07497,Trondheim,NO
R07498,Helsinki,FI
R07499,Bergen,NO
R07500,Helsinki,FI
R07501,Rogaland,NO
R07502,Oslo,NO
R07503,Rogaland,NO
R07504,Copenhagen,DK
R07505,Trondheim,NO
R07506,Trondheim,NO
R07507,Trondheim,NO
R07508,Bergen,NO
R07509,Copenhagen,DK
R07510,Oslo,NO
R07511,Viken,NO
R07512,Oslo,NO
R07513,Stavanger,NO
R07514,Viken,NO
R07515,Trondheim,NO
R07516,Oslo,NO
R07517,Trondheim,NO
R07518,Stavanger,NO
R07519,Viken,NO
R07520,Bergen,NO
R07521,Oslo,NO
R07522,Warsaw,PL
R07523,Viken,NO
R07524,Viken,NO
R07525,Warsaw,PL
R07526,Warsaw,PL
R07527,Oslo,NO
R07528,Viken,NO
R07529,Viken,NO
R07530,Stavanger,NO
R07531,Copenhagen,DK
R07532,Bergen,NO
R07533,Copenhagen,DK
R07534,Oslo,NO
R07535,Viken,NO
R07536,Bergen,NO
R07537,Warsaw,PL
R07538,Viken,NO
R07539,Trondheim,NO
R07540,Copenhagen,DK
R07541,Helsinki,FI
R07542,Viken,NO
R07543,Hamburg,DE
R07544,Stavanger,NO
R07545,Stavanger,NO
R07546,Rogaland,NO
R07547,Hamburg,DE
R07548,Viken,NO
R07549,Stavanger,NO
R07550,Copenhagen,DK
R07551,Rogaland,NO
R07552,Warsaw,PL
R07553,Warsaw,PL
R07554,Helsinki,FI
R07555,Helsinki,FI
R07556,Oslo,NO
R07557,Hamburg,DE
R07558,Bergen,NO
R07559,Helsinki,FI
R07560,Oslo,NO
R07561,Oslo,NO
R07562,Stavanger,NO
R07563,Bergen,NO
R07564,Oslo,NO
R07565,Trondheim,NO
R07566,Stavanger,NO
R07567,Rogaland,NO
R07568,Hamburg,DE
R07569,Viken,NO
R07570,Viken,NO
R07571,Copenhagen,DK
R07572,Stavanger,NO
R07573,Oslo,NO
R07574,Viken,NO
R07575,Stavanger,NO
R07576,Stavanger,NO
R07577,Hamburg,DE
R07578,Warsaw,PL
R07579,Warsaw,PL
R07580,Oslo,NO
R07581,Copenhagen,DK
R07582,Bergen,NO
R07583,Copenhagen,DK
R07584,Bergen,NO
R07585,Bergen,NO
R07586,Helsinki,FI
R07587,Hamburg,DE
R07588,Rogaland,NO
R07589,Stavanger,NO
R07590,Oslo,NO
R07591,Copenhagen,DK
R07592,Viken,NO
R07593,Oslo,NO
R07594,Oslo,NO
R07595,Copenhagen,DK
R07596,Copenhagen,DK
R07597,Hamburg,DE
R07598,Hamburg,DE
R07599,Copenhagen,DK
R07600,Trondheim,NO
R07601,Rogaland,NO
R07602,Oslo,NO
R07603,Rogaland,NO
R07604,Stavanger,NO
R07605,Trondheim,NO
R07606,Oslo,NO
R07607,Trondheim,NO
R07608,Trondheim,NO
R07609,Bergen,NO
R07610,Copenhagen,DK
R07611,Warsaw,PL
R07612,Warsaw,PL
R07613,Viken,NO
R07614,Oslo,NO
R07615,Oslo,NO
R07616,Rogaland,NO
R07617,Warsaw,PL
R07618,Helsinki,FI
R07619,Stavanger,NO
R07620,Bergen,NO
R07621,Stavanger,NO
R07622,Oslo,NO
R07623,Viken,NO
R07624,Warsaw,PL
R07625,Trondheim,NO
R07626,Helsinki,FI
R07627,Warsaw,PL
R07628,Stavanger,NO
R07629,Oslo,NO
R07630,Bergen,NO
R07631,Rogaland,NO
R07632,Helsinki,FI
R07633,Oslo,NO
R07634,Trondheim,NO
R07635,Hamburg,DE
R07636,Rogaland,NO
R07637,Bergen,NO
R07638,Hamburg,DE
R07639,Trondheim,NO
R07640,Trondheim,NO
R07641,Oslo,NO
R07642,Warsaw,PL
R07643,Copenhagen,DK
R07644,Warsaw,PL
R07645,Copenhagen,DK
R07646,Rogaland,NO
R07647,Bergen,NO
R07648,Warsaw,PL
R07649,Copenhagen,DK
R07650,Helsinki,FI
R07651,Trondheim,NO
R07652,Hamburg,DE
R07653,Bergen,NO
R07654,Warsaw,PL
R07655,Helsinki,FI
R07656,Trondheim,NO
R07657,Stavanger,NO
R07658,Rogaland,NO
R07659,Viken,NO
R07660,Stavanger,NO
R07661,Stavanger,NO
R07662,Helsinki,FI
R07663,Trondheim,NO
R07664,Hamburg,DE
R07665,Stavanger,NO
R07666,Bergen,NO
R07667,Hamburg,DE
R07668,Rogaland,NO
R07669,Rogaland,NO
R07670,Bergen,NO
R07671,Oslo,NO
R07672,Rogaland,NO
R07673,Warsaw,PL
R07674,Copenhagen,DK
R07675,Oslo,NO
R07676,Oslo,NO
R07677,Trondheim,NO
R07678,Hamburg,DE
R07679,Hamburg,DE
R07680,Trondheim,NO
R07681,Rogaland,NO
R07682,Hamburg,DE
R07683,Rogaland,NO
R07684,Oslo,NO
R07685,Oslo,NO
R07686,Viken,NO
R07687,Copenhagen,DK
R07688,Stavanger,NO
R07689,Viken,NO
R07690,Warsaw,PL
R07691,Warsaw,PL
R07692,Stavanger,NO
R07693,Viken,NO
R07694,Rogaland,NO
R07695,Hamburg,DE
R07696,Helsinki,FI
R07697,Warsaw,PL
R07698,Warsaw,PL
R07699,Warsaw,PL
R07700,Stavanger,NO
R07701,Rogaland,NO
R07702,Copenhagen,DK
R07703,Bergen,NO
R07704,Viken,NO
R07705,Warsaw,PL
R07706,Copenhagen,DK
R07707,Bergen,NO
R07708,Oslo,NO
R07709,Warsaw,PL
R07710,Viken,NO
R07711,Hamburg,DE
R07712,Helsinki,FI
R07713,Trondheim,NO
R07714,Warsaw,PL
R07715,Hamburg,DE
R07716,Viken,NO
R07717,Bergen,NO
R07718,Bergen,NO
R07719,Trondheim,NO
R07720,Bergen,NO
R07721,Helsinki,FI
R07722,Stavanger,NO
R07723,Trondheim,NO
R07724,Hamburg,DE
R07725,Viken,NO
R07726,Viken,NO
R07727,Warsaw,PL
R07728,Copenhagen,DK
R07729,Stavanger,NO
R07730,Bergen,NO
R07731,Stavanger,NO
R07732,Stavanger,NO
R07733,Bergen,NO
R07734,Warsaw,PL
R07735,Oslo,NO
R07736,Viken,NO
R07737,Viken,NO
R07738,Warsaw,PL
R07739,Bergen,NO
R07740,Stavanger,NO
R07741,Hamburg,DE
R07742,Viken,NO
R07743,Copenhagen,DK
R07744,Hamburg,DE
R07745,Trondheim,NO
R07746,Rogaland,NO
R07747,Hamburg,DE
R07748,Helsinki,FI
R07749,Rogaland,NO
R07750,Hamburg,DE
R07751,Warsaw,PL
R07752,Stavanger,NO
R07753,Trondheim,NO
R07754,Hamburg,DE
R07755,Rogaland,NO
R07756,Stavanger,NO
R07757,Trondheim,NO
R07758,Copenhagen,DK
R07759,Stavanger,NO
R07760,Bergen,NO
R07761,Bergen,NO
R07762,Warsaw,PL
R07763,Bergen,NO
R07764,Helsinki,FI
R07765,Helsinki,FI
R07766,Rogaland,NO
R07767,Bergen,NO
R07768,Warsaw,PL
R07769,Stavanger,NO
R07770,Helsinki,FI
R07771,Stavanger,NO
R07772,Helsinki,FI
R07773,Oslo,NO
R07774,Hamburg,DE
R07775,Trondheim,NO
R07776,Stavanger,NO
R07777,Rogaland,NO
R07778,Trondheim,NO
R07779,Warsaw,PL
R07780,Rogaland,NO
R07781,Viken,NO
R07782,Stavanger,NO
R07783,Viken,NO
R07784,Bergen,NO
R07785,Oslo,NO
R07786,Bergen,NO
R07787,Bergen,NO
R07788,Trondheim,NO
R07789,Warsaw,PL
R07790,Hamburg,DE
R07791,Viken,NO
R07792,Oslo,NO
R07793,Rogaland,NO
R07794,Viken,NO
R07795,Stavanger,NO
R07796,Trondheim,NO
R07797,Helsinki,FI
R07798,Stavanger,NO
R07799,Helsinki,FI
R07800,Stavanger,NO
R07801,Bergen,NO
R07802,Viken,NO
R07803,Stavanger,NO
R07804,Warsaw,PL
R07805,Trondheim,NO
R07806,Rogaland,NO
R07807,Rogaland,NO
R07808,Hamburg,DE
R07809,Hamburg,DE
R07810,Rogaland,NO
R07811,Oslo,NO
R07812,Rogaland,NO
R07813,Trondheim,NO
R07814,Hamburg,DE
R07815,Viken,NO
R07816,Bergen,NO
R07817,Oslo,NO
R07818,Viken,NO
R07819,Copenhagen,DK
R07820,Oslo,NO
R07821,Viken,NO
R07822,Warsaw,PL
R07823,Helsinki,FI
R07824,Trondheim,NO
R07825,Trondheim,NO
R07826,Oslo,NO
R07827,Rogaland,NO
R07828,Stavanger,NO
R07829,Viken,NO
R07830,Helsinki,FI
R07831,Trondheim,NO
R07832,Viken,NO
R07833,Hamburg,DE
R07834,Helsinki,FI
R07835,Stavanger,NO
R07836,Rogaland,NO
R07837,Helsinki,FI
R07838,Hamburg,DE
R07839,Copenhagen,DK
R07840,Hamburg,DE
R07841,Hamburg,DE
R07842,Rogaland,NO
R07843,Stavanger,NO
R07844,Bergen,NO
R07845,Helsinki,FI
R07846,Copenhagen,DK
R07847,Helsinki,FI
R07848,Copenhagen,DK
R07849,Oslo,NO
R07850,Stavanger,NO
R07851,Stavanger,NO
R07852,Copenhagen,DK
R07853,Rogaland,NO
R07854,Copenhagen,DK
R07855,Hamburg,DE
R07856,Trondheim,NO
R07857,Rogaland,NO
R07858,Rogaland,NO
R07859,Trondheim,NO
R07860,Rogaland,NO
R07861,Rogaland,NO
R07862,Oslo,NO
R07863,Oslo,NO
R07864,Helsinki,FI
R07865,Oslo,NO
R07866,Oslo,NO
R07867,Rogaland,NO
R07868,Trondheim,NO
R07869,Bergen,NO
R07870,Viken,NO
R07871,Stavanger,NO
R07872,Hamburg,DE
R07873,Trondheim,NO
R07874,Rogaland,NO
R07875,Viken,NO
R07876,Rogaland,NO
R07877,Oslo,NO
R07878,Warsaw,PL
R07879,Oslo,NO
R07880,Stavanger,NO
R07881,Trondheim,NO
R07882,Rogaland,NO
R07883,Hamburg,DE
R07884,Bergen,NO
R07885,Viken,NO
R07886,Bergen,NO
R07887,Copenhagen,DK
R07888,Stavanger,NO
R07889,Oslo,NO
R07890,Stavanger,NO
R07891,Hamburg,DE
R07892,Copenhagen,DK
R07893,Stavanger,NO
R07894,Rogaland,NO
R07895,Trondheim,NO
R07896,Helsinki,FI
R07897,Oslo,NO
R07898,Stavanger,NO
R07899,Warsaw,PL
R07900,Helsinki,FI
R07901,Stavanger,NO
R07902,Rogaland,NO
R07903,Copenhagen,DK
R07904,Rogaland,NO
R07905,Helsinki,FI
R07906,Trondheim,NO
R07907,Helsinki,FI
R07908,Oslo,NO
R07909,Trondheim,NO
R07910,Copenhagen,DK
R07911,Hamburg,DE
R07912,Oslo,NO
R07913,Viken,NO
R07914,Viken,NO
R07915,Copenhagen,DK
R07916,Warsaw,PL
R07917,Helsinki,FI
R07918,Warsaw,PL
R07919,Stavanger,NO
R07920,Oslo,NO
R07921,Oslo,NO
R07922,Stavanger,NO
R07923,Hamburg,DE
R07924,Bergen,NO
R07925,Copenhagen,DK
R07926,Warsaw,PL
R07927,Helsinki,FI
R07928,Stavanger,NO
R07929,Hamburg,DE
R07930,Viken,NO
R07931,Rogaland,NO
R07932,Viken,NO
R07933,Bergen,NO
R07934,Hamburg,DE
R07935,Trondheim,NO
R07936,Warsaw,PL
R07937,Trondheim,NO
R07938,Copenhagen,DK
R07939,Warsaw,PL
R07940,Bergen,NO
R07941,Copenhagen,DK
R07942,Hamburg,DE
R07943,Hamburg,DE
R07944,Stavanger,NO
R07945,Oslo,NO
R07946,Helsinki,FI
R07947,Rogaland,NO
R07948,Trondheim,NO
R07949,Oslo,NO
R07950,Bergen,NO
R07951,Hamburg,DE
R07952,Oslo,NO
R07953,Copenhagen,DK
R07954,Stavanger,NO
R07955,Stavanger,NO
R07956,Helsinki,FI
R07957,Warsaw,PL
R07958,Bergen,NO
R07959,Copenhagen,DK
R07960,Bergen,NO
R07961,Stavanger,NO
R07962,Stavanger,NO
R07963,Rogaland,NO
R07964,Stavanger,NO
R07965,Viken,NO
R07966,Trondheim,NO
R07967,Helsinki,FI
R07968,Stavanger,NO
R07969,Viken,NO
R07970,Copenhagen,DK
R07971,Copenhagen,DK
R07972,Viken,NO
R07973,Bergen,NO
R07974,Copenhagen,DK
R07975,Hamburg,DE
R07976,Viken,NO
R07977,Helsinki,FI
R07978,Viken,NO
R07979,Warsaw,PL
R07980,Trondheim,NO
R07981,Hamburg,DE
R07982,Copenhagen,DK
R07983,Bergen,NO
R07984,Bergen,NO
R07985,Warsaw,PL
R07986,Rogaland,NO
R07987,Oslo,NO
R07988,Warsaw,PL
R07989,Rogaland,NO
R07990,Copenhagen,DK
R07991,Bergen,NO
R07992,Copenhagen,DK
R07993,Warsaw,PL
R07994,Copenhagen,DK
R07995,Bergen,NO
R07996,Viken,NO
R07997,Warsaw,PL
R07998,Viken,NO
R07999,Bergen,NO
R08000,Hamburg,DE
R08001,Hamburg,DE
R08002,Oslo,NO
R08003,Warsaw,PL
R08004,Rogaland,NO
R08005,Oslo,NO
R08006,Warsaw,PL
R08007,Hamburg,DE
R08008,Warsaw,PL
R08009,Hamburg,DE
R08010,Helsinki,FI
R08011,Viken,NO
R08012,Hamburg,DE
R08013,Hamburg,DE
R08014,Helsinki,FI
R08015,Oslo,NO
R08016,Copenhagen,DK
R08017,Trondheim,NO
R08018,Bergen,NO
R08019,Copenhagen,DK
R08020,Trondheim,NO
R08021,Helsinki,FI
R08022,Copenhagen,DK
R08023,Bergen,NO
R08024,Copenhagen,DK
R08025,Warsaw,PL
R08026,Stavanger,NO
R08027,Rogaland,NO
R08028,Rogaland,NO
R08029,Stavanger,NO
R08030,Viken,NO
R08031,Rogaland,NO
R08032,Bergen,NO
R08033,Bergen,NO
R08034,Rogaland,NO
R08035,Hamburg,DE
R08036,Helsinki,FI
R08037,Trondheim,NO
R08038,Oslo,NO
R08039,Hamburg,DE
R08040,Trondheim,NO
R08041,Trondheim,NO
R08042,Warsaw,PL
R08043,Hamburg,DE
R08044,Helsinki,FI
R08045,Viken,NO
R08046,Bergen,NO
R08047,Helsinki,FI
R08048,Trondheim,NO
R08049,Viken,NO
R08050,Viken,NO
R08051,Viken,NO
R08052,Viken,NO
R08053,Bergen,NO
R08054,Trondheim,NO
R08055,Copenhagen,DK
R08056,Warsaw,PL
R08057,Bergen,NO
R08058,Bergen,NO
R08059,Stavanger,NO
R08060,Viken,NO
R08061,Copenhagen,DK
R08062,Oslo,NO
R08063,Oslo,NO
R08064,Warsaw,PL
R08065,Bergen,NO
R08066,Stavanger,NO
R08067,Oslo,NO
R08068,Hamburg,DE
R08069,Bergen,NO
R08070,Stavanger,NO
R08071,Oslo,NO
R08072,Oslo,NO
R08073,Copenhagen,DK
R08074,Rogaland,NO
R08075,Hamburg,DE
R08076,Bergen,NO
R08077,Helsinki,FI
R08078,Copenhagen,DK
R08079,Warsaw,PL
R08080,Helsinki,FI
R08081,Trondheim,NO
R08082,Bergen,NO
R08083,Viken,NO
R08084,Bergen,NO
R08085,Helsinki,FI
R08086,Helsinki,FI
R08087,Trondheim,NO
R08088,Oslo,NO
R08089,Hamburg,DE
R08090,Warsaw,PL
R08091,Oslo,NO
R08092,Warsaw,PL
R08093,Trondheim,NO
R08094,Copenhagen,DK
R08095,Stavanger,NO
R08096,Stavanger,NO
R08097,Oslo,NO
R08098,Hamburg,DE
R08099,Helsinki,FI
R08100,Hamburg,DE
R08101,Helsinki,FI
R08102,Trondheim,NO
R08103,Copenhagen,DK
R08104,Warsaw,PL
R08105,Bergen,NO
R08106,Viken,NO
R08107,Bergen,NO
R08108,Helsinki,FI
R08109,Viken,NO
R08110,Bergen,NO
R08111,Warsaw,PL
R08112,Rogaland,NO
R08113,Stavanger,NO
R08114,Helsinki,FI
R08115,Rogaland,NO
R08116,Trondheim,NO
R08117,Viken,NO
R08118,Oslo,NO
R08119,Oslo,NO
R08120,Oslo,NO
R08121,Rogaland,NO
R08122,Rogaland,NO
R08123,Rogaland,NO
R08124,Trondheim,NO
R08125,Helsinki,FI
R08126,Viken,NO
R08127,Helsinki,FI
R08128,Hamburg,DE
R08129,Rogaland,NO
R08130,Copenhagen,DK
R08131,Warsaw,PL
R08132,Rogaland,NO
R08133,Rogaland,NO
R08134,Warsaw,PL
R08135,Bergen,NO
R08136,Helsinki,FI
R08137,Oslo,NO
R08138,Oslo,NO
R08139,Helsinki,FI
R08140,Hamburg,DE
R08141,Viken,NO
R08142,Rogaland,NO
R08143,Copenhagen,DK
R08144,Helsinki,FI
R08145,Trondheim,NO
R08146,Helsinki,FI
R08147,Helsinki,FI
R08148,Hamburg,DE
R08149,Trondheim,NO
R08150,Viken,NO
R08151,Viken,NO
R08152,Warsaw,PL
R08153,Stavanger,NO
R08154,Viken,NO
R08155,Copenhagen,DK
R08156,Stavanger,NO
R08157,Stavanger,NO
R08158,Rogaland,NO
R08159,Hamburg,DE
R08160,Bergen,NO
R08161,Bergen,NO
R08162,Bergen,NO
R08163,Warsaw,PL
R08164,Hamburg,DE
R08165,Bergen,NO
R08166,Helsinki,FI
R08167,Trondheim,NO
R08168,Helsinki,FI
R08169,Hamburg,DE
R08170,Viken,NO
R08171,Viken,NO
R08172,Bergen,NO
R08173,Hamburg,DE
R08174,Helsinki,FI
R08175,Oslo,NO
R08176,Oslo,NO
R08177,Oslo,NO
R08178,Hamburg,DE
R08179,Viken,NO
R08180,Copenhagen,DK
R08181,Stavanger,NO
R08182,Hamburg,DE
R08183,Trondheim,NO
R08184,Stavanger,NO
R08185,Bergen,NO
R08186,Oslo,NO
R08187,Copenhagen,DK
R08188,Stavanger,NO
R08189,Hamburg,DE
R08190,Hamburg,DE
R08191,Helsinki,FI
R08192,Stavanger,NO
R08193,Oslo,NO
R08194,Copenhagen,DK
R08195,Viken,NO
R08196,Stavanger,NO
R08197,Stavanger,NO
R08198,Bergen,NO
R08199,Copenhagen,DK
R08200,Viken,NO
R08201,Stavanger,NO
R08202,Oslo,NO
R08203,Warsaw,PL
R08204,Hamburg,DE
R08205,Warsaw,PL
R08206,Hamburg,DE
R08207,Hamburg,DE
R08208,Viken,NO
R08209,Rogaland,NO
R08210,Helsinki,FI
R08211,Warsaw,PL
R08212,Trondheim,NO
R08213,Hamburg,DE
R08214,Warsaw,PL
R08215,Viken,NO
R08216,Oslo,NO
R08217,Rogaland,NO
R08218,Rogaland,NO
R08219,Oslo,NO
R08220,Helsinki,FI
R08221,Rogaland,NO
R08222,Hamburg,DE
R08223,Oslo,NO
R08224,Rogaland,NO
R08225,Trondheim,NO
R08226,Hamburg,DE
R08227,Warsaw,PL
R08228,Rogaland,NO
R08229,Warsaw,PL
R08230,Stavanger,NO
R08231,Viken,NO
R08232,Viken,NO
R08233,Hamburg,DE
R08234,Warsaw,PL
R08235,Oslo,NO
R08236,Bergen,NO
R08237,Rogaland,NO
R08238,Warsaw,PL
R08239,Warsaw,PL
R08240,Trondheim,NO
R08241,Helsinki,FI
R08242,Rogaland,NO
R08243,Oslo,NO
R08244,Copenhagen,DK
R08245,Copenhagen,DK
R08246,Stavanger,NO
R08247,Helsinki,FI
R08248,Oslo,NO
R08249,Helsinki,FI
R08250,Helsinki,FI
R08251,Hamburg,DE
R08252,Warsaw,PL
R08253,Bergen,NO
R08254,Oslo,NO
R08255,Hamburg,DE
R08256,Warsaw,PL
R08257,Hamburg,DE
R08258,Bergen,NO
R08259,Warsaw,PL
R08260,Bergen,NO
R08261,Helsinki,FI
R08262,Hamburg,DE
R08263,Helsinki,FI
R08264,Trondheim,NO
R08265,Warsaw,PL
R08266,Stavanger,NO
R08267,Trondheim,NO
R08268,Rogaland,NO
R08269,Stavanger,NO
R08270,Copenhagen,DK
R08271,Bergen,NO
R08272,Copenhagen,DK
R08273,Rogaland,NO
R08274,Helsinki,FI
R08275,Warsaw,PL
R08276,Warsaw,PL
R08277,Helsinki,FI
R08278,Oslo,NO
R08279,Viken,NO
R08280,Viken,NO
R08281,Bergen,NO
R08282,Trondheim,NO
R08283,Copenhagen,DK
R08284,Hamburg,DE
R08285,Hamburg,DE
R08286,Oslo,NO
R08287,Warsaw,PL
R08288,Helsinki,FI
R08289,Warsaw,PL
R08290,Stavanger,NO
R08291,Helsinki,FI
R08292,Copenhagen,DK
R08293,Stavanger,NO
R08294,Helsinki,FI
R08295,Oslo,NO
R08296,Bergen,NO
R08297,Bergen,NO
R08298,Helsinki,FI
R08299,Helsinki,FI
R08300,Hamburg,DE
R08301,Hamburg,DE
R08302,Helsinki,FI
R08303,Helsinki,FI
R08304,Stavanger,NO
R08305,Helsinki,FI
R08306,Warsaw,PL
R08307,Hamburg,DE
R08308,Warsaw,PL
R08309,Trondheim,NO
R08310,Warsaw,PL
R08311,Rogaland,NO
R08312,Copenhagen,DK
R08313,Copenhagen,DK
R08314,Trondheim,NO
R08315,Warsaw,PL
R08316,Bergen,NO
R08317,Copenhagen,DK
R08318,Bergen,NO
R08319,Helsinki,FI
R08320,Oslo,NO
R08321,Hamburg,DE
R08322,Bergen,NO
R08323,Trondheim,NO
R08324,Warsaw,PL
R08325,Trondheim,NO
R08326,Stavanger,NO
R08327,Rogaland,NO
R08328,Bergen,NO
R08329,Oslo,NO
R08330,Hamburg,DE
R08331,Oslo,NO
R08332,Warsaw,PL
R08333,Oslo,NO
R08334,Oslo,NO
R08335,Copenhagen,DK
R08336,Bergen,NO
R08337,Hamburg,DE
R08338,Warsaw,PL
R08339,Viken,NO
R08340,Warsaw,PL
R08341,Rogaland,NO
R08342,Trondheim,NO
R08343,Helsinki,FI
R08344,Oslo,NO
R08345,Stavanger,NO
R08346,Copenhagen,DK
R08347,Warsaw,PL
R08348,Copenhagen,DK
R08349,Viken,NO
R08350,Trondheim,NO
R08351,Hamburg,DE
R08352,Oslo,NO
R08353,Bergen,NO
R08354,Stavanger,NO
R08355,Warsaw,PL
R08356,Stavanger,NO
R08357,Stavanger,NO
R08358,Helsinki,FI
R08359,Viken,NO
R08360,Copenhagen,DK
R08361,Copenhagen,DK
R08362,Oslo,NO
R08363,Warsaw,PL
R08364,Oslo,NO
R08365,Hamburg,DE
R08366,Warsaw,PL
R08367,Viken,NO
R08368,Trondheim,NO
R08369,Stavanger,NO
R08370,Bergen,NO
R08371,Viken,NO
R08372,Viken,NO
R08373,Copenhagen,DK
R08374,Trondheim,NO
R08375,Rogaland,NO
R08376,Viken,NO
R08377,Warsaw,PL
R08378,Oslo,NO
R08379,Viken,NO
R08380,Trondheim,NO
R08381,Rogaland,NO
R08382,Hamburg,DE
R08383,Bergen,NO
R08384,Warsaw,PL
R08385,Stavanger,NO
R08386,Oslo,NO
R08387,Rogaland,NO
R08388,Viken,NO
R08389,Helsinki,FI
R08390,Rogaland,NO
R08391,Trondheim,NO
R08392,Copenhagen,DK
R08393,Stavanger,NO
R08394,Warsaw,PL
R08395,Stavanger,NO
R08396,Bergen,NO
R08397,Stavanger,NO
R08398,Hamburg,DE
R08399,Rogaland,NO
R08400,Viken,NO
R08401,Bergen,NO
R08402,Viken,NO
R08403,Viken,NO
R08404,Bergen,NO
R08405,Bergen,NO
R08406,Copenhagen,DK
R08407,Trondheim,NO
R08408,Copenhagen,DK
R08409,Copenhagen,DK
R08410,Oslo,NO
R08411,Bergen,NO
R08412,Helsinki,FI
R08413,Copenhagen,DK
R08414,Stavanger,NO
R08415,Hamburg,DE
R08416,Viken,NO
R08417,Helsinki,FI
R08418,Bergen,NO
R08419,Viken,NO
R08420,Trondheim,NO
R08421,Helsinki,FI
R08422,Oslo,NO
R08423,Oslo,NO
R08424,Stavanger,NO
R08425,Trondheim,NO
R08426,Stavanger,NO
R08427,Trondheim,NO
R08428,Hamburg,DE
R08429,Trondheim,NO
R08430,Bergen,NO
R08431,Rogaland,NO
R08432,Oslo,NO
R08433,Rogaland,NO
R08434,Stavanger,NO
R08435,Trondheim,NO
R08436,Warsaw,PL
R08437,Trondheim,NO
R08438,Hamburg,DE
R08439,Copenhagen,DK
R08440,Warsaw,PL
R08441,Warsaw,PL
R08442,Helsinki,FI
R08443,Warsaw,PL
R08444,Trondheim,NO
R08445,Trondheim,NO
R08446,Oslo,NO
R08447,Trondheim,NO
R08448,Helsinki,FI
R08449,Hamburg,DE
R08450,Warsaw,PL
R08451,Trondheim,NO
R08452,Hamburg,DE
R08453,Stavanger,NO
R08454,Helsinki,FI
R08455,Stavanger,NO
R08456,Copenhagen,DK
R08457,Stavanger,NO
R08458,Rogaland,NO
R08459,Helsinki,FI
R08460,Trondheim,NO
R08461,Trondheim,NO
R08462,Rogaland,NO
R08463,Hamburg,DE
R08464,Rogaland,NO
R08465,Bergen,NO
R08466,Oslo,NO
R08467,Helsinki,FI
R08468,Oslo,NO
R08469,Hamburg,DE
R08470,Warsaw,PL
R08471,Rogaland,NO
R08472,Rogaland,NO
R08473,Rogaland,NO
R08474,Rogaland,NO
R08475,Copenhagen,DK
R08476,Viken,NO
R08477,Oslo,NO
R08478,Warsaw,PL
R08479,Helsinki,FI
R08480,Viken,NO
R08481,Hamburg,DE
R08482,Viken,NO
R08483,Hamburg,DE
R08484,Warsaw,PL
R08485,Rogaland,NO
R08486,Copenhagen,DK
R08487,Stavanger,NO
R08488,Bergen,NO
R08489,Trondheim,NO
R08490,Helsinki,FI
R08491,Bergen,NO
R08492,Warsaw,PL
R08493,Warsaw,PL
R08494,Hamburg,DE
R08495,Trondheim,NO
R08496,Trondheim,NO
R08497,Warsaw,PL
R08498,Rogaland,NO
R08499,Helsinki,FI
R08500,Stavanger,NO
R08501,Trondheim,NO
R08502,Bergen,NO
R08503,Stavanger,NO
R08504,Hamburg,DE
R08505,Hamburg,DE
R08506,Stavanger,NO
R08507,Helsinki,FI
R08508,Trondheim,NO
R08509,Viken,NO
R08510,Oslo,NO
R08511,Trondheim,NO
R08512,Bergen,NO
R08513,Viken,NO
R08514,Stavanger,NO
R08515,Helsinki,FI
R08516,Oslo,NO
R08517,Warsaw,PL
R08518,Copenhagen,DK
R08519,Stavanger,NO
R08520,Hamburg,DE
R08521,Copenhagen,DK
R08522,Viken,NO
R08523,Trondheim,NO
R08524,Viken,NO
R08525,Viken,NO
R08526,Oslo,NO
R08527,Rogaland,NO
R08528,Copenhagen,DK
R08529,Stavanger,NO
R08530,Trondheim,NO
R08531,Copenhagen,DK
R08532,Copenhagen,DK
R08533,Bergen,NO
R08534,Hamburg,DE
R08535,Bergen,NO
R08536,Oslo,NO
R08537,Viken,NO
R08538,Stavanger,NO
R08539,Oslo,NO
R08540,Helsinki,FI
R08541,Copenhagen,DK
R08542,Trondheim,NO
R08543,Oslo,NO
R08544,Viken,NO
R08545,Trondheim,NO
R08546,Stavanger,NO
R08547,Stavanger,NO
R08548,Warsaw,PL
R08549,Hamburg,DE
R08550,Hamburg,DE
R08551,Warsaw,PL
R08552,Hamburg,DE
R08553,Rogaland,NO
R08554,Hamburg,DE
R08555,Viken,NO
R08556,Rogaland,NO
R08557,Stavanger,NO
R08558,Helsinki,FI
R08559,Copenhagen,DK
R08560,Helsinki,FI
R08561,Helsinki,FI
R08562,Helsinki,FI
R08563,Hamburg,DE
R08564,Oslo,NO
R08565,Viken,NO
R08566,Trondheim,NO
R08567,Stavanger,NO
R08568,Hamburg,DE
R08569,Oslo,NO
R08570,Rogaland,NO
R08571,Warsaw,PL
R08572,Oslo,NO
R08573,Helsinki,FI
R08574,Viken,NO
R08575,Copenhagen,DK
R08576,Warsaw,PL
R08577,Copenhagen,DK
R08578,Oslo,NO
R08579,Rogaland,NO
R08580,Stavanger,NO
R08581,Helsinki,FI
R08582,Warsaw,PL
R08583,Oslo,NO
R08584,Rogaland,NO
R08585,Stavanger,NO
R08586,Rogaland,NO
R08587,Warsaw,PL
R08588,Bergen,NO
R08589,Viken,NO
R08590,Warsaw,PL
R08591,Bergen,NO
R08592,Warsaw,PL
R08593,Bergen,NO
R08594,Hamburg,DE
R08595,Hamburg,DE
R08596,Rogaland,NO
R08597,Stavanger,NO
R08598,Rogaland,NO
R08599,Bergen,NO
R08600,Viken,NO
R08601,Trondheim,NO
R08602,Bergen,NO
R08603,Hamburg,DE
R08604,Helsinki,FI
R08605,Copenhagen,DK
R08606,Warsaw,PL
R08607,Warsaw,PL
R08608,Rogaland,NO
R08609,Viken,NO
R08610,Helsinki,FI
R08611,Copenhagen,DK
R08612,Warsaw,PL
R08613,Bergen,NO
R08614,Bergen,NO
R08615,Copenhagen,DK
R08616,Bergen,NO
R08617,Warsaw,PL
R08618,Rogaland,NO
R08619,Stavanger,NO
R08620,Hamburg,DE
R08621,Viken,NO
R08622,Helsinki,FI
R08623,Viken,NO
R08624,Copenhagen,DK
R08625,Warsaw,PL
R08626,Hamburg,DE
R08627,Oslo,NO
R08628,Helsinki,FI
R08629,Stavanger,NO
R08630,Hamburg,DE
R08631,Rogaland,NO
R08632,Hamburg,DE
R08633,Copenhagen,DK
R08634,Hamburg,DE
R08635,Rogaland,NO
R08636,Trondheim,NO
R08637,Helsinki,FI
R08638,Helsinki,FI
R08639,Trondheim,NO
R08640,Warsaw,PL
R08641,Helsinki,FI
R08642,Stavanger,NO
R08643,Helsinki,FI
R08644,Rogaland,NO
R08645,Trondheim,NO
R08646,Rogaland,NO
R08647,Rogaland,NO
R08648,Warsaw,PL
R08649,Helsinki,FI
R08650,Viken,NO
R08651,Hamburg,DE
R08652,Viken,NO
R08653,Stavanger,NO
R08654,Viken,NO
R08655,Viken,NO
R08656,Helsinki,FI
R08657,Stavanger,NO
R08658,Bergen,NO
R08659,Warsaw,PL
R08660,Stavanger,NO
R08661,Oslo,NO
R08662,Oslo,NO
R08663,Oslo,NO
R08664,Rogaland,NO
R08665,Copenhagen,DK
R08666,Hamburg,DE
R08667,Hamburg,DE
R08668,Hamburg,DE
R08669,Copenhagen,DK
R08670,Copenhagen,DK
R08671,Trondheim,NO
R08672,Bergen,NO
R08673,Helsinki,FI
R08674,Helsinki,FI
R08675,Bergen,NO
R08676,Viken,NO
R08677,Copenhagen,DK
R08678,Viken,NO
R08679,Hamburg,DE
R08680,Hamburg,DE
R08681,Viken,NO
R08682,Bergen,NO
R08683,Stavanger,NO
R08684,Rogaland,NO
R08685,Bergen,NO
R08686,Copenhagen,DK
R08687,Copenhagen,DK
R08688,Warsaw,PL
R08689,Stavanger,NO
R08690,Viken,NO
R08691,Trondheim,NO
R08692,Viken,NO
R08693,Rogaland,NO
R08694,Oslo,NO
R08695,Viken,NO
R08696,Hamburg,DE
R08697,Hamburg,DE
R08698,Warsaw,PL
R08699,Helsinki,FI
R08700,Oslo,NO
R08701,Copenhagen,DK
R08702,Oslo,NO
R08703,Hamburg,DE
R08704,Viken,NO
R08705,Rogaland,NO
R08706,Trondheim,NO
R08707,Stavanger,NO
R08708,Oslo,NO
R08709,Viken,NO
R08710,Helsinki,FI
R08711,Rogaland,NO
R08712,Trondheim,NO
R08713,Trondheim,NO
R08714,Helsinki,FI
R08715,Warsaw,PL
R08716,Viken,NO
R08717,Rogaland,NO
R08718,Bergen,NO
R08719,Helsinki,FI
R08720,Helsinki,FI
R08721,Warsaw,PL
R08722,Hamburg,DE
R08723,Oslo,NO
R08724,Helsinki,FI
R08725,Bergen,NO
R08726,Hamburg,DE
R08727,Oslo,NO
R08728,Viken,NO
R08729,Oslo,NO
R08730,Copenhagen,DK
R08731,Bergen,NO
R08732,Copenhagen,DK
R08733,Trondheim,NO
R08734,Rogaland,NO
R08735,Helsinki,FI
R08736,Oslo,NO
R08737,Warsaw,PL
R08738,Viken,NO
R08739,Warsaw,PL
R08740,Hamburg,DE
R08741,Trondheim,NO
R08742,Trondheim,NO
R08743,Hamburg,DE
R08744,Helsinki,FI
R08745,Rogaland,NO
R08746,Oslo,NO
R08747,Helsinki,FI
R08748,Hamburg,DE
R08749,Trondheim,NO
R08750,Bergen,NO
R08751,Viken,NO
R08752,Helsinki,FI
R08753,Trondheim,NO
R08754,Stavanger,NO
R08755,Viken,NO
R08756,Rogaland,NO
R08757,Bergen,NO
R08758,Hamburg,DE
R08759,Stavanger,NO
R08760,Oslo,NO
R08761,Bergen,NO
R08762,Warsaw,PL
R08763,Copenhagen,DK
R08764,Copenhagen,DK
R08765,Bergen,NO
R08766,Trondheim,NO
R08767,Copenhagen,DK
R08768,Viken,NO
R08769,Hamburg,DE
R08770,Oslo,NO
R08771,Stavanger,NO
R08772,Oslo,NO
R08773,Trondheim,NO
R08774,Copenhagen,DK
R08775,Oslo,NO
R08776,Oslo,NO
R08777,Trondheim,NO
R08778,Copenhagen,DK
R08779,Trondheim,NO
R08780,Oslo,NO
R08781,Bergen,NO
R08782,Copenhagen,DK
R08783,Rogaland,NO
R08784,Trondheim,NO
R08785,Stavanger,NO
R08786,Warsaw,PL
R08787,Bergen,NO
R08788,Bergen,NO
R08789,Copenhagen,DK
R08790,Trondheim,NO
R08791,Rogaland,NO
R08792,Helsinki,FI
R08793,Helsinki,FI
R08794,Copenhagen,DK
R08795,Helsinki,FI
R08796,Bergen,NO
R08797,Warsaw,PL
R08798,Stavanger,NO
R08799,Bergen,NO
R08800,Viken,NO
R08801,Rogaland,NO
R08802,Rogaland,NO
R08803,Copenhagen,DK
R08804,Stavanger,NO
R08805,Viken,NO
R08806,Helsinki,FI
R08807,Copenhagen,DK
R08808,Rogaland,NO
R08809,Copenhagen,DK
R08810,Trondheim,NO
R08811,Hamburg,DE
R08812,Helsinki,FI
R08813,Hamburg,DE
R08814,Helsinki,FI
R08815,Helsinki,FI
R08816,Viken,NO
R08817,Helsinki,FI
R08818,Bergen,NO
R08819,Rogaland,NO
R08820,Copenhagen,DK
R08821,Viken,NO
R08822,Copenhagen,DK
R08823,Rogaland,NO
R08824,Helsinki,FI
R08825,Warsaw,PL
R08826,Hamburg,DE
R08827,Helsinki,FI
R08828,Helsinki,FI
R08829,Bergen,NO
R08830,Oslo,NO
R08831,Warsaw,PL
R08832,Viken,NO
R08833,Copenhagen,DK
R08834,Trondheim,NO
R08835,Stavanger,NO
R08836,Warsaw,PL
R08837,Trondheim,NO
R08838,Stavanger,NO
R08839,Hamburg,DE
R08840,Rogaland,NO
R08841,Warsaw,PL
R08842,Helsinki,FI
R08843,Helsinki,FI
R08844,Bergen,NO
R08845,Stavanger,NO
R08846,Oslo,NO
R08847,Helsinki,FI
R08848,Bergen,NO
R08849,Trondheim,NO
R08850,Stavanger,NO
R08851,Hamburg,DE
R08852,Rogaland,NO
R08853,Copenhagen,DK
R08854,Rogaland,NO
R08855,Bergen,NO
R08856,Helsinki,FI
R08857,Bergen,NO
R08858,Trondheim,NO
R08859,Rogaland,NO
R08860,Warsaw,PL
R08861,Hamburg,DE
R08862,Trondheim,NO
R08863,Warsaw,PL
R08864,Oslo,NO
R08865,Viken,NO
R08866,Bergen,NO
R08867,Hamburg,DE
R08868,Stavanger,NO
R08869,Helsinki,FI
R08870,Trondheim,NO
R08871,Oslo,NO
R08872,Bergen,NO
R08873,Copenhagen,DK
R08874,Oslo,NO
R08875,Rogaland,NO
R08876,Trondheim,NO
R08877,Trondheim,NO
R08878,Viken,NO
R08879,Warsaw,PL
R08880,Rogaland,NO
R08881,Copenhagen,DK
R08882,Hamburg,DE
R08883,Bergen,NO
R08884,Trondheim,NO
R08885,Helsinki,FI
R08886,Bergen,NO
R08887,Bergen,NO
R08888,Helsinki,FI
R08889,Oslo,NO
R08890,Stavanger,NO
R08891,Trondheim,NO
R08892,Bergen,NO
R08893,Stavanger,NO
R08894,Stavanger,NO
R08895,Stavanger,NO
R08896,Helsinki,FI
R08897,Rogaland,NO
R08898,Warsaw,PL
R08899,Hamburg,DE
R08900,Viken,NO
R08901,Hamburg,DE
R08902,Viken,NO
R08903,Trondheim,NO
R08904,Hamburg,DE
R08905,Stavanger,NO
R08906,Viken,NO
R08907,Oslo,NO
R08908,Copenhagen,DK
R08909,Oslo,NO
R08910,Rogaland,NO
R08911,Rogaland,NO
R08912,Bergen,NO
R08913,Viken,NO
R08914,Rogaland,NO
R08915,Viken,NO
R08916,Trondheim,NO
R08917,Warsaw,PL
R08918,Rogaland,NO
R08919,Trondheim,NO
R08920,Trondheim,NO
R08921,Oslo,NO
R08922,Warsaw,PL
R08923,Trondheim,NO
R08924,Viken,NO
R08925,Helsinki,FI
R08926,Copenhagen,DK
R08927,Bergen,NO
R08928,Warsaw,PL
R08929,Bergen,NO
R08930,Stavanger,NO
R08931,Stavanger,NO
R08932,Stavanger,NO
R08933,Trondheim,NO
R08934,Bergen,NO
R08935,Stavanger,NO
R08936,Hamburg,DE
R08937,Copenhagen,DK
R08938,Rogaland,NO
R08939,Oslo,NO
R08940,Oslo,NO
R08941,Hamburg,DE
R08942,Warsaw,PL
R08943,Oslo,NO
R08944,Oslo,NO
R08945,Warsaw,PL
R08946,Hamburg,DE
R08947,Viken,NO
R08948,Copenhagen,DK
R08949,Stavanger,NO
R08950,Rogaland,NO
R08951,Helsinki,FI
R08952,Bergen,NO
R08953,Trondheim,NO
R08954,Helsinki,FI
R08955,Viken,NO
R08956,Bergen,NO
R08957,Oslo,NO
R08958,Oslo,NO
R08959,Copenhagen,DK
R08960,Rogaland,NO
R08961,Rogaland,NO
R08962,Stavanger,NO
R08963,Viken,NO
R08964,Stavanger,NO
R08965,Helsinki,FI
R08966,Hamburg,DE
R08967,Hamburg,DE
R08968,Oslo,NO
R08969,Helsinki,FI
R08970,Hamburg,DE
R08971,Oslo,NO
R08972,Warsaw,PL
R08973,Trondheim,NO
R08974,Stavanger,NO
R08975,Stavanger,NO
R08976,Copenhagen,DK
R08977,Bergen,NO
R08978,Oslo,NO
R08979,Copenhagen,DK
R08980,Hamburg,DE
R08981,Trondheim,NO
R08982,Warsaw,PL
R08983,Warsaw,PL
R08984,Helsinki,FI
R08985,Rogaland,NO
R08986,Copenhagen,DK
R08987,Rogaland,NO
R08988,Oslo,NO
R08989,Helsinki,FI
R08990,Rogaland,NO
R08991,Viken,NO
R08992,Hamburg,DE
R08993,Hamburg,DE
R08994,Helsinki,FI
R08995,Helsinki,FI
R08996,Bergen,NO
R08997,Helsinki,FI
R08998,Stavanger,NO
R08999,Bergen,NO
R09000,Bergen,NO
R09001,Helsinki,FI
R09002,Bergen,NO
R09003,Oslo,NO
R09004,Stavanger,NO
R09005,Oslo,NO
R09006,Hamburg,DE
R09007,Rogaland,NO
R09008,Trondheim,NO
R09009,Hamburg,DE
R09010,Trondheim,NO
R09011,Copenhagen,DK
R09012,Viken,NO
R09013,Viken,NO
R09014,Trondheim,NO
R09015,Stavanger,NO
R09016,Rogaland,NO
R09017,Oslo,NO
R09018,Oslo,NO
R09019,Copenhagen,DK
R09020,Rogaland,NO
R09021,Hamburg,DE
R09022,Copenhagen,DK
R09023,Bergen,NO
R09024,Viken,NO
R09025,Bergen,NO
R09026,Warsaw,PL
R09027,Stavanger,NO
R09028,Oslo,NO
R09029,Copenhagen,DK
R09030,Copenhagen,DK
R09031,Viken,NO
R09032,Copenhagen,DK
R09033,Viken,NO
R09034,Oslo,NO
R09035,Copenhagen,DK
R09036,Stavanger,NO
R09037,Copenhagen,DK
R09038,Trondheim,NO
R09039,Copenhagen,DK
R09040,Hamburg,DE
R09041,Bergen,NO
R09042,Hamburg,DE
R09043,Copenhagen,DK
R09044,Hamburg,DE
R09045,Bergen,NO
R09046,Hamburg,DE
R09047,Trondheim,NO
R09048,Trondheim,NO
R09049,Helsinki,FI
R09050,Copenhagen,DK
R09051,Helsinki,FI
R09052,Warsaw,PL
R09053,Rogaland,NO
R09054,Viken,NO
R09055,Bergen,NO
R09056,Bergen,NO
R09057,Warsaw,PL
R09058,Rogaland,NO
R09059,Warsaw,PL
R09060,Stavanger,NO
R09061,Helsinki,FI
R09062,Viken,NO
R09063,Hamburg,DE
R09064,Helsinki,FI
R09065,Hamburg,DE
R09066,Viken,NO
R09067,Viken,NO
R09068,Copenhagen,DK
R09069,Trondheim,NO
R09070,Copenhagen,DK
R09071,Helsinki,FI
R09072,Trondheim,NO
R09073,Viken,NO
R09074,Helsinki,FI
R09075,Rogaland,NO
R09076,Trondheim,NO
R09077,Warsaw,PL
R09078,Trondheim,NO
R09079,Bergen,NO
R09080,Viken,NO
R09081,Viken,NO
R09082,Rogaland,NO
R09083,Stavanger,NO
R09084,Trondheim,NO
R09085,Warsaw,PL
R09086,Stavanger,NO
R09087,Rogaland,NO
R09088,Viken,NO
R09089,Helsinki,FI
R09090,Stavanger,NO
R09091,Trondheim,NO
R09092,Stavanger,NO
R09093,Oslo,NO
R09094,Bergen,NO
R09095,Oslo,NO
R09096,Copenhagen,DK
R09097,Viken,NO
R09098,Helsinki,FI
R09099,Stavanger,NO
R09100,Oslo,NO
R09101,Stavanger,NO
R09102,Bergen,NO
R09103,Helsinki,FI
R09104,Viken,NO
R09105,Oslo,NO
R09106,Viken,NO
R09107,Hamburg,DE
R09108,Trondheim,NO
R09109,Rogaland,NO
R09110,Viken,NO
R09111,Bergen,NO
R09112,Rogaland,NO
R09113,Helsinki,FI
R09114,Copenhagen,DK
R09115,Warsaw,PL
R09116,Trondheim,NO
R09117,Rogaland,NO
R09118,Stavanger,NO
R09119,Helsinki,FI
R09120,Rogaland,NO
R09121,Stavanger,NO
R09122,Hamburg,DE
R09123,Helsinki,FI
R09124,Oslo,NO
R09125,Hamburg,DE
R09126,Viken,NO
R09127,Rogaland,NO
R09128,Stavanger,NO
R09129,Hamburg,DE
R09130,Viken,NO
R09131,Warsaw,PL
R09132,Helsinki,FI
R09133,Trondheim,NO
R09134,Copenhagen,DK
R09135,Rogaland,NO
R09136,Helsinki,FI
R09137,Helsinki,FI
R09138,Warsaw,PL
R09139,Trondheim,NO
R09140,Stavanger,NO
R09141,Hamburg,DE
R09142,Copenhagen,DK
R09143,Viken,NO
R09144,Helsinki,FI
R09145,Oslo,NO
R09146,Viken,NO
R09147,Copenhagen,DK
R09148,Trondheim,NO
R09149,Viken,NO
R09150,Trondheim,NO
R09151,Viken,NO
R09152,Warsaw,PL
R09153,Hamburg,DE
R09154,Warsaw,PL
R09155,Helsinki,FI
R09156,Stavanger,NO
R09157,Warsaw,PL
R09158,Oslo,NO
R09159,Hamburg,DE
R09160,Hamburg,DE
R09161,Warsaw,PL
R09162,Copenhagen,DK
R09163,Copenhagen,DK
R09164,Hamburg,DE
R09165,Copenhagen,DK
R09166,Oslo,NO
R09167,Trondheim,NO
R09168,Trondheim,NO
R09169,Helsinki,FI
R09170,Helsinki,FI
R09171,Hamburg,DE
R09172,Oslo,NO
R09173,Viken,NO
R09174,Hamburg,DE
R09175,Warsaw,PL
R09176,Warsaw,PL
R09177,Bergen,NO
R09178,Stavanger,NO
R09179,Warsaw,PL
R09180,Rogaland,NO
R09181,Bergen,NO
R09182,Warsaw,PL
R09183,Oslo,NO
R09184,Warsaw,PL
R09185,Hamburg,DE
R09186,Bergen,NO
R09187,Stavanger,NO
R09188,Helsinki,FI
R09189,Oslo,NO
R09190,Viken,NO
R09191,Helsinki,FI
R09192,Rogaland,NO
R09193,Viken,NO
R09194,Oslo,NO
R09195,Hamburg,DE
R09196,Trondheim,NO
R09197,Copenhagen,DK
R09198,Helsinki,FI
R09199,Stavanger,NO
R09200,Stavanger,NO
R09201,Rogaland,NO
R09202,Rogaland,NO
R09203,Trondheim,NO
R09204,Helsinki,FI
R09205,Oslo,NO
R09206,Rogaland,NO
R09207,Trondheim,NO
R09208,Oslo,NO
R09209,Copenhagen,DK
R09210,Warsaw,PL
R09211,Hamburg,DE
R09212,Trondheim,NO
R09213,Rogaland,NO
R09214,Copenhagen,DK
R09215,Stavanger,NO
R09216,Warsaw,PL
R09217,Copenhagen,DK
R09218,Warsaw,PL
R09219,Rogaland,NO
R09220,Viken,NO
R09221,Hamburg,DE
R09222,Helsinki,FI
R09223,Bergen,NO
R09224,Warsaw,PL
R09225,Warsaw,PL
R09226,Bergen,NO
R09227,Viken,NO
R09228,Warsaw,PL
R09229,Oslo,NO
R09230,Warsaw,PL
R09231,Viken,NO
R09232,Helsinki,FI
R09233,Oslo,NO
R09234,Trondheim,NO
R09235,Rogaland,NO
R09236,Stavanger,NO
R09237,Trondheim,NO
R09238,Rogaland,NO
R09239,Bergen,NO
R09240,Warsaw,PL
R09241,Bergen,NO
R09242,Hamburg,DE
R09243,Hamburg,DE
R09244,Copenhagen,DK
R09245,Warsaw,PL
R09246,Warsaw,PL
R09247,Rogaland,NO
R09248,Hamburg,DE
R09249,Helsinki,FI
R09250,Rogaland,NO
R09251,Rogaland,NO
R09252,Copenhagen,DK
R09253,Oslo,NO
R09254,Oslo,NO
R09255,Trondheim,NO
R09256,Hamburg,DE
R09257,Bergen,NO
R09258,Helsinki,FI
R09259,Oslo,NO
R09260,Viken,NO
R09261,Viken,NO
R09262,Warsaw,PL
R09263,Helsinki,FI
R09264,Bergen,NO
R09265,Rogaland,NO
R09266,Viken,NO
R09267,Copenhagen,DK
R09268,Trondheim,NO
R09269,Stavanger,NO
R09270,Trondheim,NO
R09271,Warsaw,PL
R09272,Rogaland,NO
R09273,Stavanger,NO
R09274,Trondheim,NO
R09275,Trondheim,NO
R09276,Rogaland,NO
R09277,Hamburg,DE
R09278,Hamburg,DE
R09279,Copenhagen,DK
R09280,Copenhagen,DK
R09281,Hamburg,DE
R09282,Helsinki,FI
R09283,Copenhagen,DK
R09284,Hamburg,DE
R09285,Bergen,NO
R09286,Trondheim,NO
R09287,Rogaland,NO
R09288,Hamburg,DE
R09289,Viken,NO
R09290,Copenhagen,DK
R09291,Helsinki,FI
R09292,Trondheim,NO
R09293,Warsaw,PL
R09294,Viken,NO
R09295,Stavanger,NO
R09296,Stavanger,NO
R09297,Copenhagen,DK
R09298,Trondheim,NO
R09299,Stavanger,NO
R09300,Copenhagen,DK
R09301,Warsaw,PL
R09302,Viken,NO
R09303,Warsaw,PL
R09304,Trondheim,NO
R09305,Bergen,NO
R09306,Bergen,NO
R09307,Oslo,NO
R09308,Helsinki,FI
R09309,Warsaw,PL
R09310,Rogaland,NO
R09311,Warsaw,PL
R09312,Trondheim,NO
R09313,Rogaland,NO
R09314,Stavanger,NO
R09315,Copenhagen,DK
R09316,Warsaw,PL
R09317,Hamburg,DE
R09318,Helsinki,FI
R09319,Viken,NO
R09320,Hamburg,DE
R09321,Viken,NO
R09322,Copenhagen,DK
R09323,Viken,NO
R09324,Rogaland,NO
R09325,Viken,NO
R09326,Hamburg,DE
R09327,Oslo,NO
R09328,Rogaland,NO
R09329,Rogaland,NO
R09330,Hamburg,DE
R09331,Trondheim,NO
R09332,Copenhagen,DK
R09333,Rogaland,NO
R09334,Warsaw,PL
R09335,Copenhagen,DK
R09336,Oslo,NO
R09337,Hamburg,DE
R09338,Stavanger,NO
R09339,Bergen,NO
R09340,Bergen,NO
R09341,Copenhagen,DK
R09342,Hamburg,DE
R09343,Helsinki,FI
R09344,Warsaw,PL
R09345,Rogaland,NO
R09346,Copenhagen,DK
R09347,Stavanger,NO
R09348,Viken,NO
R09349,Bergen,NO
R09350,Copenhagen,DK
R09351,Copenhagen,DK
R09352,Viken,NO
R09353,Rogaland,NO
R09354,Bergen,NO
R09355,Bergen,NO
R09356,Viken,NO
R09357,Hamburg,DE
R09358,Trondheim,NO
R09359,Bergen,NO
R09360,Viken,NO
R09361,Trondheim,NO
R09362,Hamburg,DE
R09363,Oslo,NO
R09364,Trondheim,NO
R09365,Hamburg,DE
R09366,Oslo,NO
R09367,Viken,NO
R09368,Trondheim,NO
R09369,Copenhagen,DK
R09370,Stavanger,NO
R09371,Warsaw,PL
R09372,Stavanger,NO
R09373,Rogaland,NO
R09374,Rogaland,NO
R09375,Copenhagen,DK
R09376,Trondheim,NO
R09377,Warsaw,PL
R09378,Stavanger,NO
R09379,Stavanger,NO
R09380,Viken,NO
R09381,Viken,NO
R09382,Rogaland,NO
R09383,Hamburg,DE
R09384,Stavanger,NO
R09385,Bergen,NO
R09386,Viken,NO
R09387,Stavanger,NO
R09388,Trondheim,NO
R09389,Bergen,NO
R09390,Trondheim,NO
R09391,Stavanger,NO
R09392,Helsinki,FI
R09393,Oslo,NO
R09394,Oslo,NO
R09395,Stavanger,NO
R09396,Bergen,NO
R09397,Oslo,NO
R09398,Bergen,NO
R09399,Trondheim,NO
R09400,Warsaw,PL
R09401,Helsinki,FI
R09402,Copenhagen,DK
R09403,Stavanger,NO
R09404,Copenhagen,DK
R09405,Rogaland,NO
R09406,Oslo,NO
R09407,Hamburg,DE
R09408,Trondheim,NO
R09409,Helsinki,FI
R09410,Stavanger,NO
R09411,Warsaw,PL
R09412,Oslo,NO
R09413,Copenhagen,DK
R09414,Hamburg,DE
R09415,Helsinki,FI
R09416,Hamburg,DE
R09417,Hamburg,DE
R09418,Hamburg,DE
R09419,Hamburg,DE
R09420,Warsaw,PL
R09421,Warsaw,PL
R09422,Rogaland,NO
R09423,Helsinki,FI
R09424,Oslo,NO
R09425,Viken,NO
R09426,Warsaw,PL
R09427,Helsinki,FI
R09428,Bergen,NO
R09429,Hamburg,DE
R09430,Bergen,NO
R09431,Helsinki,FI
R09432,Bergen,NO
R09433,Oslo,NO
R09434,Warsaw,PL
R09435,Trondheim,NO
R09436,Hamburg,DE
R09437,Oslo,NO
R09438,Copenhagen,DK
R09439,Oslo,NO
R09440,Rogaland,NO
R09441,Rogaland,NO
R09442,Copenhagen,DK
R09443,Warsaw,PL
R09444,Helsinki,FI
R09445,Copenhagen,DK
R09446,Bergen,NO
R09447,Rogaland,NO
R09448,Stavanger,NO
R09449,Hamburg,DE
R09450,Viken,NO
R09451,Copenhagen,DK
R09452,Rogaland,NO
R09453,Copenhagen,DK
R09454,Stavanger,NO
R09455,Rogaland,NO
R09456,Oslo,NO
R09457,Copenhagen,DK
R09458,Copenhagen,DK
R09459,Viken,NO
R09460,Oslo,NO
R09461,Copenhagen,DK
R09462,Warsaw,PL
R09463,Viken,NO
R09464,Rogaland,NO
R09465,Copenhagen,DK
R09466,Trondheim,NO
R09467,Trondheim,NO
R09468,Copenhagen,DK
R09469,Bergen,NO
R09470,Viken,NO
R09471,Oslo,NO
R09472,Hamburg,DE
R09473,Bergen,NO
R09474,Rogaland,NO
R09475,Trondheim,NO
R09476,Viken,NO
R09477,Helsinki,FI
R09478,Oslo,NO
R09479,Stavanger,NO
R09480,Trondheim,NO
R09481,Viken,NO
R09482,Oslo,NO
R09483,Trondheim,NO
R09484,Oslo,NO
R09485,Trondheim,NO
R09486,Oslo,NO
R09487,Oslo,NO
R09488,Rogaland,NO
R09489,Helsinki,FI
R09490,Copenhagen,DK
R09491,Viken,NO
R09492,Trondheim,NO
R09493,Viken,NO
R09494,Hamburg,DE
R09495,Bergen,NO
R09496,Viken,NO
R09497,Copenhagen,DK
R09498,Oslo,NO
R09499,Stavanger,NO
R09500,Copenhagen,DK
R09501,Stavanger,NO
R09502,Warsaw,PL
R09503,Bergen,NO
R09504,Helsinki,FI
R09505,Bergen,NO
R09506,Stavanger,NO
R09507,Helsinki,FI
R09508,Hamburg,DE
R09509,Oslo,NO
R09510,Viken,NO
R09511,Stavanger,NO
R09512,Stavanger,NO
R09513,Copenhagen,DK
R09514,Helsinki,FI
R09515,Copenhagen,DK
R09516,Helsinki,FI
R09517,Hamburg,DE
R09518,Viken,NO
R09519,Bergen,NO
R09520,Warsaw,PL
R09521,Viken,NO
R09522,Oslo,NO
R09523,Copenhagen,DK
R09524,Viken,NO
R09525,Helsinki,FI
R09526,Copenhagen,DK
R09527,Oslo,NO
R09528,Warsaw,PL
R09529,Helsinki,FI
R09530,Copenhagen,DK
R09531,Hamburg,DE
R09532,Warsaw,PL
R09533,Stavanger,NO
R09534,Hamburg,DE
R09535,Rogaland,NO
R09536,Stavanger,NO
R09537,Oslo,NO
R09538,Trondheim,NO
R09539,Rogaland,NO
R09540,Oslo,NO
R09541,Hamburg,DE
R09542,Copenhagen,DK
R09543,Rogaland,NO
R09544,Trondheim,NO
R09545,Warsaw,PL
R09546,Helsinki,FI
R09547,Stavanger,NO
R09548,Rogaland,NO
R09549,Hamburg,DE
R09550,Rogaland,NO
R09551,Hamburg,DE
R09552,Stavanger,NO
R09553,Hamburg,DE
R09554,Viken,NO
R09555,Trondheim,NO
R09556,Trondheim,NO
R09557,Trondheim,NO
R09558,Copenhagen,DK
R09559,Copenhagen,DK
R09560,Viken,NO
R09561,Viken,NO
R09562,Warsaw,PL
R09563,Stavanger,NO
R09564,Stavanger,NO
R09565,Viken,NO
R09566,Trondheim,NO
R09567,Rogaland,NO
R09568,Oslo,NO
R09569,Rogaland,NO
R09570,Stavanger,NO
R09571,Bergen,NO
R09572,Warsaw,PL
R09573,Helsinki,FI
R09574,Hamburg,DE
R09575,Bergen,NO
R09576,Rogaland,NO
R09577,Rogaland,NO
R09578,Trondheim,NO
R09579,Viken,NO
R09580,Helsinki,FI
R09581,Stavanger,NO
R09582,Copenhagen,DK
R09583,Copenhagen,DK
R09584,Rogaland,NO
R09585,Copenhagen,DK
R09586,Warsaw,PL
R09587,Viken,NO
R09588,Rogaland,NO
R09589,Stavanger,NO
R09590,Bergen,NO
R09591,Stavanger,NO
R09592,Viken,NO
R09593,Rogaland,NO
R09594,Bergen,NO
R09595,Rogaland,NO
R09596,Helsinki,FI
R09597,Stavanger,NO
R09598,Oslo,NO
R09599,Copenhagen,DK
R09600,Oslo,NO
R09601,Helsinki,FI
R09602,Copenhagen,DK
R09603,Helsinki,FI
R09604,Warsaw,PL
R09605,Bergen,NO
R09606,Copenhagen,DK
R09607,Warsaw,PL
R09608,Stavanger,NO
R09609,Trondheim,NO
R09610,Hamburg,DE
R09611,Viken,NO
R09612,Trondheim,NO
R09613,Viken,NO
R09614,Oslo,NO
R09615,Trondheim,NO
R09616,Copenhagen,DK
R09617,Oslo,NO
R09618,Helsinki,FI
R09619,Warsaw,PL
R09620,Viken,NO
R09621,Copenhagen,DK
R09622,Bergen,NO
R09623,Hamburg,DE
R09624,Oslo,NO
R09625,Trondheim,NO
R09626,Rogaland,NO
R09627,Warsaw,PL
R09628,Warsaw,PL
R09629,Bergen,NO
R09630,Oslo,NO
R09631,Helsinki,FI
R09632,Stavanger,NO
R09633,Copenhagen,DK
R09634,Rogaland,NO
R09635,Bergen,NO
R09636,Helsinki,FI
R09637,Hamburg,DE
R09638,Stavanger,NO
R09639,Stavanger,NO
R09640,Bergen,NO
R09641,Warsaw,PL
R09642,Hamburg,DE
R09643,Bergen,NO
R09644,Hamburg,DE
R09645,Trondheim,NO
R09646,Trondheim,NO
R09647,Warsaw,PL
R09648,Warsaw,PL
R09649,Trondheim,NO
R09650,Hamburg,DE
R09651,Rogaland,NO
R09652,Rogaland,NO
R09653,Rogaland,NO
R09654,Oslo,NO
R09655,Bergen,NO
R09656,Trondheim,NO
R09657,Hamburg,DE
R09658,Stavanger,NO
R09659,Oslo,NO
R09660,Helsinki,FI
R09661,Viken,NO
R09662,Copenhagen,DK
R09663,Hamburg,DE
R09664,Viken,NO
R09665,Warsaw,PL
R09666,Hamburg,DE
R09667,Hamburg,DE
R09668,Trondheim,NO
R09669,Warsaw,PL
R09670,Trondheim,NO
R09671,Copenhagen,DK
R09672,Warsaw,PL
R09673,Stavanger,NO
R09674,Copenhagen,DK
R09675,Stavanger,NO
R09676,Oslo,NO
R09677,Bergen,NO
R09678,Helsinki,FI
R09679,Rogaland,NO
R09680,Viken,NO
R09681,Trondheim,NO
R09682,Helsinki,FI
R09683,Hamburg,DE
R09684,Hamburg,DE
R09685,Oslo,NO
R09686,Stavanger,NO
R09687,Viken,NO
R09688,Helsinki,FI
R09689,Warsaw,PL
R09690,Copenhagen,DK
R09691,Trondheim,NO
R09692,Oslo,NO
R09693,Copenhagen,DK
R09694,Stavanger,NO
R09695,Viken,NO
R09696,Hamburg,DE
R09697,Viken,NO
R09698,Helsinki,FI
R09699,Helsinki,FI
R09700,Oslo,NO
R09701,Copenhagen,DK
R09702,Hamburg,DE
R09703,Rogaland,NO
R09704,Copenhagen,DK
R09705,Oslo,NO
R09706,Rogaland,NO
R09707,Stavanger,NO
R09708,Rogaland,NO
R09709,Rogaland,NO
R09710,Hamburg,DE
R09711,Rogaland,NO
R09712,Helsinki,FI
R09713,Copenhagen,DK
R09714,Oslo,NO
R09715,Trondheim,NO
R09716,Oslo,NO
R09717,Rogaland,NO
R09718,Hamburg,DE
R09719,Oslo,NO
R09720,Rogaland,NO
R09721,Bergen,NO
R09722,Copenhagen,DK
R09723,Helsinki,FI
R09724,Trondheim,NO
R09725,Rogaland,NO
R09726,Trondheim,NO
R09727,Hamburg,DE
R09728,Rogaland,NO
R09729,Helsinki,FI
R09730,Trondheim,NO
R09731,Oslo,NO
R09732,Rogaland,NO
R09733,Bergen,NO
R09734,Stavanger,NO
R09735,Trondheim,NO
R09736,Copenhagen,DK
R09737,Viken,NO
R09738,Helsinki,FI
R09739,Trondheim,NO
R09740,Viken,NO
R09741,Trondheim,NO
R09742,Helsinki,FI
R09743,Trondheim,NO
R09744,Rogaland,NO
R09745,Copenhagen,DK
R09746,Bergen,NO
R09747,Rogaland,NO
R09748,Oslo,NO
R09749,Warsaw,PL
R09750,Stavanger,NO
R09751,Oslo,NO
R09752,Viken,NO
R09753,Viken,NO
R09754,Trondheim,NO
R09755,Rogaland,NO
R09756,Hamburg,DE
R09757,Helsinki,FI
R09758,Copenhagen,DK
R09759,Trondheim,NO
R09760,Trondheim,NO
R09761,Copenhagen,DK
R09762,Hamburg,DE
R09763,Hamburg,DE
R09764,Helsinki,FI
R09765,Hamburg,DE
R09766,Copenhagen,DK
R09767,Oslo,NO
R09768,Oslo,NO
R09769,Stavanger,NO
R09770,Rogaland,NO
R09771,Bergen,NO
R09772,Trondheim,NO
R09773,Viken,NO
R09774,Hamburg,DE
R09775,Warsaw,PL
R09776,Rogaland,NO
R09777,Rogaland,NO
R09778,Trondheim,NO
R09779,Hamburg,DE
R09780,Viken,NO
R09781,Warsaw,PL
R09782,Stavanger,NO
R09783,Copenhagen,DK
R09784,Trondheim,NO
R09785,Oslo,NO
R09786,Rogaland,NO
R09787,Bergen,NO
R09788,Warsaw,PL
R09789,Copenhagen,DK
R09790,Helsinki,FI
R09791,Warsaw,PL
R09792,Viken,NO
R09793,Trondheim,NO
R09794,Trondheim,NO
R09795,Oslo,NO
R09796,Copenhagen,DK
R09797,Warsaw,PL
R09798,Hamburg,DE
R09799,Oslo,NO
R09800,Rogaland,NO
R09801,Helsinki,FI
R09802,Bergen,NO
R09803,Warsaw,PL
R09804,Rogaland,NO
R09805,Rogaland,NO
R09806,Warsaw,PL
R09807,Trondheim,NO
R09808,Viken,NO
R09809,Warsaw,PL
R09810,Stavanger,NO
R09811,Rogaland,NO
R09812,Trondheim,NO
R09813,Rogaland,NO
R09814,Bergen,NO
R09815,Rogaland,NO
R09816,Rogaland,NO
R09817,Hamburg,DE
R09818,Viken,NO
R09819,Hamburg,DE
R09820,Hamburg,DE
R09821,Bergen,NO
R09822,Trondheim,NO
R09823,Helsinki,FI
R09824,Hamburg,DE
R09825,Viken,NO
R09826,Rogaland,NO
R09827,Copenhagen,DK
R09828,Stavanger,NO
R09829,Warsaw,PL
R09830,Bergen,NO
R09831,Oslo,NO
R09832,Trondheim,NO
R09833,Stavanger,NO
R09834,Oslo,NO
R09835,Warsaw,PL
R09836,Trondheim,NO
R09837,Trondheim,NO
R09838,Stavanger,NO
R09839,Viken,NO
R09840,Rogaland,NO
R09841,Warsaw,PL
R09842,Stavanger,NO
R09843,Hamburg,DE
R09844,Warsaw,PL
R09845,Warsaw,PL
R09846,Hamburg,DE
R09847,Copenhagen,DK
R09848,Oslo,NO
R09849,Helsinki,FI
R09850,Hamburg,DE
R09851,Copenhagen,DK
R09852,Stavanger,NO
R09853,Trondheim,NO
R09854,Viken,NO
R09855,Helsinki,FI
R09856,Oslo,NO
R09857,Oslo,NO
R09858,Oslo,NO
R09859,Stavanger,NO
R09860,Viken,NO
R09861,Copenhagen,DK
R09862,Copenhagen,DK
R09863,Bergen,NO
R09864,Bergen,NO
R09865,Copenhagen,DK
R09866,Bergen,NO
R09867,Trondheim,NO
R09868,Viken,NO
R09869,Stavanger,NO
R09870,Viken,NO
R09871,Oslo,NO
R09872,Oslo,NO
R09873,Stavanger,NO
R09874,Viken,NO
R09875,Rogaland,NO
R09876,Viken,NO
R09877,Hamburg,DE
R09878,Trondheim,NO
R09879,Viken,NO
R09880,Viken,NO
R09881,Rogaland,NO
R09882,Warsaw,PL
R09883,Viken,NO
R09884,Warsaw,PL
R09885,Trondheim,NO
R09886,Warsaw,PL
R09887,Hamburg,DE
R09888,Rogaland,NO
R09889,Rogaland,NO
R09890,Stavanger,NO
R09891,Warsaw,PL
R09892,Hamburg,DE
R09893,Trondheim,NO
R09894,Hamburg,DE
R09895,Warsaw,PL
R09896,Stavanger,NO
R09897,Warsaw,PL
R09898,Viken,NO
R09899,Helsinki,FI
R09900,Rogaland,NO
R09901,Copenhagen,DK
R09902,Helsinki,FI
R09903,Trondheim,NO
R09904,Copenhagen,DK
R09905,Helsinki,FI
R09906,Trondheim,NO
R09907,Trondheim,NO
R09908,Trondheim,NO
R09909,Viken,NO
R09910,Warsaw,PL
R09911,Rogaland,NO
R09912,Oslo,NO
R09913,Hamburg,DE
R09914,Helsinki,FI
R09915,Rogaland,NO
R09916,Trondheim,NO
R09917,Copenhagen,DK
R09918,Hamburg,DE
R09919,Trondheim,NO
R09920,Hamburg,DE
R09921,Rogaland,NO
R09922,Stavanger,NO
R09923,Warsaw,PL
R09924,Hamburg,DE
R09925,Copenhagen,DK
R09926,Helsinki,FI
R09927,Oslo,NO
R09928,Hamburg,DE
R09929,Warsaw,PL
R09930,Warsaw,PL
R09931,Hamburg,DE
R09932,Copenhagen,DK
R09933,Rogaland,NO
R09934,Helsinki,FI
R09935,Hamburg,DE
R09936,Rogaland,NO
R09937,Rogaland,NO
R09938,Viken,NO
R09939,Warsaw,PL
R09940,Trondheim,NO
R09941,Helsinki,FI
R09942,Rogaland,NO
R09943,Trondheim,NO
R09944,Copenhagen,DK
R09945,Viken,NO
R09946,Warsaw,PL
R09947,Oslo,NO
R09948,Rogaland,NO
R09949,Copenhagen,DK
R09950,Rogaland,NO
R09951,Hamburg,DE
R09952,Hamburg,DE
R09953,Copenhagen,DK
R09954,Viken,NO
R09955,Trondheim,NO
R09956,Warsaw,PL
R09957,Bergen,NO
R09958,Rogaland,NO
R09959,Oslo,NO
R09960,Bergen,NO
R09961,Warsaw,PL
R09962,Oslo,NO
R09963,Copenhagen,DK
R09964,Hamburg,DE
R09965,Helsinki,FI
R09966,Trondheim,NO
R09967,Bergen,NO
R09968,Helsinki,FI
R09969,Oslo,NO
R09970,Oslo,NO
R09971,Hamburg,DE
R09972,Stavanger,NO
R09973,Hamburg,DE
R09974,Helsinki,FI
R09975,Trondheim,NO
R09976,Hamburg,DE
R09977,Copenhagen,DK
R09978,Trondheim,NO
R09979,Warsaw,PL
R09980,Helsinki,FI
R09981,Bergen,NO
R09982,Viken,NO
R09983,Helsinki,FI
R09984,Stavanger,NO
R09985,Oslo,NO
R09986,Trondheim,NO
R09987,Oslo,NO
R09988,Hamburg,DE
R09989,Stavanger,NO
R09990,Helsinki,FI
R09991,Bergen,NO
R09992,Warsaw,PL
R09993,Bergen,NO
R09994,Rogaland,NO
R09995,Viken,NO
R09996,Helsinki,FI
R09997,Bergen,NO
R09998,Viken,NO
R09999,Copenhagen,DK
R10000,Oslo,NO