link_id,customer_id,project_id,region_id
L00001,C03708,P00496,R07749
L00002,C00802,P07531,R02852
L00003,C09357,P09304,R00841
L00004,C02481,P08769,R08946
L00005,C01067,P01090,R08263
L00006,C02766,P08233,R04085
L00007,C08627,P03000,R04366
L00008,C05884,P04177,R02667
L00009,C01662,P06641,R04189
L00010,C09015,P01320,R00787
L00011,C03697,P01825,R06722
L00012,C00815,P06642,R01538
L00013,C04241,P05879,R00085
L00014,C07996,P06852,R05809
L00015,C02108,P04104,R07364
L00016,C08309,P04541,R02205
L00017,C06743,P01286,R02437
L00018,C00470,P01277,R00697
L00019,C05140,P06656,R07771
L00020,C01372,P07074,R03178
L00021,C09308,P09903,R02857
L00022,C06642,P07453,R03568
L00023,C01465,P02388,R07188
L00024,C01105,P01374,R02393
L00025,C08225,P03790,R00831
L00026,C09044,P05539,R04813
L00027,C05194,P08675,R05009
L00028,C09999,P07467,R03517
L00029,C02520,P03248,R04112
L00030,C09433,P04567,R03015
L00031,C09664,P09015,R00212
L00032,C08897,P02746,R06248
L00033,C09036,P07404,R02425
L00034,C01786,P08219,R01552
L00035,C09136,P04086,R01439
L00036,C05029,P06827,R02220
L00037,C05448,P06867,R05112
L00038,C09812,P01420,R09792
L00039,C04528,P08399,R03715
L00040,C06948,P00047,R01643
L00041,C01944,P09026,R03992
L00042,C06338,P07078,R04912
L00043,C09861,P09295,R03559
L00044,C04429,P03472,R02360
L00045,C01418,P02442,R06729
L00046,C00319,P05354,R02959
L00047,C04163,P06434,R01249
L00048,C08574,P03019,R09688
L00049,C09615,P04536,R07314
L00050,C07350,P07490,R04492
L00051,C04147,P02298,R06904
L00052,C04062,P06096,R08627
L00053,C04628,P02800,R01560
L00054,C06903,P02900,R02134
L00055,C04835,P06374,R08374
L00056,C08726,P02641,R00835
L00057,C05841,P08134,R07598
L00058,C07085,P01545,R00598
L00059,C01747,P04902,R03508
L00060,C00680,P01027,R04147
L00061,C01285,P07045,R06445
L00062,C06036,P01823,R01126
L00063,C01724,P06474,R05887
L00064,C02517,P08634,R02661
L00065,C01460,P09517,R05495
L00066,C08505,P02713,R03090
L00067,C05303,P04742,R08055
L00068,C05263,P03107,R00215
L00069,C05471,P09622,R08480
L00070,C09704,P00045,R02225
L00071,C00988,P06184,R08554
L00072,C05353,P00301,R04707
L00073,C08426,P00169,R02600
L00074,C05970,P00672,R06506
L00075,C06591,P02488,R02942
L00076,C07122,P02473,R03361
L00077,C01546,P03144,R08333
L00078,C07420,P01201,R08932
L00079,C08443,P07249,R01257
L00080,C08563,P07415,R04940
L00081,C08472,P01031,R06266
L00082,C02550,P03113,R04602
L00083,C09298,P07817,R06426
L00084,C06136,P07520,R04991
L00085,C03396,P06349,R00553
L00086,C08656,P08470,R05161
L00087,C07389,P01848,R08273
L00088,C05526,P00117,R01562
L00089,C04246,P00730,R08987
L00090,C02346,P09965,R08502
L00091,C02852,P08043,R06219
L00092,C00752,P04221,R03950
L00093,C02149,P09751,R09498
L00094,C00306,P03730,R04091
L00095,C08106,P08109,R01847
L00096,C04529,P01612,R07612
L00097,C09563,P07995,R04177
L00098,C00832,P03188,R09086
L00099,C08366,P06063,R01123
L00100,C05627,P06434,R09049
L00101,C07755,P09221,R03760
L00102,C02097,P07030,R08129
L00103,C04254,P05569,R08573
L00104,C02633,P04020,R08552
L00105,C00303,P04030,R01756
L00106,C00648,P03300,R00938
L00107,C05183,P01705,R03107
L00108,C03953,P08591,R05212
L00109,C03796,P06878,R00503
L00110,C02629,P07691,R03934
L00111,C09334,P05974,R00188
L00112,C01026,P09585,R06296
L00113,C02589,P01126,R08119
L00114,C09795,P04674,R05308
L00115,C04265,P04644,R07117
L00116,C06621,P03470,R05762
L00117,C01119,P02398,R04594
L00118,C07476,P01583,R04212
L00119,C08630,P01141,R03410
L00120,C04026,P03724,R05600
L00121,C00695,P08292,R01823
L00122,C05976,P09174,R06276
L00123,C08523,P09976,R04478
L00124,C04037,P07078,R03448
L00125,C09212,P07200,R04888
L00126,C08655,P04496,R01590
L00127,C09896,P02442,R07541
L00128,C03638,P08499,R04111
L00129,C07488,P01328,R04400
L00130,C08327,P01661,R02663
L00131,C01881,P05494,R02225
L00132,C05897,P01838,R02426
L00133,C09032,P00800,R01928
L00134,C06905,P07574,R06860
L00135,C05406,P05883,R09468
L00136,C08268,P04679,R05075
L00137,C03132,P04901,R09782
L00138,C00637,P05831,R00690
L00139,C03971,P02057,R02795
L00140,C07287,P03439,R07522
L00141,C03749,P02307,R02150
L00142,C08356,P03678,R02773
L00143,C01310,P02832,R07637
L00144,C07687,P06063,R03992
L00145,C07294,P08290,R00759
L00146,C07707,P07632,R00519
L00147,C01224,P03540,R07381
L00148,C09026,P02540,R03975
L00149,C00551,P09980,R07079
L00150,C07433,P04134,R06085
L00151,C04758,P02007,R08909
L00152,C04189,P01311,R03501
L00153,C05485,P07179,R05848
L00154,C06518,P09923,R02108
L00155,C02585,P08877,R01863
L00156,C07911,P03406,R04643
L00157,C05936,P06372,R02842
L00158,C05362,P07496,R00123
L00159,C06635,P00972,R05275
L00160,C05555,P02188,R04437
L00161,C04586,P05310,R04884
L00162,C08931,P01871,R07570
L00163,C02605,P04404,R06658
L00164,C05682,P09516,R04562
L00165,C04443,P04003,R08751
L00166,C07102,P08235,R05757
L00167,C06271,P06707,R07249
L00168,C07153,P04989,R06726
L00169,C08359,P03810,R05605
L00170,C02016,P07827,R05927
L00171,C09647,P07292,R03272
L00172,C06446,P04596,R03968
L00173,C01604,P07856,R01952
L00174,C00034,P02076,R09857
L00175,C05136,P08150,R02866
L00176,C09234,P04086,R00363
L00177,C09183,P08850,R09313
L00178,C08674,P03050,R00824
L00179,C03095,P01830,R07035
L00180,C06561,P02147,R01295
L00181,C08481,P05016,R01508
L00182,C06124,P05069,R05861
L00183,C07303,P02539,R08186
L00184,C07851,P00687,R04460
L00185,C02315,P07435,R07362
L00186,C09621,P07467,R01565
L00187,C00939,P04361,R00834
L00188,C04227,P04669,R07188
L00189,C02062,P04217,R04146
L00190,C06036,P07895,R03269
L00191,C02968,P02216,R01391
L00192,C09074,P09780,R00276
L00193,C01374,P09782,R06645
L00194,C08755,P09591,R04781
L00195,C03559,P08585,R04188
L00196,C08384,P01699,R07107
L00197,C05439,P09332,R02018
L00198,C00036,P06336,R06072
L00199,C06024,P00439,R03217
L00200,C02081,P03284,R08274
L00201,C00246,P09500,R09279
L00202,C08308,P05138,R01138
L00203,C01052,P05836,R08717
L00204,C01353,P04901,R08037
L00205,C06955,P03040,R03500
L00206,C02248,P03506,R00155
L00207,C09277,P03195,R01522
L00208,C06906,P03723,R05877
L00209,C08914,P05442,R01052
L00210,C02837,P05471,R02744
L00211,C06363,P06785,R09885
L00212,C00569,P04177,R05070
L00213,C02806,P06960,R01034
L00214,C09813,P09072,R07075
L00215,C08002,P04121,R06441
L00216,C08912,P02350,R00241
L00217,C02726,P02027,R04549
L00218,C08942,P02997,R03316
L00219,C06588,P01539,R00466
L00220,C03078,P03191,R02502
L00221,C03314,P05137,R04773
L00222,C03906,P05423,R07049
L00223,C05543,P00633,R08339
L00224,C05178,P05903,R01996
L00225,C09426,P09759,R07838
L00226,C03968,P01342,R08563
L00227,C05324,P06315,R02776
L00228,C02893,P03283,R09413
L00229,C07435,P02343,R06355
L00230,C03482,P01887,R01014
L00231,C05099,P08093,R06396
L00232,C01471,P04867,R08787
L00233,C05128,P04460,R01287
L00234,C02278,P03153,R03440
L00235,C02467,P09317,R05217
L00236,C00445,P01650,R00677
L00237,C02521,P03924,R06176
L00238,C08675,P07435,R04471
L00239,C04223,P05368,R03454
L00240,C00847,P04910,R09955
L00241,C06520,P03446,R05814
L00242,C07085,P04926,R02118
L00243,C02440,P09039,R05278
L00244,C07291,P04961,R03519
L00245,C03394,P09328,R04242
L00246,C01943,P08776,R04982
L00247,C01238,P02979,R04521
L00248,C02082,P09663,R04773
L00249,C04674,P04807,R02396
L00250,C08469,P01827,R00953
L00251,C09813,P07038,R06612
L00252,C06073,P08499,R03184
L00253,C07742,P08048,R02411
L00254,C08210,P07765,R08275
L00255,C00861,P06275,R01727
L00256,C09993,P07664,R09496
L00257,C08212,P05455,R08249
L00258,C03495,P05877,R06487
L00259,C07857,P00195,R06731
L00260,C00321,P06183,R07698
L00261,C06996,P01775,R00148
L00262,C04355,P09913,R04559
L00263,C04635,P00598,R01863
L00264,C04488,P08525,R03216
L00265,C05292,P03406,R06587
L00266,C09418,P09317,R09297
L00267,C06497,P09310,R02231
L00268,C05741,P08241,R04209
L00269,C02224,P04474,R05536
L00270,C00764,P03333,R05107
L00271,C04682,P01368,R01988
L00272,C01052,P01230,R04047
L00273,C01137,P00640,R02840
L00274,C09760,P07952,R09435
L00275,C01951,P06504,R09511
L00276,C08317,P02048,R04201
L00277,C08056,P08296,R06502
L00278,C01632,P09649,R04062
L00279,C07300,P05878,R07387
L00280,C06008,P08708,R06290
L00281,C08929,P08460,R06246
L00282,C02444,P08035,R00382
L00283,C01973,P07062,R06810
L00284,C00524,P05553,R07603
L00285,C03249,P05782,R05595
L00286,C04264,P08225,R01002
L00287,C01825,P02693,R05163
L00288,C03761,P01640,R09534
L00289,C02131,P04298,R06124
L00290,C05949,P08937,R07436
L00291,C02970,P02464,R00726
L00292,C00699,P07842,R06472
L00293,C08670,P00133,R08925
L00294,C03993,P03589,R03813
L00295,C02805,P04724,R03483
L00296,C09864,P06651,R05356
L00297,C01766,P04894,R05580
L00298,C05902,P01272,R04405
L00299,C08936,P05385,R01434
L00300,C07635,P06797,R08465
L00301,C09457,P09746,R05743
L00302,C04046,P09064,R07312
L00303,C06413,P01993,R08176
L00304,C03322,P02232,R03278
L00305,C07870,P02603,R01964
L00306,C06091,P06051,R02270
L00307,C07012,P09526,R06972
L00308,C00989,P08664,R00027
L00309,C08413,P04724,R08730
L00310,C03349,P06728,R04062
L00311,C00290,P06416,R06372
L00312,C04247,P09349,R00673
L00313,C03408,P02671,R00303
L00314,C06538,P06802,R03361
L00315,C06926,P08769,R05775
L00316,C07069,P07144,R06419
L00317,C09469,P02599,R08226
L00318,C03983,P04511,R06102
L00319,C02732,P08653,R01853
L00320,C05890,P03706,R01079
L00321,C00662,P03390,R04369
L00322,C02944,P09314,R01836
L00323,C00644,P06301,R05791
L00324,C09309,P00250,R07937
L00325,C04986,P03750,R06301
L00326,C04455,P04864,R00046
L00327,C03306,P07833,R03113
L00328,C07268,P06718,R05448
L00329,C06455,P02711,R06085
L00330,C05147,P04133,R04969
L00331,C09836,P02377,R04696
L00332,C09149,P07668,R04192
L00333,C07062,P00113,R08684
L00334,C09481,P01359,R09020
L00335,C04861,P03404,R03238
L00336,C09783,P04791,R01932
L00337,C06819,P01371,R09928
L00338,C09080,P01947,R00202
L00339,C08556,P04560,R03900
L00340,C04237,P05949,R08747
L00341,C00517,P04498,R06112
L00342,C07378,P07411,R03345
L00343,C05444,P09656,R04779
L00344,C04167,P06717,R07106
L00345,C06678,P09236,R07206
L00346,C06496,P01243,R00152
L00347,C05265,P06362,R08770
L00348,C00233,P01817,R01109
L00349,C04381,P08473,R09339
L00350,C09601,P09322,R08175
L00351,C05035,P09674,R04445
L00352,C02299,P05726,R05111
L00353,C02863,P03007,R02750
L00354,C06639,P04276,R05527
L00355,C04208,P07639,R08499
L00356,C08702,P08120,R01741
L00357,C05361,P08806,R01791
L00358,C01235,P09386,R09053
L00359,C09030,P06589,R02997
L00360,C02572,P01363,R08151
L00361,C00032,P00819,R02203
L00362,C09241,P02658,R03927
L00363,C03108,P08634,R09792
L00364,C04397,P06670,R05043
L00365,C07411,P08247,R06050
L00366,C07831,P05106,R03520
L00367,C04910,P09235,R09972
L00368,C06996,P01828,R07830
L00369,C01642,P05185,R05010
L00370,C01660,P05622,R01596
L00371,C04637,P09377,R07710
L00372,C02088,P04710,R09034
L00373,C06625,P01358,R09465
L00374,C03473,P02554,R04970
L00375,C01522,P03508,R01347
L00376,C00364,P07894,R07352
L00377,C06429,P00037,R00995
L00378,C03046,P05604,R09863
L00379,C05061,P06987,R08470
L00380,C01922,P09554,R03897
L00381,C01975,P08830,R04446
L00382,C03731,P00102,R01151
L00383,C05142,P05541,R06186
L00384,C06660,P08272,R08552
L00385,C04272,P08972,R02942
L00386,C04702,P07797,R04746
L00387,C04433,P04536,R02516
L00388,C06806,P01061,R03330
L00389,C04240,P02642,R07843
L00390,C09766,P04980,R04293
L00391,C03585,P08802,R02416
L00392,C08632,P09116,R06214
L00393,C00864,P08394,R01988
L00394,C08140,P08117,R05946
L00395,C00034,P07406,R09287
L00396,C03815,P04925,R03139
L00397,C00661,P04620,R01888
L00398,C02130,P00959,R02874
L00399,C04502,P02665,R02835
L00400,C04397,P03763,R00865
L00401,C00331,P00477,R01902
L00402,C07337,P05515,R03272
L00403,C09560,P05158,R06245
L00404,C07408,P07629,R02861
L00405,C04119,P07238,R00424
L00406,C01766,P07268,R08126
L00407,C05414,P03433,R08310
L00408,C08306,P00232,R03916
L00409,C01058,P08907,R00411
L00410,C01523,P01416,R06874
L00411,C09040,P01040,R01194
L00412,C00611,P05160,R04165
L00413,C01318,P00029,R04198
L00414,C09040,P05918,R07019
L00415,C01059,P03288,R03681
L00416,C03617,P07146,R06798
L00417,C01543,P04084,R00240
L00418,C00340,P03673,R00857
L00419,C04789,P09656,R04669
L00420,C05092,P07834,R01302
L00421,C00859,P01756,R01785
L00422,C05702,P03132,R09707
L00423,C05313,P00303,R05669
L00424,C08791,P07791,R02883
L00425,C08911,P01917,R05623
L00426,C08826,P01098,R09129
L00427,C00558,P06620,R02200
L00428,C08332,P06767,R03051
L00429,C01736,P07517,R01410
L00430,C06969,P00048,R05877
L00431,C03581,P04639,R08533
L00432,C03438,P02040,R01252
L00433,C06238,P08818,R08765
L00434,C06671,P04793,R01723
L00435,C01158,P07317,R04830
L00436,C09876,P07393,R08553
L00437,C04040,P01682,R01791
L00438,C08008,P08036,R06694
L00439,C04469,P02949,R08824
L00440,C06344,P01792,R06458
L00441,C04175,P02229,R04502
L00442,C04683,P02483,R02202
L00443,C01968,P08878,R09091
L00444,C06513,P00530,R03957
L00445,C07065,P00355,R01294
L00446,C09993,P05476,R05999
L00447,C06423,P02554,R02191
L00448,C00692,P09661,R06425
L00449,C00759,P08452,R08801
L00450,C06467,P07735,R05067
L00451,C09449,P04002,R09441
L00452,C03873,P09823,R08832
L00453,C09830,P06459,R07427
L00454,C08855,P02649,R00014
L00455,C03313,P05601,R08351
L00456,C09852,P03221,R08207
L00457,C08708,P06857,R08990
L00458,C00456,P07851,R00974
L00459,C00883,P09381,R05600
L00460,C04057,P01248,R00415
L00461,C04659,P01208,R00175
L00462,C00497,P03905,R09502
L00463,C06904,P02414,R03216
L00464,C02822,P04948,R00444
L00465,C03617,P06610,R07763
L00466,C08485,P02377,R03945
L00467,C00816,P00420,R00029
L00468,C03077,P06834,R07945
L00469,C01883,P01496,R04319
L00470,C05192,P04366,R05735
L00471,C00814,P01230,R04437
L00472,C04035,P03265,R01355
L00473,C03645,P06376,R06577
L00474,C00794,P09646,R07668
L00475,C05003,P04075,R00617
L00476,C04269,P04308,R08395
L00477,C03385,P06629,R00884
L00478,C06229,P07404,R06049
L00479,C01067,P05048,R02339
L00480,C09490,P03834,R01792
L00481,C03801,P08520,R05948
L00482,C04880,P00878,R01750
L00483,C08160,P01948,R09925
L00484,C02044,P05790,R08702
L00485,C06858,P07637,R07661
L00486,C02808,P09610,R07482
L00487,C01781,P09511,R09986
L00488,C04160,P03027,R07225
L00489,C01873,P07794,R08041
L00490,C04136,P00985,R01481
L00491,C08160,P02425,R04336
L00492,C07849,P04909,R08378
L00493,C03300,P00981,R01184
L00494,C07573,P03566,R07361
L00495,C04849,P06177,R02219
L00496,C03589,P07905,R02156
L00497,C06136,P08327,R01986
L00498,C07079,P05399,R03696
L00499,C03279,P08459,R08946
L00500,C07087,P04156,R00280
L00501,C01468,P09980,R02098
L00502,C06825,P03281,R01232
L00503,C07429,P01154,R05321
L00504,C08520,P05689,R09535
L00505,C01508,P00161,R04582
L00506,C07075,P06696,R00555
L00507,C00562,P04739,R09002
L00508,C02795,P05912,R05147
L00509,C02452,P03319,R05564
L00510,C03937,P01739,R07968
L00511,C04685,P08992,R03856
L00512,C05543,P02392,R05414
L00513,C08589,P08930,R01381
L00514,C07407,P08495,R05280
L00515,C03099,P02925,R02862
L00516,C03331,P01443,R03964
L00517,C00857,P03481,R01143
L00518,C00199,P03196,R04130
L00519,C07230,P01572,R02477
L00520,C07462,P07780,R02701
L00521,C08274,P02024,R02890
L00522,C06730,P07212,R01286
L00523,C05679,P01616,R09907
L00524,C02330,P08022,R06490
L00525,C09556,P00133,R05397
L00526,C08355,P00831,R01042
L00527,C07397,P01736,R06595
L00528,C03380,P08372,R00960
L00529,C03651,P05278,R09733
L00530,C09720,P08357,R00245
L00531,C01986,P06104,R04202
L00532,C09539,P01143,R04363
L00533,C00688,P04942,R04098
L00534,C08225,P07676,R00918
L00535,C09097,P01482,R01847
L00536,C09470,P04741,R04764
L00537,C09324,P08732,R05976
L00538,C01853,P04656,R06125
L00539,C00892,P06154,R00795
L00540,C03590,P05714,R09217
L00541,C04750,P01766,R09965
L00542,C01125,P06231,R09698
L00543,C03175,P07637,R06649
L00544,C00070,P02218,R04665
L00545,C00815,P00575,R00804
L00546,C04871,P02260,R01575
L00547,C01580,P08872,R03536
L00548,C00843,P00564,R03086
L00549,C02369,P01672,R07225
L00550,C03940,P03481,R06848
L00551,C06036,P05998,R05844
L00552,C06140,P05386,R06482
L00553,C03206,P06885,R08479
L00554,C00980,P09078,R04842
L00555,C08245,P04973,R02524
L00556,C02955,P08990,R09266
L00557,C07432,P08705,R08729
L00558,C00373,P05839,R06831
L00559,C06160,P06946,R07603
L00560,C06332,P03823,R07848
L00561,C01724,P05526,R00119
L00562,C01820,P06283,R04972
L00563,C02029,P08349,R03619
L00564,C03634,P09073,R01035
L00565,C02278,P09069,R04587
L00566,C08931,P09274,R09383
L00567,C07565,P03970,R00010
L00568,C04121,P06934,R04520
L00569,C00196,P09275,R06453
L00570,C04541,P04263,R06340
L00571,C00945,P00181,R09688
L00572,C01910,P00711,R07365
L00573,C04442,P00081,R02054
L00574,C03484,P02616,R05248
L00575,C04629,P08053,R08683
L00576,C01082,P03400,R00188
L00577,C03238,P04938,R00757
L00578,C05191,P03978,R03580
L00579,C04988,P04081,R05897
L00580,C03072,P05956,R01973
L00581,C06161,P03469,R07749
L00582,C06115,P01470,R05298
L00583,C03919,P06635,R04755
L00584,C01844,P03616,R07696
L00585,C07601,P05400,R02553
L00586,C00281,P05271,R09582
L00587,C07892,P07402,R08812
L00588,C09670,P05477,R00120
L00589,C05653,P08922,R05121
L00590,C03339,P07841,R05937
L00591,C02684,P06163,R09213
L00592,C02478,P09099,R05118
L00593,C04796,P08923,R08798
L00594,C00763,P02074,R06231
L00595,C01196,P05741,R05302
L00596,C05687,P05406,R01583
L00597,C03516,P07921,R06664
L00598,C03759,P07969,R02846
L00599,C09484,P05772,R04662
L00600,C07991,P07508,R06755
L00601,C05558,P07221,R00863
L00602,C00033,P09240,R03089
L00603,C07981,P06690,R05369
L00604,C07154,P09991,R00599
L00605,C07091,P03449,R01675
L00606,C00073,P00659,R06653
L00607,C05302,P00816,R05107
L00608,C05382,P00386,R07711
L00609,C00626,P03906,R00824
L00610,C01633,P02226,R07199
L00611,C03857,P05397,R03078
L00612,C02239,P04269,R05544
L00613,C06434,P03662,R05899
L00614,C05610,P02316,R09765
L00615,C00324,P02860,R05685
L00616,C07418,P00792,R02718
L00617,C00324,P01478,R07528
L00618,C07300,P08564,R00317
L00619,C04946,P06837,R06751
L00620,C04302,P00259,R05773
L00621,C08722,P02305,R04455
L00622,C08320,P00063,R00343
L00623,C01325,P02289,R04989
L00624,C01045,P09502,R09976
L00625,C00151,P00568,R02650
L00626,C06927,P05020,R00468
L00627,C08424,P07560,R08193
L00628,C00943,P01491,R09693
L00629,C08971,P00720,R08294
L00630,C00933,P05909,R00161
L00631,C07440,P04253,R01342
L00632,C01838,P07016,R06010
L00633,C06384,P02638,R04494
L00634,C06770,P00772,R00658
L00635,C02977,P03040,R06133
L00636,C00200,P02591,R01290
L00637,C06730,P00625,R02949
L00638,C07771,P06938,R07687
L00639,C05099,P05137,R03710
L00640,C03229,P02441,R01096
L00641,C07718,P08615,R03595
L00642,C09048,P04113,R05788
L00643,C06928,P00256,R00811
L00644,C02018,P05600,R00058
L00645,C01572,P03306,R00660
L00646,C04144,P02731,R05997
L00647,C04109,P05138,R08709
L00648,C06582,P04458,R02513
L00649,C05844,P01681,R05718
L00650,C02189,P00489,R08427
L00651,C06487,P03042,R02049
L00652,C03733,P09362,R09961
L00653,C08298,P06732,R09483
L00654,C01526,P09129,R05801
L00655,C05306,P02324,R04885
L00656,C05631,P04646,R06551
L00657,C00844,P07507,R01227
L00658,C04578,P00713,R00250
L00659,C04294,P03126,R01987
L00660,C04790,P04170,R01002
L00661,C06042,P01095,R08855
L00662,C09842,P04796,R00518
L00663,C01176,P02776,R07619
L00664,C01161,P02413,R00157
L00665,C09790,P09336,R09655
L00666,C00946,P03016,R01358
L00667,C09376,P06649,R09493
L00668,C03780,P04585,R02875
L00669,C09402,P03812,R05498
L00670,C01185,P08571,R02253
L00671,C03043,P07852,R08451
L00672,C02038,P09425,R01639
L00673,C01378,P07011,R06166
L00674,C00857,P05653,R01243
L00675,C02562,P05525,R05988
L00676,C09791,P09303,R06038
L00677,C02384,P02844,R08363
L00678,C08055,P09142,R09889
L00679,C01911,P05002,R08865
L00680,C07620,P03003,R02144
L00681,C03257,P06030,R01393
L00682,C04368,P03736,R06870
L00683,C09438,P01804,R01730
L00684,C05153,P03910,R07691
L00685,C07668,P03525,R05831
L00686,C09121,P09934,R06017
L00687,C07707,P08896,R06170
L00688,C09682,P08110,R02000
L00689,C02140,P02642,R08599
L00690,C09562,P06193,R01222
L00691,C07016,P05948,R01338
L00692,C03345,P01245,R04332
L00693,C02551,P02275,R04170
L00694,C02954,P08412,R05566
L00695,C06884,P09549,R09599
L00696,C03079,P05986,R07668
L00697,C00234,P04992,R06298
L00698,C09134,P05423,R02516
L00699,C08446,P04565,R07713
L00700,C08006,P02585,R04264
L00701,C06842,P09514,R01592
L00702,C08709,P01054,R00826
L00703,C05263,P03968,R08989
L00704,C02973,P04251,R01179
L00705,C09054,P00921,R02851
L00706,C00753,P08290,R06818
L00707,C09074,P05302,R04025
L00708,C04063,P01393,R09258
L00709,C08641,P08166,R00169
L00710,C04048,P07118,R00591
L00711,C00695,P01759,R00033
L00712,C08015,P08673,R06240
L00713,C08883,P08734,R09176
L00714,C00817,P05594,R08009
L00715,C00819,P09975,R09257
L00716,C09925,P08051,R00017
L00717,C09721,P09516,R02498
L00718,C00603,P09897,R05054
L00719,C00038,P03476,R04883
L00720,C09403,P01658,R08172
L00721,C02259,P00059,R01093
L00722,C05180,P00950,R02707
L00723,C09717,P03606,R00386
L00724,C09337,P01568,R03324
L00725,C09035,P00394,R03409
L00726,C03577,P06202,R07295
L00727,C04244,P09252,R02148
L00728,C00997,P04151,R08098
L00729,C00065,P02917,R08868
L00730,C07766,P08696,R02332
L00731,C09821,P02792,R08951
L00732,C07209,P02661,R08152
L00733,C05421,P05895,R09566
L00734,C01290,P04104,R05332
L00735,C05930,P01096,R00649
L00736,C03920,P08434,R00183
L00737,C03727,P07017,R02345
L00738,C08717,P02540,R02937
L00739,C06589,P03142,R01582
L00740,C06087,P00699,R06203
L00741,C03077,P08667,R04244
L00742,C03902,P00982,R00021
L00743,C04280,P00219,R00459
L00744,C05865,P03031,R05453
L00745,C07003,P07860,R03418
L00746,C06233,P07455,R04691
L00747,C09210,P08430,R07629
L00748,C01618,P09016,R01461
L00749,C09233,P02478,R01942
L00750,C03760,P05267,R07439
L00751,C05161,P08403,R07751
L00752,C09938,P09640,R07844
L00753,C00679,P05676,R02213
L00754,C00975,P06568,R06350
L00755,C06965,P00191,R09388
L00756,C08007,P00485,R01962
L00757,C00160,P02281,R03389
L00758,C06478,P03969,R03232
L00759,C00994,P01661,R04300
L00760,C09225,P05045,R09628
L00761,C03112,P05301,R00664
L00762,C02239,P05884,R03641
L00763,C00941,P01458,R05577
L00764,C07172,P01497,R06770
L00765,C05470,P08017,R00363
L00766,C05050,P07488,R07264
L00767,C00210,P00996,R09919
L00768,C04596,P08383,R07785
L00769,C06740,P02878,R03067
L00770,C00365,P00969,R07452
L00771,C02659,P00330,R09198
L00772,C06171,P05876,R01372
L00773,C02161,P06259,R03371
L00774,C07773,P06715,R02223
L00775,C06962,P02888,R05872
L00776,C01838,P08428,R08740
L00777,C04629,P09303,R07319
L00778,C06050,P07607,R00695
L00779,C07238,P03022,R01605
L00780,C09074,P04210,R03689
L00781,C09130,P06015,R01948
L00782,C05414,P05887,R08601
L00783,C02183,P07199,R01920
L00784,C07037,P01895,R05904
L00785,C00946,P08652,R09104
L00786,C00764,P03292,R01086
L00787,C07725,P09818,R00156
L00788,C01522,P05099,R02947
L00789,C00050,P01359,R06722
L00790,C03101,P07804,R01886
L00791,C00934,P04239,R00870
L00792,C02402,P08880,R07214
L00793,C08633,P07821,R05604
L00794,C06807,P02126,R00976
L00795,C00617,P04730,R09716
L00796,C02370,P06182,R08628
L00797,C01145,P04724,R06837
L00798,C03608,P08818,R08481
L00799,C02191,P07884,R09231
L00800,C01870,P03937,R03694
L00801,C08887,P04433,R09423
L00802,C07495,P01534,R02002
L00803,C06307,P01102,R07604
L00804,C00857,P04530,R09638
L00805,C06543,P04678,R05610
L00806,C06177,P06732,R01487
L00807,C09802,P07532,R04742
L00808,C01850,P00760,R03551
L00809,C08548,P08725,R04844
L00810,C04009,P02927,R09134
L00811,C09441,P05790,R03389
L00812,C07772,P05093,R09333
L00813,C03388,P04911,R08555
L00814,C09851,P09332,R09147
L00815,C03173,P07348,R00719
L00816,C00796,P05377,R04030
L00817,C00106,P03973,R08120
L00818,C06023,P01216,R02238
L00819,C06306,P03144,R06399
L00820,C04435,P04836,R08484
L00821,C01819,P06260,R06640
L00822,C03948,P03924,R00478
L00823,C05030,P03669,R08730
L00824,C06074,P03972,R02373
L00825,C03505,P06569,R07040
L00826,C01963,P07188,R08413
L00827,C06933,P02751,R05527
L00828,C05681,P08538,R08761
L00829,C00994,P04945,R07310
L00830,C08592,P09672,R02632
L00831,C03363,P04515,R07319
L00832,C08746,P01778,R06767
L00833,C01513,P03749,R04854
L00834,C09157,P09901,R03499
L00835,C06698,P08368,R05416
L00836,C08913,P02105,R02484
L00837,C04587,P08366,R03948
L00838,C04994,P02862,R02724
L00839,C07450,P04285,R04960
L00840,C07174,P02021,R00476
L00841,C07087,P04828,R01794
L00842,C02006,P00459,R07427
L00843,C01860,P06868,R08961
L00844,C09359,P01917,R03987
L00845,C00636,P04845,R04189
L00846,C07125,P06459,R06576
L00847,C02487,P01750,R03644
L00848,C05806,P02896,R08822
L00849,C02720,P03863,R00229
L00850,C03208,P09403,R02763
L00851,C01945,P05033,R05546
L00852,C02994,P04975,R07743
L00853,C03145,P05529,R06744
L00854,C01737,P04955,R08963
L00855,C03020,P00596,R05688
L00856,C04420,P06112,R05640
L00857,C04046,P01884,R03827
L00858,C07367,P08501,R00132
L00859,C09677,P06837,R05088
L00860,C01820,P02304,R02146
L00861,C08131,P02710,R04148
L00862,C00870,P06949,R01302
L00863,C08800,P07256,R09573
L00864,C03824,P07371,R04480
L00865,C06906,P05825,R08588
L00866,C06692,P03989,R07419
L00867,C08995,P08742,R04199
L00868,C05860,P03303,R04138
L00869,C07097,P09920,R07330
L00870,C08129,P06832,R09824
L00871,C05084,P03355,R00624
L00872,C01701,P04462,R07798
L00873,C05301,P09910,R01661
L00874,C09757,P08413,R01779
L00875,C07558,P09194,R06647
L00876,C08195,P07694,R02560
L00877,C08291,P06466,R08599
L00878,C04174,P03916,R02472
L00879,C02521,P07859,R04497
L00880,C03792,P04810,R01411
L00881,C03923,P08669,R01301
L00882,C00421,P08979,R08739
L00883,C09180,P07344,R05343
L00884,C01093,P09148,R01827
L00885,C04787,P03011,R01246
L00886,C01281,P03759,R04146
L00887,C02576,P04593,R02973
L00888,C07996,P01281,R09517
L00889,C05632,P00580,R08064
L00890,C02836,P03136,R01915
L00891,C00236,P07740,R04010
L00892,C02950,P07207,R02128
L00893,C09633,P00663,R08278
L00894,C02089,P05347,R08629
L00895,C08217,P06197,R02200
L00896,C01471,P04856,R08823
L00897,C01302,P07917,R00744
L00898,C04972,P00626,R00693
L00899,C09549,P08751,R04296
L00900,C03640,P02550,R05474
L00901,C08070,P04886,R08605
L00902,C03138,P03525,R02830
L00903,C08416,P09272,R07382
L00904,C01535,P05894,R08198
L00905,C05761,P07631,R09511
L00906,C06338,P00930,R03695
L00907,C01596,P03000,R08877
L00908,C09656,P07056,R07073
L00909,C08089,P07393,R03411
L00910,C06474,P00761,R08062
L00911,C08555,P04941,R05013
L00912,C02614,P07625,R02072
L00913,C05601,P09242,R01789
L00914,C06363,P07110,R02035
L00915,C06063,P07456,R02245
L00916,C09718,P02033,R01656
L00917,C02453,P02719,R05686
L00918,C06687,P08607,R09966
L00919,C01894,P05056,R09809
L00920,C02633,P00553,R00973
L00921,C00089,P04934,R02019
L00922,C05203,P02010,R06825
L00923,C00459,P05196,R06374
L00924,C02611,P07852,R01491
L00925,C03838,P05597,R04455
L00926,C03629,P05750,R04992
L00927,C00133,P05726,R01092
L00928,C08134,P04894,R09830
L00929,C09805,P01107,R06770
L00930,C09254,P04293,R05854
L00931,C03410,P04236,R06995
L00932,C05441,P02913,R05950
L00933,C03867,P06192,R03462
L00934,C04510,P02161,R02540
L00935,C00507,P01407,R02807
L00936,C00075,P05770,R05335
L00937,C05259,P03313,R08235
L00938,C05823,P02470,R01765
L00939,C04345,P06739,R03112
L00940,C07135,P00052,R06409
L00941,C00321,P08718,R09785
L00942,C07706,P07258,R07044
L00943,C06773,P05602,R03736
L00944,C01678,P07565,R08307
L00945,C03497,P00782,R07667
L00946,C05682,P02679,R05731
L00947,C00966,P09120,R07818
L00948,C02938,P02574,R08458
L00949,C00748,P04072,R01743
L00950,C04426,P08783,R05470
L00951,C05775,P09797,R09519
L00952,C07734,P04564,R07828
L00953,C08086,P02990,R04563
L00954,C01115,P00772,R00428
L00955,C03630,P00564,R06170
L00956,C06578,P00293,R01868
L00957,C03435,P01913,R07480
L00958,C00714,P00327,R02599
L00959,C07614,P00687,R03654
L00960,C06053,P09513,R03205
L00961,C02793,P02469,R06383
L00962,C02432,P00025,R09135
L00963,C02500,P09366,R08190
L00964,C08980,P05265,R00799
L00965,C08220,P01925,R04271
L00966,C03452,P07359,R07551
L00967,C02507,P09126,R00796
L00968,C07701,P09798,R09522
L00969,C03907,P07220,R08556
L00970,C04806,P07920,R02018
L00971,C07402,P04558,R03541
L00972,C05013,P08375,R06887
L00973,C01106,P08146,R03506
L00974,C08366,P06355,R09023
L00975,C08540,P00101,R01678
L00976,C02184,P00932,R09588
L00977,C00946,P06339,R01076
L00978,C04518,P05015,R06346
L00979,C08429,P03572,R08299
L00980,C06828,P02745,R09904
L00981,C02925,P07315,R08913
L00982,C02791,P03429,R01068
L00983,C00641,P09257,R09581
L00984,C04196,P05347,R01286
L00985,C03324,P04576,R04211
L00986,C06371,P01016,R00297
L00987,C01825,P01702,R02688
L00988,C08352,P08007,R00917
L00989,C07388,P07770,R09755
L00990,C06089,P00637,R06440
L00991,C06735,P03951,R07325
L00992,C01993,P00430,R07070
L00993,C06095,P08400,R09467
L00994,C02000,P06831,R01593
L00995,C07456,P00592,R07223
L00996,C00091,P06555,R06243
L00997,C05060,P09962,R03803
L00998,C06620,P05921,R05327
L00999,C08655,P09032,R05158
L01000,C08648,P08205,R01975
L01001,C06281,P01406,R04543
L01002,C07983,P05293,R00931
L01003,C03136,P06745,R01909
L01004,C08500,P07441,R07534
L01005,C09134,P02393,R02263
L01006,C01816,P02366,R08791
L01007,C08346,P06154,R09993
L01008,C08158,P05778,R02775
L01009,C04547,P06102,R06416
L01010,C08590,P05555,R00064
L01011,C01502,P08952,R03669
L01012,C08981,P05256,R05473
L01013,C09593,P09038,R07491
L01014,C05773,P00917,R09220
L01015,C08654,P07515,R01318
L01016,C03901,P05082,R02740
L01017,C01391,P00577,R05095
L01018,C02569,P02980,R04727
L01019,C03663,P00369,R03979
L01020,C07215,P08939,R09037
L01021,C00020,P01394,R02970
L01022,C01085,P03654,R03160
L01023,C05765,P04043,R08306
L01024,C04468,P04179,R03171
L01025,C01417,P09302,R07547
L01026,C07660,P02938,R05900
L01027,C06521,P03861,R07014
L01028,C05646,P06455,R06266
L01029,C09633,P06042,R06333
L01030,C03332,P04687,R06444
L01031,C08478,P05279,R09287
L01032,C05272,P02795,R05703
L01033,C06816,P07188,R04474
L01034,C09836,P08354,R06558
L01035,C07962,P04989,R02515
L01036,C04837,P01573,R02073
L01037,C05456,P03640,R04297
L01038,C03315,P04380,R04079
L01039,C07150,P04599,R02206
L01040,C03876,P05362,R09798
L01041,C04866,P09803,R02879
L01042,C03447,P05115,R04200
L01043,C02446,P08323,R08243
L01044,C04735,P02216,R04532
L01045,C09330,P06183,R06412
L01046,C06735,P04598,R08012
L01047,C03324,P02049,R04406
L01048,C07517,P06608,R03267
L01049,C03133,P04808,R07119
L01050,C02385,P06003,R03244
L01051,C08399,P02280,R09063
L01052,C02646,P01981,R02196
L01053,C07512,P00162,R00930
L01054,C00221,P09411,R03981
L01055,C07839,P01684,R07309
L01056,C02816,P00584,R04520
L01057,C00602,P08421,R02712
L01058,C04129,P06837,R00356
L01059,C04398,P03663,R03779
L01060,C02212,P05283,R04621
L01061,C07161,P03338,R09966
L01062,C01283,P00257,R06417
L01063,C04830,P08197,R07952
L01064,C03384,P05448,R05076
L01065,C04650,P07020,R06770
L01066,C08036,P08805,R08015
L01067,C07913,P08824,R07784
L01068,C00979,P02949,R02145
L01069,C02571,P03496,R04428
L01070,C07500,P03294,R01339
L01071,C09947,P00026,R00304
L01072,C01437,P00276,R01693
L01073,C02467,P07833,R07173
L01074,C00182,P05651,R04136
L01075,C03936,P01516,R05216
L01076,C05174,P08856,R01864
L01077,C05792,P01759,R09554
L01078,C05628,P03599,R08401
L01079,C05467,P00289,R08833
L01080,C03292,P09869,R02199
L01081,C07628,P07329,R07446
L01082,C02043,P02341,R04837
L01083,C04694,P02613,R06481
L01084,C06109,P03603,R09546
L01085,C05121,P07108,R08021
L01086,C08778,P03274,R06829
L01087,C08521,P02239,R07539
L01088,C03079,P03198,R03529
L01089,C05798,P08731,R06347
L01090,C04298,P05151,R07686
L01091,C01260,P04741,R04565
L01092,C00651,P03478,R01775
L01093,C09897,P02976,R03283
L01094,C09331,P04685,R01098
L01095,C02877,P09245,R07246
L01096,C01972,P09782,R04150
L01097,C01820,P04202,R03032
L01098,C09176,P04182,R05488
L01099,C04103,P00897,R07805
L01100,C06160,P03690,R03355
L01101,C02184,P01041,R05014
L01102,C00633,P09306,R04589
L01103,C01041,P05138,R06167
L01104,C00955,P06565,R09142
L01105,C07514,P09418,R09088
L01106,C03444,P03338,R05256
L01107,C06392,P05086,R06546
L01108,C05055,P01969,R08981
L01109,C07758,P02845,R03064
L01110,C07812,P02394,R03003
L01111,C07610,P07725,R04617
L01112,C04690,P09612,R04139
L01113,C06863,P00504,R08761
L01114,C03055,P04905,R07757
L01115,C08231,P04634,R08064
L01116,C07232,P04192,R06578
L01117,C05766,P07768,R04792
L01118,C06334,P00660,R04438
L01119,C02417,P08870,R02475
L01120,C07737,P08236,R08309
L01121,C04223,P06681,R06577
L01122,C04069,P01424,R06800
L01123,C03998,P03283,R04768
L01124,C08145,P02937,R06856
L01125,C01074,P06131,R05653
L01126,C04534,P07163,R02380
L01127,C00584,P00214,R06159
L01128,C03617,P08758,R09043
L01129,C07544,P03041,R07013
L01130,C03556,P03314,R01284
L01131,C07868,P08603,R00741
L01132,C00677,P08930,R02115
L01133,C05802,P05024,R05540
L01134,C00631,P00401,R09248
L01135,C00803,P01810,R03218
L01136,C01803,P06605,R09727
L01137,C03337,P05220,R08888
L01138,C02764,P07185,R00699
L01139,C07379,P04323,R03443
L01140,C00105,P02460,R00010
L01141,C02184,P08537,R09733
L01142,C00721,P08895,R00438
L01143,C03638,P01349,R02188
L01144,C04466,P03245,R09369
L01145,C05396,P03099,R04748
L01146,C04663,P03223,R02989
L01147,C01995,P05335,R06193
L01148,C02904,P07105,R01890
L01149,C01093,P07047,R00482
L01150,C08786,P03734,R08889
L01151,C04221,P05417,R01224
L01152,C06899,P02691,R01813
L01153,C09520,P07287,R06542
L01154,C00796,P03245,R00384
L01155,C03156,P07925,R04890
L01156,C08774,P02324,R09846
L01157,C08048,P01655,R06140
L01158,C02346,P01121,R01582
L01159,C02309,P04632,R03312
L01160,C09335,P00636,R01065
L01161,C00971,P04186,R08879
L01162,C09485,P07436,R02733
L01163,C00639,P04704,R08628
L01164,C01290,P06657,R07890
L01165,C05459,P02155,R07358
L01166,C06588,P07437,R05886
L01167,C06554,P07091,R02073
L01168,C01627,P00416,R03528
L01169,C07752,P07239,R08753
L01170,C01512,P04937,R05826
L01171,C02012,P03831,R08991
L01172,C02409,P02350,R06780
L01173,C04642,P07706,R09722
L01174,C00689,P06003,R09589
L01175,C09116,P02550,R07557
L01176,C06414,P08958,R00285
L01177,C01925,P04490,R07977
L01178,C07179,P00186,R04934
L01179,C03411,P00923,R06692
L01180,C08777,P08007,R05198
L01181,C06519,P04048,R09989
L01182,C06155,P04390,R07276
L01183,C08754,P02612,R08516
L01184,C02302,P03749,R03157
L01185,C00840,P09177,R00309
L01186,C00790,P09422,R07816
L01187,C05374,P01835,R06911
L01188,C00053,P03589,R07775
L01189,C08614,P02157,R07667
L01190,C06993,P09837,R02680
L01191,C01444,P05407,R02329
L01192,C06233,P08381,R03710
L01193,C04356,P02062,R06159
L01194,C09976,P00424,R09066
L01195,C01982,P01968,R06376
L01196,C01883,P01869,R08658
L01197,C09662,P01761,R05640
L01198,C04779,P01889,R01034
L01199,C01296,P07881,R00859
L01200,C09674,P09937,R09583
L01201,C01774,P00704,R08195
L01202,C04968,P03760,R08676
L01203,C04582,P03176,R05997
L01204,C03731,P06905,R07775
L01205,C04291,P03195,R08278
L01206,C06343,P00307,R02667
L01207,C00917,P03560,R01616
L01208,C07120,P06279,R01845
L01209,C01426,P05765,R09810
L01210,C01279,P08494,R09719
L01211,C04238,P09917,R04168
L01212,C09695,P07845,R05477
L01213,C00739,P06437,R07305
L01214,C08811,P00578,R01183
L01215,C07970,P08964,R05125
L01216,C03943,P09049,R08917
L01217,C01005,P03039,R05953
L01218,C00315,P02707,R03200
L01219,C06324,P09873,R03241
L01220,C00761,P05696,R04185
L01221,C09194,P07390,R02706
L01222,C02230,P02238,R03862
L01223,C00432,P07617,R08965
L01224,C03074,P03063,R07794
L01225,C08902,P06712,R09622
L01226,C05275,P00418,R00791
L01227,C06828,P07973,R04774
L01228,C09178,P02851,R02549
L01229,C09222,P07518,R03140
L01230,C09504,P04121,R07767
L01231,C00175,P03835,R05391
L01232,C09402,P06537,R00800
L01233,C07772,P01395,R08566
L01234,C04703,P01253,R05151
L01235,C04045,P01470,R00442
L01236,C00748,P05977,R07700
L01237,C08646,P03941,R09524
L01238,C04368,P08386,R06254
L01239,C08499,P07458,R01214
L01240,C06785,P00529,R02937
L01241,C01691,P06642,R02778
L01242,C06857,P05070,R09969
L01243,C01092,P07307,R01780
L01244,C03961,P01663,R00771
L01245,C04117,P07109,R08002
L01246,C06862,P01268,R02574
L01247,C08992,P07150,R07018
L01248,C05110,P09141,R05563
L01249,C00984,P02775,R02204
L01250,C08206,P02044,R04752
L01251,C09656,P03626,R03816
L01252,C01760,P07142,R06275
L01253,C06912,P05080,R02177
L01254,C05308,P05914,R04455
L01255,C00227,P03994,R00786
L01256,C05028,P07661,R01932
L01257,C04910,P00720,R01959
L01258,C08838,P00030,R05374
L01259,C02129,P01849,R09372
L01260,C00156,P05817,R00800
L01261,C08322,P01399,R09150
L01262,C08011,P01446,R05487
L01263,C07825,P07396,R04017
L01264,C04223,P06703,R03270
L01265,C03998,P01237,R01527
L01266,C09684,P03525,R00159
L01267,C07577,P04745,R06666
L01268,C03499,P06190,R07823
L01269,C01574,P08240,R01422
L01270,C08148,P08764,R03472
L01271,C03116,P04182,R07441
L01272,C09479,P01987,R02016
L01273,C08224,P05566,R07924
L01274,C04596,P09359,R02991
L01275,C01988,P07427,R09527
L01276,C06372,P08910,R04616
L01277,C01485,P06390,R07809
L01278,C00962,P02858,R00546
L01279,C09520,P03189,R02860
L01280,C06188,P09678,R08249
L01281,C04643,P08203,R08409
L01282,C09022,P05732,R00153
L01283,C07397,P03654,R09044
L01284,C07197,P06450,R08412
L01285,C08441,P06070,R07094
L01286,C03721,P09741,R02790
L01287,C07507,P08918,R00330
L01288,C04486,P02624,R00227
L01289,C04878,P07594,R08227
L01290,C04853,P07153,R08948
L01291,C04893,P01820,R02974
L01292,C08529,P03519,R05391
L01293,C01050,P06403,R03391
L01294,C08795,P02256,R08853
L01295,C03319,P03200,R01836
L01296,C07240,P03253,R07437
L01297,C02512,P07520,R04006
L01298,C04687,P05041,R05399
L01299,C01623,P03748,R07739
L01300,C06031,P03863,R01115
L01301,C03834,P06772,R07168
L01302,C03661,P00228,R04012
L01303,C06581,P02386,R06927
L01304,C01679,P06638,R03695
L01305,C02399,P03048,R04786
L01306,C01572,P09284,R08237
L01307,C03165,P00779,R08959
L01308,C08150,P00412,R09316
L01309,C06749,P09674,R01672
L01310,C01281,P05811,R00080
L01311,C03728,P09696,R01572
L01312,C06305,P00818,R00396
L01313,C04986,P05242,R05746
L01314,C03784,P08113,R07031
L01315,C08512,P00322,R03205
L01316,C08232,P00359,R01426
L01317,C05341,P04896,R04540
L01318,C09804,P08405,R03978
L01319,C04457,P06418,R09588
L01320,C02753,P09509,R09899
L01321,C01737,P03892,R03260
L01322,C03931,P00657,R07818
L01323,C04708,P05059,R03159
L01324,C08532,P05067,R09595
L01325,C09052,P03366,R06337
L01326,C00272,P08734,R05580
L01327,C00321,P02082,R07549
L01328,C09913,P05725,R09151
L01329,C04829,P09372,R01555
L01330,C04943,P02910,R07666
L01331,C07915,P07433,R09280
L01332,C09164,P01976,R09472
L01333,C07078,P07410,R05117
L01334,C00230,P08979,R01069
L01335,C02059,P09264,R06574
L01336,C06409,P02236,R07597
L01337,C02808,P03821,R07575
L01338,C09552,P05705,R07439
L01339,C07326,P06487,R01880
L01340,C04287,P00010,R00490
L01341,C00364,P03424,R06773
L01342,C01181,P04267,R00207
L01343,C09930,P09136,R09002
L01344,C03883,P08791,R04669
L01345,C07229,P09936,R09126
L01346,C04147,P03932,R05851
L01347,C00838,P08316,R06952
L01348,C08004,P07637,R03715
L01349,C04360,P02547,R05325
L01350,C09136,P07511,R08195
L01351,C00723,P00050,R01079
L01352,C05344,P03926,R09720
L01353,C07354,P07973,R00020
L01354,C08557,P06913,R04858
L01355,C02580,P09520,R07123
L01356,C08794,P02688,R08923
L01357,C02067,P00502,R09454
L01358,C03074,P09694,R06020
L01359,C00121,P08828,R02348
L01360,C01823,P03207,R05318
L01361,C09075,P06818,R00911
L01362,C05716,P08177,R07829
L01363,C04041,P09755,R02849
L01364,C00057,P05871,R03658
L01365,C05711,P06200,R03947
L01366,C01753,P00855,R06625
L01367,C03435,P06117,R01206
L01368,C00323,P02820,R06299
L01369,C08988,P06041,R04458
L01370,C03006,P07465,R09869
L01371,C02865,P00712,R00193
L01372,C08897,P02156,R04535
L01373,C06740,P09226,R05124
L01374,C03991,P05007,R04676
L01375,C06120,P01679,R05173
L01376,C08838,P00077,R06179
L01377,C01715,P05395,R02048
L01378,C09801,P03780,R00550
L01379,C08237,P08308,R08350
L01380,C04863,P07781,R00270
L01381,C08577,P01174,R08382
L01382,C07593,P02148,R05034
L01383,C04290,P08758,R04054
L01384,C06391,P08829,R05409
L01385,C07011,P06180,R03617
L01386,C00017,P06420,R00756
L01387,C09264,P08555,R04846
L01388,C07811,P03003,R09716
L01389,C05049,P09979,R02780
L01390,C01403,P03342,R03381
L01391,C01404,P03133,R03658
L01392,C01892,P05382,R03352
L01393,C08658,P00197,R07938
L01394,C05451,P01431,R00041
L01395,C06637,P00863,R04408
L01396,C01066,P01762,R02375
L01397,C03681,P05496,R00470
L01398,C08403,P05592,R05545
L01399,C07298,P02121,R05751
L01400,C05305,P06276,R08862
L01401,C05538,P08430,R00491
L01402,C00090,P06834,R02949
L01403,C09583,P00900,R03134
L01404,C04251,P09638,R08497
L01405,C03024,P09156,R08412
L01406,C04410,P01979,R02494
L01407,C04803,P05352,R02877
L01408,C04810,P07549,R00712
L01409,C02765,P07633,R05887
L01410,C03477,P03959,R09952
L01411,C03962,P04826,R04160
L01412,C08108,P03341,R02747
L01413,C03863,P05654,R02778
L01414,C02104,P04649,R00717
L01415,C04620,P06203,R04938
L01416,C05801,P03033,R02619
L01417,C06158,P01650,R02133
L01418,C05056,P08994,R01982
L01419,C01717,P01317,R07494
L01420,C03338,P06594,R06122
L01421,C00487,P01486,R01959
L01422,C03709,P04198,R07556
L01423,C09633,P07966,R07639
L01424,C07780,P08612,R00742
L01425,C00912,P00358,R03713
L01426,C07994,P09932,R02632
L01427,C02589,P05801,R02857
L01428,C02243,P04219,R06464
L01429,C03915,P06224,R05225
L01430,C05294,P09364,R03614
L01431,C01188,P03542,R04828
L01432,C03035,P04982,R09206
L01433,C00854,P08414,R04748
L01434,C01439,P03932,R01117
L01435,C07608,P05077,R02241
L01436,C02334,P04764,R07815
L01437,C02929,P05957,R02677
L01438,C01513,P00816,R06223
L01439,C04774,P03676,R09169
L01440,C07455,P08325,R01373
L01441,C04228,P06754,R08405
L01442,C08498,P07599,R05465
L01443,C07069,P08174,R02494
L01444,C00651,P03472,R02923
L01445,C02427,P00761,R09053
L01446,C02924,P04755,R05433
L01447,C05947,P05040,R00756
L01448,C06498,P07141,R06922
L01449,C01956,P06144,R01708
L01450,C04905,P05828,R08915
L01451,C02690,P04581,R01036
L01452,C04276,P04077,R07630
L01453,C09852,P03495,R04481
L01454,C04994,P03952,R09062
L01455,C03845,P00409,R00585
L01456,C02808,P10000,R07288
L01457,C02573,P04515,R02553
L01458,C08501,P08963,R02596
L01459,C00121,P05338,R08961
L01460,C05349,P05778,R09870
L01461,C06698,P07273,R06940
L01462,C02800,P02344,R06351
L01463,C04766,P03631,R05216
L01464,C04271,P03031,R03661
L01465,C01059,P02964,R06423
L01466,C04605,P05791,R08956
L01467,C04959,P01763,R06986
L01468,C07204,P05842,R06669
L01469,C05962,P06498,R01135
L01470,C05015,P01291,R03253
L01471,C01477,P08976,R00363
L01472,C05350,P09382,R07313
L01473,C08391,P04775,R02373
L01474,C03429,P01695,R05880
L01475,C04608,P08348,R07043
L01476,C02764,P01030,R07262
L01477,C02813,P06866,R01171
L01478,C04957,P06427,R02497
L01479,C02699,P09983,R09945
L01480,C06147,P05967,R01441
L01481,C06995,P09591,R04088
L01482,C06973,P05061,R04812
L01483,C05236,P05497,R06071
L01484,C07840,P00147,R00794
L01485,C02879,P01889,R05633
L01486,C04547,P04194,R03771
L01487,C02836,P03136,R01106
L01488,C05208,P07735,R05291
L01489,C03649,P07990,R04388
L01490,C04338,P02460,R05989
L01491,C06945,P07019,R04598
L01492,C06828,P02911,R08039
L01493,C06473,P00009,R04921
L01494,C02539,P01404,R05810
L01495,C02012,P06047,R03280
L01496,C01874,P06703,R01969
L01497,C09452,P04789,R02300
L01498,C03047,P05532,R09445
L01499,C07562,P03165,R04020
L01500,C01739,P09547,R08051
L01501,C05723,P01166,R03495
L01502,C01625,P09961,R05356
L01503,C01330,P04655,R01811
L01504,C00609,P04988,R07067
L01505,C06396,P09121,R05003
L01506,C00163,P01149,R09117
L01507,C07649,P02261,R06810
L01508,C05327,P08193,R08365
L01509,C05879,P02912,R04430
L01510,C03945,P03958,R02360
L01511,C08126,P01845,R02641
L01512,C08950,P02248,R02236
L01513,C08032,P01900,R01860
L01514,C02216,P02882,R00990
L01515,C01649,P05686,R01225
L01516,C05103,P06556,R02628
L01517,C04643,P02244,R06623
L01518,C01362,P06232,R08943
L01519,C02184,P02618,R00944
L01520,C08519,P09647,R05243
L01521,C07830,P04730,R03121
L01522,C06954,P05086,R05759
L01523,C08058,P09202,R04895
L01524,C09584,P02473,R02782
L01525,C03293,P09630,R08444
L01526,C02402,P02227,R02319
L01527,C03125,P03328,R08052
L01528,C02502,P00240,R02149
L01529,C03701,P05586,R08359
L01530,C00156,P05492,R00031
L01531,C00910,P03918,R05334
L01532,C05370,P02605,R04769
L01533,C00579,P07956,R03041
L01534,C03365,P08015,R00879
L01535,C06316,P01747,R03986
L01536,C04220,P07387,R01395
L01537,C02225,P09045,R05100
L01538,C08639,P09927,R03268
L01539,C01554,P03133,R09502
L01540,C01278,P07193,R00586
L01541,C06089,P00486,R02746
L01542,C04087,P07359,R00718
L01543,C00640,P04691,R09040
L01544,C07357,P08644,R08829
L01545,C02952,P05625,R04150
L01546,C01330,P02568,R09236
L01547,C01685,P08020,R08230
L01548,C04954,P04782,R04293
L01549,C00816,P06153,R01021
L01550,C08673,P06055,R04197
L01551,C02239,P08802,R01739
L01552,C00672,P02589,R02477
L01553,C08388,P03562,R08744
L01554,C02481,P02928,R03594
L01555,C00469,P01066,R08025
L01556,C02286,P08727,R03813
L01557,C06790,P07123,R04627
L01558,C00456,P07698,R09445
L01559,C09748,P01069,R08894
L01560,C07139,P09919,R08881
L01561,C05938,P09298,R02967
L01562,C03742,P09487,R07780
L01563,C02927,P00532,R00484
L01564,C00714,P06996,R06288
L01565,C08104,P07130,R06468
L01566,C08624,P05323,R02372
L01567,C07943,P03742,R00109
L01568,C03952,P08110,R08428
L01569,C05489,P06321,R06924
L01570,C10000,P02819,R05919
L01571,C02389,P05779,R06311
L01572,C02511,P03998,R08195
L01573,C03726,P02981,R02022
L01574,C01294,P06806,R00855
L01575,C01281,P03455,R04153
L01576,C00300,P07302,R09727
L01577,C01037,P06472,R01662
L01578,C04933,P07782,R02776
L01579,C07764,P05904,R09207
L01580,C05549,P02921,R07455
L01581,C02996,P08010,R04459
L01582,C05002,P01641,R04662
L01583,C03082,P01378,R05570
L01584,C04986,P02309,R05161
L01585,C02451,P02454,R09578
L01586,C01759,P04056,R03685
L01587,C08646,P05898,R03235
L01588,C02375,P07444,R06872
L01589,C01234,P08673,R04419
L01590,C05145,P06075,R00108
L01591,C01940,P06183,R00573
L01592,C03175,P06746,R03043
L01593,C09011,P08467,R01437
L01594,C03606,P05975,R04917
L01595,C02626,P04383,R05100
L01596,C06007,P04268,R02738
L01597,C00273,P03587,R08152
L01598,C02388,P00301,R04864
L01599,C07116,P05180,R04092
L01600,C09565,P07013,R06680
L01601,C07764,P07440,R04368
L01602,C03984,P02443,R00938
L01603,C06367,P02712,R01312
L01604,C03799,P09589,R03518
L01605,C05810,P06838,R08752
L01606,C07718,P07165,R06006
L01607,C08167,P00284,R03212
L01608,C00100,P09639,R09254
L01609,C08773,P06532,R05369
L01610,C08365,P09955,R06034
L01611,C00462,P00847,R02283
L01612,C01335,P03019,R00426
L01613,C04788,P09850,R06244
L01614,C06315,P08656,R08793
L01615,C04470,P01698,R02314
L01616,C07423,P05822,R00897
L01617,C05789,P00019,R01868
L01618,C09001,P01046,R07715
L01619,C03775,P05732,R00793
L01620,C07011,P08226,R08278
L01621,C03249,P09746,R05736
L01622,C07801,P03720,R02783
L01623,C06862,P01506,R00027
L01624,C03533,P09932,R02081
L01625,C09074,P02644,R01556
L01626,C03834,P03629,R04873
L01627,C03921,P01651,R03570
L01628,C02228,P03528,R08379
L01629,C09248,P00811,R07790
L01630,C04081,P00189,R09385
L01631,C09993,P06566,R09843
L01632,C08694,P06847,R02880
L01633,C05979,P05623,R05544
L01634,C06421,P06876,R07739
L01635,C08828,P02724,R06829
L01636,C08219,P06192,R03521
L01637,C00830,P00571,R08934
L01638,C02026,P09962,R08164
L01639,C03544,P07210,R03861
L01640,C04413,P01496,R00830
L01641,C04030,P00552,R01174
L01642,C01871,P07170,R07704
L01643,C05473,P07055,R04499
L01644,C04307,P06488,R07802
L01645,C01705,P05156,R04790
L01646,C07554,P04518,R04218
L01647,C07319,P04243,R05071
L01648,C07170,P03385,R03984
L01649,C03358,P01671,R00663
L01650,C07360,P04032,R03237
L01651,C02562,P06605,R04010
L01652,C05303,P08675,R02685
L01653,C02193,P04668,R03205
L01654,C08568,P01606,R08572
L01655,C06621,P07413,R10000
L01656,C06204,P02264,R00258
L01657,C08565,P04870,R04914
L01658,C08073,P00432,R04690
L01659,C07222,P07744,R05258
L01660,C00172,P08986,R00856
L01661,C05951,P04615,R09245
L01662,C09985,P05355,R08105
L01663,C05136,P09045,R05767
L01664,C04422,P02726,R00827
L01665,C03731,P07639,R00827
L01666,C06576,P03141,R04930
L01667,C00945,P01215,R03081
L01668,C03072,P04382,R08613
L01669,C00175,P09341,R08295
L01670,C06066,P04466,R04568
L01671,C09757,P09464,R07488
L01672,C06418,P04895,R02456
L01673,C09709,P03383,R05972
L01674,C09317,P08657,R06269
L01675,C05837,P00882,R03273
L01676,C09401,P02109,R06726
L01677,C02712,P04911,R07867
L01678,C03489,P08548,R00108
L01679,C07327,P05156,R02517
L01680,C07121,P05303,R06063
L01681,C02186,P02313,R08339
L01682,C00761,P03769,R09000
L01683,C02308,P08365,R00174
L01684,C04562,P07728,R03443
L01685,C03800,P00225,R09432
L01686,C05055,P04252,R04873
L01687,C00380,P07587,R01387
L01688,C08862,P00945,R00754
L01689,C01320,P00431,R05649
L01690,C08019,P03688,R08194
L01691,C02088,P00937,R05143
L01692,C03431,P04836,R09884
L01693,C00165,P03566,R04881
L01694,C01426,P07392,R00047
L01695,C06286,P01315,R02674
L01696,C06045,P03432,R05332
L01697,C05676,P03533,R04434
L01698,C01763,P00388,R08404
L01699,C01328,P06364,R07715
L01700,C08748,P09492,R05240
L01701,C03102,P06688,R00777
L01702,C06702,P05064,R06742
L01703,C08485,P04400,R07692
L01704,C07576,P01626,R04894
L01705,C04398,P02643,R09649
L01706,C00119,P08705,R01700
L01707,C00894,P08461,R09274
L01708,C06107,P04080,R00069
L01709,C09667,P03640,R02125
L01710,C06170,P04974,R00820
L01711,C09937,P05737,R07707
L01712,C02803,P04274,R06107
L01713,C02967,P04780,R08587
L01714,C06854,P06144,R04111
L01715,C08215,P00728,R00236
L01716,C08004,P05672,R08172
L01717,C09613,P04054,R08668
L01718,C08055,P05556,R08863
L01719,C03142,P04763,R06781
L01720,C06335,P06503,R08769
L01721,C07925,P06141,R03528
L01722,C08319,P02449,R08679
L01723,C06773,P02383,R03974
L01724,C03101,P04192,R08139
L01725,C05204,P06642,R09290
L01726,C02130,P02022,R09165
L01727,C00485,P02058,R07498
L01728,C05034,P03465,R03596
L01729,C02441,P05366,R07325
L01730,C02712,P08922,R07777
L01731,C08692,P09695,R03872
L01732,C08685,P00722,R08321
L01733,C04956,P02183,R09164
L01734,C05529,P07491,R09229
L01735,C00382,P04326,R05464
L01736,C09040,P05202,R05711
L01737,C07323,P00066,R00347
L01738,C01454,P03029,R09121
L01739,C09820,P07333,R04393
L01740,C08275,P06397,R05123
L01741,C01527,P06876,R02125
L01742,C04025,P02578,R02374
L01743,C06923,P05955,R05794
L01744,C00477,P05719,R00247
L01745,C09058,P08529,R02404
L01746,C07509,P06513,R00938
L01747,C00775,P02890,R05123
L01748,C00352,P04000,R09107
L01749,C07875,P01588,R09935
L01750,C08062,P02008,R08464
L01751,C08084,P08553,R06960
L01752,C01210,P04657,R09000
L01753,C00416,P01828,R01086
L01754,C07661,P07871,R02856
L01755,C05523,P06867,R02385
L01756,C01870,P03673,R07690
L01757,C00906,P00664,R08415
L01758,C01542,P07555,R00363
L01759,C00238,P02203,R03492
L01760,C07535,P02173,R06264
L01761,C07267,P08466,R05494
L01762,C06497,P07508,R03251
L01763,C05015,P07230,R03325
L01764,C08237,P09794,R03968
L01765,C05272,P06943,R01215
L01766,C02655,P03768,R06540
L01767,C05157,P09406,R05025
L01768,C02343,P06168,R09293
L01769,C05149,P09719,R06006
L01770,C08528,P08588,R08123
L01771,C06612,P08627,R03646
L01772,C01765,P03547,R05536
L01773,C01335,P01577,R04073
L01774,C01234,P03014,R06234
L01775,C03303,P09497,R01666
L01776,C02994,P07254,R01467
L01777,C05803,P07911,R01126
L01778,C04878,P02623,R02061
L01779,C03963,P04698,R03312
L01780,C05359,P05885,R01608
L01781,C09502,P06962,R03449
L01782,C01268,P01364,R07874
L01783,C00419,P00755,R06219
L01784,C03232,P08710,R01320
L01785,C01361,P00477,R05538
L01786,C03127,P09860,R04341
L01787,C04184,P09805,R07407
L01788,C03871,P06118,R05127
L01789,C05067,P09942,R05756
L01790,C02013,P03660,R03354
L01791,C07328,P09446,R07468
L01792,C06583,P07144,R06585
L01793,C00625,P06409,R07124
L01794,C09757,P07425,R07334
L01795,C01445,P01094,R05401
L01796,C02495,P01332,R03964
L01797,C08651,P05953,R01026
L01798,C00714,P09135,R03454
L01799,C00433,P02039,R01581
L01800,C03124,P01040,R06697
L01801,C04287,P05924,R04835
L01802,C07916,P09926,R07063
L01803,C00142,P00260,R03979
L01804,C05983,P05531,R00772
L01805,C08165,P01961,R09975
L01806,C04364,P02560,R01658
L01807,C05521,P07112,R06411
L01808,C05357,P00605,R07561
L01809,C03833,P01861,R04410
L01810,C08315,P04815,R00412
L01811,C01816,P09092,R03760
L01812,C06462,P09187,R08358
L01813,C06945,P08437,R06616
L01814,C00813,P02111,R03075
L01815,C05547,P06796,R09022
L01816,C04307,P06092,R07471
L01817,C07467,P01572,R00342
L01818,C03468,P09835,R02678
L01819,C00183,P01686,R06645
L01820,C06499,P00397,R03822
L01821,C04474,P04220,R02829
L01822,C05198,P05450,R04030
L01823,C00401,P07433,R00125
L01824,C04333,P07510,R02534
L01825,C00362,P05830,R07894
L01826,C04802,P07796,R00687
L01827,C06419,P08674,R03706
L01828,C02089,P07726,R08316
L01829,C07640,P09440,R08981
L01830,C08985,P04587,R06588
L01831,C09789,P07999,R05496
L01832,C05163,P05617,R06356
L01833,C04467,P01571,R02650
L01834,C07412,P06912,R00781
L01835,C02304,P07939,R01314
L01836,C07183,P02655,R01593
L01837,C05459,P06670,R05444
L01838,C02324,P08527,R05000
L01839,C04622,P01184,R05748
L01840,C06467,P07082,R09843
L01841,C04995,P05599,R05841
L01842,C07779,P01003,R00035
L01843,C07552,P05540,R03894
L01844,C03466,P08750,R08230
L01845,C00327,P05786,R04921
L01846,C07326,P05080,R00327
L01847,C06784,P05007,R04674
L01848,C04248,P04128,R05122
L01849,C08203,P00862,R00286
L01850,C00098,P07816,R05925
L01851,C08272,P08575,R05375
L01852,C03792,P05578,R06518
L01853,C04351,P01843,R05935
L01854,C08705,P05015,R06687
L01855,C06812,P08425,R02928
L01856,C00820,P09037,R08283
L01857,C06295,P01406,R08002
L01858,C07222,P06711,R02727
L01859,C03079,P04358,R04146
L01860,C08221,P00027,R05923
L01861,C06141,P09230,R00426
L01862,C01481,P08729,R08324
L01863,C08489,P09724,R02188
L01864,C00872,P04726,R05112
L01865,C06831,P02717,R07135
L01866,C01389,P00903,R05829
L01867,C07421,P07989,R09145
L01868,C09480,P03312,R09513
L01869,C06739,P05424,R00632
L01870,C09408,P06141,R06151
L01871,C02703,P02108,R03804
L01872,C04033,P05169,R00313
L01873,C01900,P03662,R08572
L01874,C02450,P01366,R09796
L01875,C04484,P08572,R02812
L01876,C09930,P09828,R01091
L01877,C03507,P00288,R03647
L01878,C07534,P02971,R08373
L01879,C02251,P08507,R08783
L01880,C01593,P03506,R01632
L01881,C08763,P06776,R02722
L01882,C04596,P02525,R06772
L01883,C06572,P01475,R00738
L01884,C00787,P09990,R09892
L01885,C08760,P08266,R00723
L01886,C01181,P04610,R07838
L01887,C05837,P05293,R04699
L01888,C00605,P05048,R06492
L01889,C07046,P09890,R08494
L01890,C06318,P05989,R05214
L01891,C09322,P03704,R02675
L01892,C04512,P09565,R01728
L01893,C08231,P08189,R02805
L01894,C04829,P06863,R01613
L01895,C00603,P06070,R01037
L01896,C02332,P06343,R05556
L01897,C05914,P07065,R05108
L01898,C06784,P05808,R08890
L01899,C01113,P01905,R09714
L01900,C08398,P04486,R06185
L01901,C00729,P02801,R01643
L01902,C06541,P03875,R02680
L01903,C04436,P04757,R00729
L01904,C03057,P03191,R08363
L01905,C06285,P04904,R03140
L01906,C09623,P01631,R01669
L01907,C07091,P02501,R07827
L01908,C08527,P02354,R07790
L01909,C04117,P08106,R09756
L01910,C09060,P09402,R02729
L01911,C01144,P05495,R07369
L01912,C00429,P02328,R08075
L01913,C06356,P04901,R07763
L01914,C07034,P09764,R02788
L01915,C08971,P04832,R09442
L01916,C07082,P09199,R03570
L01917,C05292,P05832,R06321
L01918,C04445,P07661,R09714
L01919,C03555,P08375,R01494
L01920,C02172,P03047,R05774
L01921,C09117,P01960,R02450
L01922,C02500,P00072,R09592
L01923,C07070,P01755,R04372
L01924,C00894,P03808,R04034
L01925,C06251,P01925,R03232
L01926,C05949,P08268,R01058
L01927,C09187,P01407,R06101
L01928,C09077,P08079,R09168
L01929,C08944,P05546,R05154
L01930,C07966,P06487,R06998
L01931,C08892,P08162,R08162
L01932,C00608,P02050,R06301
L01933,C03033,P00430,R02339
L01934,C04617,P02412,R01003
L01935,C01417,P03648,R04233
L01936,C03136,P03196,R01116
L01937,C02270,P07166,R08509
L01938,C05334,P03323,R05540
L01939,C00484,P09708,R05045
L01940,C03787,P01050,R09011
L01941,C08985,P00540,R07824
L01942,C05386,P07008,R04696
L01943,C05588,P01238,R06326
L01944,C06415,P08221,R00135
L01945,C01063,P08907,R09318
L01946,C04072,P07121,R06180
L01947,C00883,P04757,R01535
L01948,C06025,P03905,R07890
L01949,C08039,P04741,R07291
L01950,C05494,P08696,R00823
L01951,C06695,P02920,R09865
L01952,C00971,P08674,R09538
L01953,C00912,P06542,R08340
L01954,C08643,P06086,R03960
L01955,C09453,P04884,R08487
L01956,C09778,P05622,R06638
L01957,C06449,P07769,R07892
L01958,C09645,P07465,R01943
L01959,C02434,P07263,R04942
L01960,C06960,P05090,R08923
L01961,C01235,P08400,R03337
L01962,C03614,P08045,R04803
L01963,C01537,P00982,R09783
L01964,C06440,P03523,R07745
L01965,C05210,P01575,R02937
L01966,C04193,P01861,R02858
L01967,C09777,P00364,R02096
L01968,C03935,P02478,R06350
L01969,C03233,P07369,R08930
L01970,C08459,P09350,R00331
L01971,C06262,P02367,R06264
L01972,C04550,P04366,R00861
L01973,C00014,P07327,R00098
L01974,C00530,P02872,R05520
L01975,C03196,P03547,R06979
L01976,C08750,P08091,R03081
L01977,C00015,P02029,R03327
L01978,C00341,P04426,R07731
L01979,C00059,P00860,R06995
L01980,C00987,P00033,R04006
L01981,C02617,P02312,R02371
L01982,C07500,P05239,R01372
L01983,C07351,P07705,R07245
L01984,C08211,P00115,R03220
L01985,C01075,P01047,R07829
L01986,C07678,P01412,R03446
L01987,C09978,P08613,R02791
L01988,C07461,P06961,R05622
L01989,C00850,P02299,R08453
L01990,C02552,P01895,R07713
L01991,C02972,P05337,R01663
L01992,C05549,P02278,R01625
L01993,C02462,P05672,R02533
L01994,C02852,P07784,R08352
L01995,C00605,P01517,R01928
L01996,C02902,P01698,R01465
L01997,C07412,P06801,R09073
L01998,C09822,P03343,R01904
L01999,C01670,P07276,R08856
L02000,C09035,P01670,R09011
L02001,C05088,P04115,R09164
L02002,C06400,P07073,R00808
L02003,C06326,P08289,R01425
L02004,C07722,P07184,R00979
L02005,C04765,P03586,R03235
L02006,C01535,P08689,R05897
L02007,C08157,P02515,R03891
L02008,C09577,P03362,R05442
L02009,C05036,P00403,R04918
L02010,C05937,P00457,R02143
L02011,C03632,P06161,R07647
L02012,C00869,P03539,R07540
L02013,C00198,P01175,R07449
L02014,C00501,P03973,R03044
L02015,C00276,P09438,R04272
L02016,C01372,P02834,R03443
L02017,C04347,P06453,R06189
L02018,C09727,P07535,R06318
L02019,C09842,P08357,R05258
L02020,C03072,P09598,R06104
L02021,C08463,P04878,R06546
L02022,C02461,P02015,R06222
L02023,C07752,P04367,R08352
L02024,C03195,P00244,R09126
L02025,C09662,P01722,R02066
L02026,C06866,P06475,R09025
L02027,C08062,P00779,R09080
L02028,C00658,P00924,R04529
L02029,C02655,P06117,R09464
L02030,C07896,P02516,R08139
L02031,C02953,P05256,R02406
L02032,C04714,P07506,R02616
L02033,C00765,P01250,R09351
L02034,C08093,P00475,R07845
L02035,C09434,P03729,R07917
L02036,C05352,P05842,R01857
L02037,C09514,P03399,R06487
L02038,C03140,P06169,R08655
L02039,C07476,P05727,R04485
L02040,C02642,P03755,R05346
L02041,C00809,P09069,R03436
L02042,C08583,P02718,R08527
L02043,C08841,P00447,R02977
L02044,C02473,P02660,R00576
L02045,C00078,P01957,R07621
L02046,C00278,P07991,R09929
L02047,C05200,P04958,R01927
L02048,C07618,P01459,R03597
L02049,C03507,P05641,R04385
L02050,C02501,P06516,R06456
L02051,C02025,P02747,R04792
L02052,C09740,P07454,R01873
L02053,C00154,P07737,R00146
L02054,C02966,P02733,R08743
L02055,C03281,P03884,R00429
L02056,C03400,P03839,R03553
L02057,C09812,P00570,R09993
L02058,C04094,P06104,R02687
L02059,C09870,P00366,R02929
L02060,C08602,P00404,R05501
L02061,C09044,P06181,R06878
L02062,C04574,P00920,R09415
L02063,C02546,P07669,R00051
L02064,C08017,P04376,R09914
L02065,C02151,P02416,R04292
L02066,C09585,P00199,R00719
L02067,C00043,P08658,R05340
L02068,C09414,P05663,R05906
L02069,C00088,P07858,R09260
L02070,C04116,P08441,R07267
L02071,C07413,P02182,R09096
L02072,C02531,P00685,R00061
L02073,C06351,P00596,R08349
L02074,C02766,P09005,R00956
L02075,C02266,P03940,R07725
L02076,C02607,P04679,R06019
L02077,C00216,P02353,R06215
L02078,C05294,P04839,R00374
L02079,C00693,P07634,R06436
L02080,C09435,P00701,R06431
L02081,C09698,P00396,R09521
L02082,C08182,P09640,R05895
L02083,C05673,P05573,R03857
L02084,C03283,P07058,R06423
L02085,C03368,P09193,R06568
L02086,C01093,P07881,R08920
L02087,C01392,P02705,R04010
L02088,C00690,P02582,R08418
L02089,C03420,P02210,R08527
L02090,C03715,P05311,R09247
L02091,C06852,P06505,R02869
L02092,C09388,P09256,R01906
L02093,C09643,P09444,R01871
L02094,C02387,P04419,R03193
L02095,C06968,P04705,R00714
L02096,C00515,P09780,R08710
L02097,C06603,P07278,R06022
L02098,C01092,P07673,R04697
L02099,C00642,P06943,R09793
L02100,C09846,P00899,R03377
L02101,C01987,P07010,R06022
L02102,C06335,P01418,R05107
L02103,C02411,P04457,R04170
L02104,C04536,P01638,R00084
L02105,C00169,P05563,R06024
L02106,C07633,P06198,R03664
L02107,C00056,P00415,R05230
L02108,C05954,P02523,R01354
L02109,C06085,P04509,R05195
L02110,C02244,P02756,R06857
L02111,C08520,P07903,R06415
L02112,C05692,P08354,R06479
L02113,C00526,P02305,R03607
L02114,C09958,P08044,R02695
L02115,C03054,P03636,R07540
L02116,C05463,P02917,R00118
L02117,C03227,P09372,R09468
L02118,C01164,P02441,R00973
L02119,C02063,P05683,R07972
L02120,C09833,P02404,R06962
L02121,C09954,P06186,R01355
L02122,C04933,P05071,R00465
L02123,C00876,P08407,R08267
L02124,C03851,P00789,R06491
L02125,C02067,P08159,R03608
L02126,C02081,P00775,R07626
L02127,C06268,P02623,R06831
L02128,C08694,P03370,R01232
L02129,C08833,P04888,R04415
L02130,C05769,P00181,R02750
L02131,C08145,P09527,R02118
L02132,C08198,P08040,R01845
L02133,C07700,P06217,R09201
L02134,C04169,P08132,R05987
L02135,C01333,P00577,R09291
L02136,C04859,P04522,R06143
L02137,C01849,P02981,R00020
L02138,C02185,P05487,R02303
L02139,C02893,P07152,R06850
L02140,C03044,P06888,R03629
L02141,C06676,P06236,R03000
L02142,C01370,P06660,R02682
L02143,C07958,P00945,R01759
L02144,C04627,P03433,R08120
L02145,C04924,P00707,R00293
L02146,C07629,P06463,R03042
L02147,C07162,P04306,R07202
L02148,C01517,P02326,R02568
L02149,C02493,P00034,R08893
L02150,C03676,P06933,R00497
L02151,C04849,P06485,R02485
L02152,C01805,P01137,R09534
L02153,C08496,P08814,R02352
L02154,C00602,P08084,R05183
L02155,C09333,P04367,R07009
L02156,C07595,P04247,R03967
L02157,C09180,P05494,R08624
L02158,C00121,P02821,R01246
L02159,C03703,P03917,R05229
L02160,C06316,P07645,R09630
L02161,C07606,P07980,R09569
L02162,C03344,P03112,R04574
L02163,C04978,P09983,R05942
L02164,C06501,P04659,R08317
L02165,C05660,P00181,R09432
L02166,C06141,P01298,R09834
L02167,C03500,P01015,R04078
L02168,C01809,P03699,R09460
L02169,C05592,P07537,R04340
L02170,C00838,P02444,R04602
L02171,C07344,P02465,R08262
L02172,C01366,P05433,R04802
L02173,C07961,P01049,R05979
L02174,C02396,P06447,R09703
L02175,C08400,P03625,R05088
L02176,C04410,P05280,R05265
L02177,C02012,P03422,R07870
L02178,C02597,P07650,R07705
L02179,C05560,P04894,R03920
L02180,C02042,P03696,R04478
L02181,C05571,P04656,R06847
L02182,C04359,P08480,R03391
L02183,C00624,P00622,R00920
L02184,C06838,P08149,R09400
L02185,C03464,P05481,R04679
L02186,C04052,P02392,R01385
L02187,C09906,P01695,R08934
L02188,C00442,P06137,R04520
L02189,C00062,P01881,R05847
L02190,C06593,P09362,R01406
L02191,C05073,P04767,R09298
L02192,C08747,P04089,R09361
L02193,C04287,P02865,R06285
L02194,C07704,P03633,R04015
L02195,C06591,P03149,R00599
L02196,C04256,P03984,R00318
L02197,C09563,P06829,R08662
L02198,C04444,P02431,R06091
L02199,C06878,P05620,R06417
L02200,C04382,P06605,R05174
L02201,C08067,P09688,R03086
L02202,C01948,P05319,R03328
L02203,C05514,P08773,R08272
L02204,C05475,P05491,R09467
L02205,C02548,P08603,R05236
L02206,C01211,P09759,R04188
L02207,C03521,P04651,R08911
L02208,C01386,P09020,R00161
L02209,C02302,P09619,R01561
L02210,C02213,P01054,R06586
L02211,C00956,P08996,R05502
L02212,C03925,P03894,R02742
L02213,C02125,P01329,R05778
L02214,C01896,P05637,R04917
L02215,C07588,P03209,R05124
L02216,C09380,P05123,R00388
L02217,C04387,P02695,R05077
L02218,C04393,P08018,R09934
L02219,C01067,P02419,R08606
L02220,C03215,P07465,R09631
L02221,C01834,P04471,R04885
L02222,C02136,P01548,R04111
L02223,C06642,P08113,R02248
L02224,C06118,P09301,R03802
L02225,C09817,P04109,R09380
L02226,C05115,P07523,R09705
L02227,C05077,P08419,R00096
L02228,C00322,P09246,R00631
L02229,C09794,P06523,R05229
L02230,C09744,P07882,R07667
L02231,C00340,P02882,R03422
L02232,C08371,P01787,R08963
L02233,C04160,P02755,R02542
L02234,C01928,P08491,R04139
L02235,C01364,P00777,R01687
L02236,C04259,P01216,R00090
L02237,C00687,P08460,R07340
L02238,C05117,P03248,R06789
L02239,C07897,P00546,R02989
L02240,C08949,P03375,R06824
L02241,C00713,P06020,R03989
L02242,C05170,P05952,R08479
L02243,C02142,P01886,R07951
L02244,C00340,P07018,R08941
L02245,C08598,P08016,R02249
L02246,C08675,P03668,R01900
L02247,C03981,P00360,R04805
L02248,C05558,P01849,R03752
L02249,C01205,P08988,R00875
L02250,C03027,P00581,R02270
L02251,C09882,P00640,R08982
L02252,C01017,P04745,R09639
L02253,C07237,P07753,R09465
L02254,C09018,P02205,R01730
L02255,C07625,P02348,R03183
L02256,C04761,P09926,R04597
L02257,C05201,P09788,R07910
L02258,C03819,P09670,R05804
L02259,C03095,P05815,R03882
L02260,C05714,P00185,R07210
L02261,C09738,P03003,R04991
L02262,C03702,P01096,R00578
L02263,C05120,P06296,R05464
L02264,C09582,P06379,R09068
L02265,C01303,P09768,R05022
L02266,C02397,P01876,R08275
L02267,C04154,P00914,R03466
L02268,C07930,P04378,R05104
L02269,C00243,P00121,R00564
L02270,C03957,P04253,R04080
L02271,C06639,P08258,R07416
L02272,C02653,P05677,R05558
L02273,C07136,P00973,R04579
L02274,C09281,P08562,R08197
L02275,C01934,P08781,R05510
L02276,C02108,P01001,R09342
L02277,C01548,P08384,R09726
L02278,C01536,P06843,R07832
L02279,C02893,P00098,R08644
L02280,C01983,P08616,R09553
L02281,C05009,P01574,R00643
L02282,C09284,P01565,R05737
L02283,C03192,P01526,R02851
L02284,C02795,P09853,R05487
L02285,C04973,P03414,R08508
L02286,C01941,P00213,R06288
L02287,C09110,P04202,R05602
L02288,C09332,P04738,R04529
L02289,C06479,P06186,R07134
L02290,C03343,P01296,R09341
L02291,C06569,P08919,R09645
L02292,C03737,P01338,R03531
L02293,C01322,P01838,R01939
L02294,C06922,P00785,R03892
L02295,C04059,P03197,R09534
L02296,C01717,P00002,R09047
L02297,C06928,P03543,R09283
L02298,C00678,P07060,R08516
L02299,C02474,P00739,R01249
L02300,C03443,P09290,R04193
L02301,C00510,P07752,R06186
L02302,C03608,P07327,R02946
L02303,C01004,P01953,R05121
L02304,C01646,P00624,R04899
L02305,C07444,P00493,R03761
L02306,C03362,P07188,R05433
L02307,C03466,P02709,R07536
L02308,C09017,P07026,R07259
L02309,C09581,P01700,R07141
L02310,C05705,P07533,R01275
L02311,C02961,P06860,R02207
L02312,C02242,P01117,R04117
L02313,C05518,P08121,R08724
L02314,C07338,P09935,R04697
L02315,C00079,P06773,R00123
L02316,C08168,P00035,R00968
L02317,C09683,P07053,R00412
L02318,C04855,P05087,R08882
L02319,C05415,P03937,R00956
L02320,C09445,P04661,R03279
L02321,C01236,P02564,R03772
L02322,C05387,P09817,R00585
L02323,C02439,P04392,R09614
L02324,C04567,P03049,R04892
L02325,C05328,P01025,R01125
L02326,C05198,P01263,R02543
L02327,C05000,P03010,R00766
L02328,C04226,P08414,R04642
L02329,C04703,P05975,R04208
L02330,C00848,P07591,R03244
L02331,C07720,P02432,R03492
L02332,C06482,P04475,R05364
L02333,C07171,P03609,R00945
L02334,C05565,P05322,R02091
L02335,C02252,P08593,R03282
L02336,C09906,P02235,R07192
L02337,C03675,P01507,R06680
L02338,C04985,P02509,R04434
L02339,C00925,P08652,R00246
L02340,C06101,P03883,R07459
L02341,C08170,P02128,R05776
L02342,C07909,P06460,R06678
L02343,C03290,P07071,R04759
L02344,C07402,P08697,R04770
L02345,C08907,P09630,R01138
L02346,C02845,P07466,R01487
L02347,C04388,P02022,R09339
L02348,C02095,P06931,R03036
L02349,C00057,P02323,R02017
L02350,C03835,P02835,R08395
L02351,C00967,P07730,R01660
L02352,C07873,P06983,R08856
L02353,C06986,P02269,R00451
L02354,C02063,P06072,R06948
L02355,C04283,P01970,R04722
L02356,C08626,P06971,R05461
L02357,C03400,P09966,R07622
L02358,C05096,P08841,R07283
L02359,C04326,P07858,R01743
L02360,C09905,P05317,R03673
L02361,C03928,P02581,R01139
L02362,C08613,P05167,R04692
L02363,C05432,P09264,R09836
L02364,C04392,P07851,R09282
L02365,C00423,P01932,R06176
L02366,C09414,P07686,R00885
L02367,C01046,P06758,R05644
L02368,C01139,P04978,R02195
L02369,C08053,P00936,R04193
L02370,C02369,P00364,R07194
L02371,C05621,P02762,R08509
L02372,C05802,P07423,R01032
L02373,C05832,P00405,R02793
L02374,C01790,P04765,R03941
L02375,C05629,P04765,R06250
L02376,C09899,P08681,R09475
L02377,C04991,P00419,R02224
L02378,C03785,P00426,R03218
L02379,C05885,P03658,R01149
L02380,C05129,P05710,R07069
L02381,C07963,P07829,R05566
L02382,C03138,P09548,R03628
L02383,C00502,P01796,R09121
L02384,C06348,P03063,R09345
L02385,C02236,P08691,R09516
L02386,C01000,P03076,R00826
L02387,C07316,P01024,R08301
L02388,C09521,P09861,R04582
L02389,C03243,P07865,R05779
L02390,C03628,P07887,R03847
L02391,C00416,P09180,R08144
L02392,C00088,P04844,R06625
L02393,C06337,P00152,R08843
L02394,C08421,P03081,R03320
L02395,C08471,P02045,R06935
L02396,C04124,P02623,R00360
L02397,C07765,P00756,R07292
L02398,C07358,P02641,R02031
L02399,C02129,P00634,R08733
L02400,C01136,P01486,R08366
L02401,C04935,P07494,R02050
L02402,C08947,P04798,R07960
L02403,C02816,P08852,R01988
L02404,C00831,P04834,R04937
L02405,C09266,P08285,R02442
L02406,C09781,P00555,R08579
L02407,C05856,P07665,R02519
L02408,C09472,P01828,R06807
L02409,C04009,P09687,R09795
L02410,C08334,P05950,R04594
L02411,C03038,P06651,R08813
L02412,C03361,P01909,R02445
L02413,C03751,P03357,R02851
L02414,C00374,P07363,R05918
L02415,C08410,P05006,R04921
L02416,C08003,P09429,R00415
L02417,C08106,P06506,R03822
L02418,C05422,P04727,R03567
L02419,C08935,P06635,R03733
L02420,C07461,P02222,R00073
L02421,C01526,P05806,R03867
L02422,C08319,P02909,R09078
L02423,C06288,P00294,R05906
L02424,C07727,P00327,R05265
L02425,C07081,P01378,R08331
L02426,C03758,P04016,R02598
L02427,C09215,P00603,R03686
L02428,C09463,P04553,R09416
L02429,C00484,P09592,R03291
L02430,C00205,P01393,R08617
L02431,C03256,P05426,R08290
L02432,C00215,P05809,R02099
L02433,C09773,P03176,R00483
L02434,C03064,P07462,R06332
L02435,C05900,P04373,R07174
L02436,C03107,P09038,R01941
L02437,C04832,P09738,R03603
L02438,C02086,P07869,R01115
L02439,C04499,P09562,R06045
L02440,C00915,P05686,R04027
L02441,C07549,P01198,R05290
L02442,C09671,P03692,R08394
L02443,C08336,P01122,R01786
L02444,C00556,P06722,R05601
L02445,C05727,P07785,R02503
L02446,C06365,P06333,R08967
L02447,C04007,P04069,R00110
L02448,C05526,P02150,R07586
L02449,C09285,P01925,R00370
L02450,C02140,P05205,R04353
L02451,C01243,P06097,R00182
L02452,C00165,P05074,R02504
L02453,C08443,P07318,R04806
L02454,C06724,P01220,R05850
L02455,C00342,P01133,R02045
L02456,C01127,P04511,R08469
L02457,C04561,P00627,R01397
L02458,C04966,P07791,R05972
L02459,C04398,P01357,R09540
L02460,C04373,P05951,R08511
L02461,C08889,P07789,R00289
L02462,C06792,P07659,R00238
L02463,C08407,P00900,R08731
L02464,C09167,P09098,R01176
L02465,C08046,P01347,R05879
L02466,C08526,P08462,R04590
L02467,C06399,P05077,R07146
L02468,C06440,P01014,R06500
L02469,C07177,P00760,R00553
L02470,C03545,P09116,R03888
L02471,C09801,P01716,R04111
L02472,C03698,P01230,R02030
L02473,C02296,P05987,R02364
L02474,C00365,P02796,R02081
L02475,C01084,P06261,R03821
L02476,C00304,P00149,R00463
L02477,C00071,P00640,R05722
L02478,C05196,P09246,R06929
L02479,C05032,P01257,R03992
L02480,C08692,P05602,R00044
L02481,C00549,P08084,R04246
L02482,C03589,P08567,R08489
L02483,C02890,P07337,R04686
L02484,C02854,P07235,R01392
L02485,C02540,P02475,R05661
L02486,C07905,P02056,R09289
L02487,C07621,P09995,R01468
L02488,C05006,P04117,R05485
L02489,C01390,P08490,R09810
L02490,C05141,P02176,R04281
L02491,C07284,P09707,R02529
L02492,C06505,P06922,R03162
L02493,C07676,P09559,R06795
L02494,C06234,P09990,R00525
L02495,C08983,P06417,R06613
L02496,C08778,P04195,R03476
L02497,C05211,P05053,R05668
L02498,C00941,P03902,R07257
L02499,C05379,P03902,R01333
L02500,C02767,P04829,R09538
L02501,C03283,P02964,R09612
L02502,C01761,P05576,R00398
L02503,C07481,P05382,R02556
L02504,C06764,P06388,R08123
L02505,C01604,P02217,R03537
L02506,C05359,P04204,R01795
L02507,C00109,P08589,R09864
L02508,C04245,P06683,R08992
L02509,C01414,P05136,R08331
L02510,C07021,P02387,R02156
L02511,C07126,P03869,R05811
L02512,C01166,P04416,R08029
L02513,C09877,P02992,R06767
L02514,C01766,P05492,R05561
L02515,C08870,P06529,R02273
L02516,C06785,P02862,R01030
L02517,C04367,P09879,R09731
L02518,C08449,P00667,R03840
L02519,C05983,P00332,R06811
L02520,C06291,P03910,R06835
L02521,C05383,P04165,R00812
L02522,C05392,P02291,R09962
L02523,C08629,P07190,R05162
L02524,C09469,P03746,R09714
L02525,C09407,P00438,R08349
L02526,C07524,P06679,R03318
L02527,C06179,P04326,R04028
L02528,C02824,P09350,R06665
L02529,C00327,P08329,R09832
L02530,C01884,P03213,R07128
L02531,C04749,P00960,R00922
L02532,C05496,P07092,R08607
L02533,C09608,P06531,R01774
L02534,C07384,P03172,R03105
L02535,C02343,P05216,R09596
L02536,C08831,P06445,R08994
L02537,C03568,P03593,R01957
L02538,C05442,P00718,R08621
L02539,C05615,P09175,R02423
L02540,C02681,P09615,R09629
L02541,C05279,P01103,R01741
L02542,C02085,P07780,R03257
L02543,C00813,P05959,R09291
L02544,C01813,P01681,R03620
L02545,C05147,P04671,R00677
L02546,C05289,P01860,R01548
L02547,C06456,P03641,R00995
L02548,C01224,P06263,R01525
L02549,C00007,P03204,R05466
L02550,C08365,P06419,R07573
L02551,C03123,P09740,R02246
L02552,C03228,P06654,R08809
L02553,C08683,P03860,R03306
L02554,C02529,P00531,R09426
L02555,C08226,P01861,R08977
L02556,C04677,P08036,R08353
L02557,C03490,P03917,R01614
L02558,C02470,P02584,R06296
L02559,C01400,P04960,R08554
L02560,C09731,P06052,R07930
L02561,C08053,P03279,R09174
L02562,C05873,P08747,R08566
L02563,C03548,P02620,R09343
L02564,C07893,P04778,R06478
L02565,C03008,P09486,R09347
L02566,C03315,P07823,R07713
L02567,C05533,P02074,R03611
L02568,C01082,P05701,R01440
L02569,C02556,P01927,R08354
L02570,C09591,P03841,R06780
L02571,C08494,P04984,R03519
L02572,C02717,P09164,R07840
L02573,C02617,P07136,R09925
L02574,C09453,P03313,R01675
L02575,C09785,P00413,R01917
L02576,C03800,P07579,R08130
L02577,C01738,P09078,R00794
L02578,C02672,P09006,R03149
L02579,C08682,P03193,R06218
L02580,C08228,P09235,R09332
L02581,C00090,P04500,R05666
L02582,C02098,P00759,R01425
L02583,C02599,P09404,R05236
L02584,C05950,P04861,R02322
L02585,C05726,P09758,R00017
L02586,C00354,P05652,R02112
L02587,C04795,P06265,R06009
L02588,C05465,P05044,R03407
L02589,C04436,P02288,R03716
L02590,C02296,P09913,R03648
L02591,C07079,P07625,R07110
L02592,C04161,P09056,R08629
L02593,C07838,P03181,R02405
L02594,C08450,P07844,R08496
L02595,C07384,P05550,R05385
L02596,C08845,P08854,R06194
L02597,C01140,P03534,R03291
L02598,C08383,P09469,R05291
L02599,C06754,P06857,R04316
L02600,C06708,P08562,R09403
L02601,C07348,P06831,R06518
L02602,C08778,P03705,R01517
L02603,C03800,P00419,R01423
L02604,C06242,P02155,R06547
L02605,C01150,P09879,R07548
L02606,C07843,P04364,R08208
L02607,C01150,P09072,R00561
L02608,C09239,P07010,R06172
L02609,C08595,P04532,R08790
L02610,C05784,P00357,R00253
L02611,C03247,P03988,R04675
L02612,C07452,P07608,R03108
L02613,C06988,P07256,R00888
L02614,C01088,P06626,R06658
L02615,C04470,P07454,R02022
L02616,C07251,P00882,R09695
L02617,C02984,P08633,R08753
L02618,C00436,P05846,R01022
L02619,C03058,P05184,R06220
L02620,C02673,P01135,R07130
L02621,C01583,P02724,R06449
L02622,C04780,P02522,R04260
L02623,C07706,P09703,R04520
L02624,C00981,P03468,R01242
L02625,C02409,P03416,R04442
L02626,C07330,P01501,R08939
L02627,C01889,P07820,R00125
L02628,C04649,P09932,R00150
L02629,C01255,P08284,R08762
L02630,C03130,P00442,R04246
L02631,C00016,P08311,R09508
L02632,C04018,P06799,R03974
L02633,C06541,P01815,R08540
L02634,C02286,P03180,R03825
L02635,C03351,P06883,R00130
L02636,C05831,P04465,R08072
L02637,C04715,P03033,R03162
L02638,C06326,P01723,R05465
L02639,C06810,P06606,R04811
L02640,C07760,P04896,R02101
L02641,C04641,P03086,R01307
L02642,C03714,P05311,R08818
L02643,C02053,P07280,R09754
L02644,C00805,P05937,R08458
L02645,C06676,P00175,R04062
L02646,C06985,P09028,R02914
L02647,C04560,P08217,R07952
L02648,C01083,P00408,R05201
L02649,C08247,P00610,R00897
L02650,C07527,P08975,R01914
L02651,C02089,P05629,R07999
L02652,C05384,P01600,R02591
L02653,C08924,P00216,R03851
L02654,C08464,P08369,R04693
L02655,C00533,P09210,R07296
L02656,C05832,P02202,R09773
L02657,C02170,P03714,R02755
L02658,C09028,P09511,R04977
L02659,C02463,P08760,R02559
L02660,C04880,P00498,R01662
L02661,C08254,P04311,R09295
L02662,C09937,P07576,R03327
L02663,C07752,P00834,R06295
L02664,C06756,P06221,R03529
L02665,C08210,P01634,R05194
L02666,C07750,P03837,R08250
L02667,C03629,P02443,R02548
L02668,C03856,P07553,R06118
L02669,C07340,P03473,R03170
L02670,C08567,P04297,R02659
L02671,C03570,P08053,R09403
L02672,C05901,P05090,R05833
L02673,C00428,P09313,R02619
L02674,C09953,P08620,R01701
L02675,C00223,P05733,R00256
L02676,C07497,P03976,R07624
L02677,C04318,P03036,R01860
L02678,C07028,P02542,R08935
L02679,C06379,P09566,R09566
L02680,C09165,P08563,R01909
L02681,C04409,P09281,R03207
L02682,C07899,P09120,R06525
L02683,C00462,P06375,R05344
L02684,C03748,P09520,R00736
L02685,C07971,P05914,R04398
L02686,C02450,P06098,R04698
L02687,C01726,P06666,R08722
L02688,C07916,P08447,R02491
L02689,C04587,P05877,R05833
L02690,C03515,P07552,R05032
L02691,C09995,P07857,R07438
L02692,C04675,P00658,R01214
L02693,C00437,P00602,R07761
L02694,C06248,P06317,R05428
L02695,C04666,P06805,R03030
L02696,C08491,P00169,R00056
L02697,C08453,P00752,R08598
L02698,C07010,P04138,R04015
L02699,C02234,P02255,R03958
L02700,C00505,P09192,R06963
L02701,C06838,P03078,R07323
L02702,C02942,P00346,R07824
L02703,C02152,P02966,R07509
L02704,C06106,P06697,R00983
L02705,C06105,P06173,R04259
L02706,C00109,P01862,R08380
L02707,C07288,P07109,R04126
L02708,C01618,P03301,R09007
L02709,C01140,P05697,R03120
L02710,C09329,P00977,R04260
L02711,C00906,P01167,R04639
L02712,C00780,P00104,R09236
L02713,C04928,P07486,R09099
L02714,C03656,P00754,R08493
L02715,C02364,P07949,R07196
L02716,C06836,P09742,R03832
L02717,C08659,P02720,R09551
L02718,C05933,P02915,R08652
L02719,C06584,P07284,R04852
L02720,C05875,P09664,R06930
L02721,C05973,P03504,R08937
L02722,C00392,P07181,R03481
L02723,C08538,P08832,R08600
L02724,C06036,P09021,R07327
L02725,C04947,P07818,R01782
L02726,C01657,P08373,R01034
L02727,C00858,P03207,R01163
L02728,C03444,P04827,R03255
L02729,C06583,P09408,R08679
L02730,C09922,P01317,R07184
L02731,C01300,P05643,R05995
L02732,C07677,P06033,R02422
L02733,C08589,P07265,R01111
L02734,C03651,P04127,R05081
L02735,C06883,P07034,R08922
L02736,C08920,P02327,R06866
L02737,C03031,P04550,R09839
L02738,C00969,P07562,R03799
L02739,C09578,P00700,R01867
L02740,C01638,P05655,R02800
L02741,C09867,P05410,R06491
L02742,C08765,P04032,R00961
L02743,C02845,P04310,R01135
L02744,C01212,P05734,R07950
L02745,C04910,P04771,R02335
L02746,C07017,P08509,R02043
L02747,C05728,P00688,R05002
L02748,C04973,P00053,R05042
L02749,C04117,P06001,R02335
L02750,C05387,P09225,R07553
L02751,C00706,P02014,R00256
L02752,C03007,P08479,R01048
L02753,C08912,P04521,R01515
L02754,C09115,P05007,R08749
L02755,C08854,P02682,R03076
L02756,C01755,P09738,R00613
L02757,C09878,P05460,R08335
L02758,C01613,P06700,R06606
L02759,C04429,P08786,R01252
L02760,C03054,P09036,R09048
L02761,C09854,P09063,R01424
L02762,C06947,P03160,R02360
L02763,C01594,P07031,R00225
L02764,C03052,P07639,R07198
L02765,C04876,P09196,R03174
L02766,C07258,P03766,R03602
L02767,C03772,P01965,R06727
L02768,C09611,P03649,R00640
L02769,C00680,P05959,R01695
L02770,C00584,P06091,R02067
L02771,C09105,P08818,R02319
L02772,C06890,P07547,R07387
L02773,C03758,P09121,R02748
L02774,C06562,P09848,R08969
L02775,C09266,P02160,R09811
L02776,C08171,P00264,R07814
L02777,C06463,P07649,R00138
L02778,C03984,P07626,R08085
L02779,C03977,P00348,R00388
L02780,C05934,P00570,R07120
L02781,C01274,P00530,R04815
L02782,C03100,P08981,R09616
L02783,C08812,P05546,R04740
L02784,C04141,P02310,R06795
L02785,C05987,P09646,R08662
L02786,C00270,P06517,R03253
L02787,C04645,P03369,R04329
L02788,C09205,P07369,R01443
L02789,C05600,P07243,R09303
L02790,C08200,P07720,R01230
L02791,C00484,P05623,R04455
L02792,C06303,P02667,R07409
L02793,C01794,P09553,R02212
L02794,C09336,P01627,R02046
L02795,C07626,P06008,R04043
L02796,C06961,P02743,R06279
L02797,C03036,P01081,R01058
L02798,C06075,P02273,R00515
L02799,C07243,P00036,R08728
L02800,C03099,P01786,R05655
L02801,C07847,P03140,R03825
L02802,C01486,P07929,R08836
L02803,C05345,P00557,R09046
L02804,C08824,P03890,R09874
L02805,C09954,P07438,R05507
L02806,C06200,P05918,R05422
L02807,C00521,P05850,R00882
L02808,C08372,P03501,R01567
L02809,C04914,P09674,R04832
L02810,C01731,P00603,R03720
L02811,C05397,P02552,R06582
L02812,C04335,P02226,R06283
L02813,C06069,P03528,R08844
L02814,C09142,P02217,R01551
L02815,C02979,P08817,R00668
L02816,C04654,P09135,R05912
L02817,C03240,P09668,R00033
L02818,C04975,P00742,R07022
L02819,C06013,P00735,R05477
L02820,C07562,P05470,R09852
L02821,C06056,P02653,R03802
L02822,C00120,P04691,R08884
L02823,C05244,P00886,R05087
L02824,C08187,P03185,R00428
L02825,C03837,P07496,R02770
L02826,C06965,P09099,R02030
L02827,C06847,P08090,R06359
L02828,C09584,P06446,R00358
L02829,C00010,P03656,R01850
L02830,C06030,P00633,R01232
L02831,C03167,P02383,R00602
L02832,C07112,P08850,R04242
L02833,C06511,P07797,R05701
L02834,C08744,P03206,R01373
L02835,C06665,P00943,R07552
L02836,C04363,P02334,R03971
L02837,C03195,P06910,R03409
L02838,C04708,P03262,R06040
L02839,C08247,P01068,R06162
L02840,C05425,P03778,R09070
L02841,C03516,P04346,R08757
L02842,C08649,P00064,R08489
L02843,C07579,P07374,R05827
L02844,C00883,P09048,R05252
L02845,C03179,P03042,R09390
L02846,C05126,P04745,R02589
L02847,C08249,P08223,R00133
L02848,C00197,P00359,R04032
L02849,C04258,P06100,R08085
L02850,C04835,P05576,R02997
L02851,C07498,P07625,R00642
L02852,C09738,P04765,R08662
L02853,C09905,P02710,R01018
L02854,C05976,P01798,R02044
L02855,C08381,P05605,R01741
L02856,C00361,P02255,R00646
L02857,C03949,P09186,R04166
L02858,C04707,P02188,R00474
L02859,C03719,P09097,R01770
L02860,C00408,P07252,R06291
L02861,C05559,P05109,R06088
L02862,C09033,P00144,R08787
L02863,C01899,P04149,R01456
L02864,C03423,P05167,R04382
L02865,C00560,P06871,R08910
L02866,C02365,P08047,R02769
L02867,C00147,P05165,R04053
L02868,C07105,P07416,R08507
L02869,C05513,P01871,R02725
L02870,C05104,P08281,R00597
L02871,C03355,P03788,R01631
L02872,C08895,P07924,R03304
L02873,C02609,P00183,R01850
L02874,C07381,P00712,R01728
L02875,C07514,P02909,R04149
L02876,C09862,P03261,R09923
L02877,C07213,P07801,R07375
L02878,C08483,P05978,R06365
L02879,C04579,P03116,R03762
L02880,C06285,P07327,R08140
L02881,C01762,P00540,R07586
L02882,C08520,P06281,R03189
L02883,C07107,P07340,R00844
L02884,C05831,P04274,R04272
L02885,C02636,P05433,R05184
L02886,C06736,P00492,R02801
L02887,C04373,P00785,R06226
L02888,C02802,P09678,R02808
L02889,C04894,P02601,R01549
L02890,C05126,P00262,R06579
L02891,C04160,P01525,R04211
L02892,C06858,P03737,R07046
L02893,C02310,P02058,R02688
L02894,C02971,P02344,R03918
L02895,C04868,P05268,R09327
L02896,C03137,P01077,R05685
L02897,C01881,P00401,R05552
L02898,C05979,P05836,R01451
L02899,C00950,P00545,R09620
L02900,C06938,P08965,R07923
L02901,C06934,P01523,R03834
L02902,C07161,P06881,R08492
L02903,C02879,P04752,R02687
L02904,C00725,P04208,R03209
L02905,C06913,P05760,R08847
L02906,C01570,P07420,R06398
L02907,C06685,P01553,R04840
L02908,C06999,P00928,R01045
L02909,C01689,P00004,R06898
L02910,C02435,P09230,R05452
L02911,C02220,P06944,R02757
L02912,C07837,P03634,R06936
L02913,C02764,P04749,R07234
L02914,C09102,P04475,R06525
L02915,C02038,P09161,R04483
L02916,C06719,P01635,R03511
L02917,C05070,P01370,R00375
L02918,C04699,P05088,R01265
L02919,C01951,P03754,R02850
L02920,C01290,P02437,R08837
L02921,C06337,P04460,R02298
L02922,C09879,P07512,R02670
L02923,C06314,P08911,R01620
L02924,C03076,P07024,R02254
L02925,C04901,P09199,R03545
L02926,C02080,P01745,R09446
L02927,C01896,P00372,R04406
L02928,C03773,P01350,R02811
L02929,C02498,P00426,R04226
L02930,C07284,P05708,R00441
L02931,C07489,P05368,R03777
L02932,C07299,P02892,R08911
L02933,C01956,P02643,R01322
L02934,C02041,P04632,R05780
L02935,C01456,P07276,R06995
L02936,C09357,P08447,R07314
L02937,C04452,P00237,R02631
L02938,C09506,P08646,R04666
L02939,C06938,P00916,R09531
L02940,C03983,P06231,R07440
L02941,C04454,P09047,R06566
L02942,C08178,P09253,R08186
L02943,C08949,P02998,R04807
L02944,C07437,P07848,R07289
L02945,C01664,P00959,R08648
L02946,C01759,P04814,R04984
L02947,C01289,P08708,R04539
L02948,C08544,P02162,R05082
L02949,C01810,P03745,R00108
L02950,C00235,P08223,R06513
L02951,C07660,P01487,R02659
L02952,C09859,P04901,R05219
L02953,C07785,P06396,R03297
L02954,C03884,P02388,R04698
L02955,C02792,P06658,R02470
L02956,C04462,P08114,R09442
L02957,C09256,P06754,R03713
L02958,C01841,P01599,R09928
L02959,C02211,P08192,R07197
L02960,C09959,P03706,R03616
L02961,C06139,P03496,R05505
L02962,C00987,P04356,R06444
L02963,C02390,P09558,R01039
L02964,C05704,P04641,R04810
L02965,C07744,P06145,R02710
L02966,C01991,P07950,R00034
L02967,C08022,P08163,R00752
L02968,C05023,P02200,R02726
L02969,C01754,P05424,R01078
L02970,C09425,P02900,R08056
L02971,C09537,P09983,R05944
L02972,C01741,P00080,R07786
L02973,C07621,P05476,R04469
L02974,C07586,P03904,R01737
L02975,C05626,P09358,R04876
L02976,C08108,P06065,R09232
L02977,C07450,P08997,R02662
L02978,C08867,P01150,R07367
L02979,C06061,P01744,R04660
L02980,C08788,P04783,R03090
L02981,C04128,P02681,R02651
L02982,C01738,P07337,R03371
L02983,C05596,P04236,R06476
L02984,C04592,P08832,R07966
L02985,C09269,P08210,R08825
L02986,C02852,P06163,R09134
L02987,C04657,P02847,R08433
L02988,C07723,P09011,R01930
L02989,C09771,P05408,R02093
L02990,C09959,P00213,R04533
L02991,C07304,P06031,R05216
L02992,C08884,P08144,R07450
L02993,C07447,P06618,R02829
L02994,C00382,P09921,R09751
L02995,C04220,P01180,R01425
L02996,C05878,P00526,R03288
L02997,C07973,P00123,R05512
L02998,C02325,P09754,R03362
L02999,C06880,P07772,R03001
L03000,C07793,P09896,R00974
L03001,C03306,P03843,R00991
L03002,C05307,P01233,R07245
L03003,C03964,P01728,R04987
L03004,C08528,P02392,R08653
L03005,C06036,P08454,R04745
L03006,C06136,P08323,R03594
L03007,C03267,P00145,R06309
L03008,C07912,P02449,R02741
L03009,C09565,P08170,R07003
L03010,C01431,P01094,R04328
L03011,C01907,P00781,R01645
L03012,C05110,P01268,R00135
L03013,C06002,P04817,R01757
L03014,C02348,P06645,R06347
L03015,C00074,P01509,R06904
L03016,C04467,P09552,R03488
L03017,C04275,P02274,R01077
L03018,C06328,P05816,R09372
L03019,C08333,P02889,R06120
L03020,C06914,P03941,R05730
L03021,C00379,P05783,R07721
L03022,C05316,P03253,R01611
L03023,C07114,P09249,R08678
L03024,C07337,P03164,R07521
L03025,C06565,P05287,R00856
L03026,C09365,P04708,R01246
L03027,C06658,P09044,R04605
L03028,C07912,P09410,R05420
L03029,C06569,P06424,R06301
L03030,C06571,P08281,R00326
L03031,C04456,P05627,R05268
L03032,C05681,P01584,R04931
L03033,C07706,P03539,R09722
L03034,C04329,P02705,R03102
L03035,C08727,P00702,R09960
L03036,C04027,P01101,R02840
L03037,C07204,P06807,R00272
L03038,C06973,P04939,R00320
L03039,C00147,P08957,R08786
L03040,C06641,P03405,R09966
L03041,C04375,P06727,R07295
L03042,C09750,P01006,R02886
L03043,C08815,P01008,R01326
L03044,C07556,P05902,R05374
L03045,C04691,P02983,R09548
L03046,C00360,P00370,R04514
L03047,C05733,P09773,R02435
L03048,C05827,P09758,R03133
L03049,C07763,P01928,R01361
L03050,C08522,P01646,R01773
L03051,C03995,P09613,R08846
L03052,C04429,P05875,R05919
L03053,C05212,P03268,R04809
L03054,C01169,P04264,R05518
L03055,C02951,P04395,R01922
L03056,C09541,P06024,R02190
L03057,C05226,P00218,R06649
L03058,C03242,P03097,R03502
L03059,C06130,P00164,R06665
L03060,C04193,P07236,R08882
L03061,C03907,P00059,R04631
L03062,C01873,P02118,R07734
L03063,C08233,P01286,R03857
L03064,C07623,P07010,R06941
L03065,C06922,P03842,R09726
L03066,C00291,P09340,R07937
L03067,C04879,P09842,R07148
L03068,C07357,P09174,R03533
L03069,C06487,P04685,R04578
L03070,C09441,P02632,R05460
L03071,C02364,P00192,R04581
L03072,C03500,P01451,R00631
L03073,C09184,P01349,R00285
L03074,C09515,P00512,R08330
L03075,C02774,P09481,R05761
L03076,C03950,P06323,R04434
L03077,C03689,P00048,R01229
L03078,C00016,P06376,R09330
L03079,C00780,P06597,R01689
L03080,C07382,P07481,R09340
L03081,C05708,P06714,R04583
L03082,C04377,P00166,R04167
L03083,C03693,P04244,R03452
L03084,C05925,P06541,R02190
L03085,C00923,P07383,R05075
L03086,C03414,P07783,R00004
L03087,C09329,P05238,R01449
L03088,C08590,P08182,R00952
L03089,C03121,P04802,R00625
L03090,C08265,P02473,R02506
L03091,C06199,P05627,R07772
L03092,C06921,P04306,R03087
L03093,C03167,P00852,R08446
L03094,C04758,P03124,R03188
L03095,C01588,P05533,R06907
L03096,C08519,P03333,R04314
L03097,C07200,P08730,R07483
L03098,C08802,P00744,R06685
L03099,C05501,P06023,R08618
L03100,C08271,P07368,R03907
L03101,C01670,P05293,R02267
L03102,C07005,P06727,R06305
L03103,C07231,P06279,R03402
L03104,C09708,P08435,R01513
L03105,C01873,P02285,R06358
L03106,C06872,P00795,R04122
L03107,C06649,P04453,R05765
L03108,C07564,P09478,R09834
L03109,C04123,P09486,R07815
L03110,C06716,P05990,R07563
L03111,C02511,P06635,R06126
L03112,C08263,P02157,R03902
L03113,C03088,P09309,R00639
L03114,C05815,P06524,R05533
L03115,C03096,P04704,R01873
L03116,C03707,P05252,R03823
L03117,C08672,P02558,R08252
L03118,C08243,P05968,R06177
L03119,C03729,P01400,R03597
L03120,C02905,P00214,R05605
L03121,C05707,P02972,R00621
L03122,C08174,P01184,R09440
L03123,C07901,P01967,R05887
L03124,C03043,P03583,R00386
L03125,C06552,P09115,R03362
L03126,C01365,P07594,R08767
L03127,C01285,P02214,R06811
L03128,C09721,P01025,R03567
L03129,C01232,P02683,R08532
L03130,C01268,P04950,R03394
L03131,C09824,P08658,R07027
L03132,C02913,P05436,R09354
L03133,C00618,P06813,R05043
L03134,C07842,P05127,R01600
L03135,C06026,P05280,R05126
L03136,C03058,P06585,R02702
L03137,C07534,P07190,R00053
L03138,C01815,P06781,R08415
L03139,C05915,P00829,R06354
L03140,C09456,P02235,R02397
L03141,C07455,P00986,R05325
L03142,C02584,P08124,R06643
L03143,C00479,P07487,R05039
L03144,C03542,P01057,R00382
L03145,C09258,P04981,R09497
L03146,C02597,P02199,R02722
L03147,C09432,P04009,R07800
L03148,C05329,P04495,R08975
L03149,C09854,P00005,R08174
L03150,C02036,P01298,R05333
L03151,C08349,P04054,R03917
L03152,C00717,P09861,R05129
L03153,C03239,P05076,R08538
L03154,C08093,P06748,R01262
L03155,C04309,P09992,R01509
L03156,C06004,P06155,R05293
L03157,C05177,P04494,R00405
L03158,C02378,P03409,R08236
L03159,C02887,P03210,R00466
L03160,C00608,P06965,R01180
L03161,C04471,P01948,R05683
L03162,C08769,P00906,R08217
L03163,C07076,P02556,R05358
L03164,C03003,P00709,R04645
L03165,C03614,P00335,R05333
L03166,C06814,P04163,R07336
L03167,C02048,P00660,R07814
L03168,C07831,P00712,R03281
L03169,C08575,P01508,R05409
L03170,C05994,P01911,R08470
L03171,C02564,P04074,R09690
L03172,C02169,P04040,R03712
L03173,C03912,P06736,R01230
L03174,C00487,P04393,R08274
L03175,C09700,P02335,R08549
L03176,C04937,P02972,R05097
L03177,C02267,P08294,R00209
L03178,C01403,P01385,R07632
L03179,C06060,P00085,R04786
L03180,C04894,P06788,R06644
L03181,C05091,P03702,R03178
L03182,C02205,P03976,R08038
L03183,C01962,P01332,R00935
L03184,C04685,P08635,R07702
L03185,C05622,P07395,R06325
L03186,C08394,P03255,R06530
L03187,C01270,P04086,R04674
L03188,C00617,P08165,R07470
L03189,C07593,P03205,R06965
L03190,C09541,P09742,R00753
L03191,C00844,P08857,R09580
L03192,C02872,P05616,R08519
L03193,C03781,P06952,R09759
L03194,C00308,P06203,R07163
L03195,C04639,P02571,R05853
L03196,C03839,P02428,R04669
L03197,C09371,P07944,R02815
L03198,C02216,P02434,R00715
L03199,C01609,P03291,R00574
L03200,C07418,P01997,R08813
L03201,C01938,P07882,R07959
L03202,C00689,P01986,R09130
L03203,C03698,P02657,R08625
L03204,C01155,P06187,R02496
L03205,C05819,P06418,R01670
L03206,C03588,P00470,R08992
L03207,C08545,P05498,R08864
L03208,C05275,P06766,R07667
L03209,C01004,P00828,R02119
L03210,C04459,P09704,R03449
L03211,C08665,P05241,R01754
L03212,C00366,P02479,R00364
L03213,C04453,P06478,R07000
L03214,C06653,P00557,R06628
L03215,C02708,P08812,R04464
L03216,C00812,P06838,R05394
L03217,C02781,P04702,R00426
L03218,C06705,P00234,R02057
L03219,C00411,P09408,R08804
L03220,C04431,P08487,R07159
L03221,C00640,P09594,R06207
L03222,C02721,P05214,R03405
L03223,C07712,P04908,R03557
L03224,C00980,P09029,R03292
L03225,C01107,P00506,R03650
L03226,C01568,P03131,R06434
L03227,C02040,P08051,R02663
L03228,C07869,P00438,R05664
L03229,C08470,P06317,R01447
L03230,C00772,P00487,R04538
L03231,C05994,P01976,R04302
L03232,C05988,P07145,R05527
L03233,C00408,P05048,R01617
L03234,C07429,P07236,R02801
L03235,C09015,P01833,R00460
L03236,C05891,P08174,R07837
L03237,C05672,P07486,R04850
L03238,C06366,P07702,R00396
L03239,C02419,P01612,R06281
L03240,C05561,P05359,R07856
L03241,C05894,P00242,R01073
L03242,C03993,P03805,R00894
L03243,C06391,P02552,R01922
L03244,C07172,P00685,R04586
L03245,C04492,P01917,R04546
L03246,C03901,P02635,R04816
L03247,C01361,P04195,R01212
L03248,C05609,P01502,R01754
L03249,C07205,P06390,R02869
L03250,C00938,P09502,R07070
L03251,C01440,P09057,R00399
L03252,C09363,P05072,R01669
L03253,C01568,P00898,R09487
L03254,C00092,P01488,R04380
L03255,C07546,P03410,R02312
L03256,C04918,P08742,R00372
L03257,C07701,P09356,R02378
L03258,C08812,P02565,R00889
L03259,C00505,P07930,R06697
L03260,C04727,P00041,R05212
L03261,C05577,P02246,R03811
L03262,C04529,P06440,R05953
L03263,C04411,P06603,R00004
L03264,C00909,P02676,R04895
L03265,C09922,P08950,R06035
L03266,C05592,P07132,R01243
L03267,C03834,P04269,R08371
L03268,C00327,P05655,R01778
L03269,C01122,P00841,R08570
L03270,C06955,P05665,R01088
L03271,C05835,P09191,R01682
L03272,C07161,P05324,R06446
L03273,C08912,P02615,R05683
L03274,C07573,P08225,R08262
L03275,C07507,P05638,R08753
L03276,C07708,P01447,R02163
L03277,C06100,P07383,R05205
L03278,C07789,P06454,R04270
L03279,C05773,P01111,R05494
L03280,C04661,P06512,R00963
L03281,C07997,P00914,R03076
L03282,C07135,P02528,R01801
L03283,C05258,P00818,R04992
L03284,C08095,P08839,R02150
L03285,C09288,P04439,R07305
L03286,C04544,P00484,R00982
L03287,C06954,P03118,R06091
L03288,C06864,P00927,R05230
L03289,C03785,P09216,R08111
L03290,C00842,P08228,R03457
L03291,C02756,P08439,R05500
L03292,C06338,P08673,R03441
L03293,C05849,P02274,R00899
L03294,C06584,P09322,R03975
L03295,C03812,P00362,R01087
L03296,C08484,P03620,R01981
L03297,C01975,P07349,R04236
L03298,C00986,P02305,R06148
L03299,C01017,P08918,R07743
L03300,C01053,P03766,R02203
L03301,C00974,P09336,R06907
L03302,C05447,P01054,R09404
L03303,C05271,P03125,R03919
L03304,C00272,P05919,R04279
L03305,C04702,P08921,R06098
L03306,C05388,P01263,R02430
L03307,C01481,P07901,R02905
L03308,C02101,P08111,R05063
L03309,C02897,P09815,R06420
L03310,C05476,P01830,R08579
L03311,C04622,P04078,R00952
L03312,C02435,P06537,R08362
L03313,C06003,P01400,R09593
L03314,C03902,P07525,R02509
L03315,C04791,P04126,R05832
L03316,C05358,P07761,R07786
L03317,C03952,P00946,R05186
L03318,C04093,P09629,R05948
L03319,C05418,P01831,R07221
L03320,C06930,P02815,R09178
L03321,C04656,P01563,R08558
L03322,C02492,P01585,R09045
L03323,C09051,P03462,R03206
L03324,C06411,P04473,R02315
L03325,C06534,P01588,R01756
L03326,C09848,P00569,R09553
L03327,C09651,P09553,R04587
L03328,C03376,P05061,R08310
L03329,C04352,P08480,R02509
L03330,C00040,P08096,R05157
L03331,C02170,P02068,R03647
L03332,C02367,P03936,R06627
L03333,C04129,P05914,R04880
L03334,C06120,P00498,R02730
L03335,C07987,P06650,R02865
L03336,C05511,P01562,R05356
L03337,C02543,P08806,R06994
L03338,C01316,P00494,R08392
L03339,C02387,P05182,R03644
L03340,C06024,P08639,R02085
L03341,C09485,P04523,R09105
L03342,C02933,P03092,R04358
L03343,C03798,P05145,R06610
L03344,C08261,P09690,R09373
L03345,C07335,P01880,R00075
L03346,C03981,P03791,R07380
L03347,C02237,P00128,R02223
L03348,C06729,P05704,R01675
L03349,C01198,P07791,R01404
L03350,C04577,P07607,R03262
L03351,C06191,P00138,R07908
L03352,C00609,P02150,R08539
L03353,C08325,P03997,R06976
L03354,C08961,P03828,R07232
L03355,C09669,P03619,R06964
L03356,C03216,P00275,R07927
L03357,C08594,P01842,R06321
L03358,C08890,P00222,R08144
L03359,C09994,P02695,R06722
L03360,C04508,P00463,R04595
L03361,C03980,P00440,R02269
L03362,C00179,P01824,R06435
L03363,C03468,P02386,R00493
L03364,C05729,P09281,R00307
L03365,C05145,P05772,R05749
L03366,C03156,P05940,R09277
L03367,C06440,P05255,R06147
L03368,C03091,P05258,R06870
L03369,C04673,P06441,R02723
L03370,C06879,P05040,R07317
L03371,C01910,P00654,R09885
L03372,C01532,P05981,R02521
L03373,C06221,P03831,R09574
L03374,C09459,P05634,R09163
L03375,C08286,P06561,R05899
L03376,C04290,P08926,R06936
L03377,C01868,P01619,R08207
L03378,C07518,P06701,R05020
L03379,C03054,P05131,R09269
L03380,C08709,P07551,R03663
L03381,C02962,P02658,R07073
L03382,C03593,P00275,R07880
L03383,C01462,P09115,R07965
L03384,C00632,P08452,R01318
L03385,C00978,P01437,R03529
L03386,C01473,P00313,R08817
L03387,C07164,P00570,R04099
L03388,C02874,P06874,R09647
L03389,C00348,P07569,R07370
L03390,C04859,P04467,R08318
L03391,C03974,P04396,R04622
L03392,C08449,P07734,R01221
L03393,C01176,P08063,R05216
L03394,C09536,P08183,R08768
L03395,C05758,P00984,R03505
L03396,C05826,P00151,R02915
L03397,C06855,P06825,R06397
L03398,C08786,P00085,R06033
L03399,C00770,P08735,R05896
L03400,C01669,P04550,R09046
L03401,C01700,P09090,R00902
L03402,C01992,P07146,R04092
L03403,C07552,P01226,R06712
L03404,C08899,P03921,R02535
L03405,C03888,P01910,R00374
L03406,C08543,P02559,R01234
L03407,C04174,P03527,R08552
L03408,C08798,P09945,R03367
L03409,C04768,P09670,R00880
L03410,C07937,P04025,R06970
L03411,C06145,P04485,R09405
L03412,C09267,P02687,R07608
L03413,C08560,P09732,R01278
L03414,C03060,P04965,R07740
L03415,C08683,P06003,R00052
L03416,C08206,P08150,R07118
L03417,C03905,P01158,R08156
L03418,C09161,P03327,R00604
L03419,C07651,P08801,R01068
L03420,C06626,P08062,R01459
L03421,C07220,P08283,R03433
L03422,C03464,P00056,R03075
L03423,C07462,P00448,R00763
L03424,C00947,P04483,R06047
L03425,C07627,P01705,R04230
L03426,C02243,P05333,R02775
L03427,C08492,P08099,R00496
L03428,C06812,P01946,R02637
L03429,C01378,P09920,R05542
L03430,C05916,P01029,R09085
L03431,C00098,P08890,R06063
L03432,C03698,P01257,R07699
L03433,C09287,P05749,R00797
L03434,C09473,P07867,R02979
L03435,C06579,P04574,R09030
L03436,C05101,P06506,R05027
L03437,C08913,P00184,R05677
L03438,C02403,P02694,R00493
L03439,C00790,P01083,R02510
L03440,C08046,P04949,R08266
L03441,C05275,P02939,R07460
L03442,C07639,P08062,R09026
L03443,C02133,P07694,R01821
L03444,C07813,P09033,R03010
L03445,C06448,P06063,R09641
L03446,C05682,P05306,R07385
L03447,C04151,P08623,R06092
L03448,C01101,P08199,R08047
L03449,C01156,P08548,R05300
L03450,C00096,P09583,R03806
L03451,C01796,P00590,R07600
L03452,C02135,P01740,R07350
L03453,C09152,P06378,R02255
L03454,C07415,P06017,R02661
L03455,C01194,P08499,R09939
L03456,C00062,P09831,R04140
L03457,C01807,P03009,R01603
L03458,C07264,P03183,R06017
L03459,C00369,P06521,R08295
L03460,C03700,P07591,R07393
L03461,C09812,P02986,R08933
L03462,C04533,P08692,R06950
L03463,C07305,P04160,R03810
L03464,C06009,P08361,R03628
L03465,C02562,P01589,R00881
L03466,C08026,P01344,R05661
L03467,C08279,P06365,R06877
L03468,C06032,P01583,R05349
L03469,C04147,P05388,R06968
L03470,C01841,P09426,R06937
L03471,C04277,P08506,R08914
L03472,C06345,P09149,R04300
L03473,C04481,P05638,R01468
L03474,C07236,P06658,R03716
L03475,C01219,P05080,R08784
L03476,C08610,P02802,R09966
L03477,C05803,P01202,R08176
L03478,C08109,P01768,R04120
L03479,C06214,P06942,R06280
L03480,C09110,P08438,R04763
L03481,C03938,P02652,R09769
L03482,C03526,P08239,R00210
L03483,C06889,P04666,R01405
L03484,C06955,P01674,R01929
L03485,C07269,P08483,R09392
L03486,C04137,P09920,R02275
L03487,C02403,P01444,R06709
L03488,C01674,P09128,R00608
L03489,C04717,P03068,R09638
L03490,C06511,P04135,R02882
L03491,C03925,P05961,R07911
L03492,C03353,P09487,R06320
L03493,C05451,P08325,R09673
L03494,C08388,P05120,R07141
L03495,C08178,P00494,R08687
L03496,C07981,P02925,R00945
L03497,C00034,P06792,R07041
L03498,C09728,P03635,R03924
L03499,C07529,P05497,R07474
L03500,C09212,P02710,R01553
L03501,C07589,P06591,R09787
L03502,C03252,P09230,R01200
L03503,C06784,P06517,R04710
L03504,C07290,P07516,R06629
L03505,C03915,P03676,R08229
L03506,C03756,P09558,R08505
L03507,C05078,P06375,R04891
L03508,C08305,P03164,R03886
L03509,C05782,P05805,R01733
L03510,C07001,P08178,R08503
L03511,C08555,P03137,R04389
L03512,C08820,P08068,R01188
L03513,C09248,P08758,R08084
L03514,C07629,P02134,R00834
L03515,C01290,P08452,R04359
L03516,C07666,P00981,R09820
L03517,C02982,P06993,R07313
L03518,C00865,P00274,R01493
L03519,C06574,P05794,R03557
L03520,C07041,P02304,R02170
L03521,C07286,P07077,R08573
L03522,C01950,P00249,R00850
L03523,C08951,P02178,R05754
L03524,C08874,P08214,R09244
L03525,C04739,P02941,R03966
L03526,C04307,P07065,R03930
L03527,C05712,P05750,R02852
L03528,C03554,P04047,R04464
L03529,C09633,P09845,R08391
L03530,C04672,P04220,R05076
L03531,C04428,P03414,R03840
L03532,C06074,P09628,R03526
L03533,C05834,P05840,R09036
L03534,C06947,P07412,R07831
L03535,C03279,P00458,R09777
L03536,C07004,P00888,R02040
L03537,C08896,P01081,R00128
L03538,C07030,P01800,R02764
L03539,C06270,P09457,R00377
L03540,C04008,P02105,R09842
L03541,C09707,P03905,R07423
L03542,C08777,P05581,R09762
L03543,C09119,P05476,R05873
L03544,C00145,P06096,R02945
L03545,C05035,P02188,R01671
L03546,C09825,P08040,R02254
L03547,C07979,P04862,R00996
L03548,C08184,P06035,R01669
L03549,C07560,P01479,R00560
L03550,C04284,P09361,R02726
L03551,C07946,P03208,R00202
L03552,C03530,P05187,R02224
L03553,C09358,P02739,R02245
L03554,C00081,P08144,R09795
L03555,C08875,P07162,R07791
L03556,C01399,P08454,R00732
L03557,C03011,P02003,R06661
L03558,C05268,P00299,R07577
L03559,C05838,P02298,R01660
L03560,C03162,P04294,R00229
L03561,C07555,P09185,R07278
L03562,C01352,P03955,R08090
L03563,C04801,P00665,R00023
L03564,C09671,P02025,R03913
L03565,C02043,P01253,R06671
L03566,C06089,P09099,R01142
L03567,C05326,P00869,R08525
L03568,C07894,P01449,R08708
L03569,C02397,P00514,R00250
L03570,C06967,P00636,R04856
L03571,C09429,P00414,R00318
L03572,C04799,P03055,R05906
L03573,C00048,P00245,R07354
L03574,C07349,P01461,R07030
L03575,C07749,P07569,R03806
L03576,C00399,P04842,R00469
L03577,C00774,P06563,R09890
L03578,C02464,P07961,R09080
L03579,C02500,P07989,R01759
L03580,C00727,P05865,R01955
L03581,C02610,P08772,R01875
L03582,C09510,P08564,R06983
L03583,C07178,P07116,R04471
L03584,C07757,P09203,R03599
L03585,C09523,P03908,R03641
L03586,C00993,P02753,R05338
L03587,C05279,P06724,R07611
L03588,C01830,P08244,R06075
L03589,C05307,P01250,R00473
L03590,C06919,P05533,R02387
L03591,C08852,P00015,R04875
L03592,C00182,P06359,R09718
L03593,C04149,P06472,R01224
L03594,C04409,P03934,R07242
L03595,C06341,P07950,R04501
L03596,C07324,P06406,R02415
L03597,C05318,P07457,R01215
L03598,C00034,P01268,R08645
L03599,C01527,P01965,R02268
L03600,C08750,P06161,R07430
L03601,C08805,P00614,R04164
L03602,C03642,P01295,R00375
L03603,C08249,P00302,R09212
L03604,C08846,P02589,R00899
L03605,C03382,P01000,R06344
L03606,C02705,P01982,R03885
L03607,C05681,P06924,R07876
L03608,C09773,P05151,R08535
L03609,C06798,P07575,R09954
L03610,C04423,P06708,R05163
L03611,C00684,P06052,R08245
L03612,C03630,P09461,R01739
L03613,C02637,P04121,R08442
L03614,C03314,P06538,R03139
L03615,C05317,P03739,R09080
L03616,C00586,P00924,R09869
L03617,C00383,P01821,R01634
L03618,C06369,P07873,R04358
L03619,C02575,P09222,R03718
L03620,C06899,P02986,R06020
L03621,C07302,P05488,R02001
L03622,C08650,P07432,R03033
L03623,C06928,P08259,R01205
L03624,C02596,P03240,R03491
L03625,C00138,P02099,R04706
L03626,C08082,P08574,R06662
L03627,C07487,P08439,R09010
L03628,C00658,P06445,R08743
L03629,C06964,P00598,R03745
L03630,C04803,P09298,R07537
L03631,C05926,P09009,R06988
L03632,C09336,P08824,R02108
L03633,C05599,P02744,R08877
L03634,C07912,P00766,R02024
L03635,C09200,P06876,R05732
L03636,C01116,P02799,R07101
L03637,C06780,P06999,R04744
L03638,C07320,P02538,R06363
L03639,C01091,P08757,R02006
L03640,C06452,P07412,R00833
L03641,C05522,P00435,R03310
L03642,C08503,P02978,R08454
L03643,C09636,P01728,R05842
L03644,C08412,P02398,R09657
L03645,C08458,P00523,R03157
L03646,C03046,P00603,R08525
L03647,C09886,P06169,R00739
L03648,C01011,P07559,R07356
L03649,C05055,P09075,R00249
L03650,C00774,P03845,R05881
L03651,C05973,P07389,R04817
L03652,C09135,P02627,R03460
L03653,C01833,P07445,R04160
L03654,C05447,P05157,R09404
L03655,C05392,P02335,R02481
L03656,C01163,P02373,R06127
L03657,C04551,P09859,R09115
L03658,C03860,P03495,R04225
L03659,C07353,P03762,R08071
L03660,C08475,P06917,R02319
L03661,C03260,P02637,R07321
L03662,C04308,P03768,R06841
L03663,C08379,P02384,R06983
L03664,C06639,P05072,R00500
L03665,C03795,P01787,R07346
L03666,C01549,P02684,R04533
L03667,C01604,P04143,R04042
L03668,C02799,P00555,R00821
L03669,C02344,P03676,R05346
L03670,C08237,P04115,R00311
L03671,C09584,P03164,R09552
L03672,C00744,P06248,R02620
L03673,C08027,P00444,R07514
L03674,C05961,P00561,R00794
L03675,C07240,P00595,R08786
L03676,C06063,P07424,R03436
L03677,C04114,P01647,R04246
L03678,C05164,P00100,R09205
L03679,C04947,P02823,R08212
L03680,C05281,P08818,R08110
L03681,C01069,P06367,R09954
L03682,C04334,P04252,R08958
L03683,C08259,P09448,R09931
L03684,C03849,P06685,R01024
L03685,C05557,P06957,R01442
L03686,C04013,P04794,R07302
L03687,C02427,P01601,R08508
L03688,C07496,P02869,R00998
L03689,C05112,P06457,R06231
L03690,C00382,P08172,R05635
L03691,C01155,P02749,R06397
L03692,C04527,P07498,R09575
L03693,C01794,P05321,R06549
L03694,C01224,P00568,R05229
L03695,C05587,P02399,R01040
L03696,C01303,P08918,R09945
L03697,C01295,P01622,R01350
L03698,C08121,P04816,R05837
L03699,C01943,P01508,R09459
L03700,C09612,P01218,R07024
L03701,C07834,P04964,R09674
L03702,C02997,P06410,R02968
L03703,C07306,P00500,R09217
L03704,C08520,P04479,R04487
L03705,C09048,P00391,R05560
L03706,C09825,P08967,R06894
L03707,C03837,P01594,R02704
L03708,C09477,P04084,R04003
L03709,C02761,P04876,R08137
L03710,C08207,P04753,R06759
L03711,C04667,P06960,R05832
L03712,C06243,P05050,R03847
L03713,C09166,P01513,R09130
L03714,C08627,P00445,R00788
L03715,C09869,P07308,R07145
L03716,C08284,P06608,R09030
L03717,C09164,P01969,R09056
L03718,C07558,P02584,R03098
L03719,C01343,P01671,R07356
L03720,C08518,P05793,R08847
L03721,C02796,P03383,R01614
L03722,C00365,P00215,R08751
L03723,C01311,P05589,R08947
L03724,C06084,P04854,R07717
L03725,C00804,P07706,R06966
L03726,C08256,P05223,R06492
L03727,C01560,P07291,R01469
L03728,C08384,P06833,R09619
L03729,C07922,P02439,R01790
L03730,C01693,P08863,R02494
L03731,C09086,P05548,R02602
L03732,C00691,P08280,R01290
L03733,C06654,P09803,R02096
L03734,C00901,P01459,R02047
L03735,C02955,P08376,R03877
L03736,C05938,P09862,R03738
L03737,C05513,P08498,R05066
L03738,C03525,P00626,R04230
L03739,C05769,P05088,R00737
L03740,C08717,P09646,R08711
L03741,C00057,P08184,R07147
L03742,C04582,P03639,R05347
L03743,C01742,P08515,R05258
L03744,C00497,P06028,R09280
L03745,C00644,P05811,R01067
L03746,C08285,P00560,R07791
L03747,C00530,P09685,R08623
L03748,C04405,P09695,R02587
L03749,C00177,P00509,R08130
L03750,C07452,P05087,R09944
L03751,C03530,P03660,R08911
L03752,C05347,P08247,R06352
L03753,C08734,P05029,R00956
L03754,C00080,P03931,R06890
L03755,C00565,P04735,R07273
L03756,C03755,P08676,R09451
L03757,C01461,P00405,R08212
L03758,C01746,P07965,R06367
L03759,C02463,P08399,R06322
L03760,C01693,P00826,R08823
L03761,C03609,P05581,R04565
L03762,C09891,P07524,R09435
L03763,C01154,P01062,R09578
L03764,C07976,P03438,R08481
L03765,C06816,P07233,R00916
L03766,C04168,P00221,R03430
L03767,C00042,P07608,R03108
L03768,C05739,P01679,R09653
L03769,C02827,P05545,R04056
L03770,C09258,P08692,R09386
L03771,C05057,P09547,R06876
L03772,C05020,P07587,R01712
L03773,C09177,P09737,R01589
L03774,C08440,P02800,R00783
L03775,C08109,P06955,R06274
L03776,C03575,P06293,R00029
L03777,C06330,P00670,R01841
L03778,C08484,P02767,R06674
L03779,C04395,P00397,R00578
L03780,C01200,P02198,R01745
L03781,C00362,P05547,R02154
L03782,C05110,P00320,R07845
L03783,C07867,P06769,R03281
L03784,C00058,P05759,R03282
L03785,C02465,P06799,R01367
L03786,C04841,P07474,R05040
L03787,C03669,P09674,R05086
L03788,C01267,P09385,R08840
L03789,C07255,P04922,R00216
L03790,C09263,P02862,R00592
L03791,C08766,P00462,R04492
L03792,C06090,P04301,R06261
L03793,C05898,P03497,R06747
L03794,C02393,P07495,R02705
L03795,C04155,P01658,R01343
L03796,C00891,P00878,R09830
L03797,C01614,P02992,R00538
L03798,C01553,P01300,R09923
L03799,C01315,P07398,R00492
L03800,C06755,P08956,R04710
L03801,C04710,P02953,R09626
L03802,C06626,P03233,R07097
L03803,C02819,P07288,R08140
L03804,C06952,P04306,R04440
L03805,C01270,P03560,R03603
L03806,C03953,P07448,R08778
L03807,C01085,P08181,R06212
L03808,C01461,P01822,R02343
L03809,C09207,P03405,R03541
L03810,C05103,P04579,R09487
L03811,C04416,P07759,R03255
L03812,C02087,P06249,R00494
L03813,C02147,P02456,R08158
L03814,C01143,P08643,R03052
L03815,C03196,P02495,R04653
L03816,C09571,P07719,R04711
L03817,C00062,P02237,R03397
L03818,C01102,P06119,R07790
L03819,C03458,P04645,R07747
L03820,C00605,P06026,R01676
L03821,C09090,P00014,R03863
L03822,C07242,P09287,R01668
L03823,C08924,P00931,R07443
L03824,C02927,P03982,R05211
L03825,C05738,P05153,R09716
L03826,C04295,P06803,R06976
L03827,C04470,P04686,R04149
L03828,C02950,P09084,R08402
L03829,C09244,P06887,R08916
L03830,C02494,P03817,R06918
L03831,C06299,P06055,R06961
L03832,C08872,P02344,R00473
L03833,C08637,P07748,R08749
L03834,C05403,P01139,R01376
L03835,C09187,P09907,R00910
L03836,C04308,P07365,R08948
L03837,C01495,P00299,R01010
L03838,C06477,P06098,R06214
L03839,C05238,P04026,R05807
L03840,C07818,P05319,R07993
L03841,C08273,P01739,R05383
L03842,C00472,P03183,R09745
L03843,C00646,P01122,R01481
L03844,C00871,P00074,R04479
L03845,C07957,P01981,R08395
L03846,C09168,P01491,R03818
L03847,C05709,P04711,R08818
L03848,C08952,P04017,R09860
L03849,C03949,P02030,R09243
L03850,C09149,P03164,R05140
L03851,C02256,P00775,R08959
L03852,C09086,P00560,R09299
L03853,C06707,P00073,R07902
L03854,C01932,P05594,R07265
L03855,C05433,P04430,R07326
L03856,C00900,P07218,R00047
L03857,C05353,P09516,R03443
L03858,C06735,P02040,R03122
L03859,C07646,P09955,R09747
L03860,C06142,P02921,R00540
L03861,C06064,P08716,R03177
L03862,C04176,P05776,R07095
L03863,C08631,P08977,R01564
L03864,C06551,P03388,R04057
L03865,C03114,P09322,R09437
L03866,C05834,P08203,R08054
L03867,C02457,P06804,R01774
L03868,C05829,P07293,R03861
L03869,C01284,P02195,R06277
L03870,C06861,P08568,R03969
L03871,C03440,P00454,R09233
L03872,C08819,P05735,R04757
L03873,C06748,P02580,R03319
L03874,C05656,P09865,R01636
L03875,C04163,P02791,R07780
L03876,C00520,P08106,R09614
L03877,C04084,P05533,R08675
L03878,C06359,P00473,R03760
L03879,C01524,P09596,R05219
L03880,C06856,P09012,R01670
L03881,C03578,P02882,R07503
L03882,C02322,P05287,R09817
L03883,C06780,P07606,R06464
L03884,C08889,P07994,R06641
L03885,C05754,P02079,R00917
L03886,C00007,P08072,R00841
L03887,C06682,P09665,R06625
L03888,C03707,P09018,R01839
L03889,C03838,P01628,R00909
L03890,C07191,P08753,R00289
L03891,C04639,P07738,R07406
L03892,C05807,P03579,R05032
L03893,C01130,P08478,R04657
L03894,C02298,P04151,R08666
L03895,C00090,P04221,R09907
L03896,C06470,P04336,R01205
L03897,C01340,P02407,R05323
L03898,C01063,P05553,R04710
L03899,C07021,P04716,R04077
L03900,C03261,P05629,R06937
L03901,C07379,P05056,R06840
L03902,C05567,P08939,R01283
L03903,C08982,P09416,R04632
L03904,C08147,P09427,R00200
L03905,C02402,P04223,R06306
L03906,C09736,P05018,R04003
L03907,C06008,P02140,R00689
L03908,C06768,P09638,R08483
L03909,C03103,P03284,R05820
L03910,C08593,P09493,R09590
L03911,C06372,P07908,R04364
L03912,C03797,P02843,R03336
L03913,C09633,P00939,R00882
L03914,C04974,P04905,R02339
L03915,C05851,P01660,R05817
L03916,C00886,P01788,R03139
L03917,C08771,P03526,R01255
L03918,C07230,P02727,R04818
L03919,C06118,P01090,R07453
L03920,C05554,P07478,R05424
L03921,C00840,P00796,R01676
L03922,C07952,P03504,R07907
L03923,C04544,P04682,R08777
L03924,C09688,P07882,R09999
L03925,C04471,P08923,R03156
L03926,C07362,P06874,R09120
L03927,C08486,P00107,R08751
L03928,C03311,P00739,R00786
L03929,C04012,P08467,R09492
L03930,C08801,P03705,R08351
L03931,C04930,P02124,R02302
L03932,C09335,P06072,R00308
L03933,C03552,P04140,R05139
L03934,C00642,P07169,R08927
L03935,C07542,P09947,R06113
L03936,C05766,P04659,R01559
L03937,C01108,P07911,R00179
L03938,C04501,P05397,R05714
L03939,C00670,P03877,R04880
L03940,C09675,P03881,R03451
L03941,C06563,P03128,R05618
L03942,C00724,P07030,R09585
L03943,C04236,P01259,R03427
L03944,C05512,P02199,R05634
L03945,C01650,P02752,R05958
L03946,C03524,P03132,R08462
L03947,C00543,P09762,R05640
L03948,C00598,P08558,R07182
L03949,C01711,P04795,R09671
L03950,C05857,P02090,R00438
L03951,C07044,P06265,R00870
L03952,C00097,P00250,R02302
L03953,C05398,P07337,R05877
L03954,C03600,P01712,R07720
L03955,C09497,P02023,R05000
L03956,C05501,P00453,R05293
L03957,C00908,P07837,R05402
L03958,C01722,P08878,R09294
L03959,C05217,P08808,R01588
L03960,C08327,P04795,R08279
L03961,C04234,P09512,R02666
L03962,C01141,P02248,R01164
L03963,C07711,P01738,R03479
L03964,C05477,P06026,R05699
L03965,C04804,P01959,R02877
L03966,C08491,P07505,R07022
L03967,C09049,P00668,R08078
L03968,C06591,P01820,R05799
L03969,C03314,P09933,R08799
L03970,C06182,P07245,R00427
L03971,C05164,P01665,R02491
L03972,C02189,P02943,R06119
L03973,C04657,P04000,R01485
L03974,C01736,P07080,R00944
L03975,C06597,P06729,R07389
L03976,C02910,P09217,R07191
L03977,C03219,P00722,R06914
L03978,C05982,P06019,R00995
L03979,C04412,P05974,R04438
L03980,C06094,P09886,R04321
L03981,C01686,P07614,R06218
L03982,C01283,P08091,R08043
L03983,C00824,P07926,R00637
L03984,C01818,P01335,R09740
L03985,C06828,P05001,R02924
L03986,C02714,P07389,R08567
L03987,C09974,P06813,R04452
L03988,C01397,P07136,R05608
L03989,C05028,P05544,R08093
L03990,C06874,P06651,R02317
L03991,C09928,P02322,R05061
L03992,C03935,P03795,R01298
L03993,C03250,P04866,R03430
L03994,C01046,P06460,R07021
L03995,C04189,P04297,R07915
L03996,C03311,P02250,R07539
L03997,C06000,P03438,R02961
L03998,C07523,P06629,R05345
L03999,C03310,P02398,R09791
L04000,C00789,P05282,R08707
L04001,C09363,P00244,R04901
L04002,C05451,P00058,R00916
L04003,C00603,P09340,R01031
L04004,C09516,P02282,R03234
L04005,C00783,P03391,R08218
L04006,C00708,P03229,R02024
L04007,C09133,P04070,R06680
L04008,C04375,P09138,R02819
L04009,C01571,P06588,R07534
L04010,C07819,P07584,R06569
L04011,C00984,P00488,R04769
L04012,C02002,P08898,R08507
L04013,C07096,P00446,R03735
L04014,C07892,P04775,R05288
L04015,C08016,P09914,R08708
L04016,C04215,P08371,R07169
L04017,C03321,P02522,R03332
L04018,C03387,P07709,R04189
L04019,C00329,P09619,R00886
L04020,C06235,P04038,R02029
L04021,C02078,P02093,R09711
L04022,C07363,P08402,R07613
L04023,C09958,P04748,R04587
L04024,C00522,P00644,R02067
L04025,C07231,P00473,R05462
L04026,C09083,P08135,R03106
L04027,C04090,P07942,R04023
L04028,C00088,P01028,R00340
L04029,C06830,P04940,R06390
L04030,C09107,P00668,R00643
L04031,C09649,P07192,R07309
L04032,C03110,P08184,R08823
L04033,C09047,P09148,R03764
L04034,C05073,P04140,R03330
L04035,C03603,P08188,R01929
L04036,C02343,P09995,R07912
L04037,C04348,P09621,R04742
L04038,C08195,P03739,R08082
L04039,C01301,P09452,R07050
L04040,C09939,P07331,R06989
L04041,C02151,P07406,R03617
L04042,C02367,P05254,R01587
L04043,C08313,P09831,R08409
L04044,C06081,P06242,R02431
L04045,C05554,P03922,R06132
L04046,C06108,P03500,R05232
L04047,C06205,P06720,R04678
L04048,C09919,P00843,R09341
L04049,C07112,P04072,R03563
L04050,C06401,P05882,R05792
L04051,C03590,P01535,R05978
L04052,C01660,P06905,R04900
L04053,C00411,P02621,R00155
L04054,C00173,P05730,R07338
L04055,C03775,P00744,R02336
L04056,C08497,P06361,R09533
L04057,C06269,P00529,R02537
L04058,C02680,P01274,R04366
L04059,C04919,P08961,R08891
L04060,C08307,P00329,R01871
L04061,C00276,P01603,R00853
L04062,C06773,P05967,R05575
L04063,C01691,P01631,R09919
L04064,C05397,P08277,R01274
L04065,C03921,P00137,R00186
L04066,C01111,P06973,R08189
L04067,C09502,P01927,R07034
L04068,C05847,P02167,R09251
L04069,C07974,P03053,R04652
L04070,C06823,P02603,R03755
L04071,C07275,P06698,R05662
L04072,C09581,P00285,R01771
L04073,C04050,P07143,R03638
L04074,C05089,P03822,R02172
L04075,C02045,P04133,R05819
L04076,C02639,P05689,R08598
L04077,C09426,P00187,R03152
L04078,C03605,P01716,R07334
L04079,C07367,P09561,R08724
L04080,C01266,P09741,R08990
L04081,C06197,P06741,R02196
L04082,C05617,P09085,R04339
L04083,C07877,P01182,R01225
L04084,C02783,P09420,R06010
L04085,C07544,P05667,R08466
L04086,C04998,P03247,R02182
L04087,C09008,P02072,R06248
L04088,C05616,P04128,R03474
L04089,C05645,P02269,R06410
L04090,C09008,P05336,R04943
L04091,C08608,P06372,R08358
L04092,C02185,P08612,R02707
L04093,C08416,P07963,R08232
L04094,C08446,P01649,R00039
L04095,C02589,P00967,R09345
L04096,C07777,P01783,R04081
L04097,C02522,P06245,R06117
L04098,C09206,P08465,R05624
L04099,C09439,P08540,R09151
L04100,C00486,P09444,R04950
L04101,C09144,P00746,R03955
L04102,C04412,P07739,R06409
L04103,C03393,P05934,R06619
L04104,C00612,P09423,R01062
L04105,C08934,P05061,R00758
L04106,C06050,P00903,R04673
L04107,C05962,P02426,R09841
L04108,C07855,P05842,R00681
L04109,C02988,P02790,R08123
L04110,C03687,P00849,R08592
L04111,C07408,P07192,R06936
L04112,C06024,P00640,R02919
L04113,C08126,P00948,R01404
L04114,C05096,P00166,R03817
L04115,C05683,P06511,R09315
L04116,C06401,P08097,R08224
L04117,C00999,P00055,R01435
L04118,C07267,P08490,R07767
L04119,C01553,P05154,R03873
L04120,C02938,P03974,R03373
L04121,C05610,P07671,R05264
L04122,C03525,P04411,R00609
L04123,C07321,P06124,R01070
L04124,C02622,P00775,R05756
L04125,C07033,P03986,R02939
L04126,C05585,P06663,R08461
L04127,C04977,P08606,R06027
L04128,C06184,P06122,R00575
L04129,C04991,P05825,R07944
L04130,C00802,P08897,R06233
L04131,C02725,P09803,R02681
L04132,C04910,P09413,R08484
L04133,C01915,P07201,R05810
L04134,C09997,P07932,R08639
L04135,C04478,P08008,R05935
L04136,C02322,P03952,R03852
L04137,C08143,P03161,R01274
L04138,C03068,P06619,R00606
L04139,C01077,P01184,R08988
L04140,C03822,P08803,R06333
L04141,C01586,P06547,R00294
L04142,C07094,P04952,R02817
L04143,C08211,P09227,R05576
L04144,C02815,P04323,R09432
L04145,C05540,P00175,R09197
L04146,C02752,P09419,R09281
L04147,C05133,P01943,R09488
L04148,C04625,P05892,R05475
L04149,C06450,P02906,R05414
L04150,C00278,P07033,R04577
L04151,C07578,P05932,R00822
L04152,C05744,P02132,R08013
L04153,C09658,P09361,R03745
L04154,C09157,P00645,R04969
L04155,C08784,P07286,R00262
L04156,C03281,P03355,R00532
L04157,C02474,P03296,R09809
L04158,C07352,P09251,R01271
L04159,C06593,P06712,R07892
L04160,C06476,P03462,R01830
L04161,C01325,P04260,R03443
L04162,C05879,P06238,R00355
L04163,C08378,P01117,R08151
L04164,C00641,P09404,R09077
L04165,C07202,P08249,R04142
L04166,C04251,P09134,R08928
L04167,C07234,P01436,R09692
L04168,C00672,P05757,R05705
L04169,C00975,P04621,R07156
L04170,C05925,P06478,R00813
L04171,C07113,P02021,R03599
L04172,C04327,P04642,R07667
L04173,C00951,P06390,R05965
L04174,C05298,P04813,R03724
L04175,C09079,P01814,R09360
L04176,C02745,P01606,R04477
L04177,C01686,P02230,R09065
L04178,C08138,P04963,R02989
L04179,C00467,P02622,R05583
L04180,C08259,P04713,R02092
L04181,C07480,P02967,R04868
L04182,C09409,P03315,R02832
L04183,C09661,P07627,R09667
L04184,C05954,P06948,R03926
L04185,C07100,P04217,R07760
L04186,C06636,P05986,R08215
L04187,C04452,P07704,R07261
L04188,C08633,P07204,R04404
L04189,C06434,P02204,R09606
L04190,C04628,P01172,R09431
L04191,C00990,P09952,R09231
L04192,C08423,P07842,R06085
L04193,C03211,P09421,R02973
L04194,C09386,P04594,R04158
L04195,C00723,P01373,R09039
L04196,C00057,P01728,R03772
L04197,C06846,P06652,R07293
L04198,C09399,P03333,R02955
L04199,C02746,P03428,R07533
L04200,C08821,P00441,R03392
L04201,C07136,P01427,R06851
L04202,C01110,P06776,R10000
L04203,C09193,P07293,R01346
L04204,C02515,P04967,R02399
L04205,C04588,P00170,R01749
L04206,C03683,P01286,R01795
L04207,C03507,P05363,R03987
L04208,C03101,P01478,R08739
L04209,C00919,P06565,R06742
L04210,C07344,P02319,R07505
L04211,C04064,P05824,R02113
L04212,C06286,P01589,R08662
L04213,C09152,P01933,R03113
L04214,C06800,P00977,R08203
L04215,C00720,P01715,R06031
L04216,C06429,P01659,R06982
L04217,C09609,P05272,R05617
L04218,C02854,P08620,R00249
L04219,C03199,P02653,R08395
L04220,C01878,P03497,R00938
L04221,C02426,P00446,R03145
L04222,C05273,P04698,R02337
L04223,C04745,P06820,R09084
L04224,C04294,P08820,R00922
L04225,C05862,P04812,R02435
L04226,C00438,P01175,R00738
L04227,C05578,P05584,R04237
L04228,C00565,P04962,R00273
L04229,C04267,P05841,R05791
L04230,C01517,P08787,R04078
L04231,C03062,P06226,R09268
L04232,C02424,P08977,R07628
L04233,C01463,P04484,R04774
L04234,C05090,P05655,R09437
L04235,C05091,P04274,R02578
L04236,C07065,P00208,R06159
L04237,C07828,P08334,R04285
L04238,C01736,P04636,R08180
L04239,C01832,P09416,R07105
L04240,C02979,P06830,R01201
L04241,C06249,P09749,R03555
L04242,C03614,P07145,R08632
L04243,C01582,P04890,R03126
L04244,C07868,P07428,R07690
L04245,C08109,P08066,R06003
L04246,C08872,P04982,R09380
L04247,C03017,P06204,R08977
L04248,C02853,P06668,R07541
L04249,C01522,P02711,R08587
L04250,C07274,P07069,R09398
L04251,C01086,P02242,R04492
L04252,C03251,P01092,R00747
L04253,C07389,P05754,R01835
L04254,C03245,P03405,R08693
L04255,C05942,P00580,R03777
L04256,C00107,P00661,R09816
L04257,C01037,P02573,R06471
L04258,C05562,P02296,R08022
L04259,C03017,P07027,R02406
L04260,C03712,P04408,R07390
L04261,C07481,P00430,R05761
L04262,C06947,P04501,R01353
L04263,C08060,P01340,R01736
L04264,C04321,P05698,R04131
L04265,C04272,P05270,R06195
L04266,C01864,P02919,R02547
L04267,C01022,P04826,R00547
L04268,C08134,P07282,R09018
L04269,C04265,P07711,R09636
L04270,C09550,P02090,R00562
L04271,C01384,P02674,R00221
L04272,C02008,P02851,R03068
L04273,C04486,P09421,R07203
L04274,C01535,P01051,R06101
L04275,C09359,P03841,R07980
L04276,C00007,P00993,R08498
L04277,C03168,P01395,R01197
L04278,C09531,P04809,R03232
L04279,C09216,P09291,R02142
L04280,C09666,P09889,R04823
L04281,C07778,P07675,R00851
L04282,C07781,P00943,R06411
L04283,C06836,P00716,R05539
L04284,C01394,P09411,R09476
L04285,C04038,P00213,R01170
L04286,C05585,P06509,R07306
L04287,C05897,P01321,R06917
L04288,C00318,P03885,R08069
L04289,C01772,P00618,R04746
L04290,C04935,P06601,R00167
L04291,C07584,P00825,R04425
L04292,C02327,P05097,R00832
L04293,C06370,P08829,R01233
L04294,C08466,P03279,R01167
L04295,C01023,P05833,R01790
L04296,C09564,P09262,R00858
L04297,C03072,P07718,R07396
L04298,C02939,P05616,R03351
L04299,C00022,P00585,R09022
L04300,C08511,P08778,R05135
L04301,C07912,P08834,R04240
L04302,C02271,P02734,R02627
L04303,C00847,P06390,R08086
L04304,C01913,P04154,R01347
L04305,C07612,P06394,R08500
L04306,C05877,P08460,R09887
L04307,C03616,P06774,R03293
L04308,C09915,P07131,R01175
L04309,C09062,P03250,R09614
L04310,C09043,P09404,R08870
L04311,C01581,P02408,R00248
L04312,C00610,P08448,R06797
L04313,C07887,P08196,R06878
L04314,C00703,P07101,R03829
L04315,C00639,P05854,R09303
L04316,C06988,P05036,R04406
L04317,C04510,P02364,R03110
L04318,C05421,P05628,R02235
L04319,C02567,P05707,R08451
L04320,C07104,P00454,R02072
L04321,C00657,P00629,R03670
L04322,C01254,P00873,R04302
L04323,C01705,P00707,R06371
L04324,C03032,P05674,R05031
L04325,C09772,P03167,R02600
L04326,C08754,P03922,R08060
L04327,C02394,P00346,R01476
L04328,C04893,P06695,R01504
L04329,C04342,P04764,R05612
L04330,C07375,P08465,R01401
L04331,C07629,P05319,R05152
L04332,C06931,P07438,R07356
L04333,C04342,P05016,R00566
L04334,C00984,P04279,R00514
L04335,C03570,P09860,R03570
L04336,C04103,P06552,R04715
L04337,C04819,P02962,R08434
L04338,C10000,P01755,R03963
L04339,C03879,P07438,R06277
L04340,C06157,P06530,R04937
L04341,C09379,P04095,R04187
L04342,C09309,P05943,R05338
L04343,C09014,P06049,R00612
L04344,C02136,P00628,R06357
L04345,C03208,P04476,R05849
L04346,C09248,P07563,R05423
L04347,C09298,P04089,R06803
L04348,C02278,P08151,R03209
L04349,C09089,P07261,R06919
L04350,C00087,P07562,R09862
L04351,C06742,P06879,R07057
L04352,C03670,P01819,R08208
L04353,C09966,P05873,R05098
L04354,C07439,P00959,R02924
L04355,C05309,P00348,R03187
L04356,C06582,P02104,R07445
L04357,C00886,P09388,R08205
L04358,C02897,P09933,R06788
L04359,C06004,P05337,R07446
L04360,C02678,P08752,R03505
L04361,C02474,P01634,R00049
L04362,C05401,P09021,R06351
L04363,C08515,P00371,R02844
L04364,C00643,P08635,R08179
L04365,C05598,P05322,R02771
L04366,C05767,P05653,R00436
L04367,C08329,P03835,R04208
L04368,C03240,P02050,R07340
L04369,C07077,P05111,R06802
L04370,C05114,P08995,R05794
L04371,C06961,P03971,R08442
L04372,C09270,P01826,R01726
L04373,C01974,P05010,R01561
L04374,C09900,P01503,R05304
L04375,C02746,P04324,R00289
L04376,C01467,P09737,R04431
L04377,C05561,P07174,R09019
L04378,C01788,P09622,R01043
L04379,C01651,P03257,R02871
L04380,C02127,P04913,R04266
L04381,C01399,P04555,R01008
L04382,C04203,P09538,R09940
L04383,C01348,P04010,R09220
L04384,C07913,P01854,R09998
L04385,C07322,P02150,R05527
L04386,C06959,P04830,R04855
L04387,C02679,P01278,R01787
L04388,C03981,P05598,R07103
L04389,C03758,P08047,R07576
L04390,C06206,P03714,R06173
L04391,C05697,P05425,R09977
L04392,C05496,P01029,R00391
L04393,C04545,P04911,R03917
L04394,C01613,P03079,R07026
L04395,C00415,P00905,R00778
L04396,C04355,P01566,R07770
L04397,C08464,P02198,R06610
L04398,C09585,P04750,R06106
L04399,C02627,P06167,R01433
L04400,C02938,P02537,R07593
L04401,C05698,P06404,R01419
L04402,C04686,P04905,R00977
L04403,C09122,P05442,R07949
L04404,C09882,P01091,R01404
L04405,C00756,P00635,R02635
L04406,C03706,P04970,R05788
L04407,C03983,P00972,R03047
L04408,C00917,P04349,R08734
L04409,C03653,P08482,R00679
L04410,C03919,P03746,R07404
L04411,C06039,P06388,R05548
L04412,C04124,P07315,R04422
L04413,C02448,P07891,R07385
L04414,C09480,P08157,R03347
L04415,C03762,P02151,R05990
L04416,C00335,P05611,R07568
L04417,C04739,P06328,R04219
L04418,C00412,P08461,R01043
L04419,C07692,P06303,R01620
L04420,C09953,P09262,R00378
L04421,C06474,P02615,R06988
L04422,C07774,P07650,R00947
L04423,C05328,P09265,R07912
L04424,C01616,P00020,R02754
L04425,C06100,P01390,R02792
L04426,C01948,P08500,R07393
L04427,C07096,P03834,R06436
L04428,C07648,P00717,R01364
L04429,C07981,P09960,R07043
L04430,C05693,P02554,R02923
L04431,C01209,P09974,R07695
L04432,C08630,P00461,R08727
L04433,C08017,P07511,R01818
L04434,C00293,P06479,R06526
L04435,C07086,P01224,R03857
L04436,C06491,P02136,R09888
L04437,C01916,P06312,R04619
L04438,C06808,P05098,R01228
L04439,C06735,P06747,R02556
L04440,C02372,P06795,R05764
L04441,C01716,P07601,R05546
L04442,C04171,P02586,R09790
L04443,C07737,P09248,R03820
L04444,C07995,P06907,R06324
L04445,C07219,P03388,R08869
L04446,C02780,P04901,R09695
L04447,C02586,P05860,R04837
L04448,C08913,P07399,R07657
L04449,C02726,P01202,R06870
L04450,C05977,P03443,R09695
L04451,C05782,P00836,R07527
L04452,C07986,P06033,R08312
L04453,C08034,P02042,R05589
L04454,C01071,P05066,R04487
L04455,C03124,P05521,R02855
L04456,C08259,P06941,R08844
L04457,C01552,P04309,R07763
L04458,C01647,P03569,R02461
L04459,C00347,P07688,R00526
L04460,C07985,P03760,R07556
L04461,C02689,P05494,R02257
L04462,C04705,P02576,R07975
L04463,C01353,P01238,R01341
L04464,C01096,P01269,R01954
L04465,C00311,P05279,R00124
L04466,C05694,P08146,R09282
L04467,C06708,P06484,R03108
L04468,C04572,P08628,R00902
L04469,C07728,P09279,R02824
L04470,C06104,P07334,R08418
L04471,C05830,P00584,R04404
L04472,C01278,P05468,R08564
L04473,C04366,P08430,R03784
L04474,C08247,P03533,R08553
L04475,C03124,P08937,R00802
L04476,C06546,P07232,R03808
L04477,C04597,P09737,R01503
L04478,C01437,P09906,R09021
L04479,C06157,P09746,R01361
L04480,C02085,P09594,R06289
L04481,C07536,P01258,R01544
L04482,C06490,P05098,R05520
L04483,C07176,P01454,R06077
L04484,C03771,P02409,R02043
L04485,C02926,P03215,R05959
L04486,C05188,P08422,R07302
L04487,C03284,P05880,R07927
L04488,C07701,P07769,R03421
L04489,C01737,P06080,R07533
L04490,C08927,P09263,R06826
L04491,C05598,P07691,R03488
L04492,C07379,P04771,R02990
L04493,C00538,P01668,R02946
L04494,C03618,P00502,R01445
L04495,C08146,P07886,R08359
L04496,C02380,P03651,R03175
L04497,C03339,P07060,R02444
L04498,C05166,P00466,R06340
L04499,C03109,P01753,R09860
L04500,C06487,P07907,R00442
L04501,C07920,P05414,R03918
L04502,C02139,P01053,R08084
L04503,C03357,P05105,R07158
L04504,C07883,P09052,R05762
L04505,C03670,P05159,R08854
L04506,C08252,P09410,R06632
L04507,C08089,P03342,R04479
L04508,C04016,P09203,R05144
L04509,C06148,P06375,R02995
L04510,C03580,P03807,R08430
L04511,C06528,P00340,R02709
L04512,C02430,P09133,R09683
L04513,C04557,P08249,R00627
L04514,C06684,P08276,R03263
L04515,C02336,P02080,R01996
L04516,C09270,P04223,R07929
L04517,C04857,P00607,R03488
L04518,C03351,P06182,R08052
L04519,C00615,P09442,R01941
L04520,C09454,P02861,R03234
L04521,C06562,P09940,R08221
L04522,C03274,P09973,R04301
L04523,C03832,P08836,R01845
L04524,C06257,P00297,R05465
L04525,C06524,P06814,R03750
L04526,C04503,P00508,R05605
L04527,C09835,P01414,R00525
L04528,C03631,P00745,R02608
L04529,C04292,P01279,R06411
L04530,C05352,P01505,R09961
L04531,C09194,P01682,R09416
L04532,C06302,P05444,R07120
L04533,C09504,P00514,R02570
L04534,C08288,P00071,R05397
L04535,C03730,P09014,R04406
L04536,C09170,P07025,R05187
L04537,C05893,P06842,R07739
L04538,C07495,P06875,R01139
L04539,C05552,P05091,R07385
L04540,C01362,P06606,R06190
L04541,C03064,P09783,R03281
L04542,C05574,P08077,R01286
L04543,C07517,P04572,R06102
L04544,C08288,P07446,R06110
L04545,C08758,P06806,R03294
L04546,C05890,P00837,R02840
L04547,C00212,P09404,R08572
L04548,C09096,P09706,R08218
L04549,C01132,P07305,R07659
L04550,C06300,P06297,R00617
L04551,C08599,P03792,R09213
L04552,C01618,P00333,R05867
L04553,C06539,P05843,R05345
L04554,C08113,P00734,R06708
L04555,C06163,P06038,R04453
L04556,C09409,P09429,R08322
L04557,C05239,P03942,R05656
L04558,C04606,P05259,R07224
L04559,C05703,P05281,R04109
L04560,C05565,P05938,R03551
L04561,C06288,P01966,R09478
L04562,C02770,P04494,R04701
L04563,C06946,P08198,R01300
L04564,C05208,P09167,R00526
L04565,C03218,P09336,R08796
L04566,C06730,P08809,R07760
L04567,C00191,P06004,R09651
L04568,C04398,P06140,R02009
L04569,C03913,P02616,R07506
L04570,C04676,P02914,R04795
L04571,C07140,P09308,R01465
L04572,C09737,P08436,R08601
L04573,C01090,P01184,R06256
L04574,C06204,P01102,R00669
L04575,C02361,P06193,R09955
L04576,C08141,P07572,R01794
L04577,C00387,P04202,R05324
L04578,C05511,P06528,R03665
L04579,C05442,P02199,R04782
L04580,C02761,P03167,R07791
L04581,C06973,P02359,R05607
L04582,C09845,P03123,R08825
L04583,C02757,P09769,R09850
L04584,C08466,P02117,R08662
L04585,C06082,P01281,R06894
L04586,C02332,P04123,R06216
L04587,C05611,P00994,R06350
L04588,C00137,P00302,R09486
L04589,C02441,P05187,R01296
L04590,C09838,P00857,R06299
L04591,C02367,P07032,R06140
L04592,C06852,P00359,R01581
L04593,C03903,P02195,R07566
L04594,C02260,P04427,R06880
L04595,C01502,P05478,R03202
L04596,C00709,P06229,R05020
L04597,C00196,P06644,R05799
L04598,C03403,P06972,R07843
L04599,C00196,P03239,R04599
L04600,C02289,P08561,R07468
L04601,C09605,P04638,R00340
L04602,C09220,P07535,R06869
L04603,C07206,P07317,R04290
L04604,C03722,P06832,R06439
L04605,C07590,P02363,R09404
L04606,C07328,P04193,R08294
L04607,C09771,P08532,R07794
L04608,C04502,P00348,R02264
L04609,C00565,P09291,R03485
L04610,C06106,P05886,R00112
L04611,C00849,P09019,R00519
L04612,C06255,P01773,R03525
L04613,C03480,P03811,R02588
L04614,C02167,P09845,R09909
L04615,C06989,P07864,R00988
L04616,C09023,P05044,R05815
L04617,C02880,P03053,R00965
L04618,C00508,P04899,R09595
L04619,C04647,P02349,R02014
L04620,C02918,P08940,R05127
L04621,C09015,P06030,R03330
L04622,C02701,P04165,R01592
L04623,C02907,P08682,R09802
L04624,C03860,P06584,R06950
L04625,C05094,P03861,R09203
L04626,C01705,P09721,R08297
L04627,C04407,P04918,R01012
L04628,C07615,P03365,R06429
L04629,C05252,P07740,R03895
L04630,C07913,P08343,R00716
L04631,C05474,P08669,R07248
L04632,C08153,P07259,R07929
L04633,C04592,P04319,R05494
L04634,C08138,P05509,R03731
L04635,C01496,P04060,R00481
L04636,C07655,P07428,R03883
L04637,C05285,P00431,R02887
L04638,C00208,P06912,R08957
L04639,C04942,P05771,R01868
L04640,C09597,P03365,R04337
L04641,C09547,P04732,R02038
L04642,C03600,P04345,R05339
L04643,C01933,P05337,R05748
L04644,C09690,P05471,R04195
L04645,C04291,P06796,R05943
L04646,C03777,P01527,R04472
L04647,C02385,P05193,R02870
L04648,C06816,P09944,R09224
L04649,C05070,P05589,R04093
L04650,C00416,P02791,R09885
L04651,C06546,P04551,R02058
L04652,C07806,P07157,R06779
L04653,C05505,P02795,R03618
L04654,C00535,P08233,R07314
L04655,C02950,P07496,R08864
L04656,C01742,P08849,R03827
L04657,C08466,P01338,R07843
L04658,C05118,P06168,R08270
L04659,C03147,P04335,R03469
L04660,C03916,P00541,R06025
L04661,C00223,P01935,R06749
L04662,C06078,P03655,R09921
L04663,C04044,P05676,R05265
L04664,C04503,P03121,R07544
L04665,C02175,P09637,R09516
L04666,C06176,P09710,R07123
L04667,C02207,P07917,R04173
L04668,C05578,P03393,R02767
L04669,C07521,P04929,R06957
L04670,C04654,P00033,R04466
L04671,C01165,P05091,R01648
L04672,C05326,P05907,R05873
L04673,C01909,P04878,R08389
L04674,C05693,P06068,R02231
L04675,C00917,P08138,R03405
L04676,C06274,P01590,R02373
L04677,C03481,P07281,R08821
L04678,C07623,P00457,R04770
L04679,C04430,P03932,R04855
L04680,C03361,P02150,R07108
L04681,C08154,P00678,R04212
L04682,C04277,P06361,R01295
L04683,C00093,P06927,R02690
L04684,C09134,P07171,R03504
L04685,C08092,P07145,R03907
L04686,C06986,P06709,R04769
L04687,C01404,P09060,R01530
L04688,C06945,P01291,R02230
L04689,C05138,P02994,R05513
L04690,C03601,P03056,R05558
L04691,C07679,P01972,R02157
L04692,C06274,P01154,R00889
L04693,C01759,P06722,R06796
L04694,C05994,P02381,R09562
L04695,C01973,P02391,R08382
L04696,C08625,P03026,R08600
L04697,C03182,P08457,R02311
L04698,C07210,P07241,R02274
L04699,C02102,P06759,R05822
L04700,C02705,P05711,R05954
L04701,C08438,P04551,R02841
L04702,C09443,P06030,R00845
L04703,C09825,P06544,R00892
L04704,C06207,P00603,R04905
L04705,C08860,P02765,R01449
L04706,C09343,P05378,R03109
L04707,C00439,P03367,R07891
L04708,C06177,P06733,R08494
L04709,C04609,P04212,R05524
L04710,C06182,P07554,R06931
L04711,C02841,P07046,R07159
L04712,C03462,P08715,R04396
L04713,C00087,P01727,R02894
L04714,C05800,P07707,R04761
L04715,C02276,P05845,R08161
L04716,C02819,P00066,R04312
L04717,C02433,P03929,R09486
L04718,C05305,P07350,R06549
L04719,C03274,P02848,R06168
L04720,C07871,P02624,R02033
L04721,C01426,P02904,R02624
L04722,C04457,P09078,R00603
L04723,C02004,P05571,R05041
L04724,C05362,P00284,R01036
L04725,C06298,P00666,R09225
L04726,C03163,P02852,R04929
L04727,C08152,P02297,R03512
L04728,C08566,P03028,R06180
L04729,C00911,P01049,R06992
L04730,C01163,P01826,R08752
L04731,C01413,P09782,R02414
L04732,C01487,P01318,R04009
L04733,C00050,P04153,R01199
L04734,C04152,P07397,R00894
L04735,C07298,P05135,R01329
L04736,C09379,P05216,R08336
L04737,C06793,P09476,R08533
L04738,C04760,P04822,R00926
L04739,C01018,P09676,R04907
L04740,C06815,P01073,R02347
L04741,C01647,P09445,R02395
L04742,C03346,P00012,R07868
L04743,C04057,P01374,R06376
L04744,C04990,P05871,R09099
L04745,C00345,P08327,R08512
L04746,C08726,P09529,R02419
L04747,C01856,P05313,R07817
L04748,C00750,P05442,R07667
L04749,C09432,P09226,R01657
L04750,C08166,P09421,R02111
L04751,C07187,P06446,R07548
L04752,C05307,P03056,R07186
L04753,C03679,P07307,R06948
L04754,C03752,P01591,R01845
L04755,C07814,P00154,R08522
L04756,C00943,P08213,R03905
L04757,C08475,P03867,R00009
L04758,C00677,P09269,R05096
L04759,C06957,P09666,R05731
L04760,C01880,P00987,R07175
L04761,C01078,P01832,R04014
L04762,C04663,P06805,R08524
L04763,C04972,P04573,R09843
L04764,C05112,P01227,R04916
L04765,C04316,P09518,R06396
L04766,C06107,P05359,R00228
L04767,C08630,P00446,R06614
L04768,C06561,P03359,R08109
L04769,C05503,P06393,R07129
L04770,C06713,P02092,R02551
L04771,C00054,P02989,R05173
L04772,C05899,P01764,R06769
L04773,C08102,P09732,R07433
L04774,C09930,P03611,R03744
L04775,C01675,P01816,R00163
L04776,C03735,P00751,R03720
L04777,C07812,P06404,R00715
L04778,C07409,P00017,R06509
L04779,C08216,P00373,R01224
L04780,C08122,P02956,R05888
L04781,C04518,P07287,R07389
L04782,C04990,P09701,R04699
L04783,C07208,P04040,R06554
L04784,C02276,P04806,R02246
L04785,C07042,P06508,R05632
L04786,C06703,P07849,R04064
L04787,C02014,P00165,R05441
L04788,C02895,P07079,R05637
L04789,C04045,P09970,R05531
L04790,C05472,P09899,R09567
L04791,C06728,P08903,R05622
L04792,C06364,P08541,R08426
L04793,C05963,P08524,R05111
L04794,C03269,P00224,R03579
L04795,C00247,P06640,R00928
L04796,C08146,P05892,R07807
L04797,C04594,P05375,R07990
L04798,C00636,P07464,R03786
L04799,C01496,P08241,R09278
L04800,C09572,P08018,R01884
L04801,C07888,P00868,R08383
L04802,C07830,P00543,R04768
L04803,C09809,P04186,R06627
L04804,C08671,P04458,R09875
L04805,C00264,P08174,R07863
L04806,C09271,P07741,R04811
L04807,C08658,P00621,R00165
L04808,C01126,P06614,R06375
L04809,C09394,P08359,R03404
L04810,C09641,P09855,R08543
L04811,C03487,P03080,R04470
L04812,C09796,P02596,R00961
L04813,C03196,P03457,R02685
L04814,C05894,P00029,R04918
L04815,C09348,P09229,R03615
L04816,C02064,P05864,R07806
L04817,C09048,P05990,R02529
L04818,C02391,P01734,R02475
L04819,C08667,P06151,R09468
L04820,C08160,P01940,R03957
L04821,C07512,P06741,R08450
L04822,C05533,P04114,R04330
L04823,C02174,P03647,R04453
L04824,C08643,P07823,R05859
L04825,C03269,P04312,R01121
L04826,C06808,P00426,R02607
L04827,C06948,P03318,R08893
L04828,C07950,P00223,R03320
L04829,C04184,P09731,R09617
L04830,C04906,P07899,R06545
L04831,C04711,P06495,R07657
L04832,C01462,P06855,R00919
L04833,C03296,P03206,R06732
L04834,C03217,P02185,R09370
L04835,C06479,P08507,R04277
L04836,C07696,P07332,R04981
L04837,C07052,P03165,R03272
L04838,C01550,P09823,R03930
L04839,C08672,P05262,R00670
L04840,C07860,P02498,R08296
L04841,C00554,P01133,R00904
L04842,C03393,P03112,R09951
L04843,C05332,P00370,R07694
L04844,C02235,P00307,R06279
L04845,C08522,P03526,R08028
L04846,C04685,P09067,R00173
L04847,C05453,P07095,R09713
L04848,C04843,P08484,R03269
L04849,C03855,P01881,R06137
L04850,C06791,P00054,R09030
L04851,C03632,P08668,R03425
L04852,C06156,P08980,R05904
L04853,C02406,P09163,R04752
L04854,C08909,P02375,R01591
L04855,C03398,P03553,R02008
L04856,C01893,P08191,R00423
L04857,C05237,P01340,R08557
L04858,C06375,P00609,R07615
L04859,C02344,P09016,R00068
L04860,C01138,P06717,R03919
L04861,C07930,P07143,R00158
L04862,C03317,P05154,R03225
L04863,C00962,P09975,R05103
L04864,C01865,P08027,R00381
L04865,C08300,P00749,R07943
L04866,C03643,P04352,R01653
L04867,C09026,P00816,R09910
L04868,C08068,P08827,R03323
L04869,C06071,P03402,R03151
L04870,C09635,P05081,R06429
L04871,C09301,P09448,R04069
L04872,C00323,P03478,R02835
L04873,C00094,P09762,R05223
L04874,C05091,P02759,R07067
L04875,C04312,P05488,R02828
L04876,C01512,P00508,R06211
L04877,C06930,P04160,R01842
L04878,C02714,P01043,R07027
L04879,C05421,P07820,R08764
L04880,C03428,P06974,R07726
L04881,C01119,P07963,R04930
L04882,C00048,P04781,R02061
L04883,C08038,P00125,R02578
L04884,C04742,P05044,R02107
L04885,C02487,P09224,R07901
L04886,C08126,P09878,R08873
L04887,C08206,P05951,R07922
L04888,C00389,P07871,R07321
L04889,C06974,P06200,R07428
L04890,C01758,P00217,R00719
L04891,C02067,P06800,R06405
L04892,C00057,P02445,R06436
L04893,C04690,P01964,R03516
L04894,C03989,P09326,R01091
L04895,C08600,P01755,R05159
L04896,C00185,P08459,R09226
L04897,C04005,P09375,R03313
L04898,C09292,P07955,R04427
L04899,C08583,P05358,R09845
L04900,C09710,P00650,R03283
L04901,C07061,P07356,R08608
L04902,C02655,P03218,R05669
L04903,C01731,P07324,R05601
L04904,C08282,P02388,R03701
L04905,C08301,P09851,R01163
L04906,C08156,P06323,R04312
L04907,C00133,P00026,R04984
L04908,C00244,P05692,R06976
L04909,C04774,P05855,R07189
L04910,C08020,P02486,R04609
L04911,C04285,P03822,R09690
L04912,C06272,P03383,R09117
L04913,C05691,P04321,R02815
L04914,C05754,P09503,R02318
L04915,C05402,P08432,R00752
L04916,C05384,P06111,R04612
L04917,C09213,P09260,R04678
L04918,C00733,P07746,R01407
L04919,C07922,P00702,R04627
L04920,C03242,P08048,R06921
L04921,C09434,P01410,R09159
L04922,C08066,P00867,R03346
L04923,C05294,P05978,R09359
L04924,C02361,P03398,R07988
L04925,C07824,P02218,R01077
L04926,C00055,P05601,R08827
L04927,C01241,P00409,R09114
L04928,C04312,P07159,R05491
L04929,C03676,P04349,R07650
L04930,C06184,P04857,R00975
L04931,C09788,P09114,R00886
L04932,C02428,P01453,R05728
L04933,C07385,P01971,R05917
L04934,C07798,P00636,R07596
L04935,C01287,P03064,R04416
L04936,C05359,P08755,R00978
L04937,C02462,P07428,R01871
L04938,C08713,P06783,R02848
L04939,C00385,P01949,R00275
L04940,C00196,P02603,R05347
L04941,C02516,P00514,R02279
L04942,C03180,P00905,R04761
L04943,C05437,P07553,R06437
L04944,C06415,P08967,R04860
L04945,C01081,P04843,R03094
L04946,C04963,P00067,R05706
L04947,C08217,P07810,R02121
L04948,C08992,P08379,R00415
L04949,C02994,P08953,R01341
L04950,C03242,P02122,R02925
L04951,C02671,P07641,R07669
L04952,C04289,P08780,R06722
L04953,C09382,P09861,R09096
L04954,C03636,P04736,R07295
L04955,C08619,P08063,R09021
L04956,C06290,P07827,R03809
L04957,C02885,P07750,R00359
L04958,C04190,P02248,R00449
L04959,C00757,P04664,R09657
L04960,C05804,P05542,R02265
L04961,C01431,P02364,R01826
L04962,C02350,P08572,R02342
L04963,C00659,P01978,R08672
L04964,C08908,P01992,R02854
L04965,C05871,P07796,R03401
L04966,C05651,P06308,R02972
L04967,C06283,P09750,R07702
L04968,C00878,P05912,R09413
L04969,C04351,P06210,R05299
L04970,C08354,P07597,R05585
L04971,C09220,P09528,R07466
L04972,C02874,P08723,R08946
L04973,C03311,P09120,R05649
L04974,C05515,P05981,R08653
L04975,C07018,P05207,R08327
L04976,C00647,P02485,R04030
L04977,C04176,P07301,R02544
L04978,C05121,P03552,R04417
L04979,C00079,P07710,R07853
L04980,C07012,P01445,R03258
L04981,C08508,P04561,R02587
L04982,C08317,P06572,R00270
L04983,C07850,P00848,R04630
L04984,C03797,P04794,R04014
L04985,C04259,P07039,R05751
L04986,C09139,P01155,R07938
L04987,C01776,P06609,R07199
L04988,C05128,P06543,R09805
L04989,C00440,P07476,R06163
L04990,C03017,P03227,R06156
L04991,C00676,P07501,R02896
L04992,C05578,P07839,R05157
L04993,C04248,P02158,R06020
L04994,C04919,P01735,R08124
L04995,C07608,P02884,R07900
L04996,C09599,P06663,R04613
L04997,C08482,P08056,R03316
L04998,C08118,P03683,R09098
L04999,C02632,P01632,R03639
L05000,C05448,P03923,R04677
L05001,C06742,P06337,R04571
L05002,C04258,P08905,R00571
L05003,C08877,P00964,R03986
L05004,C05741,P05766,R01383
L05005,C01357,P06547,R03123
L05006,C05732,P05305,R03577
L05007,C04758,P02442,R05829
L05008,C01093,P03470,R00509
L05009,C05981,P06290,R05615
L05010,C01200,P07035,R01496
L05011,C06666,P00368,R05312
L05012,C01794,P01616,R08776
L05013,C05749,P02313,R02428
L05014,C09825,P09755,R03703
L05015,C00550,P09581,R04386
L05016,C04016,P03055,R01137
L05017,C09717,P05997,R06744
L05018,C05346,P06875,R08790
L05019,C00759,P06521,R08735
L05020,C00545,P05410,R05924
L05021,C04407,P02887,R09144
L05022,C01551,P00853,R02985
L05023,C05258,P01542,R03597
L05024,C04467,P00474,R00388
L05025,C09441,P07102,R02414
L05026,C09074,P04854,R08117
L05027,C03776,P05206,R06268
L05028,C00841,P08258,R09941
L05029,C05262,P09335,R08304
L05030,C06533,P01789,R03939
L05031,C09589,P01758,R01321
L05032,C02862,P07856,R04645
L05033,C03314,P00827,R04269
L05034,C08904,P00696,R08572
L05035,C07196,P02894,R01511
L05036,C05774,P04105,R07152
L05037,C00007,P08336,R09209
L05038,C02781,P09712,R06768
L05039,C01595,P05798,R03029
L05040,C02961,P03071,R06924
L05041,C07296,P08803,R07634
L05042,C03851,P08445,R05653
L05043,C09055,P09408,R00566
L05044,C04904,P05196,R00330
L05045,C02156,P02898,R08583
L05046,C04473,P05703,R04665
L05047,C09150,P00335,R03305
L05048,C00987,P04145,R01539
L05049,C00097,P00470,R07368
L05050,C06627,P01450,R07598
L05051,C00829,P05626,R05255
L05052,C02942,P01345,R04730
L05053,C07746,P07222,R09905
L05054,C02988,P02463,R00291
L05055,C06636,P05997,R03628
L05056,C03066,P00703,R06365
L05057,C08174,P01033,R03572
L05058,C04354,P04517,R02124
L05059,C01018,P08785,R05796
L05060,C08801,P06985,R09807
L05061,C01760,P00895,R04335
L05062,C08403,P09185,R02833
L05063,C07298,P01681,R07930
L05064,C02713,P08738,R08745
L05065,C01822,P04233,R08030
L05066,C06244,P09093,R04887
L05067,C02667,P04953,R00703
L05068,C00618,P08305,R03021
L05069,C02916,P00768,R07936
L05070,C07475,P08603,R04108
L05071,C07485,P02926,R09169
L05072,C07204,P03829,R00246
L05073,C02628,P07985,R03394
L05074,C02054,P06972,R09099
L05075,C03800,P08319,R05850
L05076,C02644,P09333,R06720
L05077,C05447,P03915,R08698
L05078,C04701,P05864,R09996
L05079,C05575,P05430,R02119
L05080,C02865,P07395,R02560
L05081,C05274,P05197,R05437
L05082,C08787,P02417,R06898
L05083,C06800,P02099,R08414
L05084,C00370,P07043,R08815
L05085,C01499,P02631,R07966
L05086,C08764,P00602,R08654
L05087,C08151,P08969,R04462
L05088,C07817,P06766,R08624
L05089,C04077,P02658,R01597
L05090,C05356,P04231,R02313
L05091,C06242,P02126,R02001
L05092,C02069,P09985,R01840
L05093,C00157,P07448,R07938
L05094,C05386,P00966,R01546
L05095,C09208,P03275,R01514
L05096,C05296,P00890,R02516
L05097,C04918,P00251,R03724
L05098,C09829,P05454,R00234
L05099,C08694,P06092,R04331
L05100,C07991,P02714,R07333
L05101,C06014,P03454,R06824
L05102,C09123,P03871,R02165
L05103,C06316,P08287,R08100
L05104,C02687,P00314,R04962
L05105,C08407,P05278,R05864
L05106,C01129,P01634,R09339
L05107,C00549,P05055,R05387
L05108,C01193,P04263,R02184
L05109,C04783,P06758,R04207
L05110,C08126,P00628,R09540
L05111,C05658,P01240,R05073
L05112,C04756,P01035,R03663
L05113,C04108,P00755,R01344
L05114,C01040,P09698,R08774
L05115,C00787,P07458,R07248
L05116,C02454,P04160,R09088
L05117,C04915,P03562,R07956
L05118,C00112,P02209,R08852
L05119,C02754,P00642,R03767
L05120,C01309,P02105,R08720
L05121,C06671,P05745,R07194
L05122,C00562,P05781,R05854
L05123,C01138,P01811,R01975
L05124,C07868,P08519,R07444
L05125,C02245,P04150,R02498
L05126,C08675,P02557,R05728
L05127,C09269,P09068,R02994
L05128,C06476,P07207,R04219
L05129,C06804,P04018,R09289
L05130,C02918,P01980,R09959
L05131,C00270,P09310,R05358
L05132,C07114,P03499,R05943
L05133,C05234,P04006,R09820
L05134,C03949,P04316,R09356
L05135,C06469,P04238,R03673
L05136,C09363,P09881,R08517
L05137,C07161,P08858,R00218
L05138,C05711,P01099,R00629
L05139,C01572,P00040,R07518
L05140,C07305,P07249,R06416
L05141,C00142,P08584,R08639
L05142,C06376,P09850,R00202
L05143,C01840,P06611,R05266
L05144,C00077,P09290,R04649
L05145,C02872,P08357,R03226
L05146,C00010,P08309,R01106
L05147,C09182,P08923,R02061
L05148,C06625,P04573,R05362
L05149,C03688,P00303,R07964
L05150,C05605,P09006,R03594
L05151,C09231,P02299,R01514
L05152,C06724,P08881,R04361
L05153,C00071,P03549,R07469
L05154,C06937,P08926,R01445
L05155,C04887,P08768,R03348
L05156,C06044,P01900,R07177
L05157,C05432,P01361,R02898
L05158,C08468,P06097,R02360
L05159,C05846,P07615,R01021
L05160,C06421,P09111,R05003
L05161,C07495,P08534,R08842
L05162,C07542,P02295,R07441
L05163,C00285,P01505,R03886
L05164,C01636,P04064,R04211
L05165,C02323,P07325,R01183
L05166,C02579,P09831,R06876
L05167,C02856,P01052,R01210
L05168,C03002,P08230,R05576
L05169,C08388,P04804,R00288
L05170,C04687,P05408,R09374
L05171,C07845,P09367,R07983
L05172,C00324,P03079,R08383
L05173,C09074,P02227,R06364
L05174,C00298,P04448,R03006
L05175,C00401,P09344,R09061
L05176,C06016,P07854,R06206
L05177,C04326,P02430,R04903
L05178,C08260,P02982,R07389
L05179,C02204,P07159,R06506
L05180,C02099,P03842,R04389
L05181,C09843,P04128,R01518
L05182,C00288,P07434,R06951
L05183,C06929,P08035,R09321
L05184,C09726,P09730,R05606
L05185,C07245,P02622,R04780
L05186,C02781,P06280,R00933
L05187,C04441,P05548,R05539
L05188,C05089,P08648,R08348
L05189,C09227,P07414,R06494
L05190,C04746,P07955,R03371
L05191,C07240,P03864,R08926
L05192,C05632,P02420,R06137
L05193,C01588,P03683,R01893
L05194,C03842,P01830,R06403
L05195,C02005,P01292,R07469
L05196,C00988,P00555,R04274
L05197,C02124,P01170,R04894
L05198,C04893,P06863,R03721
L05199,C05025,P05587,R09061
L05200,C07554,P03376,R03167
L05201,C00867,P01503,R03110
L05202,C09690,P08426,R02130
L05203,C07954,P00431,R06188
L05204,C01618,P05241,R02241
L05205,C07095,P09135,R06869
L05206,C09880,P08581,R02922
L05207,C03745,P09726,R03380
L05208,C02262,P00726,R05957
L05209,C08006,P07710,R05692
L05210,C06953,P02476,R07633
L05211,C04348,P07984,R07553
L05212,C00047,P03576,R00424
L05213,C04446,P04575,R04070
L05214,C02374,P02231,R04875
L05215,C06140,P09913,R03351
L05216,C02376,P02293,R09631
L05217,C00967,P00899,R04226
L05218,C05554,P03028,R06155
L05219,C08433,P01162,R06584
L05220,C05329,P06133,R07874
L05221,C02196,P04069,R04486
L05222,C08848,P00849,R00395
L05223,C07438,P06027,R07767
L05224,C07938,P03670,R08872
L05225,C06706,P03865,R09908
L05226,C02379,P01809,R05659
L05227,C02038,P02684,R09596
L05228,C06127,P05911,R07400
L05229,C04843,P04268,R04080
L05230,C02673,P03957,R03255
L05231,C08799,P04160,R04352
L05232,C08255,P06388,R04705
L05233,C08071,P07768,R05736
L05234,C08840,P06484,R07047
L05235,C00032,P03697,R05261
L05236,C07451,P02712,R03213
L05237,C03166,P06075,R09888
L05238,C01270,P07500,R09797
L05239,C02999,P06252,R09621
L05240,C02705,P06951,R05846
L05241,C00696,P01927,R00176
L05242,C01586,P08594,R08795
L05243,C01177,P00022,R03099
L05244,C05883,P08100,R01894
L05245,C02271,P02916,R07047
L05246,C05507,P04143,R09625
L05247,C02240,P07906,R03734
L05248,C05177,P00364,R09418
L05249,C01104,P04722,R07908
L05250,C03925,P05488,R09406
L05251,C02245,P04702,R07004
L05252,C09435,P03994,R05439
L05253,C00134,P03756,R02505
L05254,C09016,P05358,R04951
L05255,C03197,P07750,R00847
L05256,C00104,P00205,R02373
L05257,C00275,P08971,R06102
L05258,C02385,P01041,R07515
L05259,C02918,P00610,R03445
L05260,C09037,P05910,R08805
L05261,C01803,P07151,R01125
L05262,C09047,P05160,R05804
L05263,C08853,P06393,R02613
L05264,C07526,P03617,R06576
L05265,C07180,P02663,R04749
L05266,C01302,P03949,R00180
L05267,C03289,P06165,R09655
L05268,C06384,P06283,R07870
L05269,C05773,P03105,R04591
L05270,C08131,P09257,R08337
L05271,C02625,P06471,R03195
L05272,C02173,P09422,R08620
L05273,C01553,P05538,R07603
L05274,C07299,P05882,R02798
L05275,C06690,P08075,R02602
L05276,C02051,P00158,R04196
L05277,C06288,P05989,R01864
L05278,C02205,P06118,R06530
L05279,C04581,P02459,R00076
L05280,C07452,P05976,R05959
L05281,C06162,P07066,R04099
L05282,C00972,P09751,R08034
L05283,C02322,P00509,R05253
L05284,C00903,P05100,R00100
L05285,C06187,P09663,R06255
L05286,C00559,P07768,R08111
L05287,C01277,P08388,R00592
L05288,C08002,P08498,R02664
L05289,C04183,P09830,R06286
L05290,C01061,P07996,R03905
L05291,C07461,P08550,R07475
L05292,C09508,P03228,R05289
L05293,C02331,P00729,R08552
L05294,C03855,P02480,R02405
L05295,C04207,P08212,R04071
L05296,C00114,P03618,R08376
L05297,C01981,P07010,R09466
L05298,C06752,P01615,R03511
L05299,C00697,P01104,R02780
L05300,C06231,P06934,R03968
L05301,C07283,P06828,R07014
L05302,C04912,P08422,R09795
L05303,C08084,P05955,R04872
L05304,C02403,P04022,R07144
L05305,C07764,P03358,R03402
L05306,C07844,P04555,R02186
L05307,C05303,P08935,R05171
L05308,C04196,P05409,R06976
L05309,C02582,P06170,R09490
L05310,C09325,P01944,R00819
L05311,C02895,P03110,R06924
L05312,C09485,P05818,R06879
L05313,C09654,P08924,R05339
L05314,C09449,P02529,R04109
L05315,C08946,P01368,R08810
L05316,C07581,P09848,R07414
L05317,C06788,P09917,R02203
L05318,C01747,P01253,R00010
L05319,C00167,P04151,R01316
L05320,C08764,P09075,R00491
L05321,C02646,P06847,R05386
L05322,C09634,P01931,R02804
L05323,C03448,P05092,R01580
L05324,C05017,P04184,R09541
L05325,C00607,P09075,R00551
L05326,C05910,P01919,R01802
L05327,C07595,P02618,R02454
L05328,C00255,P07825,R01352
L05329,C03603,P05610,R09574
L05330,C04483,P01179,R00091
L05331,C05388,P08063,R08625
L05332,C01928,P07806,R08807
L05333,C06032,P04150,R01028
L05334,C08755,P08961,R04212
L05335,C07204,P05649,R00576
L05336,C04702,P09187,R03776
L05337,C05001,P02331,R04010
L05338,C04415,P02138,R05604
L05339,C07535,P02827,R00050
L05340,C07891,P05663,R08404
L05341,C02041,P08818,R00297
L05342,C05027,P01678,R00495
L05343,C03425,P05275,R02324
L05344,C03928,P08613,R02088
L05345,C06080,P09713,R02985
L05346,C00529,P08297,R05274
L05347,C08345,P02363,R06055
L05348,C09033,P01167,R05899
L05349,C01391,P03601,R02180
L05350,C02413,P02517,R05315
L05351,C00011,P07711,R01599
L05352,C08350,P08897,R06572
L05353,C05032,P03196,R00400
L05354,C06111,P02755,R00131
L05355,C04691,P07568,R06088
L05356,C02534,P09198,R09202
L05357,C07358,P03924,R01473
L05358,C02777,P05145,R02353
L05359,C07225,P09773,R00815
L05360,C07430,P00925,R05276
L05361,C00483,P08687,R06539
L05362,C04445,P01665,R01278
L05363,C02512,P05871,R02197
L05364,C06744,P05533,R03280
L05365,C04622,P08340,R09220
L05366,C09506,P03317,R09443
L05367,C05159,P08012,R00912
L05368,C08681,P03553,R06229
L05369,C09959,P07639,R08910
L05370,C07919,P02114,R03073
L05371,C08639,P02595,R07311
L05372,C05483,P08012,R01877
L05373,C02745,P00707,R09710
L05374,C04485,P08053,R07679
L05375,C03614,P05750,R02983
L05376,C06537,P02607,R04342
L05377,C09536,P04465,R05179
L05378,C07569,P08406,R04104
L05379,C00472,P09870,R06094
L05380,C00084,P09674,R01438
L05381,C06326,P09628,R00040
L05382,C05650,P04730,R04512
L05383,C03325,P02957,R01971
L05384,C01709,P05123,R03344
L05385,C01137,P06747,R06341
L05386,C08295,P00279,R07529
L05387,C05321,P00874,R04546
L05388,C06721,P02315,R01987
L05389,C09765,P07859,R03639
L05390,C07836,P09743,R08316
L05391,C06978,P08812,R09846
L05392,C01525,P05970,R00622
L05393,C09530,P02363,R08188
L05394,C06815,P00867,R08565
L05395,C09219,P04330,R04525
L05396,C08329,P09340,R02892
L05397,C08151,P06433,R03668
L05398,C09943,P01314,R01361
L05399,C05184,P04879,R00669
L05400,C03275,P08070,R00952
L05401,C03471,P08632,R06607
L05402,C04167,P01618,R02692
L05403,C07529,P04982,R08119
L05404,C08244,P00159,R00807
L05405,C03991,P00801,R00274
L05406,C04013,P08445,R04035
L05407,C09477,P09301,R01095
L05408,C04567,P00907,R05378
L05409,C07851,P08526,R07763
L05410,C02069,P07974,R06424
L05411,C01933,P04741,R06012
L05412,C00602,P02296,R04930
L05413,C03585,P07777,R08565
L05414,C00627,P08765,R08650
L05415,C04488,P00088,R05259
L05416,C00144,P02712,R09586
L05417,C09611,P05083,R07453
L05418,C01856,P09318,R04665
L05419,C06986,P04434,R03962
L05420,C01750,P03346,R06102
L05421,C02310,P04760,R00759
L05422,C03152,P05378,R05427
L05423,C02606,P09016,R06940
L05424,C02011,P04077,R04924
L05425,C06754,P00177,R00334
L05426,C07342,P00036,R05178
L05427,C04914,P09980,R05859
L05428,C05634,P02305,R04670
L05429,C02637,P08322,R05227
L05430,C09109,P08809,R08147
L05431,C01612,P06548,R00925
L05432,C05702,P02037,R03395
L05433,C04932,P03122,R01864
L05434,C09423,P06153,R08972
L05435,C00813,P06176,R09922
L05436,C04291,P08883,R06702
L05437,C05079,P03515,R06921
L05438,C05998,P04759,R09111
L05439,C02073,P00853,R03681
L05440,C01355,P03081,R04742
L05441,C08365,P03636,R01020
L05442,C01229,P00538,R00065
L05443,C00945,P01165,R08483
L05444,C07285,P05968,R01472
L05445,C07676,P04587,R00794
L05446,C03954,P08286,R06677
L05447,C07694,P03885,R07141
L05448,C01678,P07813,R07571
L05449,C01428,P04144,R05847
L05450,C07633,P03675,R08653
L05451,C08959,P07242,R05776
L05452,C09242,P00669,R06151
L05453,C08164,P09955,R06455
L05454,C05774,P07070,R02018
L05455,C05622,P05152,R05370
L05456,C00868,P04308,R05101
L05457,C04859,P02493,R03699
L05458,C03936,P03757,R09992
L05459,C06727,P04448,R05180
L05460,C07582,P04063,R02603
L05461,C05933,P00564,R08842
L05462,C06925,P09898,R08524
L05463,C09062,P09137,R08584
L05464,C06419,P03145,R07159
L05465,C04907,P00040,R00188
L05466,C01274,P03452,R00260
L05467,C00771,P06664,R08582
L05468,C05192,P00932,R05138
L05469,C05846,P02132,R02607
L05470,C00460,P04186,R08401
L05471,C08909,P08968,R09926
L05472,C03598,P01575,R09888
L05473,C05951,P00151,R03001
L05474,C08244,P02972,R03970
L05475,C03174,P03016,R01193
L05476,C07535,P00086,R02924
L05477,C06734,P00246,R03508
L05478,C08801,P06081,R06558
L05479,C09137,P00133,R08466
L05480,C07963,P07608,R00180
L05481,C02684,P00194,R03630
L05482,C06988,P08593,R00068
L05483,C04490,P00863,R09254
L05484,C05443,P06131,R00593
L05485,C03350,P06596,R02207
L05486,C09414,P07490,R06132
L05487,C02019,P07229,R00514
L05488,C00323,P06664,R03692
L05489,C08725,P05421,R01217
L05490,C07873,P06700,R09575
L05491,C09596,P02893,R06593
L05492,C05598,P07901,R08437
L05493,C09134,P04407,R00106
L05494,C07855,P08148,R09397
L05495,C07742,P09609,R04006
L05496,C00184,P02780,R02045
L05497,C09705,P07569,R03692
L05498,C00229,P03541,R06190
L05499,C06878,P01571,R09927
L05500,C03276,P07446,R01547
L05501,C00976,P01716,R07712
L05502,C04566,P07543,R05952
L05503,C03602,P05932,R00500
L05504,C04185,P06676,R00955
L05505,C06010,P07337,R09730
L05506,C01479,P03507,R09109
L05507,C04069,P07533,R04472
L05508,C04689,P03177,R03623
L05509,C00344,P05084,R05749
L05510,C00607,P02517,R08980
L05511,C02815,P01713,R01704
L05512,C06281,P09526,R00953
L05513,C02595,P06286,R08305
L05514,C05903,P01435,R01889
L05515,C00707,P05721,R07709
L05516,C05704,P01706,R03669
L05517,C02304,P01762,R00828
L05518,C08701,P03693,R06620
L05519,C08948,P00005,R02540
L05520,C02538,P00883,R04613
L05521,C05842,P03322,R05016
L05522,C09123,P01953,R09080
L05523,C09088,P05175,R04613
L05524,C07853,P09131,R02846
L05525,C04614,P01562,R05921
L05526,C08281,P03238,R02121
L05527,C07856,P08744,R00545
L05528,C04026,P01620,R07865
L05529,C07865,P06720,R00541
L05530,C03027,P03677,R00738
L05531,C03862,P03886,R00661
L05532,C09688,P09870,R01209
L05533,C06765,P06089,R05949
L05534,C00229,P06672,R09506
L05535,C05424,P06037,R09038
L05536,C02939,P07248,R06581
L05537,C01349,P04211,R06741
L05538,C03354,P03049,R03883
L05539,C06014,P06449,R05111
L05540,C01375,P02188,R09090
L05541,C05176,P00173,R01754
L05542,C00252,P09473,R09153
L05543,C04513,P09199,R03859
L05544,C03992,P03354,R03982
L05545,C00664,P04733,R08541
L05546,C02774,P00085,R03475
L05547,C08205,P08375,R03554
L05548,C02434,P09391,R03333
L05549,C01322,P06480,R03198
L05550,C07527,P06119,R07398
L05551,C05132,P01725,R03264
L05552,C05910,P00478,R06527
L05553,C06431,P02342,R02191
L05554,C02127,P09417,R09591
L05555,C03110,P01758,R02183
L05556,C00208,P07436,R04443
L05557,C07455,P08455,R03167
L05558,C07000,P02928,R08002
L05559,C03675,P06149,R01896
L05560,C08926,P07637,R08717
L05561,C04395,P04098,R06877
L05562,C07234,P05857,R07653
L05563,C03804,P03947,R02533
L05564,C08239,P07151,R09978
L05565,C03574,P03615,R04697
L05566,C09058,P03137,R02334
L05567,C01312,P03108,R07321
L05568,C02940,P01833,R09107
L05569,C06220,P01620,R06626
L05570,C01081,P08477,R00740
L05571,C02901,P03125,R09307
L05572,C06690,P08313,R04345
L05573,C02194,P00576,R04481
L05574,C03645,P05835,R06794
L05575,C08965,P05567,R01951
L05576,C06631,P04989,R09780
L05577,C05722,P01375,R06646
L05578,C09633,P08768,R04421
L05579,C04923,P03508,R03888
L05580,C00733,P09012,R03025
L05581,C06308,P03857,R05765
L05582,C00927,P08013,R09291
L05583,C04626,P06333,R00582
L05584,C04821,P01736,R02285
L05585,C05172,P02908,R07186
L05586,C06178,P04623,R08634
L05587,C05894,P03595,R07968
L05588,C01240,P07098,R03432
L05589,C00137,P09647,R00939
L05590,C06543,P07767,R08074
L05591,C01726,P01722,R02780
L05592,C08484,P02285,R00260
L05593,C00973,P08605,R03091
L05594,C09186,P05961,R03380
L05595,C03604,P03942,R02167
L05596,C03496,P01860,R05216
L05597,C06771,P09148,R04630
L05598,C05412,P02825,R08200
L05599,C09360,P06181,R07531
L05600,C07894,P05330,R01461
L05601,C03862,P08104,R00364
L05602,C04384,P00032,R02668
L05603,C06031,P01741,R07568
L05604,C05278,P03073,R02864
L05605,C09682,P07555,R07409
L05606,C00550,P08452,R08117
L05607,C05114,P04369,R08413
L05608,C06111,P05706,R05764
L05609,C00580,P04266,R06159
L05610,C06474,P06836,R06818
L05611,C06295,P00706,R02875
L05612,C09219,P03067,R08472
L05613,C03117,P03812,R04073
L05614,C07996,P02665,R02203
L05615,C01813,P00731,R02024
L05616,C03467,P09816,R09802
L05617,C09909,P03912,R02433
L05618,C07652,P00874,R03446
L05619,C08842,P07692,R06433
L05620,C08238,P01811,R05732
L05621,C01282,P09610,R09140
L05622,C04266,P09123,R07731
L05623,C00567,P00488,R00397
L05624,C08121,P01805,R07997
L05625,C05972,P01486,R00040
L05626,C00629,P05901,R00655
L05627,C04263,P05534,R02536
L05628,C03288,P09648,R08923
L05629,C00502,P07757,R08978
L05630,C08993,P09814,R02976
L05631,C08960,P03093,R09482
L05632,C00427,P07261,R09044
L05633,C07351,P01435,R07316
L05634,C04826,P05814,R00059
L05635,C08766,P05297,R07642
L05636,C06658,P08050,R09682
L05637,C06074,P08608,R08806
L05638,C08566,P05473,R06714
L05639,C03115,P03621,R09106
L05640,C00775,P03188,R02564
L05641,C05436,P04513,R02023
L05642,C05446,P00160,R07478
L05643,C00915,P01860,R01938
L05644,C05286,P07960,R01190
L05645,C09622,P08084,R01661
L05646,C09224,P07207,R09237
L05647,C07678,P01699,R04419
L05648,C08151,P01099,R01545
L05649,C00790,P01033,R06898
L05650,C02863,P07193,R03096
L05651,C00698,P01868,R07992
L05652,C08230,P06102,R03686
L05653,C02952,P00892,R04099
L05654,C08537,P04871,R03580
L05655,C05955,P03790,R03910
L05656,C08050,P06214,R00187
L05657,C04638,P04906,R07840
L05658,C08226,P05268,R00271
L05659,C07212,P03864,R02280
L05660,C09800,P04702,R05731
L05661,C07675,P05631,R03092
L05662,C07761,P08265,R04352
L05663,C06503,P07028,R00034
L05664,C03125,P06523,R02098
L05665,C09088,P04535,R06297
L05666,C00126,P04193,R06372
L05667,C03634,P06140,R01100
L05668,C08853,P08581,R08384
L05669,C02608,P00555,R02901
L05670,C08301,P03177,R07431
L05671,C09656,P04325,R07807
L05672,C02488,P01684,R07005
L05673,C03093,P01303,R01220
L05674,C04130,P07797,R01855
L05675,C06946,P06806,R06027
L05676,C03108,P03364,R01720
L05677,C09012,P08137,R02757
L05678,C04693,P04840,R09770
L05679,C08360,P08450,R04261
L05680,C07755,P02944,R04002
L05681,C00226,P02170,R06871
L05682,C05696,P02802,R05388
L05683,C04305,P02014,R07198
L05684,C02588,P07180,R03507
L05685,C02795,P04621,R02461
L05686,C07725,P08657,R06782
L05687,C00891,P09026,R03994
L05688,C03723,P04514,R07541
L05689,C07730,P04861,R09565
L05690,C02549,P06873,R00652
L05691,C09142,P04505,R04702
L05692,C07214,P02948,R04318
L05693,C01769,P02880,R06499
L05694,C08524,P02047,R04703
L05695,C05804,P08089,R06468
L05696,C06331,P05885,R08502
L05697,C06923,P00978,R06223
L05698,C06326,P04257,R05874
L05699,C03309,P03287,R06474
L05700,C09576,P01350,R00753
L05701,C02447,P01954,R01441
L05702,C01660,P04879,R02847
L05703,C02282,P03988,R02590
L05704,C07988,P07996,R06341
L05705,C05257,P01171,R06305
L05706,C04486,P05760,R02480
L05707,C00708,P04963,R03763
L05708,C04439,P00148,R05888
L05709,C00849,P09825,R07220
L05710,C06626,P00647,R01330
L05711,C09460,P06215,R01933
L05712,C02888,P03165,R09308
L05713,C06710,P08178,R07916
L05714,C08191,P04699,R00222
L05715,C00127,P08958,R05792
L05716,C09803,P05948,R07680
L05717,C08758,P06216,R06294
L05718,C04944,P08959,R02386
L05719,C04821,P02002,R08667
L05720,C02963,P00902,R07180
L05721,C07023,P03869,R02409
L05722,C09066,P00275,R04869
L05723,C00721,P03796,R07129
L05724,C00653,P05325,R00930
L05725,C03543,P09714,R09695
L05726,C01070,P03170,R01104
L05727,C03790,P04762,R08992
L05728,C05281,P04292,R01922
L05729,C00341,P09197,R09051
L05730,C03190,P07010,R08391
L05731,C09254,P01628,R03341
L05732,C02288,P07712,R07791
L05733,C02642,P07554,R03175
L05734,C06113,P07795,R06784
L05735,C07497,P02133,R05184
L05736,C00793,P00994,R02587
L05737,C00236,P02453,R06355
L05738,C01318,P01189,R04014
L05739,C07172,P03420,R05206
L05740,C08928,P09619,R07402
L05741,C06218,P04876,R00880
L05742,C04073,P09738,R00409
L05743,C05619,P00411,R05567
L05744,C04311,P08041,R06311
L05745,C08850,P04066,R00565
L05746,C02945,P00755,R06791
L05747,C03420,P09863,R04607
L05748,C08653,P05601,R05092
L05749,C07658,P02418,R05803
L05750,C08240,P04012,R06523
L05751,C08342,P00065,R09425
L05752,C00721,P01070,R05137
L05753,C09255,P03103,R07647
L05754,C07719,P08843,R00830
L05755,C03250,P03353,R03146
L05756,C04758,P04498,R08826
L05757,C09862,P02459,R01362
L05758,C04987,P08879,R04534
L05759,C05287,P06244,R02791
L05760,C04097,P01157,R08367
L05761,C02874,P01017,R04354
L05762,C09601,P09577,R01206
L05763,C02001,P06511,R05748
L05764,C01005,P00123,R02770
L05765,C09227,P05222,R00868
L05766,C07921,P00192,R09610
L05767,C00042,P03014,R05869
L05768,C00536,P07972,R09139
L05769,C03158,P00291,R08350
L05770,C09644,P03344,R01580
L05771,C04621,P02427,R02933
L05772,C01915,P03583,R07897
L05773,C05195,P07724,R09980
L05774,C09658,P04552,R04596
L05775,C02437,P01849,R09767
L05776,C08920,P02883,R02249
L05777,C06366,P05254,R05488
L05778,C03802,P08296,R09055
L05779,C07943,P07530,R03360
L05780,C03114,P06180,R04173
L05781,C07740,P01972,R06569
L05782,C02767,P08815,R02848
L05783,C06763,P05768,R03909
L05784,C07365,P00886,R04188
L05785,C06508,P06117,R01088
L05786,C07932,P06984,R03251
L05787,C02368,P01895,R01902
L05788,C00629,P06443,R05229
L05789,C08335,P03761,R09049
L05790,C05621,P05030,R01982
L05791,C04283,P07106,R05864
L05792,C07778,P06342,R08458
L05793,C01713,P05635,R01078
L05794,C04613,P02484,R01984
L05795,C07233,P09515,R08189
L05796,C08603,P05572,R00923
L05797,C09385,P03313,R09925
L05798,C02328,P00864,R04923
L05799,C03922,P00507,R06484
L05800,C04111,P05445,R09779
L05801,C09140,P01823,R06363
L05802,C01181,P06501,R03238
L05803,C09646,P09810,R04144
L05804,C03384,P03165,R07617
L05805,C05567,P07937,R01397
L05806,C07017,P01904,R03225
L05807,C03395,P06792,R03587
L05808,C00787,P00460,R00233
L05809,C08370,P03068,R08409
L05810,C05320,P04468,R05917
L05811,C09232,P01551,R03987
L05812,C06377,P04136,R01385
L05813,C00918,P09844,R03571
L05814,C01872,P00743,R06609
L05815,C04696,P06405,R09563
L05816,C06349,P04173,R07724
L05817,C04310,P06488,R05248
L05818,C06164,P07268,R06908
L05819,C06321,P02444,R05555
L05820,C05684,P07863,R08337
L05821,C01289,P00148,R07599
L05822,C01222,P07565,R03459
L05823,C05681,P06642,R01755
L05824,C07152,P05554,R08703
L05825,C00238,P08886,R05477
L05826,C06592,P06751,R07320
L05827,C04927,P04055,R05295
L05828,C00344,P09450,R06824
L05829,C02655,P08957,R08688
L05830,C05287,P03494,R02054
L05831,C08996,P06681,R05141
L05832,C01444,P07903,R05013
L05833,C05702,P00112,R01517
L05834,C01742,P03143,R07880
L05835,C04059,P02594,R05233
L05836,C09867,P06877,R00368
L05837,C08478,P04493,R05618
L05838,C02943,P06078,R07804
L05839,C00837,P09280,R04696
L05840,C01085,P03312,R01527
L05841,C05683,P01656,R03463
L05842,C02266,P09814,R05128
L05843,C00450,P01307,R00247
L05844,C09929,P07695,R03870
L05845,C02796,P04114,R07341
L05846,C03060,P03698,R07014
L05847,C00264,P00818,R02165
L05848,C05271,P02208,R09627
L05849,C01940,P01214,R09708
L05850,C05518,P06545,R04509
L05851,C04207,P07588,R01634
L05852,C09987,P01546,R06976
L05853,C05118,P08104,R01426
L05854,C00025,P09222,R06971
L05855,C03531,P01887,R00611
L05856,C02147,P04755,R08467
L05857,C06507,P04473,R07304
L05858,C02834,P09523,R07095
L05859,C09905,P06862,R06731
L05860,C06382,P06117,R04079
L05861,C06471,P03526,R02588
L05862,C05494,P01880,R09764
L05863,C04978,P05153,R09012
L05864,C00802,P07827,R06341
L05865,C09515,P08914,R04667
L05866,C01827,P01075,R03477
L05867,C01393,P07975,R05066
L05868,C05259,P07652,R06460
L05869,C02549,P07113,R04062
L05870,C05652,P08602,R00205
L05871,C07372,P01409,R07897
L05872,C00665,P05550,R09536
L05873,C08637,P00566,R00866
L05874,C08372,P01416,R02461
L05875,C02820,P04687,R03006
L05876,C07847,P01515,R04567
L05877,C06984,P04069,R02350
L05878,C03926,P03714,R04282
L05879,C03324,P01716,R06271
L05880,C07239,P04560,R08208
L05881,C07424,P09835,R00221
L05882,C06875,P06143,R03878
L05883,C09280,P05700,R03259
L05884,C02022,P07753,R08362
L05885,C04438,P08887,R04465
L05886,C07086,P08545,R04364
L05887,C09465,P00681,R03287
L05888,C03471,P03468,R02084
L05889,C05037,P02298,R00957
L05890,C05222,P04479,R04561
L05891,C09202,P04000,R03485
L05892,C06474,P06320,R04450
L05893,C03437,P03747,R09205
L05894,C09962,P08144,R03202
L05895,C06852,P01127,R00698
L05896,C01460,P00240,R06303
L05897,C09484,P05048,R02924
L05898,C08050,P05817,R03170
L05899,C08299,P05644,R06656
L05900,C04560,P07692,R05348
L05901,C08389,P00833,R09209
L05902,C07501,P03946,R08431
L05903,C06593,P03091,R05531
L05904,C02757,P07690,R02884
L05905,C09009,P06710,R03782
L05906,C06961,P03368,R07528
L05907,C07515,P05692,R05447
L05908,C03281,P09800,R03775
L05909,C01672,P06818,R09176
L05910,C08111,P07914,R05538
L05911,C03376,P06013,R07990
L05912,C05232,P04626,R04361
L05913,C05830,P00597,R05917
L05914,C01296,P01204,R03568
L05915,C06712,P06639,R03603
L05916,C07143,P05002,R01565
L05917,C01417,P02621,R09131
L05918,C01138,P05149,R09083
L05919,C06874,P03750,R07926
L05920,C06722,P01431,R01183
L05921,C09924,P07658,R06372
L05922,C08325,P04040,R01305
L05923,C07302,P04608,R04263
L05924,C08815,P04521,R03653
L05925,C01863,P06830,R00019
L05926,C07382,P07374,R00732
L05927,C01665,P02475,R09582
L05928,C00377,P08419,R00627
L05929,C04846,P05782,R04417
L05930,C06668,P01674,R04621
L05931,C03050,P08356,R02506
L05932,C02571,P07844,R00894
L05933,C07467,P04565,R06953
L05934,C08587,P08957,R02428
L05935,C06650,P09851,R08205
L05936,C00265,P03740,R05785
L05937,C06826,P08102,R09191
L05938,C04047,P04118,R04936
L05939,C08771,P08746,R07499
L05940,C00418,P00411,R01729
L05941,C01335,P05368,R08186
L05942,C09923,P07755,R01270
L05943,C01023,P02403,R08478
L05944,C00573,P00665,R04360
L05945,C09479,P05852,R06037
L05946,C03053,P01055,R08969
L05947,C09597,P06624,R08917
L05948,C08634,P02072,R02307
L05949,C04967,P02929,R09921
L05950,C09929,P00024,R00759
L05951,C04521,P04366,R09557
L05952,C00028,P06693,R06936
L05953,C09123,P00355,R06163
L05954,C09214,P07566,R00843
L05955,C04084,P05734,R07535
L05956,C04100,P09950,R08547
L05957,C02502,P09645,R05775
L05958,C02552,P00451,R07805
L05959,C08670,P04127,R09973
L05960,C06172,P09314,R03658
L05961,C01501,P03840,R06852
L05962,C03753,P05031,R03331
L05963,C08337,P08907,R06673
L05964,C04933,P00769,R08631
L05965,C04495,P09133,R04443
L05966,C04757,P05569,R06468
L05967,C05003,P07069,R03809
L05968,C09889,P08770,R00152
L05969,C05992,P09472,R04950
L05970,C09968,P08852,R06831
L05971,C05572,P08783,R00465
L05972,C05370,P03422,R08159
L05973,C07244,P04111,R08041
L05974,C04917,P01342,R00995
L05975,C07637,P01064,R01874
L05976,C05200,P01511,R04910
L05977,C02727,P00017,R01164
L05978,C08213,P00753,R08379
L05979,C06133,P05396,R05197
L05980,C05954,P05866,R02443
L05981,C04226,P00574,R01689
L05982,C09863,P00284,R06152
L05983,C08472,P03393,R02468
L05984,C06757,P07710,R07649
L05985,C00460,P06821,R03592
L05986,C03789,P05541,R08670
L05987,C03610,P02382,R03090
L05988,C02408,P08893,R04859
L05989,C01367,P01532,R07858
L05990,C02657,P05078,R00794
L05991,C05470,P07974,R09299
L05992,C07113,P00669,R05237
L05993,C08559,P07605,R09738
L05994,C01397,P05912,R02256
L05995,C07325,P03772,R04268
L05996,C01572,P00146,R05270
L05997,C06765,P08006,R01764
L05998,C05980,P06497,R02921
L05999,C02371,P05498,R05829
L06000,C05879,P09587,R09275
L06001,C08324,P00149,R03741
L06002,C05265,P06737,R00619
L06003,C06412,P06625,R06974
L06004,C09907,P04188,R09845
L06005,C02619,P01300,R01869
L06006,C07891,P06108,R09177
L06007,C00812,P01437,R04645
L06008,C00305,P03961,R05202
L06009,C04493,P01084,R08872
L06010,C01554,P02841,R05108
L06011,C04948,P03249,R06853
L06012,C00852,P06093,R01181
L06013,C02444,P04971,R02944
L06014,C08432,P06958,R05336
L06015,C06364,P03799,R02189
L06016,C04904,P06664,R04840
L06017,C01472,P04809,R02354
L06018,C07849,P09722,R01623
L06019,C02606,P03208,R02550
L06020,C00956,P04066,R07496
L06021,C05770,P09772,R02616
L06022,C00527,P06184,R02674
L06023,C02979,P09336,R05715
L06024,C01785,P03006,R00816
L06025,C08018,P08372,R07885
L06026,C05918,P02457,R06755
L06027,C01383,P09863,R05501
L06028,C04806,P00858,R01306
L06029,C03010,P02942,R05435
L06030,C02076,P09428,R07632
L06031,C01485,P04725,R01632
L06032,C08762,P02632,R00293
L06033,C05103,P07455,R00653
L06034,C01544,P01094,R02137
L06035,C04566,P08334,R04131
L06036,C08054,P07011,R06898
L06037,C09497,P02940,R03559
L06038,C01232,P00177,R00047
L06039,C07635,P06718,R05391
L06040,C05640,P00829,R09081
L06041,C07315,P02066,R02819
L06042,C03341,P04591,R03045
L06043,C04810,P04123,R04274
L06044,C04082,P04911,R09781
L06045,C09807,P05733,R09026
L06046,C01465,P09818,R08153
L06047,C08175,P00852,R03774
L06048,C02316,P08284,R00342
L06049,C08970,P07647,R01234
L06050,C09524,P00338,R09981
L06051,C03202,P06397,R04737
L06052,C02849,P04077,R05960
L06053,C06440,P06477,R01140
L06054,C01225,P04632,R08191
L06055,C07895,P08535,R00501
L06056,C09842,P01062,R05156
L06057,C00006,P07132,R07721
L06058,C05644,P02871,R01765
L06059,C01332,P06093,R08756
L06060,C03936,P08430,R03434
L06061,C01299,P04647,R05953
L06062,C08952,P05383,R04271
L06063,C00012,P07599,R00356
L06064,C09302,P02189,R05272
L06065,C01816,P03187,R00411
L06066,C09080,P03550,R05455
L06067,C02248,P08717,R01853
L06068,C08811,P00331,R04769
L06069,C03945,P06340,R04344
L06070,C09735,P07645,R04874
L06071,C02323,P07266,R05997
L06072,C01526,P02638,R02700
L06073,C03096,P00131,R00155
L06074,C02070,P02203,R07451
L06075,C04368,P08260,R03724
L06076,C02773,P09356,R00777
L06077,C04712,P01314,R03048
L06078,C04905,P01650,R04574
L06079,C00092,P02404,R05346
L06080,C02785,P05334,R02771
L06081,C09609,P03003,R07994
L06082,C03364,P02248,R09248
L06083,C07265,P08420,R08530
L06084,C06876,P03510,R07588
L06085,C04285,P03361,R09080
L06086,C06794,P01430,R04785
L06087,C03746,P09540,R09691
L06088,C02594,P02686,R06030
L06089,C02710,P06596,R04024
L06090,C05984,P06864,R03429
L06091,C05153,P03933,R04087
L06092,C07166,P06253,R05334
L06093,C04005,P05204,R05013
L06094,C05690,P07603,R01294
L06095,C02789,P03671,R05916
L06096,C05955,P04998,R04715
L06097,C04616,P03199,R06573
L06098,C08228,P06726,R07256
L06099,C08869,P06180,R00472
L06100,C05379,P03221,R01920
L06101,C00875,P05532,R01392
L06102,C06464,P09706,R08155
L06103,C08031,P08163,R06332
L06104,C07059,P01244,R02379
L06105,C04021,P02621,R01857
L06106,C05751,P02826,R06132
L06107,C04442,P06859,R08028
L06108,C01263,P01380,R08296
L06109,C05215,P09464,R04022
L06110,C09551,P05416,R05930
L06111,C08143,P04157,R01422
L06112,C01507,P07221,R06278
L06113,C07381,P07030,R09057
L06114,C04230,P06743,R00968
L06115,C07936,P09713,R07015
L06116,C06800,P02145,R09187
L06117,C05510,P02832,R08934
L06118,C08311,P08563,R06103
L06119,C01507,P08395,R04748
L06120,C02802,P00665,R06029
L06121,C00131,P00173,R03675
L06122,C02776,P06156,R07723
L06123,C02825,P08903,R09554
L06124,C04898,P07843,R07985
L06125,C04133,P04095,R01074
L06126,C03938,P08534,R06812
L06127,C09776,P09803,R07166
L06128,C03683,P08204,R09626
L06129,C07400,P00482,R05221
L06130,C05032,P09267,R05166
L06131,C08866,P01433,R04438
L06132,C07528,P06265,R09630
L06133,C08909,P09610,R02014
L06134,C04029,P01936,R09381
L06135,C04432,P07640,R06672
L06136,C05691,P07499,R03678
L06137,C06212,P06963,R02246
L06138,C07722,P06691,R09333
L06139,C02993,P09119,R03519
L06140,C09827,P08088,R08364
L06141,C05898,P06707,R05186
L06142,C01106,P01571,R04018
L06143,C08530,P09356,R00090
L06144,C05851,P09503,R07118
L06145,C00706,P02749,R03441
L06146,C02289,P00280,R05901
L06147,C03758,P02532,R05511
L06148,C07432,P04071,R08643
L06149,C01387,P04927,R07247
L06150,C02672,P03623,R04693
L06151,C06887,P00872,R01684
L06152,C05266,P06004,R04369
L06153,C01627,P09582,R00427
L06154,C05950,P03056,R08612
L06155,C05585,P06439,R03557
L06156,C04732,P00441,R08104
L06157,C04544,P00656,R08841
L06158,C00922,P03924,R05574
L06159,C04917,P06049,R09508
L06160,C09524,P08445,R03395
L06161,C07451,P04776,R00865
L06162,C04875,P06569,R05515
L06163,C07122,P03147,R03703
L06164,C06476,P01176,R08767
L06165,C03560,P04236,R04127
L06166,C06783,P09429,R04463
L06167,C09983,P08479,R05093
L06168,C01566,P09847,R00179
L06169,C07934,P02487,R08184
L06170,C09552,P05019,R03689
L06171,C06855,P07685,R05551
L06172,C03974,P01166,R07182
L06173,C07553,P02594,R04319
L06174,C03469,P00070,R08796
L06175,C00410,P00744,R09775
L06176,C05363,P03205,R07158
L06177,C05301,P00365,R09880
L06178,C09966,P09762,R08961
L06179,C02762,P09888,R01004
L06180,C03745,P03528,R09574
L06181,C04194,P02516,R05630
L06182,C01560,P05809,R01562
L06183,C06884,P01499,R01533
L06184,C05807,P00375,R01105
L06185,C00253,P01898,R00901
L06186,C04180,P03042,R08733
L06187,C06793,P07458,R05806
L06188,C08357,P09915,R04867
L06189,C02887,P00022,R06217
L06190,C06122,P09407,R03229
L06191,C05192,P02318,R07934
L06192,C08693,P04879,R08619
L06193,C07929,P00224,R00754
L06194,C01429,P07366,R02791
L06195,C08632,P01229,R01780
L06196,C04642,P08104,R00678
L06197,C07907,P01147,R01687
L06198,C06610,P03947,R03827
L06199,C00544,P04049,R08578
L06200,C09095,P00786,R05924
L06201,C03419,P02800,R01795
L06202,C03745,P07838,R08022
L06203,C08985,P08818,R00049
L06204,C09010,P02608,R02480
L06205,C05961,P05205,R04038
L06206,C03635,P04813,R01458
L06207,C02678,P06894,R04365
L06208,C05108,P09875,R06406
L06209,C04024,P03414,R02963
L06210,C09010,P07430,R04341
L06211,C09407,P05233,R09993
L06212,C02532,P05506,R09012
L06213,C03386,P08712,R04070
L06214,C02145,P04819,R00439
L06215,C03922,P01126,R01012
L06216,C08567,P03143,R00170
L06217,C06666,P06005,R06076
L06218,C05044,P00134,R01563
L06219,C05030,P00221,R00336
L06220,C00327,P00033,R02723
L06221,C00301,P05252,R07499
L06222,C02706,P01612,R08532
L06223,C04268,P09527,R00921
L06224,C05147,P05663,R05057
L06225,C08114,P00274,R00698
L06226,C07877,P07460,R08335
L06227,C04479,P04526,R06433
L06228,C04443,P05921,R09316
L06229,C03591,P06017,R03918
L06230,C01545,P00911,R03836
L06231,C05894,P09650,R00251
L06232,C07896,P05368,R02614
L06233,C06702,P02157,R00259
L06234,C05570,P02280,R07990
L06235,C07920,P02028,R02722
L06236,C05810,P07423,R01424
L06237,C03690,P07826,R02144
L06238,C00844,P06816,R08380
L06239,C01339,P06517,R03036
L06240,C09816,P04491,R08782
L06241,C09979,P04649,R01326
L06242,C05337,P04823,R05576
L06243,C00017,P03514,R04291
L06244,C02830,P01462,R02124
L06245,C08890,P05755,R05720
L06246,C06037,P04582,R09951
L06247,C02795,P07772,R09954
L06248,C00102,P05820,R03000
L06249,C03166,P09387,R06425
L06250,C04117,P08039,R02168
L06251,C09987,P05021,R02267
L06252,C02936,P05008,R01904
L06253,C03353,P01899,R09263
L06254,C03846,P06963,R03438
L06255,C01216,P04980,R04033
L06256,C01204,P01064,R07075
L06257,C06269,P02942,R06675
L06258,C05045,P03979,R01534
L06259,C05771,P09300,R07551
L06260,C01585,P03686,R09975
L06261,C03655,P07390,R03019
L06262,C00852,P06459,R08469
L06263,C09948,P03256,R08391
L06264,C09535,P08954,R01852
L06265,C03036,P06743,R08234
L06266,C07710,P01864,R06402
L06267,C02904,P00617,R08259
L06268,C06649,P01866,R08327
L06269,C03993,P01291,R06827
L06270,C04491,P04386,R06439
L06271,C07002,P09270,R07422
L06272,C06799,P09869,R02915
L06273,C00266,P02581,R09537
L06274,C09727,P06224,R00687
L06275,C00928,P03868,R06871
L06276,C03147,P08987,R02376
L06277,C04637,P04133,R07647
L06278,C00314,P08770,R06771
L06279,C00595,P00470,R00968
L06280,C05446,P08262,R06875
L06281,C00200,P07492,R07790
L06282,C09745,P05931,R01449
L06283,C03159,P04471,R00410
L06284,C02467,P00013,R07413
L06285,C06885,P04154,R01636
L06286,C05797,P04132,R06483
L06287,C05254,P06502,R00647
L06288,C01017,P05513,R03466
L06289,C03045,P04558,R01260
L06290,C07232,P04262,R09498
L06291,C07485,P02399,R08446
L06292,C09423,P05065,R06171
L06293,C07756,P06983,R06119
L06294,C09408,P02479,R02958
L06295,C05524,P06070,R09553
L06296,C06926,P00710,R09339
L06297,C05228,P02197,R07444
L06298,C02342,P03237,R04241
L06299,C01175,P05139,R00427
L06300,C08543,P02430,R05895
L06301,C08358,P08092,R06053
L06302,C05770,P01296,R00212
L06303,C05700,P07605,R05550
L06304,C08471,P03742,R09517
L06305,C08193,P08946,R08562
L06306,C06783,P07306,R02374
L06307,C05856,P05884,R00668
L06308,C05802,P07765,R05588
L06309,C02344,P05726,R07702
L06310,C05023,P04317,R03995
L06311,C09722,P07510,R04248
L06312,C04695,P02283,R01326
L06313,C05890,P05608,R06620
L06314,C09238,P00819,R04085
L06315,C08104,P05711,R00765
L06316,C04320,P00706,R01633
L06317,C04010,P01287,R01234
L06318,C01620,P06748,R08721
L06319,C06762,P05215,R03288
L06320,C02989,P03631,R03318
L06321,C03647,P09684,R06947
L06322,C00436,P08058,R05804
L06323,C04857,P07283,R03140
L06324,C03433,P05699,R00180
L06325,C06147,P05412,R00304
L06326,C06893,P04985,R09009
L06327,C01540,P04406,R00311
L06328,C06304,P04607,R01251
L06329,C02580,P04585,R00921
L06330,C04496,P03975,R06167
L06331,C03799,P04099,R00566
L06332,C04745,P07675,R01832
L06333,C02675,P03893,R02198
L06334,C07128,P04224,R00113
L06335,C08406,P06967,R01589
L06336,C05580,P06682,R03704
L06337,C03792,P05256,R06749
L06338,C04359,P00863,R06967
L06339,C06056,P05674,R03972
L06340,C07744,P04417,R01781
L06341,C01977,P01220,R03765
L06342,C04843,P09441,R04439
L06343,C01360,P05878,R09367
L06344,C07977,P06639,R04803
L06345,C05461,P07332,R07752
L06346,C06879,P06216,R06924
L06347,C04066,P04959,R02464
L06348,C02693,P01445,R06590
L06349,C04089,P09043,R06801
L06350,C09767,P02390,R06792
L06351,C05205,P08599,R08408
L06352,C06154,P00772,R08202
L06353,C03284,P09803,R08029
L06354,C09694,P08832,R05900
L06355,C06283,P02167,R05682
L06356,C01271,P00211,R06791
L06357,C05235,P03903,R06460
L06358,C05264,P07511,R05693
L06359,C02728,P01898,R07599
L06360,C05999,P07017,R05306
L06361,C05009,P01223,R02501
L06362,C06658,P09635,R04630
L06363,C07321,P02087,R05189
L06364,C03392,P01425,R01601
L06365,C01753,P06632,R05336
L06366,C03278,P02503,R02947
L06367,C09907,P09279,R03607
L06368,C01785,P06931,R02116
L06369,C04354,P07150,R01770
L06370,C00686,P07481,R01137
L06371,C01218,P05522,R02842
L06372,C08031,P03286,R07549
L06373,C05309,P04877,R03769
L06374,C09565,P07443,R04548
L06375,C04469,P08854,R02166
L06376,C04922,P03801,R03578
L06377,C06687,P02443,R06332
L06378,C02398,P01224,R02287
L06379,C02131,P08080,R07074
L06380,C00024,P01507,R03282
L06381,C07148,P03348,R02561
L06382,C03570,P01287,R06119
L06383,C08646,P03569,R04351
L06384,C01156,P08437,R04595
L06385,C04936,P07511,R05657
L06386,C05729,P01737,R09012
L06387,C05006,P03703,R00482
L06388,C02658,P09383,R09299
L06389,C07076,P09466,R00314
L06390,C00750,P03941,R05591
L06391,C05310,P07286,R03040
L06392,C09523,P08773,R08129
L06393,C08180,P02391,R09627
L06394,C05965,P08163,R08751
L06395,C00599,P07723,R01557
L06396,C06654,P01102,R04165
L06397,C03219,P00856,R00738
L06398,C06427,P09050,R02694
L06399,C06129,P05705,R08199
L06400,C08181,P07813,R03473
L06401,C05635,P06021,R05523
L06402,C00498,P09655,R03168
L06403,C00972,P08477,R09035
L06404,C04156,P04856,R05777
L06405,C04654,P00245,R08835
L06406,C08183,P02767,R08013
L06407,C08046,P04955,R09150
L06408,C00529,P06136,R01265
L06409,C06740,P08638,R06647
L06410,C02162,P04596,R00251
L06411,C08934,P09013,R01624
L06412,C00461,P01706,R08397
L06413,C05219,P00756,R05442
L06414,C07996,P02111,R05446
L06415,C08775,P06587,R02678
L06416,C04512,P00912,R00420
L06417,C02079,P07013,R00609
L06418,C00091,P09706,R04049
L06419,C07633,P05566,R06008
L06420,C00179,P06769,R00586
L06421,C06564,P09234,R03889
L06422,C09424,P09662,R01744
L06423,C08865,P03408,R04139
L06424,C02629,P07698,R03111
L06425,C08026,P02355,R07748
L06426,C00131,P08912,R06684
L06427,C05174,P03232,R09463
L06428,C07737,P03980,R03574
L06429,C04245,P00736,R02604
L06430,C03057,P04515,R05495
L06431,C02083,P03404,R05283
L06432,C05582,P00490,R08396
L06433,C00769,P08122,R05345
L06434,C08836,P06880,R08927
L06435,C06162,P04910,R08553
L06436,C03754,P02167,R01531
L06437,C01279,P05100,R08971
L06438,C07412,P08921,R06570
L06439,C06930,P07227,R04351
L06440,C06210,P07462,R07611
L06441,C00716,P05061,R03615
L06442,C04827,P03127,R07112
L06443,C02066,P07523,R02253
L06444,C07831,P01003,R07136
L06445,C01734,P00859,R09455
L06446,C03461,P08754,R02119
L06447,C04713,P02720,R01881
L06448,C01689,P02394,R01278
L06449,C01611,P03730,R06610
L06450,C02207,P08167,R09850
L06451,C04609,P01491,R02541
L06452,C05239,P08322,R08644
L06453,C05752,P08136,R00950
L06454,C09089,P02938,R05687
L06455,C05859,P07265,R07152
L06456,C06816,P06968,R08895
L06457,C09137,P07246,R02485
L06458,C05570,P06453,R03949
L06459,C02747,P06877,R09512
L06460,C06069,P09680,R06609
L06461,C07846,P05560,R04351
L06462,C09374,P05888,R09270
L06463,C06705,P09663,R03002
L06464,C08634,P00749,R08020
L06465,C03454,P04132,R00229
L06466,C03327,P02310,R04117
L06467,C04233,P07631,R00670
L06468,C03372,P06078,R05844
L06469,C04841,P08716,R03836
L06470,C03001,P08134,R02849
L06471,C06848,P06693,R06371
L06472,C05237,P07434,R03823
L06473,C04767,P06482,R02761
L06474,C09986,P09784,R09929
L06475,C08427,P04056,R09876
L06476,C03105,P06845,R09226
L06477,C04332,P02219,R00860
L06478,C08049,P07742,R08675
L06479,C08143,P00414,R04241
L06480,C05381,P05824,R09032
L06481,C03900,P09158,R04351
L06482,C08370,P04221,R08029
L06483,C01281,P05857,R04550
L06484,C08374,P09411,R05656
L06485,C02817,P07909,R04348
L06486,C02295,P06707,R09628
L06487,C03674,P08732,R03904
L06488,C02786,P02702,R04827
L06489,C06153,P03021,R02563
L06490,C05952,P09680,R09710
L06491,C06395,P03773,R02047
L06492,C04459,P05341,R06729
L06493,C00617,P04900,R05214
L06494,C06138,P01690,R08825
L06495,C07316,P08167,R07554
L06496,C02950,P08765,R06992
L06497,C08526,P01722,R06746
L06498,C03838,P04603,R01004
L06499,C03769,P05089,R03299
L06500,C07531,P02199,R05512
L06501,C04047,P04076,R07479
L06502,C05128,P08892,R06797
L06503,C08849,P09023,R01523
L06504,C09582,P06475,R05477
L06505,C02122,P09053,R03138
L06506,C06800,P03210,R09569
L06507,C02379,P08830,R09423
L06508,C00090,P04624,R04781
L06509,C01766,P08152,R05319
L06510,C00622,P01823,R03625
L06511,C08560,P07044,R09813
L06512,C00525,P09344,R08065
L06513,C09727,P09640,R04303
L06514,C06261,P01155,R07331
L06515,C09303,P06811,R07295
L06516,C06038,P07559,R00637
L06517,C05152,P04323,R04844
L06518,C08466,P08100,R02000
L06519,C00844,P06804,R01897
L06520,C06793,P09972,R06550
L06521,C09021,P00172,R08722
L06522,C09951,P02678,R03255
L06523,C01839,P07411,R04230
L06524,C01430,P05670,R03002
L06525,C07035,P05963,R01176
L06526,C07979,P06470,R01709
L06527,C08169,P00501,R04861
L06528,C05749,P00726,R04570
L06529,C08047,P04624,R01059
L06530,C03570,P01463,R00905
L06531,C03341,P07622,R09978
L06532,C07695,P05643,R05095
L06533,C06919,P01703,R01798
L06534,C06787,P08953,R03111
L06535,C00251,P03764,R05428
L06536,C09620,P01793,R00822
L06537,C06261,P06051,R09723
L06538,C04458,P00712,R04608
L06539,C01364,P07847,R00230
L06540,C06872,P04399,R03589
L06541,C03146,P05037,R09029
L06542,C02889,P05606,R06833
L06543,C07614,P02776,R01630
L06544,C02469,P00810,R01603
L06545,C05958,P05069,R08972
L06546,C09853,P06456,R04544
L06547,C01173,P01080,R01626
L06548,C07381,P00170,R03635
L06549,C08969,P02583,R07216
L06550,C03562,P09667,R03571
L06551,C09856,P07485,R07689
L06552,C04355,P05629,R05924
L06553,C06534,P03353,R05521
L06554,C02931,P03867,R01900
L06555,C07655,P07219,R02653
L06556,C01106,P03996,R06159
L06557,C01074,P01321,R08012
L06558,C04351,P00161,R01471
L06559,C09175,P08146,R01531
L06560,C05198,P05651,R05431
L06561,C09713,P09942,R07255
L06562,C04830,P05559,R06651
L06563,C04091,P09216,R06593
L06564,C02849,P01543,R09383
L06565,C02782,P02932,R04736
L06566,C01062,P04844,R02961
L06567,C06944,P08346,R09659
L06568,C03419,P08391,R02840
L06569,C04351,P08449,R00115
L06570,C03618,P01524,R09756
L06571,C09766,P03904,R04498
L06572,C00172,P01572,R08677
L06573,C07400,P04992,R09957
L06574,C01975,P09543,R05260
L06575,C02534,P09842,R05040
L06576,C09567,P05948,R03837
L06577,C04323,P00339,R02667
L06578,C04453,P08202,R02639
L06579,C01877,P04460,R01322
L06580,C06156,P06007,R09111
L06581,C05959,P02317,R01612
L06582,C03302,P01270,R01580
L06583,C08526,P05441,R07835
L06584,C00416,P07309,R09977
L06585,C01400,P05424,R02970
L06586,C01562,P00193,R04367
L06587,C09737,P02387,R01895
L06588,C05861,P07569,R00048
L06589,C05558,P05712,R03345
L06590,C04238,P01522,R08533
L06591,C09626,P07464,R09385
L06592,C01065,P09474,R06621
L06593,C01761,P09451,R05244
L06594,C03166,P01182,R05398
L06595,C02027,P05215,R09383
L06596,C08116,P07841,R03259
L06597,C00993,P05315,R01646
L06598,C04482,P03555,R00507
L06599,C06397,P07176,R02953
L06600,C05214,P07748,R09416
L06601,C07241,P02148,R03554
L06602,C01632,P09768,R09020
L06603,C01611,P03142,R04153
L06604,C07489,P06450,R05760
L06605,C01540,P06224,R02724
L06606,C02390,P01784,R01519
L06607,C00435,P03803,R03983
L06608,C09605,P02516,R09341
L06609,C01427,P01036,R06276
L06610,C03891,P06047,R09490
L06611,C00599,P00651,R05307
L06612,C06540,P04582,R06083
L06613,C08921,P08814,R04029
L06614,C02566,P04912,R07525
L06615,C06693,P03357,R01358
L06616,C08438,P03197,R01352
L06617,C01791,P04423,R00691
L06618,C05388,P09699,R02054
L06619,C03506,P00029,R02570
L06620,C03876,P08850,R02768
L06621,C04881,P07541,R04464
L06622,C06525,P06979,R08703
L06623,C04044,P09824,R04798
L06624,C01463,P00469,R05277
L06625,C04002,P05516,R04953
L06626,C01357,P04922,R00563
L06627,C02680,P03326,R01205
L06628,C00774,P05907,R01788
L06629,C08192,P00467,R06801
L06630,C09407,P01872,R02159
L06631,C00677,P04012,R03646
L06632,C00708,P02401,R01062
L06633,C03449,P06787,R08694
L06634,C04453,P03597,R02502
L06635,C08453,P07766,R04512
L06636,C00815,P08822,R09063
L06637,C02488,P02301,R05847
L06638,C05329,P05633,R05210
L06639,C01364,P02317,R03434
L06640,C08203,P04031,R02711
L06641,C04008,P09692,R00514
L06642,C08310,P05386,R07287
L06643,C02977,P08803,R07298
L06644,C06159,P05094,R01869
L06645,C03766,P01263,R09105
L06646,C09334,P02762,R08890
L06647,C07024,P09867,R02576
L06648,C07148,P03851,R07879
L06649,C04050,P00790,R05789
L06650,C08488,P02924,R00572
L06651,C03973,P02386,R08562
L06652,C04220,P07118,R07788
L06653,C00787,P09348,R06900
L06654,C01706,P09234,R04576
L06655,C01020,P09131,R08459
L06656,C00324,P04796,R02301
L06657,C06414,P05068,R00711
L06658,C05061,P00995,R09926
L06659,C02814,P01701,R03068
L06660,C02694,P09391,R06700
L06661,C01671,P03982,R08254
L06662,C05835,P05880,R02251
L06663,C04754,P01311,R06365
L06664,C09440,P09046,R06031
L06665,C05658,P06523,R07446
L06666,C01102,P03081,R03554
L06667,C00709,P08220,R06478
L06668,C00240,P09720,R06209
L06669,C02999,P04457,R01947
L06670,C08624,P02584,R07189
L06671,C07202,P03603,R07335
L06672,C01994,P01019,R05348
L06673,C07502,P07763,R00283
L06674,C00884,P04600,R03506
L06675,C03055,P08368,R01028
L06676,C04252,P07956,R04355
L06677,C03232,P06599,R08288
L06678,C08751,P02696,R03844
L06679,C04277,P05665,R07144
L06680,C01647,P02218,R00093
L06681,C06890,P05082,R07523
L06682,C08315,P09290,R06180
L06683,C09877,P09241,R00050
L06684,C01214,P04497,R07241
L06685,C01503,P05730,R06574
L06686,C01840,P01010,R08874
L06687,C06478,P00043,R08448
L06688,C06402,P00455,R05497
L06689,C01306,P09602,R00705
L06690,C09550,P03886,R04904
L06691,C00821,P03423,R01645
L06692,C04186,P02246,R04026
L06693,C09380,P05733,R02599
L06694,C03307,P06198,R06170
L06695,C03443,P00285,R09491
L06696,C05749,P06265,R01900
L06697,C00099,P08093,R01365
L06698,C02269,P04384,R05506
L06699,C04732,P05248,R02265
L06700,C03220,P07420,R09722
L06701,C01064,P05941,R05011
L06702,C01196,P04845,R00256
L06703,C02240,P07076,R00087
L06704,C08861,P09819,R02130
L06705,C05240,P02544,R02377
L06706,C05496,P00016,R06990
L06707,C09192,P00091,R08367
L06708,C04999,P00744,R00023
L06709,C02601,P06098,R01525
L06710,C07126,P04271,R05704
L06711,C01315,P06757,R06642
L06712,C07928,P00305,R09433
L06713,C02292,P08290,R08736
L06714,C01968,P01545,R06524
L06715,C01695,P07337,R04019
L06716,C00174,P09496,R01199
L06717,C06330,P07234,R02980
L06718,C05781,P07556,R01846
L06719,C09122,P07460,R00691
L06720,C01633,P06655,R01861
L06721,C03219,P01284,R09700
L06722,C08952,P01347,R08391
L06723,C08686,P08792,R03645
L06724,C04569,P01453,R05306
L06725,C08336,P07736,R05182
L06726,C08961,P03947,R05728
L06727,C00466,P06912,R04485
L06728,C05961,P09267,R01456
L06729,C03941,P09552,R00537
L06730,C00648,P06411,R07600
L06731,C08192,P06325,R00111
L06732,C09705,P02720,R01018
L06733,C07330,P06875,R05977
L06734,C09244,P06151,R09074
L06735,C03786,P01674,R05661
L06736,C05538,P06042,R04479
L06737,C05685,P09471,R01185
L06738,C07059,P07349,R06292
L06739,C05866,P03817,R01640
L06740,C04364,P07674,R04020
L06741,C01066,P04191,R08101
L06742,C08714,P05736,R00867
L06743,C05762,P04398,R07992
L06744,C00368,P00537,R09510
L06745,C09125,P00325,R07742
L06746,C00577,P00082,R04879
L06747,C06971,P05711,R07841
L06748,C01828,P09393,R01242
L06749,C04851,P09239,R04208
L06750,C06635,P04905,R01109
L06751,C02874,P03052,R00491
L06752,C05740,P05613,R03194
L06753,C08197,P00392,R06605
L06754,C05064,P00271,R05770
L06755,C08055,P08488,R05072
L06756,C09836,P09506,R04927
L06757,C05343,P07373,R06849
L06758,C03885,P08772,R06131
L06759,C09655,P08184,R00015
L06760,C03732,P02999,R04053
L06761,C02833,P05188,R05134
L06762,C03794,P06087,R07108
L06763,C09014,P03205,R09797
L06764,C07961,P05144,R04950
L06765,C06738,P02364,R00011
L06766,C07624,P01720,R01808
L06767,C07548,P02651,R04893
L06768,C07427,P06871,R04081
L06769,C08871,P04504,R08174
L06770,C03359,P00862,R01978
L06771,C06752,P07968,R07801
L06772,C07361,P08429,R04544
L06773,C07020,P03956,R00786
L06774,C04890,P09459,R01994
L06775,C07023,P01682,R00211
L06776,C05233,P08456,R00137
L06777,C09376,P03055,R06155
L06778,C04926,P02703,R02704
L06779,C08449,P01664,R07624
L06780,C05628,P07509,R02056
L06781,C08243,P02762,R08513
L06782,C02177,P06085,R04822
L06783,C07432,P02032,R09826
L06784,C03184,P00941,R01129
L06785,C05547,P01649,R09242
L06786,C01271,P09410,R02223
L06787,C00668,P01231,R05745
L06788,C02373,P00382,R05068
L06789,C06750,P03344,R03358
L06790,C06937,P05862,R09368
L06791,C06522,P05553,R03489
L06792,C00746,P06445,R08393
L06793,C05040,P04595,R02474
L06794,C00111,P06015,R03899
L06795,C05371,P09521,R07081
L06796,C08915,P02280,R09950
L06797,C09951,P04764,R02391
L06798,C04459,P08812,R00236
L06799,C08142,P03424,R00105
L06800,C05986,P04327,R01076
L06801,C03550,P09898,R06987
L06802,C02887,P08612,R03052
L06803,C07691,P01297,R01995
L06804,C08837,P02261,R05291
L06805,C09749,P06870,R09619
L06806,C09073,P04282,R05555
L06807,C06243,P07788,R07733
L06808,C03946,P07948,R08163
L06809,C02786,P09138,R08342
L06810,C02984,P01207,R07102
L06811,C02276,P06822,R02373
L06812,C04385,P04005,R06569
L06813,C08236,P06019,R06362
L06814,C02836,P09917,R01945
L06815,C03737,P05421,R09129
L06816,C06494,P00405,R02125
L06817,C04373,P09525,R05024
L06818,C02999,P08271,R01533
L06819,C06070,P03336,R03592
L06820,C01823,P05007,R02793
L06821,C02484,P07586,R02673
L06822,C03518,P02617,R01606
L06823,C09590,P01482,R01936
L06824,C02887,P00112,R02201
L06825,C05437,P00172,R07345
L06826,C05398,P05207,R06612
L06827,C05907,P00646,R07545
L06828,C00327,P05890,R06063
L06829,C01573,P08857,R07194
L06830,C02949,P02769,R03958
L06831,C08376,P05470,R04264
L06832,C01868,P01031,R02965
L06833,C04958,P09226,R08328
L06834,C03683,P06224,R06707
L06835,C00159,P08589,R00603
L06836,C00954,P02463,R02286
L06837,C06871,P05981,R03627
L06838,C06460,P00609,R05031
L06839,C08784,P00701,R03357
L06840,C02261,P07939,R08922
L06841,C08775,P02667,R09626
L06842,C04042,P05555,R07100
L06843,C02907,P02180,R09239
L06844,C04983,P08682,R07381
L06845,C05270,P04080,R02976
L06846,C05420,P08570,R00408
L06847,C08246,P02098,R01820
L06848,C06322,P00675,R03970
L06849,C02946,P00281,R02796
L06850,C06206,P04129,R09349
L06851,C00706,P03344,R07903
L06852,C00189,P02932,R07116
L06853,C03718,P09001,R06513
L06854,C01024,P00562,R07516
L06855,C05857,P06209,R05769
L06856,C01259,P01138,R03768
L06857,C07635,P01179,R00687
L06858,C00148,P06723,R09030
L06859,C08029,P06651,R03189
L06860,C07578,P08801,R05456
L06861,C09209,P07941,R03270
L06862,C00418,P03352,R01878
L06863,C04001,P04394,R07680
L06864,C08827,P00036,R07957
L06865,C09025,P07415,R08452
L06866,C08510,P03391,R00509
L06867,C04821,P00633,R03515
L06868,C02676,P02840,R10000
L06869,C05852,P04290,R00204
L06870,C03206,P07474,R06082
L06871,C05364,P07468,R07485
L06872,C09425,P02574,R07400
L06873,C03694,P06731,R06569
L06874,C01804,P00698,R09358
L06875,C09226,P08497,R06734
L06876,C03790,P04130,R03722
L06877,C00954,P06949,R05369
L06878,C02334,P05740,R01978
L06879,C09825,P06831,R05986
L06880,C06277,P03734,R06095
L06881,C05132,P08690,R03133
L06882,C05010,P01819,R03200
L06883,C02743,P04770,R00298
L06884,C01324,P06115,R04024
L06885,C08992,P09194,R08692
L06886,C08209,P03678,R03559
L06887,C07554,P05990,R00897
L06888,C07791,P07906,R00153
L06889,C08065,P05401,R07288
L06890,C06101,P03346,R09166
L06891,C02856,P04123,R08296
L06892,C03375,P00761,R05151
L06893,C01126,P04233,R03021
L06894,C06233,P00177,R04248
L06895,C03438,P00181,R05430
L06896,C08020,P00705,R08261
L06897,C06825,P08595,R08361
L06898,C04670,P06321,R06426
L06899,C00783,P00187,R02424
L06900,C06753,P08719,R01513
L06901,C03790,P06947,R05420
L06902,C07726,P07741,R04666
L06903,C04827,P01568,R00756
L06904,C02566,P04586,R04815
L06905,C03681,P04882,R01593
L06906,C00882,P09785,R04447
L06907,C09680,P02896,R09424
L06908,C00654,P02917,R05036
L06909,C05126,P09642,R00726
L06910,C05298,P04708,R09317
L06911,C07141,P01128,R04101
L06912,C03992,P02247,R08447
L06913,C09358,P04708,R03362
L06914,C03709,P05694,R03277
L06915,C00244,P08079,R02391
L06916,C01721,P05523,R02884
L06917,C07310,P08219,R03958
L06918,C05309,P07537,R07265
L06919,C09610,P04601,R01146
L06920,C03164,P04336,R01139
L06921,C01807,P00295,R08552
L06922,C09197,P02320,R07331
L06923,C05546,P08968,R09237
L06924,C09669,P00423,R00361
L06925,C02809,P09743,R09036
L06926,C01632,P07433,R05995
L06927,C05118,P01322,R06048
L06928,C08175,P07854,R01173
L06929,C07087,P03655,R02950
L06930,C05413,P03631,R03462
L06931,C09360,P09123,R08325
L06932,C04060,P04325,R04744
L06933,C04694,P02600,R06385
L06934,C09938,P08184,R02185
L06935,C01712,P07248,R08513
L06936,C03986,P05654,R00292
L06937,C03266,P05833,R02294
L06938,C03947,P02725,R09226
L06939,C04365,P03337,R05605
L06940,C00128,P02702,R09973
L06941,C03530,P04755,R05892
L06942,C08548,P06443,R06694
L06943,C06931,P08562,R00394
L06944,C04922,P05581,R02590
L06945,C06731,P03502,R09893
L06946,C00516,P03432,R07036
L06947,C05071,P03209,R06148
L06948,C07191,P04778,R05976
L06949,C05999,P04883,R03673
L06950,C04681,P04555,R06725
L06951,C02451,P05592,R06117
L06952,C04534,P05879,R09326
L06953,C03973,P02051,R01425
L06954,C06530,P04549,R01478
L06955,C01720,P09195,R01436
L06956,C06435,P02576,R02712
L06957,C05580,P08511,R06174
L06958,C05642,P03369,R06018
L06959,C00138,P08668,R05995
L06960,C03118,P07120,R06385
L06961,C07589,P07489,R07505
L06962,C00402,P06186,R00154
L06963,C08750,P09444,R07211
L06964,C01574,P05828,R02616
L06965,C09933,P02483,R04970
L06966,C08748,P04251,R04819
L06967,C01217,P04246,R07388
L06968,C01662,P08224,R08990
L06969,C01067,P01238,R07874
L06970,C00522,P02360,R06512
L06971,C00032,P01844,R09166
L06972,C00247,P07909,R01953
L06973,C03446,P06211,R00719
L06974,C02969,P01490,R05982
L06975,C00297,P05554,R06442
L06976,C06544,P01654,R08077
L06977,C05168,P04837,R03952
L06978,C08517,P06863,R00300
L06979,C08258,P09992,R05405
L06980,C03303,P03709,R05662
L06981,C03956,P02426,R07819
L06982,C09805,P07134,R04786
L06983,C07004,P02794,R05850
L06984,C09479,P02627,R03085
L06985,C02076,P06431,R05547
L06986,C09169,P00595,R01331
L06987,C04600,P09528,R01593
L06988,C04873,P04374,R00526
L06989,C03605,P00240,R05249
L06990,C05365,P09768,R00298
L06991,C09511,P04354,R03012
L06992,C06806,P07233,R09061
L06993,C01177,P04658,R04979
L06994,C03237,P05833,R01264
L06995,C01619,P02034,R02695
L06996,C09431,P07184,R08336
L06997,C02258,P09756,R01258
L06998,C03988,P03910,R07692
L06999,C08263,P00462,R08136
L07000,C02699,P04280,R02771
L07001,C03526,P08530,R03802
L07002,C06955,P06771,R07799
L07003,C03309,P00874,R06068
L07004,C06555,P07176,R01640
L07005,C08638,P06360,R00265
L07006,C01046,P09689,R05345
L07007,C09177,P07507,R05368
L07008,C07877,P00882,R08778
L07009,C04321,P00404,R00591
L07010,C00147,P08097,R01558
L07011,C03862,P05365,R05769
L07012,C02058,P05139,R02882
L07013,C01687,P08707,R06728
L07014,C02068,P05116,R01316
L07015,C08015,P08640,R02288
L07016,C09813,P08468,R03710
L07017,C05119,P07737,R08026
L07018,C08184,P02108,R06243
L07019,C04601,P04254,R02888
L07020,C00693,P06718,R08937
L07021,C05963,P04246,R02280
L07022,C02621,P06656,R07165
L07023,C07992,P05510,R05720
L07024,C06530,P04612,R04241
L07025,C03826,P03301,R00046
L07026,C09506,P05669,R03174
L07027,C04024,P07342,R00228
L07028,C03265,P07442,R02149
L07029,C08422,P09755,R04707
L07030,C02995,P09763,R02787
L07031,C00162,P02453,R00663
L07032,C05058,P06231,R09167
L07033,C05597,P02830,R05014
L07034,C06163,P07120,R07829
L07035,C03717,P08024,R08611
L07036,C09133,P05899,R06282
L07037,C05456,P09004,R02565
L07038,C04161,P04738,R01434
L07039,C00954,P04631,R01847
L07040,C09978,P05981,R06615
L07041,C07406,P08708,R06531
L07042,C05939,P08578,R03965
L07043,C00473,P06273,R02903
L07044,C07176,P09742,R07431
L07045,C09302,P05262,R03845
L07046,C05120,P03771,R00166
L07047,C05602,P05795,R07171
L07048,C02189,P04529,R02096
L07049,C08586,P04366,R02705
L07050,C03310,P07456,R07610
L07051,C08543,P03584,R06200
L07052,C02419,P09000,R02220
L07053,C08449,P09622,R05894
L07054,C06028,P02924,R07654
L07055,C00752,P04244,R01144
L07056,C09336,P09506,R07914
L07057,C07968,P03561,R03695
L07058,C05285,P09156,R04502
L07059,C04729,P06645,R08479
L07060,C02875,P00269,R09705
L07061,C04683,P09459,R04078
L07062,C01493,P02593,R09822
L07063,C09494,P09030,R01996
L07064,C07700,P09172,R02984
L07065,C09122,P03289,R01128
L07066,C08776,P00004,R00447
L07067,C01372,P05608,R00303
L07068,C04172,P09437,R05080
L07069,C09542,P09765,R02430
L07070,C02399,P02008,R01334
L07071,C09321,P06924,R01694
L07072,C09323,P02931,R07521
L07073,C01005,P02815,R01903
L07074,C07790,P07359,R04499
L07075,C07454,P06309,R02752
L07076,C09196,P03864,R01650
L07077,C05307,P01066,R06955
L07078,C00137,P07044,R09195
L07079,C08927,P08647,R01897
L07080,C00125,P07336,R04147
L07081,C09085,P06644,R08632
L07082,C04361,P04264,R00252
L07083,C03331,P00727,R04121
L07084,C08659,P03957,R03624
L07085,C02412,P00463,R03573
L07086,C05601,P07070,R09704
L07087,C08786,P08692,R06169
L07088,C01147,P03601,R08206
L07089,C06412,P02707,R07444
L07090,C02033,P04800,R02841
L07091,C00979,P03846,R04898
L07092,C05476,P02122,R03805
L07093,C03566,P09119,R07999
L07094,C06104,P01698,R05723
L07095,C09921,P07456,R07283
L07096,C09310,P02896,R01333
L07097,C00139,P01205,R02325
L07098,C09220,P05919,R07292
L07099,C01355,P01921,R08864
L07100,C01630,P04202,R05140
L07101,C09978,P01330,R00716
L07102,C07865,P07144,R02848
L07103,C06199,P02069,R03698
L07104,C08802,P05091,R03560
L07105,C00465,P04670,R06540
L07106,C05222,P07544,R08967
L07107,C00200,P08103,R02768
L07108,C02584,P05980,R08227
L07109,C02772,P05350,R03476
L07110,C03457,P05847,R05993
L07111,C01030,P05153,R02626
L07112,C05977,P08791,R02478
L07113,C02292,P08391,R08643
L07114,C06602,P01580,R08974
L07115,C00611,P04362,R06473
L07116,C08508,P03846,R09269
L07117,C01849,P05082,R01852
L07118,C09677,P02893,R01849
L07119,C05551,P01102,R06388
L07120,C02351,P00316,R02324
L07121,C06350,P08354,R03991
L07122,C04109,P03556,R02211
L07123,C07551,P01838,R00385
L07124,C07804,P09626,R02525
L07125,C09924,P00904,R00792
L07126,C07039,P07787,R02799
L07127,C04947,P01632,R04654
L07128,C01050,P07281,R06213
L07129,C07783,P09742,R09196
L07130,C01811,P07541,R02375
L07131,C09264,P08336,R08095
L07132,C01788,P06426,R04774
L07133,C01332,P02871,R09901
L07134,C04817,P08604,R08664
L07135,C03402,P03444,R02484
L07136,C03612,P08043,R09833
L07137,C07129,P02285,R09996
L07138,C06180,P04986,R02408
L07139,C09761,P07810,R02178
L07140,C09734,P00898,R06570
L07141,C04918,P01192,R08585
L07142,C04163,P02512,R06764
L07143,C01416,P04015,R07603
L07144,C00940,P03793,R00192
L07145,C04734,P09687,R06774
L07146,C03692,P00255,R01769
L07147,C00416,P04819,R06602
L07148,C02640,P02697,R02284
L07149,C03764,P02226,R01823
L07150,C08973,P04756,R02652
L07151,C05670,P08085,R00228
L07152,C09950,P08218,R07946
L07153,C01224,P04431,R09764
L07154,C07684,P06961,R06812
L07155,C01474,P06715,R05503
L07156,C07953,P04094,R02529
L07157,C06368,P07825,R04428
L07158,C06850,P04938,R08651
L07159,C08116,P00389,R01087
L07160,C07394,P04608,R00098
L07161,C00328,P00683,R05906
L07162,C04808,P05307,R06913
L07163,C01588,P09892,R08163
L07164,C04751,P00340,R09120
L07165,C04022,P04570,R02732
L07166,C00483,P07968,R00892
L07167,C01468,P00276,R07160
L07168,C06983,P04078,R03498
L07169,C09053,P04626,R06422
L07170,C06971,P04840,R08506
L07171,C09891,P02256,R06759
L07172,C00439,P09364,R02052
L07173,C00195,P06990,R08164
L07174,C04904,P00389,R06014
L07175,C01358,P04663,R06640
L07176,C06227,P06948,R03791
L07177,C08070,P04398,R05275
L07178,C08539,P09469,R08756
L07179,C07421,P07359,R08194
L07180,C04669,P03143,R01824
L07181,C04884,P06975,R02692
L07182,C03737,P08116,R06495
L07183,C09165,P05036,R02866
L07184,C03979,P01576,R03503
L07185,C01417,P09490,R07716
L07186,C04108,P05678,R04682
L07187,C01602,P08908,R06737
L07188,C07348,P03886,R09518
L07189,C04386,P08183,R00697
L07190,C02629,P03019,R03077
L07191,C01016,P07661,R01444
L07192,C07894,P08535,R05115
L07193,C05992,P08796,R02402
L07194,C04986,P06072,R03307
L07195,C08514,P06237,R07394
L07196,C02522,P01638,R03272
L07197,C00501,P07900,R03232
L07198,C06314,P07646,R00741
L07199,C08277,P03266,R07067
L07200,C01737,P04135,R02789
L07201,C01583,P06942,R04680
L07202,C08547,P04611,R04664
L07203,C00785,P03754,R01118
L07204,C08448,P01187,R05964
L07205,C08323,P03931,R06658
L07206,C06542,P06786,R06230
L07207,C07843,P02221,R00859
L07208,C06816,P06631,R04230
L07209,C04649,P03214,R08334
L07210,C03308,P03511,R08691
L07211,C02833,P07648,R06802
L07212,C07207,P09094,R02334
L07213,C05212,P06691,R07340
L07214,C03121,P05677,R03982
L07215,C08032,P04485,R00447
L07216,C09997,P02102,R06397
L07217,C01537,P04581,R03890
L07218,C00873,P07266,R09717
L07219,C05353,P06226,R04694
L07220,C05323,P05298,R07636
L07221,C05513,P03369,R03958
L07222,C09486,P07748,R09525
L07223,C01318,P00274,R00969
L07224,C00391,P03465,R01907
L07225,C08951,P05871,R08445
L07226,C01345,P09319,R06875
L07227,C07847,P07173,R04449
L07228,C04576,P09628,R07023
L07229,C05623,P01234,R03610
L07230,C00591,P03167,R04915
L07231,C06358,P02220,R05640
L07232,C00313,P00414,R05796
L07233,C01895,P06640,R02473
L07234,C08660,P02775,R09684
L07235,C00479,P00238,R03354
L07236,C08018,P09098,R07541
L07237,C07345,P04048,R01980
L07238,C03297,P00262,R08487
L07239,C04949,P04865,R03328
L07240,C00474,P06005,R00947
L07241,C03517,P02714,R09855
L07242,C08118,P06988,R01561
L07243,C05126,P06336,R08303
L07244,C04687,P05217,R05961
L07245,C06549,P05039,R09533
L07246,C01424,P01072,R00039
L07247,C02661,P04078,R03480
L07248,C05281,P05793,R04600
L07249,C02674,P07186,R00273
L07250,C00816,P09331,R07536
L07251,C00246,P00447,R06457
L07252,C07830,P03801,R06998
L07253,C04203,P03891,R00965
L07254,C04896,P04775,R03191
L07255,C07607,P02702,R06036
L07256,C08976,P02560,R09339
L07257,C00714,P05149,R08881
L07258,C07562,P03192,R00736
L07259,C04932,P05392,R00577
L07260,C02738,P00337,R09270
L07261,C01565,P06715,R02969
L07262,C05520,P02436,R08984
L07263,C05711,P01161,R06018
L07264,C06740,P05927,R00635
L07265,C01668,P08080,R06726
L07266,C01627,P04866,R08518
L07267,C05054,P07373,R08869
L07268,C08607,P08219,R06192
L07269,C00261,P08410,R09657
L07270,C02575,P07660,R08910
L07271,C03325,P09496,R05686
L07272,C00486,P09778,R02289
L07273,C03345,P09642,R09608
L07274,C04689,P09454,R01045
L07275,C08725,P06964,R03685
L07276,C03830,P00732,R01751
L07277,C08184,P05122,R00663
L07278,C09012,P05832,R05847
L07279,C08645,P04485,R03143
L07280,C04101,P02770,R09608
L07281,C08850,P05142,R09744
L07282,C02531,P05771,R00672
L07283,C02839,P07959,R05418
L07284,C01141,P04445,R07119
L07285,C05291,P07418,R02573
L07286,C03130,P07007,R02239
L07287,C09515,P03785,R02667
L07288,C05915,P04361,R05167
L07289,C04169,P06171,R06739
L07290,C06427,P09849,R00828
L07291,C03776,P05738,R04738
L07292,C05881,P04620,R03446
L07293,C08682,P00385,R05963
L07294,C08709,P07132,R09747
L07295,C04036,P05385,R08892
L07296,C01226,P03953,R09652
L07297,C04857,P01397,R08460
L07298,C03409,P04583,R00290
L07299,C03959,P09918,R03442
L07300,C08309,P04016,R05299
L07301,C05106,P08401,R06983
L07302,C01220,P04231,R08091
L07303,C05051,P08151,R00196
L07304,C04008,P05270,R06522
L07305,C01330,P06017,R06483
L07306,C05799,P01815,R03084
L07307,C08677,P09202,R07285
L07308,C01212,P08232,R05717
L07309,C05084,P09217,R04987
L07310,C05922,P01824,R00216
L07311,C05941,P05933,R06431
L07312,C04731,P05978,R06581
L07313,C03494,P07531,R06577
L07314,C02374,P04568,R03049
L07315,C08779,P02931,R06127
L07316,C09452,P06114,R06183
L07317,C05568,P04414,R07686
L07318,C06585,P07666,R00744
L07319,C04977,P06923,R02033
L07320,C05595,P00210,R05984
L07321,C00989,P08770,R04372
L07322,C07372,P09531,R05048
L07323,C05341,P01240,R03821
L07324,C04934,P05593,R02960
L07325,C05119,P00022,R05684
L07326,C04338,P01181,R09539
L07327,C04595,P07603,R04022
L07328,C06625,P01203,R01819
L07329,C02631,P00595,R02232
L07330,C07288,P05291,R09617
L07331,C09534,P05424,R06067
L07332,C05573,P02115,R05121
L07333,C06266,P03004,R06111
L07334,C07644,P04934,R01814
L07335,C03308,P08219,R00749
L07336,C09005,P03444,R07793
L07337,C09707,P08207,R04251
L07338,C04735,P09010,R01578
L07339,C05922,P00420,R06107
L07340,C08058,P08190,R01280
L07341,C02273,P06669,R06366
L07342,C07357,P08034,R03837
L07343,C01685,P04936,R07180
L07344,C03053,P06670,R09674
L07345,C03356,P09861,R09453
L07346,C02225,P02164,R02744
L07347,C07678,P00225,R00684
L07348,C04646,P03475,R08962
L07349,C07573,P00063,R03344
L07350,C00985,P06786,R04010
L07351,C07798,P00201,R09672
L07352,C05653,P04503,R03733
L07353,C05160,P02346,R03542
L07354,C09833,P06826,R03663
L07355,C06276,P08757,R07113
L07356,C08385,P08159,R02575
L07357,C04048,P07752,R04087
L07358,C09607,P03549,R08122
L07359,C02022,P05525,R05411
L07360,C07393,P04139,R08385
L07361,C04427,P01865,R07414
L07362,C04112,P03282,R05213
L07363,C08322,P00319,R02891
L07364,C01373,P08711,R08803
L07365,C04234,P08552,R03875
L07366,C09343,P04942,R09401
L07367,C05043,P01913,R05939
L07368,C01266,P02402,R04012
L07369,C06205,P01907,R08010
L07370,C08582,P02452,R02163
L07371,C09061,P07087,R01373
L07372,C04387,P07706,R05694
L07373,C08972,P06256,R01559
L07374,C09747,P04454,R09473
L07375,C01639,P06498,R08617
L07376,C07004,P00359,R08205
L07377,C00345,P05139,R03638
L07378,C05615,P00748,R06481
L07379,C05232,P05422,R08216
L07380,C03992,P01737,R07728
L07381,C07542,P08544,R02589
L07382,C06060,P09063,R09794
L07383,C03330,P05071,R04183
L07384,C00014,P05661,R03208
L07385,C03348,P02094,R02954
L07386,C09461,P03667,R06350
L07387,C08716,P08778,R00956
L07388,C01351,P07544,R01930
L07389,C06969,P06481,R06423
L07390,C07026,P07152,R08430
L07391,C07397,P02298,R05214
L07392,C05348,P03382,R09553
L07393,C07573,P01595,R08227
L07394,C04748,P00380,R01993
L07395,C05993,P08255,R07959
L07396,C06403,P00903,R00413
L07397,C05975,P05667,R04379
L07398,C05071,P07038,R05649
L07399,C04850,P03524,R05867
L07400,C02298,P00380,R07537
L07401,C01669,P04870,R02463
L07402,C06573,P05942,R06854
L07403,C06580,P06876,R02100
L07404,C05153,P02284,R03030
L07405,C06897,P09388,R09318
L07406,C00338,P02499,R01568
L07407,C06933,P08145,R01320
L07408,C04802,P01860,R09489
L07409,C01324,P09777,R08514
L07410,C04878,P03710,R05910
L07411,C07104,P05348,R04812
L07412,C09901,P09575,R03846
L07413,C03239,P02837,R08434
L07414,C03998,P02511,R07879
L07415,C09484,P08952,R03608
L07416,C01784,P00896,R07124
L07417,C02955,P01113,R07128
L07418,C06028,P09796,R02757
L07419,C08738,P04331,R07109
L07420,C06023,P00596,R05932
L07421,C03539,P09647,R05727
L07422,C04755,P03406,R09478
L07423,C01324,P09623,R07537
L07424,C07409,P06215,R00847
L07425,C08929,P00289,R09924
L07426,C09408,P06528,R04318
L07427,C06394,P00498,R08040
L07428,C04982,P00154,R02474
L07429,C04215,P04844,R00512
L07430,C09164,P04273,R08036
L07431,C00135,P08123,R08979
L07432,C03743,P05982,R02596
L07433,C06790,P00731,R06457
L07434,C00261,P09247,R05963
L07435,C09098,P02047,R06418
L07436,C09931,P03490,R03883
L07437,C02700,P00534,R07308
L07438,C03562,P07612,R05278
L07439,C03331,P00199,R05840
L07440,C02218,P07866,R05332
L07441,C05354,P08222,R04709
L07442,C00160,P09037,R09858
L07443,C05857,P07260,R05860
L07444,C07750,P08079,R00378
L07445,C04685,P06420,R00363
L07446,C06530,P09302,R05738
L07447,C08912,P03049,R03854
L07448,C08627,P09464,R03659
L07449,C04257,P07753,R02070
L07450,C08220,P09587,R01728
L07451,C05263,P06668,R05812
L07452,C05223,P03810,R00829
L07453,C07853,P02282,R06575
L07454,C07669,P02074,R02725
L07455,C00875,P09358,R07819
L07456,C02737,P08717,R00210
L07457,C06723,P08849,R00665
L07458,C02852,P06117,R02416
L07459,C06579,P06499,R07736
L07460,C02894,P00451,R00700
L07461,C05313,P04458,R02690
L07462,C06245,P03904,R00958
L07463,C08968,P04778,R04104
L07464,C00649,P08097,R07151
L07465,C02716,P07163,R05453
L07466,C09864,P08201,R08546
L07467,C05374,P00459,R02554
L07468,C05854,P04718,R03756
L07469,C09571,P04037,R04878
L07470,C08090,P05934,R03211
L07471,C00342,P07763,R03617
L07472,C09006,P05793,R02245
L07473,C08380,P07771,R02604
L07474,C03401,P00752,R05266
L07475,C09080,P01593,R02887
L07476,C01182,P00810,R08139
L07477,C02199,P09801,R08404
L07478,C04701,P03656,R09768
L07479,C03726,P01610,R01913
L07480,C04117,P00085,R00686
L07481,C06543,P06930,R05466
L07482,C06858,P05526,R01184
L07483,C04024,P09750,R06482
L07484,C01670,P06582,R01283
L07485,C00913,P08265,R09000
L07486,C05782,P07703,R07793
L07487,C04497,P09412,R09476
L07488,C07359,P01531,R08731
L07489,C07535,P05138,R08696
L07490,C05706,P03264,R04007
L07491,C04970,P06637,R03202
L07492,C08762,P07167,R02914
L07493,C09055,P09927,R06631
L07494,C00031,P02328,R00495
L07495,C02094,P01324,R05742
L07496,C09767,P03284,R03630
L07497,C09551,P01612,R08759
L07498,C02606,P06391,R04138
L07499,C09008,P00892,R08550
L07500,C05199,P04388,R02803
L07501,C03553,P07340,R01968
L07502,C06403,P03426,R08888
L07503,C05337,P02385,R07896
L07504,C05823,P02011,R09781
L07505,C04184,P01240,R07027
L07506,C02776,P03047,R04668
L07507,C09701,P02462,R09888
L07508,C05389,P00325,R05723
L07509,C07830,P05378,R01626
L07510,C06154,P00188,R07555
L07511,C08804,P05880,R06065
L07512,C04847,P00445,R07956
L07513,C07710,P07198,R07243
L07514,C08920,P00093,R04314
L07515,C05398,P00292,R03749
L07516,C06475,P01405,R03763
L07517,C06591,P07779,R03538
L07518,C00404,P03824,R07266
L07519,C08595,P05222,R04867
L07520,C03524,P05683,R01553
L07521,C00628,P00310,R06414
L07522,C02612,P05481,R06546
L07523,C00211,P05322,R02377
L07524,C05112,P05831,R04578
L07525,C04534,P05161,R06998
L07526,C07792,P08165,R04850
L07527,C01418,P01500,R07718
L07528,C07466,P05866,R07280
L07529,C00326,P03727,R04555
L07530,C00147,P08418,R08501
L07531,C04963,P08883,R06153
L07532,C07881,P08430,R01110
L07533,C01179,P06844,R00069
L07534,C05575,P03634,R03370
L07535,C03543,P00938,R05141
L07536,C01946,P02895,R06109
L07537,C05116,P08606,R02066
L07538,C07700,P07212,R05750
L07539,C05321,P08704,R08187
L07540,C06653,P08137,R01941
L07541,C02032,P07955,R04140
L07542,C02208,P04522,R08197
L07543,C02156,P09065,R09826
L07544,C05232,P01320,R01130
L07545,C06694,P06193,R09204
L07546,C09216,P07101,R07459
L07547,C07280,P08927,R06123
L07548,C05238,P02899,R02928
L07549,C09441,P05648,R05169
L07550,C05454,P06281,R05150
L07551,C01977,P02580,R05788
L07552,C00991,P02741,R00321
L07553,C05414,P03308,R04447
L07554,C09766,P00846,R03267
L07555,C00461,P03446,R00377
L07556,C00399,P07138,R05056
L07557,C08039,P04983,R08659
L07558,C04370,P00477,R08479
L07559,C05900,P09450,R08428
L07560,C08164,P01015,R00621
L07561,C02779,P01735,R01132
L07562,C04395,P07247,R00528
L07563,C09377,P00227,R01517
L07564,C04727,P08196,R06446
L07565,C01684,P04280,R02773
L07566,C07307,P00879,R05576
L07567,C00469,P07094,R06837
L07568,C03038,P04136,R02324
L07569,C02846,P04733,R05903
L07570,C00215,P08646,R03277
L07571,C08188,P09908,R00838
L07572,C00922,P08566,R01427
L07573,C07247,P00973,R01980
L07574,C03364,P01961,R02041
L07575,C02738,P08017,R01095
L07576,C08245,P04305,R05227
L07577,C01594,P04481,R03158
L07578,C08260,P06311,R04772
L07579,C08950,P01406,R05278
L07580,C00766,P03695,R08075
L07581,C04445,P01728,R07631
L07582,C04403,P09880,R00053
L07583,C09953,P00520,R01779
L07584,C04907,P05341,R04223
L07585,C02159,P09405,R04753
L07586,C02293,P01874,R05280
L07587,C07953,P02270,R08173
L07588,C08352,P07705,R09634
L07589,C09769,P05385,R00076
L07590,C02061,P05948,R08763
L07591,C05684,P08849,R04140
L07592,C04564,P05192,R03137
L07593,C09623,P09162,R02771
L07594,C01876,P02612,R00662
L07595,C07694,P04427,R07097
L07596,C07885,P04608,R08991
L07597,C01180,P09638,R04461
L07598,C06857,P03791,R05562
L07599,C01851,P02832,R01704
L07600,C06445,P01379,R00710
L07601,C08345,P08042,R01943
L07602,C08735,P01606,R01675
L07603,C06493,P05578,R04004
L07604,C00558,P03997,R06411
L07605,C07550,P01594,R08730
L07606,C06509,P01982,R00219
L07607,C07710,P09648,R03310
L07608,C08523,P03404,R03548
L07609,C04882,P05739,R02808
L07610,C03996,P00962,R05904
L07611,C01428,P09475,R03783
L07612,C04049,P01976,R07252
L07613,C02004,P05440,R01573
L07614,C04915,P05912,R02406
L07615,C09949,P00547,R05235
L07616,C04166,P02345,R05859
L07617,C01456,P01560,R01292
L07618,C09444,P05752,R04634
L07619,C03977,P02564,R00315
L07620,C02234,P04103,R08440
L07621,C04317,P09499,R08535
L07622,C04230,P03146,R08147
L07623,C03949,P04823,R00124
L07624,C03861,P05313,R08817
L07625,C00905,P08795,R04840
L07626,C01326,P04766,R06212
L07627,C04108,P01754,R08655
L07628,C01103,P09817,R02936
L07629,C07983,P04606,R04717
L07630,C06197,P03444,R01280
L07631,C02690,P06836,R07645
L07632,C05926,P00259,R06513
L07633,C04971,P06645,R01400
L07634,C05741,P00086,R09992
L07635,C02267,P05276,R03558
L07636,C08904,P03203,R03318
L07637,C02699,P07712,R09777
L07638,C06970,P02114,R04757
L07639,C00082,P00514,R07724
L07640,C01700,P09557,R09383
L07641,C02164,P08400,R02665
L07642,C06913,P02300,R00424
L07643,C08839,P02800,R07773
L07644,C00104,P07837,R01270
L07645,C04935,P07753,R09051
L07646,C05025,P03095,R05219
L07647,C07145,P08983,R02240
L07648,C06222,P03418,R04070
L07649,C09160,P06172,R06644
L07650,C00070,P06989,R07338
L07651,C06524,P01499,R05614
L07652,C07328,P05299,R08903
L07653,C02346,P04110,R04008
L07654,C02956,P09880,R05794
L07655,C03828,P01251,R07549
L07656,C09264,P01897,R06643
L07657,C08888,P05301,R07088
L07658,C06877,P06942,R05856
L07659,C07477,P07661,R07679
L07660,C05861,P01366,R02881
L07661,C04978,P05169,R00660
L07662,C04086,P09434,R03891
L07663,C06055,P09887,R01116
L07664,C04357,P06874,R05466
L07665,C03391,P00702,R00747
L07666,C07751,P06258,R08966
L07667,C09742,P05044,R00786
L07668,C06637,P03693,R09979
L07669,C04001,P02528,R08338
L07670,C01645,P06014,R08224
L07671,C08246,P08069,R07163
L07672,C02106,P01233,R07442
L07673,C02770,P08107,R03988
L07674,C06438,P03397,R08474
L07675,C06616,P01740,R04772
L07676,C09149,P06571,R04167
L07677,C04672,P05444,R01608
L07678,C08611,P05497,R00824
L07679,C09310,P00245,R05312
L07680,C01330,P07524,R07957
L07681,C00159,P00334,R08683
L07682,C04096,P06290,R08039
L07683,C05334,P03676,R02949
L07684,C08386,P03823,R09253
L07685,C00253,P04012,R09443
L07686,C08946,P01944,R06279
L07687,C01014,P01335,R04342
L07688,C01454,P00835,R09505
L07689,C00312,P07778,R06912
L07690,C07055,P06839,R00827
L07691,C07681,P02617,R09797
L07692,C06688,P04998,R06035
L07693,C05628,P03052,R02641
L07694,C05279,P07916,R00985
L07695,C01269,P04803,R00488
L07696,C07291,P05889,R04226
L07697,C07279,P01767,R06519
L07698,C09868,P07040,R04543
L07699,C05720,P07875,R05116
L07700,C05902,P01449,R03442
L07701,C06433,P01649,R08748
L07702,C06322,P00075,R03873
L07703,C06957,P01493,R07589
L07704,C09917,P00221,R05776
L07705,C02152,P03672,R09782
L07706,C06114,P08515,R07653
L07707,C07870,P08221,R07570
L07708,C06591,P04960,R02004
L07709,C09025,P09037,R01895
L07710,C06508,P02249,R02643
L07711,C00627,P09818,R07447
L07712,C07029,P00358,R09422
L07713,C07080,P01271,R04590
L07714,C05825,P03064,R01599
L07715,C04866,P07542,R06802
L07716,C09821,P02520,R04849
L07717,C08146,P00931,R00593
L07718,C03143,P06181,R06348
L07719,C03350,P03448,R00257
L07720,C09989,P06981,R04488
L07721,C00092,P03165,R01641
L07722,C02719,P07741,R01649
L07723,C07010,P01342,R03503
L07724,C09727,P08174,R00004
L07725,C01690,P00983,R05066
L07726,C07776,P01466,R08675
L07727,C02263,P09181,R07376
L07728,C00290,P05363,R05850
L07729,C07858,P02155,R09563
L07730,C00158,P09564,R07162
L07731,C06771,P05473,R07446
L07732,C07830,P07589,R02839
L07733,C05981,P05405,R02837
L07734,C00591,P04589,R04167
L07735,C07036,P09952,R07078
L07736,C07307,P07324,R03357
L07737,C09488,P06265,R04173
L07738,C09803,P03957,R00380
L07739,C06118,P04747,R08263
L07740,C03991,P08245,R09242
L07741,C08799,P09438,R01911
L07742,C08045,P01909,R01407
L07743,C06060,P09107,R09843
L07744,C06573,P03023,R03808
L07745,C00423,P03441,R01535
L07746,C01190,P04791,R04673
L07747,C07527,P07604,R02106
L07748,C02391,P05196,R02373
L07749,C05894,P07912,R00954
L07750,C01873,P02120,R05824
L07751,C00005,P01423,R04181
L07752,C08214,P07077,R04992
L07753,C04542,P04060,R06149
L07754,C05801,P00572,R04662
L07755,C00619,P01360,R01684
L07756,C03779,P07975,R03698
L07757,C08006,P03275,R06169
L07758,C07500,P09548,R00372
L07759,C00279,P01012,R04387
L07760,C01147,P07865,R00918
L07761,C02072,P02830,R07618
L07762,C06807,P03679,R03542
L07763,C07310,P01089,R00324
L07764,C06394,P00881,R07737
L07765,C08494,P00875,R04144
L07766,C05703,P09706,R07697
L07767,C03145,P04766,R00554
L07768,C00119,P00688,R07752
L07769,C01785,P00396,R04425
L07770,C01696,P05844,R09228
L07771,C02337,P09636,R06544
L07772,C00593,P04951,R03803
L07773,C09565,P08807,R01312
L07774,C06240,P01925,R04675
L07775,C02880,P03233,R07923
L07776,C02251,P06515,R06194
L07777,C02506,P01526,R06992
L07778,C06839,P07442,R02042
L07779,C01607,P06981,R09399
L07780,C02192,P03197,R07116
L07781,C07176,P04294,R02507
L07782,C08472,P05908,R05802
L07783,C08880,P08789,R08419
L07784,C08768,P02880,R03654
L07785,C04356,P08243,R06505
L07786,C08915,P04673,R04667
L07787,C00179,P05466,R05157
L07788,C03639,P05967,R08012
L07789,C01218,P08842,R02452
L07790,C05987,P07807,R00139
L07791,C02079,P00328,R08412
L07792,C08473,P04988,R09701
L07793,C05511,P07303,R06834
L07794,C06267,P07823,R08330
L07795,C05467,P09672,R03729
L07796,C08030,P06929,R07511
L07797,C04946,P04904,R03561
L07798,C05704,P07128,R09664
L07799,C05503,P08677,R07870
L07800,C01119,P09323,R09385
L07801,C01426,P08414,R03546
L07802,C04249,P08107,R06335
L07803,C05195,P00775,R07901
L07804,C04804,P04875,R00477
L07805,C04389,P04945,R06423
L07806,C03314,P03446,R03533
L07807,C02829,P07935,R05042
L07808,C08950,P01675,R09543
L07809,C00447,P07623,R04898
L07810,C00267,P04298,R04977
L07811,C04770,P01492,R07410
L07812,C05871,P01254,R07269
L07813,C07366,P07703,R01178
L07814,C02652,P03135,R01132
L07815,C04661,P01200,R06755
L07816,C09030,P00810,R06238
L07817,C04384,P02201,R08661
L07818,C07429,P04810,R03379
L07819,C08910,P09648,R07543
L07820,C08550,P09014,R06881
L07821,C03377,P04081,R01550
L07822,C01387,P05969,R02861
L07823,C08918,P01336,R06712
L07824,C00286,P02810,R05827
L07825,C00726,P09956,R05081
L07826,C06181,P04214,R03755
L07827,C03920,P00034,R00653
L07828,C03280,P06431,R05502
L07829,C01933,P06249,R06654
L07830,C09533,P03640,R04479
L07831,C00528,P02174,R08642
L07832,C09253,P02209,R00879
L07833,C03899,P04826,R06441
L07834,C03954,P02092,R09542
L07835,C04286,P01796,R01325
L07836,C01412,P03836,R00670
L07837,C04035,P00455,R02767
L07838,C01322,P09918,R04415
L07839,C08569,P01777,R08833
L07840,C03446,P09911,R05714
L07841,C06045,P08525,R05679
L07842,C01001,P01636,R08412
L07843,C07866,P08027,R04072
L07844,C03785,P02234,R04104
L07845,C00253,P03110,R04962
L07846,C07621,P03255,R04378
L07847,C05779,P03801,R07827
L07848,C08802,P09820,R02330
L07849,C03992,P00165,R02834
L07850,C07129,P09113,R08569
L07851,C00330,P08402,R05390
L07852,C02018,P00516,R04248
L07853,C00981,P05054,R03580
L07854,C04492,P00117,R09416
L07855,C01420,P03398,R02110
L07856,C02694,P03973,R06159
L07857,C09766,P05619,R02499
L07858,C00619,P05977,R03172
L07859,C05941,P08000,R09867
L07860,C01949,P01059,R09830
L07861,C07078,P06515,R02557
L07862,C01580,P08630,R02946
L07863,C05634,P05656,R07386
L07864,C07169,P09098,R06133
L07865,C01536,P01266,R08516
L07866,C02877,P00283,R05397
L07867,C09974,P09256,R02143
L07868,C03456,P05759,R05078
L07869,C05302,P02302,R06478
L07870,C04313,P03580,R01230
L07871,C02548,P03178,R08173
L07872,C00473,P02607,R04301
L07873,C06567,P09046,R07953
L07874,C08379,P05197,R05944
L07875,C08454,P05139,R04159
L07876,C02591,P06212,R01730
L07877,C00899,P06459,R02597
L07878,C04443,P05461,R06515
L07879,C08061,P04202,R08040
L07880,C00202,P02273,R01646
L07881,C04008,P07671,R09255
L07882,C01416,P05115,R00965
L07883,C05707,P08848,R09469
L07884,C07180,P08349,R08746
L07885,C03239,P02733,R08022
L07886,C04889,P09721,R07604
L07887,C01412,P07809,R09504
L07888,C03391,P05148,R00308
L07889,C03383,P00434,R02029
L07890,C08740,P05373,R06717
L07891,C01037,P00396,R06654
L07892,C06868,P09078,R04867
L07893,C01217,P06631,R03021
L07894,C08502,P02265,R09478
L07895,C05059,P05428,R01414
L07896,C01129,P06511,R00557
L07897,C06454,P09341,R06743
L07898,C02611,P00266,R09359
L07899,C04884,P03117,R05250
L07900,C08209,P03816,R07033
L07901,C08990,P09364,R07510
L07902,C01857,P04849,R06903
L07903,C05298,P02873,R04537
L07904,C00170,P00216,R00324
L07905,C09409,P06000,R00260
L07906,C01239,P05769,R08572
L07907,C03448,P08576,R06849
L07908,C07284,P08294,R09433
L07909,C07213,P00122,R00235
L07910,C00948,P09258,R06972
L07911,C08182,P00082,R05325
L07912,C04068,P00966,R08227
L07913,C09530,P05788,R08689
L07914,C02064,P03692,R03474
L07915,C08825,P00729,R01290
L07916,C00958,P00885,R09530
L07917,C03313,P08548,R02900
L07918,C03299,P08068,R04806
L07919,C07905,P03897,R07906
L07920,C03893,P01669,R09991
L07921,C01779,P00060,R05806
L07922,C01235,P02953,R04505
L07923,C01413,P09402,R03531
L07924,C03801,P00883,R05347
L07925,C09024,P08251,R00824
L07926,C08209,P09378,R00570
L07927,C06033,P05655,R03762
L07928,C08023,P07229,R08967
L07929,C03095,P04015,R00717
L07930,C02641,P00337,R03462
L07931,C03617,P01794,R06744
L07932,C00304,P00045,R04396
L07933,C01670,P00022,R06495
L07934,C03882,P08205,R00140
L07935,C04250,P02898,R05937
L07936,C00094,P08687,R06119
L07937,C08833,P04108,R07530
L07938,C01628,P00503,R09795
L07939,C02890,P07935,R02768
L07940,C08123,P03242,R03484
L07941,C02104,P00896,R08389
L07942,C02427,P07509,R07819
L07943,C01081,P04993,R05792
L07944,C03555,P08966,R07840
L07945,C09629,P05202,R04477
L07946,C05053,P05692,R09142
L07947,C09685,P05052,R01302
L07948,C05415,P02954,R01265
L07949,C04348,P09938,R09218
L07950,C00742,P08935,R04040
L07951,C04375,P09432,R02174
L07952,C00504,P07070,R03805
L07953,C03785,P07071,R08382
L07954,C07720,P08146,R03741
L07955,C06187,P02692,R03924
L07956,C00384,P04825,R09315
L07957,C09403,P05394,R02656
L07958,C01535,P02391,R01876
L07959,C00909,P09310,R01715
L07960,C04797,P01378,R08565
L07961,C05200,P08109,R01073
L07962,C08409,P09459,R09840
L07963,C00528,P06701,R06339
L07964,C01752,P06841,R02010
L07965,C01741,P04210,R02814
L07966,C05239,P02839,R06879
L07967,C05476,P01641,R08918
L07968,C05874,P04909,R02612
L07969,C08397,P09187,R09501
L07970,C06167,P06695,R05955
L07971,C00283,P00014,R00396
L07972,C09908,P08981,R05661
L07973,C07393,P08054,R00892
L07974,C06462,P07367,R02907
L07975,C00533,P09744,R05508
L07976,C02668,P04631,R01913
L07977,C08890,P00864,R04080
L07978,C05644,P03647,R04432
L07979,C06184,P07305,R06118
L07980,C02032,P06112,R00193
L07981,C08559,P09633,R06686
L07982,C08397,P01823,R04285
L07983,C06748,P00657,R02269
L07984,C01930,P04534,R03361
L07985,C06418,P00586,R01254
L07986,C02034,P03772,R07135
L07987,C05732,P03889,R00672
L07988,C05902,P01398,R05975
L07989,C05894,P01659,R06119
L07990,C08671,P00241,R09866
L07991,C01331,P03868,R06552
L07992,C06104,P03601,R00122
L07993,C00337,P02877,R02672
L07994,C06267,P08046,R08044
L07995,C01437,P00972,R02446
L07996,C06470,P06314,R00231
L07997,C07070,P07848,R01315
L07998,C04100,P06300,R06904
L07999,C02774,P05041,R02233
L08000,C01473,P07050,R08489
L08001,C00110,P06235,R04380
L08002,C06938,P08410,R07097
L08003,C03760,P00318,R02010
L08004,C00158,P00230,R08541
L08005,C08289,P01947,R01379
L08006,C00903,P07728,R03213
L08007,C06607,P09456,R00974
L08008,C02447,P03566,R05676
L08009,C05252,P09462,R05950
L08010,C07127,P05299,R03618
L08011,C05982,P08881,R04209
L08012,C03248,P07123,R04857
L08013,C04049,P09139,R00971
L08014,C06724,P08833,R02233
L08015,C02993,P02443,R08065
L08016,C04876,P07141,R07255
L08017,C00494,P06109,R02381
L08018,C09687,P02984,R00312
L08019,C06986,P09839,R08410
L08020,C05634,P06710,R02490
L08021,C02371,P05476,R07715
L08022,C08291,P06651,R01066
L08023,C04021,P08431,R01319
L08024,C07498,P08461,R04300
L08025,C07757,P01893,R00319
L08026,C01963,P02017,R08627
L08027,C01843,P06370,R05264
L08028,C00440,P09461,R03494
L08029,C01919,P08809,R09852
L08030,C03340,P06817,R07051
L08031,C09329,P05030,R00113
L08032,C00158,P06385,R07306
L08033,C00901,P03095,R06430
L08034,C00718,P04290,R03203
L08035,C06807,P00559,R01460
L08036,C03833,P03221,R00248
L08037,C09784,P07166,R02042
L08038,C07556,P07778,R02360
L08039,C08299,P08982,R00145
L08040,C09624,P06246,R06549
L08041,C09355,P06762,R08760
L08042,C05136,P03878,R05536
L08043,C01820,P09725,R04170
L08044,C00672,P05977,R03827
L08045,C05014,P01327,R00336
L08046,C00695,P08880,R02961
L08047,C08633,P09940,R06630
L08048,C07126,P09157,R06252
L08049,C07761,P00003,R01369
L08050,C02068,P08210,R00584
L08051,C09643,P07425,R09868
L08052,C05870,P00786,R02554
L08053,C03697,P03592,R07069
L08054,C02743,P04425,R01104
L08055,C02311,P08108,R09904
L08056,C00324,P02612,R00092
L08057,C05201,P07009,R01270
L08058,C04432,P00390,R05503
L08059,C05470,P06751,R03845
L08060,C03952,P09382,R06319
L08061,C09931,P01216,R05122
L08062,C00316,P04227,R09605
L08063,C00933,P08077,R03945
L08064,C07863,P05480,R00547
L08065,C08821,P01719,R05633
L08066,C06998,P06611,R00117
L08067,C06113,P03547,R05453
L08068,C06698,P07164,R04785
L08069,C07353,P09233,R02909
L08070,C07713,P04492,R04398
L08071,C04950,P02974,R02008
L08072,C04451,P01921,R07115
L08073,C02130,P04831,R00251
L08074,C01139,P02788,R06948
L08075,C03575,P01475,R01835
L08076,C01670,P09296,R09702
L08077,C04457,P06066,R02384
L08078,C09629,P04610,R01406
L08079,C07552,P02495,R08393
L08080,C05973,P01791,R05589
L08081,C02218,P06194,R02206
L08082,C08925,P03722,R09856
L08083,C00598,P07620,R03647
L08084,C08486,P05555,R00181
L08085,C04086,P05650,R09108
L08086,C03407,P05811,R03454
L08087,C01580,P03365,R06877
L08088,C04643,P06967,R04115
L08089,C02153,P01149,R00958
L08090,C07902,P00658,R06076
L08091,C07056,P06542,R06576
L08092,C00098,P02312,R05841
L08093,C04497,P01223,R03246
L08094,C03742,P08639,R00115
L08095,C09637,P04335,R01068
L08096,C02019,P04316,R05651
L08097,C03746,P00260,R00225
L08098,C09008,P09582,R00157
L08099,C09216,P06468,R06113
L08100,C04675,P01093,R07848
L08101,C06847,P03713,R03100
L08102,C00024,P08539,R07241
L08103,C02681,P07610,R05190
L08104,C00810,P04087,R02386
L08105,C06578,P09824,R00154
L08106,C00352,P01338,R08652
L08107,C01866,P03082,R09871
L08108,C04921,P06269,R02318
L08109,C04527,P01594,R09373
L08110,C00888,P07459,R05597
L08111,C09680,P00060,R03448
L08112,C04195,P03542,R03515
L08113,C05489,P04325,R02604
L08114,C07154,P03578,R02545
L08115,C01696,P01621,R03398
L08116,C04215,P06133,R09351
L08117,C05293,P09864,R01474
L08118,C06203,P04690,R06706
L08119,C06468,P04224,R03955
L08120,C01195,P00709,R04495
L08121,C02787,P04684,R04033
L08122,C01664,P07116,R02303
L08123,C06411,P07315,R06439
L08124,C01706,P05559,R08637
L08125,C08882,P02449,R00689
L08126,C02282,P01667,R04710
L08127,C00553,P09140,R05787
L08128,C06995,P04957,R09310
L08129,C04918,P01833,R09518
L08130,C01899,P04088,R05730
L08131,C06287,P07099,R07870
L08132,C04537,P08973,R03457
L08133,C05707,P03066,R01913
L08134,C02418,P00054,R05483
L08135,C03211,P07612,R06419
L08136,C06517,P03503,R02355
L08137,C01874,P03118,R04178
L08138,C04351,P01978,R09348
L08139,C08113,P06286,R09426
L08140,C04452,P03137,R04446
L08141,C02285,P01205,R01353
L08142,C05579,P05012,R01561
L08143,C01256,P01102,R05008
L08144,C07098,P03400,R02771
L08145,C06887,P05983,R02082
L08146,C04101,P07343,R09165
L08147,C01919,P02103,R08356
L08148,C06143,P06559,R02109
L08149,C02276,P03153,R06017
L08150,C00588,P09161,R09443
L08151,C04280,P00952,R09501
L08152,C09889,P06378,R07671
L08153,C03259,P06852,R06405
L08154,C06519,P03967,R08763
L08155,C00180,P08501,R08430
L08156,C03765,P01229,R06973
L08157,C04552,P07019,R00845
L08158,C03614,P09215,R07783
L08159,C01052,P09040,R07124
L08160,C00151,P08695,R03100
L08161,C04052,P04754,R00740
L08162,C01499,P01540,R06898
L08163,C04699,P07232,R07388
L08164,C05900,P03995,R09301
L08165,C00656,P06620,R01424
L08166,C05405,P02515,R03323
L08167,C02390,P09113,R07254
L08168,C01035,P01974,R06483
L08169,C03642,P06946,R01964
L08170,C03965,P00505,R03115
L08171,C03821,P00578,R07191
L08172,C06673,P03513,R04678
L08173,C00288,P05103,R04414
L08174,C03000,P01080,R08354
L08175,C09997,P08449,R06533
L08176,C07184,P01662,R03939
L08177,C06066,P07091,R08520
L08178,C01176,P09365,R04381
L08179,C04116,P02795,R04243
L08180,C03664,P01239,R08846
L08181,C00664,P01412,R06133
L08182,C00847,P08142,R05580
L08183,C02296,P00511,R00557
L08184,C03866,P03299,R03185
L08185,C09007,P02518,R04317
L08186,C03983,P09177,R05663
L08187,C09662,P03516,R03269
L08188,C06879,P01198,R06417
L08189,C09064,P00210,R07142
L08190,C03331,P09696,R07948
L08191,C07548,P00173,R07392
L08192,C03175,P01197,R04992
L08193,C09906,P09622,R05491
L08194,C04020,P01884,R03098
L08195,C00959,P05076,R02264
L08196,C02283,P02720,R09250
L08197,C04489,P06150,R08645
L08198,C08512,P00726,R02248
L08199,C02461,P05677,R08354
L08200,C04592,P03988,R07868
L08201,C04105,P06166,R06445
L08202,C04463,P06486,R09931
L08203,C04642,P04349,R05464
L08204,C03831,P03257,R07451
L08205,C04959,P09552,R09713
L08206,C02079,P03146,R04080
L08207,C00383,P05875,R09347
L08208,C08791,P00476,R07640
L08209,C09187,P09470,R02339
L08210,C09885,P03258,R00339
L08211,C03729,P06391,R00942
L08212,C04872,P09275,R05926
L08213,C02720,P00872,R00786
L08214,C08172,P05241,R01784
L08215,C08111,P06194,R08150
L08216,C08751,P02054,R05567
L08217,C06142,P05276,R05665
L08218,C06489,P07197,R03928
L08219,C09738,P01258,R09259
L08220,C04825,P07881,R01308
L08221,C00352,P02225,R06632
L08222,C03014,P04445,R04551
L08223,C02051,P03852,R06745
L08224,C08542,P04255,R09909
L08225,C00638,P02416,R08853
L08226,C08095,P04850,R06526
L08227,C00038,P06368,R04084
L08228,C06020,P09802,R05273
L08229,C04034,P09637,R00941
L08230,C04881,P03832,R07653
L08231,C07834,P01583,R07396
L08232,C08060,P01504,R00502
L08233,C04272,P02279,R08340
L08234,C00498,P05779,R03184
L08235,C02337,P01632,R06428
L08236,C08982,P01306,R05858
L08237,C06288,P07979,R07162
L08238,C03286,P06278,R03026
L08239,C08277,P08469,R06773
L08240,C09049,P05936,R01616
L08241,C03228,P08327,R04553
L08242,C00397,P01757,R00324
L08243,C03135,P05363,R00809
L08244,C02055,P06975,R01260
L08245,C00413,P01703,R03215
L08246,C07926,P08932,R08494
L08247,C04971,P08293,R02305
L08248,C06937,P04809,R04855
L08249,C05486,P09258,R04307
L08250,C06449,P06546,R01661
L08251,C03193,P00239,R06888
L08252,C08997,P07057,R00532
L08253,C00977,P05901,R03548
L08254,C08934,P08094,R09325
L08255,C05822,P01325,R06498
L08256,C06560,P08062,R04326
L08257,C00728,P04804,R04866
L08258,C06983,P06057,R07595
L08259,C02522,P09470,R09117
L08260,C09093,P01205,R03065
L08261,C08367,P04973,R09630
L08262,C00521,P04981,R01674
L08263,C03521,P00539,R01800
L08264,C07642,P03114,R07595
L08265,C06176,P07664,R05411
L08266,C03278,P04170,R02932
L08267,C01222,P08968,R05259
L08268,C09445,P04204,R04859
L08269,C06902,P03737,R02554
L08270,C06050,P03873,R08120
L08271,C07881,P00102,R05713
L08272,C00646,P06090,R09320
L08273,C04554,P04670,R01070
L08274,C00768,P08530,R03764
L08275,C09512,P06230,R01872
L08276,C06784,P06195,R04472
L08277,C02313,P08290,R03104
L08278,C02995,P07962,R07908
L08279,C07761,P04383,R03527
L08280,C09701,P01135,R02904
L08281,C01054,P04743,R03760
L08282,C01623,P03309,R01372
L08283,C00779,P09567,R07578
L08284,C01835,P07283,R08243
L08285,C03306,P05715,R03413
L08286,C06302,P07991,R09947
L08287,C08835,P06009,R09515
L08288,C08005,P07651,R09121
L08289,C00703,P03270,R00976
L08290,C09663,P00964,R02713
L08291,C08629,P07162,R07799
L08292,C03385,P05046,R08749
L08293,C07089,P00074,R04249
L08294,C05564,P06373,R03136
L08295,C08186,P03700,R00452
L08296,C06063,P06503,R03510
L08297,C01047,P05613,R01091
L08298,C06242,P08315,R00342
L08299,C09537,P08870,R08195
L08300,C09564,P06751,R04671
L08301,C06512,P09015,R04736
L08302,C07642,P08306,R02189
L08303,C03591,P00398,R00629
L08304,C05335,P07993,R01072
L08305,C07753,P09369,R01452
L08306,C02012,P05910,R01914
L08307,C01513,P07825,R07071
L08308,C00515,P07218,R05968
L08309,C06477,P06319,R08511
L08310,C03512,P06669,R02569
L08311,C04444,P08682,R03137
L08312,C00845,P03561,R05638
L08313,C00150,P00544,R07970
L08314,C07454,P04641,R01533
L08315,C00291,P06663,R06142
L08316,C05411,P02750,R07815
L08317,C00706,P09188,R08172
L08318,C04121,P05051,R07474
L08319,C09419,P05291,R00197
L08320,C04966,P08740,R08375
L08321,C03729,P00175,R07195
L08322,C02649,P04446,R00119
L08323,C01808,P01828,R03589
L08324,C06203,P04822,R00229
L08325,C02909,P03529,R08686
L08326,C02091,P07175,R01326
L08327,C04780,P09247,R07896
L08328,C03873,P04651,R06120
L08329,C00943,P06417,R00760
L08330,C06054,P02345,R00828
L08331,C06621,P06595,R00940
L08332,C05284,P04672,R06697
L08333,C08140,P09897,R03892
L08334,C03727,P07511,R04938
L08335,C02448,P03721,R05938
L08336,C08751,P00828,R08482
L08337,C04877,P09959,R05338
L08338,C03547,P07574,R03470
L08339,C05446,P04723,R00511
L08340,C09113,P07308,R07353
L08341,C04732,P00275,R04544
L08342,C09667,P09482,R07745
L08343,C05487,P05684,R05895
L08344,C01799,P04850,R01012
L08345,C06071,P02237,R07584
L08346,C09062,P04204,R01845
L08347,C06706,P07310,R00987
L08348,C02955,P06229,R08389
L08349,C04660,P00087,R01310
L08350,C07644,P02495,R04157
L08351,C03391,P08021,R00382
L08352,C04794,P09328,R06355
L08353,C06422,P06914,R02680
L08354,C07932,P07519,R08058
L08355,C04860,P05763,R03642
L08356,C00889,P07585,R01359
L08357,C00819,P08019,R09388
L08358,C03477,P04338,R08909
L08359,C04020,P07353,R06256
L08360,C08231,P00222,R02102
L08361,C01821,P09264,R02339
L08362,C01780,P08007,R08690
L08363,C02188,P06525,R07999
L08364,C00689,P02682,R00814
L08365,C05896,P03814,R07556
L08366,C08659,P02886,R01951
L08367,C01682,P06891,R05614
L08368,C08321,P07141,R01810
L08369,C06511,P04107,R00968
L08370,C05107,P01288,R09935
L08371,C05136,P01952,R03007
L08372,C01661,P05070,R07570
L08373,C01640,P09207,R05189
L08374,C01954,P00776,R05396
L08375,C05388,P01856,R03753
L08376,C01039,P07809,R09203
L08377,C01441,P00297,R08642
L08378,C03655,P07817,R03178
L08379,C02245,P04601,R05284
L08380,C09480,P06951,R02237
L08381,C02527,P07204,R04532
L08382,C05490,P04110,R08894
L08383,C06111,P00466,R02194
L08384,C09148,P00800,R06121
L08385,C03020,P03469,R01694
L08386,C08535,P01767,R05880
L08387,C01420,P03701,R07795
L08388,C09729,P06022,R02210
L08389,C05121,P03340,R03738
L08390,C02993,P03399,R05425
L08391,C06283,P06084,R02293
L08392,C00198,P00794,R01292
L08393,C00689,P02704,R01731
L08394,C01859,P01190,R01642
L08395,C04220,P07731,R07034
L08396,C01869,P00329,R04264
L08397,C09853,P00096,R02537
L08398,C00283,P01586,R09136
L08399,C01549,P03253,R04819
L08400,C08767,P01849,R08530
L08401,C02200,P02835,R02799
L08402,C03450,P03242,R08765
L08403,C08669,P04788,R02427
L08404,C07208,P05673,R09906
L08405,C01172,P03555,R01633
L08406,C00706,P01045,R01198
L08407,C09496,P09766,R05196
L08408,C09777,P05411,R03890
L08409,C03062,P04781,R03772
L08410,C07495,P05035,R03133
L08411,C01498,P06341,R08744
L08412,C00908,P01970,R08078
L08413,C07429,P00929,R08963
L08414,C04071,P07505,R09708
L08415,C05515,P07860,R05392
L08416,C00931,P03435,R04539
L08417,C01707,P03364,R02546
L08418,C09042,P02654,R07483
L08419,C06245,P07015,R06045
L08420,C09428,P08539,R05896
L08421,C07829,P08308,R09869
L08422,C04478,P09305,R08356
L08423,C02354,P01975,R01792
L08424,C01276,P03426,R07265
L08425,C07599,P06124,R05100
L08426,C04913,P04092,R07099
L08427,C04345,P06811,R03405
L08428,C05180,P09405,R03396
L08429,C05309,P07284,R00550
L08430,C01800,P04082,R02464
L08431,C01318,P06871,R02044
L08432,C00835,P07829,R08964
L08433,C02677,P01929,R03993
L08434,C06126,P06547,R05276
L08435,C09872,P08698,R05162
L08436,C01741,P08307,R05552
L08437,C02405,P00198,R01571
L08438,C01501,P02346,R04763
L08439,C04737,P05954,R09428
L08440,C02477,P04112,R06087
L08441,C08523,P08096,R00541
L08442,C05407,P08082,R03191
L08443,C08433,P07255,R05340
L08444,C08571,P07057,R05438
L08445,C01276,P03518,R09047
L08446,C05099,P09066,R05370
L08447,C06722,P09657,R08473
L08448,C02450,P05884,R01042
L08449,C05768,P08769,R03350
L08450,C04449,P09206,R00761
L08451,C07325,P02135,R06544
L08452,C09628,P00718,R08975
L08453,C06743,P01958,R00570
L08454,C08161,P03347,R06273
L08455,C01441,P02074,R07182
L08456,C06010,P06308,R00182
L08457,C09262,P06299,R08726
L08458,C02956,P05801,R01005
L08459,C09613,P02845,R05355
L08460,C04232,P03371,R08981
L08461,C01461,P08639,R03556
L08462,C08805,P07825,R04973
L08463,C08559,P06958,R07576
L08464,C01484,P05750,R07173
L08465,C05570,P06290,R07516
L08466,C05084,P01530,R05594
L08467,C07427,P09980,R06337
L08468,C04038,P09612,R05887
L08469,C02008,P00495,R04525
L08470,C05376,P05440,R07393
L08471,C03343,P02090,R07798
L08472,C01693,P03789,R08394
L08473,C04279,P09287,R00237
L08474,C03003,P01885,R05421
L08475,C04414,P04671,R04685
L08476,C00322,P07736,R02424
L08477,C09903,P04392,R06515
L08478,C06416,P02721,R06032
L08479,C02808,P08017,R06288
L08480,C00025,P03020,R09155
L08481,C02037,P01440,R03768
L08482,C02765,P03136,R07654
L08483,C02005,P03427,R06780
L08484,C05252,P06962,R03491
L08485,C05092,P06432,R02271
L08486,C03239,P06662,R07878
L08487,C08226,P06001,R07723
L08488,C03096,P03082,R07317
L08489,C00754,P07563,R01304
L08490,C06114,P05069,R09146
L08491,C05368,P03915,R09088
L08492,C06721,P00361,R07412
L08493,C08983,P00583,R08165
L08494,C08295,P08818,R06111
L08495,C06070,P01434,R07119
L08496,C01193,P05047,R01584
L08497,C09105,P01885,R00669
L08498,C00558,P08511,R01864
L08499,C03784,P09662,R00050
L08500,C00396,P06745,R09785
L08501,C01338,P02783,R06553
L08502,C04216,P05798,R06280
L08503,C05875,P08605,R06422
L08504,C04240,P01509,R04514
L08505,C00741,P06348,R05262
L08506,C08542,P00569,R06286
L08507,C01466,P02673,R05218
L08508,C00388,P04114,R06854
L08509,C05162,P03722,R03576
L08510,C05269,P08189,R05491
L08511,C06519,P04552,R08464
L08512,C05160,P08747,R09828
L08513,C03880,P09318,R04262
L08514,C00217,P08642,R08282
L08515,C07572,P00506,R00987
L08516,C01783,P07651,R03165
L08517,C09310,P06227,R03017
L08518,C02328,P00953,R00562
L08519,C05183,P02824,R03354
L08520,C07568,P07162,R03298
L08521,C05035,P05530,R04476
L08522,C06936,P02935,R07830
L08523,C03149,P00294,R06699
L08524,C07925,P08470,R09489
L08525,C00146,P00570,R03008
L08526,C07772,P07186,R09090
L08527,C06020,P08045,R00350
L08528,C04356,P08133,R00308
L08529,C09953,P04459,R04405
L08530,C05726,P09992,R06869
L08531,C05736,P05359,R07514
L08532,C03713,P05969,R02311
L08533,C05176,P09950,R04605
L08534,C03370,P08570,R06561
L08535,C08298,P07997,R00158
L08536,C04068,P08391,R03608
L08537,C06420,P04038,R08189
L08538,C05841,P09796,R02527
L08539,C02831,P05681,R09950
L08540,C02163,P08666,R02264
L08541,C06188,P08014,R07194
L08542,C08980,P04937,R01961
L08543,C06825,P09140,R06681
L08544,C00871,P04567,R06111
L08545,C06381,P09127,R09665
L08546,C05841,P03283,R01630
L08547,C09351,P04745,R09005
L08548,C03756,P06373,R02856
L08549,C08734,P00225,R06530
L08550,C01607,P04475,R06697
L08551,C09857,P02083,R06879
L08552,C01667,P07002,R07117
L08553,C03057,P05287,R03695
L08554,C06841,P01429,R07828
L08555,C00097,P00404,R00369
L08556,C07381,P01914,R05178
L08557,C05739,P06323,R09888
L08558,C06587,P00024,R04343
L08559,C06168,P04844,R05307
L08560,C04260,P09101,R05489
L08561,C00385,P07777,R05702
L08562,C09156,P03502,R03454
L08563,C00977,P03484,R09420
L08564,C07648,P01892,R05222
L08565,C06797,P05629,R00624
L08566,C03068,P02757,R01087
L08567,C06585,P05158,R04773
L08568,C03793,P00933,R01477
L08569,C06978,P05764,R04793
L08570,C06785,P01567,R03810
L08571,C03214,P02260,R08965
L08572,C03411,P01193,R09861
L08573,C05582,P02077,R05055
L08574,C02862,P08540,R01531
L08575,C08824,P04493,R08785
L08576,C08228,P00825,R09841
L08577,C06778,P03209,R06467
L08578,C07009,P08113,R03951
L08579,C05894,P04389,R09578
L08580,C07133,P03256,R07523
L08581,C05532,P08834,R00050
L08582,C07838,P07484,R02220
L08583,C05827,P06723,R06148
L08584,C05915,P07302,R02482
L08585,C08458,P06115,R09867
L08586,C00257,P01954,R09366
L08587,C00801,P02341,R08735
L08588,C03803,P05212,R03432
L08589,C08575,P08892,R02317
L08590,C00844,P02827,R00876
L08591,C05056,P09462,R09631
L08592,C07654,P09596,R07945
L08593,C09401,P06506,R09832
L08594,C04376,P01802,R03502
L08595,C04130,P03825,R08509
L08596,C03456,P09061,R04782
L08597,C04327,P09729,R02069
L08598,C09710,P00498,R02283
L08599,C07863,P03241,R06117
L08600,C07727,P09088,R06191
L08601,C03605,P00284,R02845
L08602,C04419,P02338,R05997
L08603,C05637,P09197,R07856
L08604,C08970,P08145,R07968
L08605,C06513,P01667,R05757
L08606,C06411,P04150,R01037
L08607,C01770,P04593,R02573
L08608,C05942,P09121,R03202
L08609,C00045,P09719,R00669
L08610,C06530,P01774,R08867
L08611,C05751,P08405,R04051
L08612,C00986,P01368,R02286
L08613,C04904,P08485,R07942
L08614,C02941,P03326,R08718
L08615,C03449,P06655,R02400
L08616,C08801,P05100,R00424
L08617,C02936,P06590,R01556
L08618,C04823,P09096,R07670
L08619,C07098,P05430,R05434
L08620,C05897,P00040,R07982
L08621,C08056,P02105,R08554
L08622,C08405,P03104,R06710
L08623,C00983,P06585,R01190
L08624,C03094,P04130,R02451
L08625,C00207,P02617,R06267
L08626,C09571,P09550,R00515
L08627,C01383,P01428,R09613
L08628,C09988,P04311,R08337
L08629,C05824,P09851,R03947
L08630,C02924,P01003,R08665
L08631,C04951,P05055,R04226
L08632,C05992,P07698,R02128
L08633,C03971,P03101,R01820
L08634,C04499,P08614,R01763
L08635,C03404,P00766,R08199
L08636,C08078,P09537,R09852
L08637,C07469,P02692,R08542
L08638,C07526,P08631,R03513
L08639,C01607,P02336,R05928
L08640,C02805,P02204,R01805
L08641,C04345,P01049,R08254
L08642,C02903,P05061,R01348
L08643,C07943,P03172,R06347
L08644,C02726,P04041,R02245
L08645,C08203,P06266,R01085
L08646,C07760,P00329,R09295
L08647,C02385,P07679,R07725
L08648,C06595,P04434,R05703
L08649,C06908,P09823,R05963
L08650,C02255,P08422,R00153
L08651,C01750,P02425,R06056
L08652,C09321,P05766,R04031
L08653,C02440,P06593,R00041
L08654,C08759,P08047,R00491
L08655,C02204,P00943,R05378
L08656,C00120,P04293,R00080
L08657,C09472,P05588,R04442
L08658,C07899,P07784,R09883
L08659,C04923,P08998,R07171
L08660,C03755,P03957,R02765
L08661,C01941,P01313,R01801
L08662,C09422,P04080,R02592
L08663,C01121,P06262,R03672
L08664,C02798,P09844,R09704
L08665,C05324,P05821,R07013
L08666,C08371,P08030,R00428
L08667,C07141,P03892,R08160
L08668,C07182,P02573,R04228
L08669,C00959,P03996,R05854
L08670,C04152,P01405,R08698
L08671,C02289,P00810,R03032
L08672,C09576,P03524,R05848
L08673,C08503,P03078,R03277
L08674,C08140,P02488,R01561
L08675,C04327,P05898,R06786
L08676,C04798,P08604,R05248
L08677,C03736,P04565,R04258
L08678,C04285,P04107,R09413
L08679,C01220,P02765,R02771
L08680,C08904,P00229,R03077
L08681,C04320,P01553,R08419
L08682,C02889,P09720,R09763
L08683,C06097,P06146,R07187
L08684,C05853,P01113,R05270
L08685,C09424,P05322,R04082
L08686,C10000,P07431,R00424
L08687,C01619,P00860,R04494
L08688,C07222,P00880,R07746
L08689,C05618,P07154,R06000
L08690,C08954,P07140,R02037
L08691,C01953,P06886,R07916
L08692,C05063,P03053,R07041
L08693,C07050,P02050,R04184
L08694,C05206,P04309,R01861
L08695,C03885,P04593,R01005
L08696,C07399,P00177,R03980
L08697,C02520,P06451,R02863
L08698,C03490,P07613,R01973
L08699,C01096,P02363,R02998
L08700,C08414,P05516,R08771
L08701,C03028,P04839,R09524
L08702,C05918,P06940,R07656
L08703,C09320,P08768,R02256
L08704,C04053,P09078,R00656
L08705,C02801,P05463,R09656
L08706,C02729,P04667,R01061
L08707,C02203,P02913,R06479
L08708,C03300,P04927,R03762
L08709,C02538,P06412,R03131
L08710,C06318,P01062,R02371
L08711,C09560,P08874,R08518
L08712,C05692,P07562,R05284
L08713,C00148,P06162,R09968
L08714,C06724,P05676,R00228
L08715,C05356,P04450,R04936
L08716,C02453,P06109,R03886
L08717,C05211,P03022,R04324
L08718,C03927,P03243,R02640
L08719,C02484,P08474,R06397
L08720,C03857,P03295,R00035
L08721,C07067,P04832,R08600
L08722,C08136,P07310,R04481
L08723,C08374,P08770,R08483
L08724,C02024,P08710,R05823
L08725,C00899,P00762,R00626
L08726,C04490,P05109,R09443
L08727,C07371,P00821,R07731
L08728,C00396,P07255,R05042
L08729,C02756,P02122,R05533
L08730,C09692,P09195,R08543
L08731,C03481,P00332,R07560
L08732,C02013,P02566,R05411
L08733,C03613,P09705,R00153
L08734,C02409,P05360,R05473
L08735,C05970,P08133,R08695
L08736,C06088,P02244,R07047
L08737,C04660,P05922,R04990
L08738,C02839,P01781,R03167
L08739,C09882,P02245,R08850
L08740,C09975,P08794,R02159
L08741,C07799,P05119,R04665
L08742,C00958,P09446,R09481
L08743,C03130,P00690,R09135
L08744,C00863,P00016,R04219
L08745,C04141,P06740,R00698
L08746,C05066,P06357,R04881
L08747,C02447,P02656,R06419
L08748,C08717,P08531,R02621
L08749,C00558,P01812,R05540
L08750,C06915,P06024,R06304
L08751,C02426,P08551,R06489
L08752,C03556,P03773,R01098
L08753,C08436,P04348,R05453
L08754,C08664,P01093,R01162
L08755,C09252,P05969,R09120
L08756,C06640,P00370,R00449
L08757,C00416,P09741,R08481
L08758,C07253,P05146,R00148
L08759,C04237,P05334,R00242
L08760,C02784,P08592,R08299
L08761,C08474,P08669,R08340
L08762,C03907,P00641,R05812
L08763,C00820,P03000,R02786
L08764,C09694,P07601,R09064
L08765,C00721,P00843,R09539
L08766,C00067,P03056,R03727
L08767,C04493,P01511,R01551
L08768,C08766,P04206,R06234
L08769,C08362,P03578,R06407
L08770,C07888,P06541,R08037
L08771,C06023,P03004,R09174
L08772,C03284,P06846,R06894
L08773,C03846,P07470,R09136
L08774,C03659,P03864,R09561
L08775,C05571,P00549,R04689
L08776,C09717,P00043,R01789
L08777,C06260,P01484,R08678
L08778,C05551,P01605,R01899
L08779,C02920,P03767,R02333
L08780,C09030,P09662,R00686
L08781,C08313,P05757,R00616
L08782,C03846,P03628,R06191
L08783,C05791,P02125,R04880
L08784,C00500,P07499,R06816
L08785,C02456,P05812,R09689
L08786,C03127,P06519,R06436
L08787,C07782,P02500,R02202
L08788,C07429,P00094,R02053
L08789,C01505,P01951,R03419
L08790,C02668,P09689,R07782
L08791,C01969,P06756,R03578
L08792,C00304,P09772,R03880
L08793,C08904,P05830,R07152
L08794,C09600,P06657,R02041
L08795,C00864,P00830,R04379
L08796,C08831,P02760,R08253
L08797,C07574,P03627,R09932
L08798,C00834,P03970,R07876
L08799,C06805,P04686,R09424
L08800,C05276,P01003,R01169
L08801,C00518,P00664,R00536
L08802,C09717,P09080,R00844
L08803,C01267,P01413,R03298
L08804,C01051,P00236,R03935
L08805,C04932,P09965,R05217
L08806,C09146,P04084,R00313
L08807,C07879,P01459,R03086
L08808,C08166,P03216,R03912
L08809,C08885,P02416,R02741
L08810,C00957,P03989,R04960
L08811,C04766,P01649,R03463
L08812,C08586,P02365,R03843
L08813,C05028,P00163,R08359
L08814,C01691,P03156,R02254
L08815,C09721,P08128,R00643
L08816,C09821,P07419,R07863
L08817,C09695,P06272,R02676
L08818,C02407,P09698,R03285
L08819,C08509,P04517,R00250
L08820,C04321,P01967,R02304
L08821,C02395,P00230,R03761
L08822,C04462,P02042,R00903
L08823,C01036,P03228,R05577
L08824,C05051,P03739,R07234
L08825,C03820,P05225,R05039
L08826,C07305,P06898,R05151
L08827,C05551,P06938,R01342
L08828,C09026,P00814,R08464
L08829,C03366,P04357,R08732
L08830,C08499,P01959,R02803
L08831,C04976,P07476,R07238
L08832,C02759,P01352,R08246
L08833,C01494,P00590,R05429
L08834,C06558,P01304,R08991
L08835,C00896,P06899,R08964
L08836,C02911,P06266,R02595
L08837,C00628,P02664,R05076
L08838,C08746,P09305,R09417
L08839,C04298,P07252,R05271
L08840,C09063,P07456,R05891
L08841,C00148,P00940,R05203
L08842,C06220,P09412,R06139
L08843,C06829,P08016,R04989
L08844,C07934,P02826,R07821
L08845,C01400,P07086,R01753
L08846,C02053,P07818,R08066
L08847,C05419,P04341,R06578
L08848,C01145,P03237,R00131
L08849,C06901,P01949,R08333
L08850,C03559,P03154,R07400
L08851,C08002,P00763,R07827
L08852,C07175,P00094,R07673
L08853,C02180,P06399,R06900
L08854,C01029,P07675,R00765
L08855,C02202,P03852,R06515
L08856,C08317,P05334,R00081
L08857,C06072,P06072,R00722
L08858,C01104,P07686,R09629
L08859,C07643,P09491,R09080
L08860,C07204,P07017,R01232
L08861,C07052,P05195,R07583
L08862,C07339,P00210,R01581
L08863,C01160,P00526,R03773
L08864,C00064,P00950,R03923
L08865,C00098,P05066,R05530
L08866,C02015,P02452,R04289
L08867,C08833,P09406,R06966
L08868,C03005,P07461,R07141
L08869,C07418,P01513,R09561
L08870,C08397,P06655,R05787
L08871,C01657,P02539,R09822
L08872,C08825,P05210,R01574
L08873,C02102,P07461,R01248
L08874,C04482,P06582,R02008
L08875,C06550,P06681,R07186
L08876,C08175,P09792,R08322
L08877,C02886,P07183,R09762
L08878,C03796,P05553,R08863
L08879,C01687,P09396,R05957
L08880,C00691,P09782,R01249
L08881,C02451,P09655,R09376
L08882,C06594,P03992,R09451
L08883,C00911,P03494,R02155
L08884,C06674,P07840,R04546
L08885,C08056,P05839,R01394
L08886,C03684,P00377,R05297
L08887,C05348,P05290,R06775
L08888,C04458,P04011,R08698
L08889,C03087,P00924,R00126
L08890,C00072,P02655,R04525
L08891,C02980,P06441,R09551
L08892,C01288,P07631,R03294
L08893,C07476,P08507,R07160
L08894,C09096,P01506,R07009
L08895,C08188,P04201,R04527
L08896,C06541,P03546,R05242
L08897,C04079,P01426,R00993
L08898,C04800,P04066,R02475
L08899,C07269,P07341,R04460
L08900,C01507,P07521,R04522
L08901,C01407,P02536,R04182
L08902,C05651,P01853,R01153
L08903,C09367,P08101,R08200
L08904,C06516,P05555,R06635
L08905,C03522,P05865,R09610
L08906,C01126,P07952,R05756
L08907,C03494,P06807,R05810
L08908,C08195,P09253,R00513
L08909,C08982,P08965,R09266
L08910,C08103,P07526,R07239
L08911,C00203,P03974,R08856
L08912,C07339,P00004,R07487
L08913,C05230,P05276,R08728
L08914,C05855,P01504,R04643
L08915,C01928,P04571,R06219
L08916,C03199,P01906,R05679
L08917,C08484,P02392,R04755
L08918,C03020,P05331,R03231
L08919,C09555,P01260,R09058
L08920,C08196,P06500,R08576
L08921,C01886,P02061,R05789
L08922,C00411,P02908,R00884
L08923,C00229,P09820,R00075
L08924,C00834,P03986,R08094
L08925,C01536,P00219,R02378
L08926,C08090,P06647,R00435
L08927,C03813,P01170,R04464
L08928,C02565,P09410,R05854
L08929,C07766,P04522,R01576
L08930,C07181,P02729,R02089
L08931,C07148,P06837,R09143
L08932,C00862,P08612,R03597
L08933,C07105,P09444,R07558
L08934,C01903,P06415,R05823
L08935,C01979,P02855,R00611
L08936,C01538,P09108,R05074
L08937,C06817,P06307,R07907
L08938,C09241,P03055,R04335
L08939,C01878,P06850,R05910
L08940,C09798,P05840,R04132
L08941,C04335,P04143,R08179
L08942,C09381,P05624,R03267
L08943,C07008,P03817,R01602
L08944,C03710,P04505,R02633
L08945,C06139,P02742,R01856
L08946,C06943,P03557,R07462
L08947,C07844,P01016,R06371
L08948,C07513,P02100,R09389
L08949,C07992,P03020,R08133
L08950,C07982,P02455,R08404
L08951,C02258,P02335,R05484
L08952,C08265,P09171,R02161
L08953,C05821,P07088,R06602
L08954,C09700,P02656,R08857
L08955,C07482,P02739,R03536
L08956,C02445,P03124,R00221
L08957,C08971,P06292,R09093
L08958,C04208,P08174,R05186
L08959,C03901,P02161,R06095
L08960,C01293,P05673,R05687
L08961,C02882,P08746,R01296
L08962,C03924,P05566,R02552
L08963,C05114,P02472,R09528
L08964,C02246,P03866,R00228
L08965,C00904,P05826,R03373
L08966,C02050,P01486,R09662
L08967,C09430,P04988,R08184
L08968,C07273,P04944,R06119
L08969,C07116,P02141,R08184
L08970,C03113,P03035,R08434
L08971,C01526,P06977,R03679
L08972,C04142,P05910,R07609
L08973,C00240,P02765,R04434
L08974,C05194,P08265,R06269
L08975,C06516,P03362,R01595
L08976,C00978,P08651,R01234
L08977,C02650,P08963,R09762
L08978,C06740,P00068,R06739
L08979,C08781,P06932,R05764
L08980,C01444,P09584,R05923
L08981,C07900,P04051,R05774
L08982,C09308,P02582,R04020
L08983,C02811,P05342,R08876
L08984,C02298,P09492,R01549
L08985,C05376,P05502,R02961
L08986,C09866,P01057,R08870
L08987,C05833,P04921,R02673
L08988,C01382,P04659,R09482
L08989,C04235,P04039,R05598
L08990,C04112,P05757,R03773
L08991,C03230,P09943,R07356
L08992,C04626,P03909,R01310
L08993,C01892,P04582,R03706
L08994,C06385,P02520,R08268
L08995,C02604,P09325,R06234
L08996,C06128,P01568,R09227
L08997,C09944,P05057,R06855
L08998,C08008,P01434,R01191
L08999,C09618,P09364,R09309
L09000,C09663,P03301,R08612
L09001,C06912,P06144,R05237
L09002,C07226,P09724,R03119
L09003,C00166,P05921,R03902
L09004,C00445,P03235,R04230
L09005,C01940,P04203,R00480
L09006,C05166,P05789,R08730
L09007,C04517,P00331,R07317
L09008,C05635,P08030,R09016
L09009,C06633,P04492,R00248
L09010,C03292,P03353,R08553
L09011,C04772,P05150,R08250
L09012,C04227,P04988,R07070
L09013,C05754,P03601,R08020
L09014,C05079,P05118,R00635
L09015,C02769,P03626,R06391
L09016,C05927,P01264,R01988
L09017,C07798,P03998,R09806
L09018,C04087,P07971,R03692
L09019,C06514,P06726,R02798
L09020,C01924,P00580,R01781
L09021,C04468,P02989,R07673
L09022,C00487,P06183,R09187
L09023,C08145,P03938,R02777
L09024,C06711,P08298,R01979
L09025,C02660,P06370,R01341
L09026,C09367,P08285,R03588
L09027,C02659,P08094,R07329
L09028,C04923,P03246,R01884
L09029,C05849,P01151,R03272
L09030,C05452,P09749,R01271
L09031,C07201,P09565,R07088
L09032,C09406,P05337,R09097
L09033,C05405,P00974,R03424
L09034,C06155,P06029,R09033
L09035,C03520,P00301,R04397
L09036,C08422,P07952,R00917
L09037,C02391,P05028,R08627
L09038,C08482,P09590,R08585
L09039,C07857,P09366,R09517
L09040,C07718,P03913,R04840
L09041,C02716,P08317,R02866
L09042,C00510,P09332,R08959
L09043,C00409,P07225,R02055
L09044,C02868,P06042,R03014
L09045,C01865,P07423,R08873
L09046,C09608,P04964,R04876
L09047,C08195,P02671,R02431
L09048,C05301,P06917,R05888
L09049,C02513,P02511,R03652
L09050,C00359,P00023,R08852
L09051,C03707,P00424,R09508
L09052,C01515,P04717,R09741
L09053,C02661,P06913,R08059
L09054,C09921,P03104,R02761
L09055,C07945,P08954,R06515
L09056,C08142,P07047,R00611
L09057,C09051,P08974,R07982
L09058,C02100,P04014,R09097
L09059,C09597,P05401,R01742
L09060,C07349,P06287,R08964
L09061,C00715,P07723,R08206
L09062,C00427,P09529,R04771
L09063,C08255,P05765,R03951
L09064,C02197,P07846,R05668
L09065,C05418,P01001,R07448
L09066,C03275,P06726,R00921
L09067,C06519,P02247,R08954
L09068,C08265,P05043,R04251
L09069,C03921,P06593,R02161
L09070,C02935,P09755,R08487
L09071,C02157,P05948,R06224
L09072,C04731,P05252,R08533
L09073,C08653,P06533,R02044
L09074,C01708,P01832,R01390
L09075,C00344,P06115,R05771
L09076,C05757,P01024,R09183
L09077,C08806,P06901,R05099
L09078,C04183,P08675,R07043
L09079,C00564,P04571,R07942
L09080,C03221,P09996,R07573
L09081,C08280,P00229,R01562
L09082,C09148,P09675,R05084
L09083,C09763,P01774,R00325
L09084,C03169,P07641,R07256
L09085,C02936,P00923,R09625
L09086,C06363,P03083,R06683
L09087,C01226,P07474,R09574
L09088,C09418,P02994,R00607
L09089,C02324,P08220,R09831
L09090,C09504,P06677,R04516
L09091,C04722,P02535,R02752
L09092,C00384,P00766,R08603
L09093,C08919,P07561,R03919
L09094,C06667,P05701,R00312
L09095,C04322,P02025,R00167
L09096,C05889,P00371,R02591
L09097,C08262,P04348,R05416
L09098,C04538,P03867,R07432
L09099,C09632,P05177,R02623
L09100,C09328,P03968,R04131
L09101,C05723,P02332,R04944
L09102,C07165,P04443,R06441
L09103,C07575,P07833,R02835
L09104,C04519,P02983,R07165
L09105,C07775,P01269,R00787
L09106,C02699,P03032,R02374
L09107,C05103,P00353,R03451
L09108,C03367,P03647,R07718
L09109,C00282,P06058,R03268
L09110,C01886,P00247,R01198
L09111,C07914,P02950,R07739
L09112,C07735,P03772,R04829
L09113,C06900,P07192,R08735
L09114,C03900,P08462,R05983
L09115,C04229,P08205,R08416
L09116,C02548,P08808,R09574
L09117,C03181,P02975,R06845
L09118,C04959,P00940,R04278
L09119,C06548,P09874,R06652
L09120,C00657,P07565,R03127
L09121,C06046,P01646,R02502
L09122,C09316,P04903,R00733
L09123,C00834,P01008,R03910
L09124,C05677,P06410,R05111
L09125,C06468,P03026,R02908
L09126,C09093,P00006,R04831
L09127,C09292,P02493,R06339
L09128,C09062,P03166,R01724
L09129,C03351,P00373,R06342
L09130,C06640,P09134,R03083
L09131,C01644,P03539,R09766
L09132,C07202,P03724,R01755
L09133,C04735,P08780,R06409
L09134,C02539,P05644,R04343
L09135,C00619,P08953,R06710
L09136,C08509,P07822,R09891
L09137,C00763,P08915,R00522
L09138,C06219,P09621,R05924
L09139,C09189,P04025,R04354
L09140,C05011,P08683,R00231
L09141,C03444,P01406,R04398
L09142,C06080,P01980,R06532
L09143,C05602,P06007,R02115
L09144,C09776,P06692,R01319
L09145,C06727,P00476,R02656
L09146,C05459,P03672,R02098
L09147,C05896,P07683,R02585
L09148,C07674,P08497,R09110
L09149,C04140,P05008,R03837
L09150,C07996,P04810,R06747
L09151,C04410,P08743,R03977
L09152,C09404,P06216,R07255
L09153,C01868,P07021,R01921
L09154,C00444,P03462,R00269
L09155,C04960,P05187,R00006
L09156,C05892,P04932,R04651
L09157,C04300,P03647,R06945
L09158,C01085,P03844,R09339
L09159,C06290,P00941,R05248
L09160,C09007,P00078,R09367
L09161,C02216,P05819,R06619
L09162,C07523,P00445,R06468
L09163,C03876,P09279,R06516
L09164,C07527,P05369,R05906
L09165,C03022,P07012,R00608
L09166,C04870,P05414,R00351
L09167,C00703,P09556,R05036
L09168,C04710,P09773,R06197
L09169,C08057,P08652,R07449
L09170,C09493,P09750,R09104
L09171,C07730,P06788,R00438
L09172,C00594,P08225,R07957
L09173,C05403,P07460,R05259
L09174,C08177,P03628,R03729
L09175,C03790,P01347,R02486
L09176,C02238,P03188,R09862
L09177,C08938,P00654,R09320
L09178,C01185,P00876,R03507
L09179,C01760,P00347,R04226
L09180,C04661,P04395,R05472
L09181,C03775,P05462,R04470
L09182,C07494,P08935,R04020
L09183,C00973,P01319,R09217
L09184,C03288,P06814,R02405
L09185,C03838,P08296,R05201
L09186,C05150,P04100,R04539
L09187,C07767,P01156,R09202
L09188,C02083,P07301,R04321
L09189,C04134,P09874,R01919
L09190,C04926,P06917,R01992
L09191,C01529,P06750,R06064
L09192,C02664,P02066,R01000
L09193,C09706,P05854,R04646
L09194,C03967,P07488,R06796
L09195,C05838,P04763,R02992
L09196,C02462,P05157,R05771
L09197,C03795,P05410,R04474
L09198,C02761,P07722,R03123
L09199,C05069,P03580,R03765
L09200,C05923,P07169,R07385
L09201,C00994,P06486,R02761
L09202,C09438,P01830,R03509
L09203,C01266,P05646,R07867
L09204,C01302,P07877,R00699
L09205,C01991,P00570,R01102
L09206,C04165,P07047,R00801
L09207,C01343,P06892,R01014
L09208,C07411,P06056,R03422
L09209,C09290,P08860,R08417
L09210,C06967,P03941,R06047
L09211,C06422,P04327,R06917
L09212,C04644,P04889,R00405
L09213,C03957,P09021,R09906
L09214,C09952,P05663,R02205
L09215,C09593,P07846,R09009
L09216,C00604,P06898,R04027
L09217,C01793,P01807,R01834
L09218,C05106,P05190,R01303
L09219,C05538,P00109,R05997
L09220,C00945,P05771,R01932
L09221,C07172,P02310,R07495
L09222,C07785,P07521,R06752
L09223,C04149,P03059,R08829
L09224,C05725,P08557,R04057
L09225,C07690,P03122,R01612
L09226,C05626,P03779,R04479
L09227,C06635,P09093,R03267
L09228,C06895,P02995,R02066
L09229,C03541,P08506,R07227
L09230,C02332,P09523,R03842
L09231,C07872,P01142,R08852
L09232,C05069,P04742,R02899
L09233,C09643,P07877,R00289
L09234,C03872,P09609,R03801
L09235,C09402,P03292,R01235
L09236,C04728,P05406,R04109
L09237,C07441,P06766,R00498
L09238,C08205,P00544,R02250
L09239,C06274,P03251,R03834
L09240,C07370,P03973,R01611
L09241,C08225,P06237,R08226
L09242,C06175,P01444,R06388
L09243,C09913,P01507,R02359
L09244,C08092,P03905,R00470
L09245,C09333,P00037,R01164
L09246,C05877,P08508,R06553
L09247,C06715,P09567,R08584
L09248,C09135,P01687,R00994
L09249,C02395,P08897,R07980
L09250,C09432,P05348,R07638
L09251,C05259,P04798,R04071
L09252,C06329,P04017,R07219
L09253,C00591,P02590,R06013
L09254,C03710,P06305,R05318
L09255,C01595,P00737,R04718
L09256,C01900,P09380,R02592
L09257,C01612,P05008,R03439
L09258,C09378,P02216,R01717
L09259,C02644,P02516,R06260
L09260,C01221,P01406,R00813
L09261,C05094,P09665,R03782
L09262,C07764,P05352,R03768
L09263,C06223,P05815,R08449
L09264,C02972,P03066,R03363
L09265,C09506,P06816,R08532
L09266,C00100,P00807,R01278
L09267,C06647,P00280,R04950
L09268,C06937,P08947,R05198
L09269,C07301,P06095,R05434
L09270,C03998,P01972,R04270
L09271,C00479,P07759,R05177
L09272,C03496,P09837,R05229
L09273,C08176,P04196,R03281
L09274,C03676,P08870,R08578
L09275,C07583,P02644,R07415
L09276,C02326,P09135,R07536
L09277,C07046,P03152,R08756
L09278,C00492,P02279,R01892
L09279,C02697,P09753,R06410
L09280,C07862,P02941,R09245
L09281,C01326,P04236,R03301
L09282,C04454,P05791,R00663
L09283,C07174,P03937,R04211
L09284,C07838,P01442,R02651
L09285,C07112,P06560,R07332
L09286,C08192,P03713,R05149
L09287,C09838,P03313,R07040
L09288,C01386,P08502,R08852
L09289,C06620,P09334,R04426
L09290,C04483,P06763,R09427
L09291,C03931,P04775,R09175
L09292,C03030,P08347,R02071
L09293,C03350,P02281,R02934
L09294,C04969,P06188,R04218
L09295,C07549,P01675,R08634
L09296,C04205,P09572,R01826
L09297,C03470,P00056,R00987
L09298,C06198,P04974,R03852
L09299,C03250,P01691,R04235
L09300,C09087,P06554,R06880
L09301,C03093,P09218,R07515
L09302,C01863,P09393,R09389
L09303,C00516,P03777,R08287
L09304,C07545,P00135,R01338
L09305,C08277,P06319,R05514
L09306,C01610,P04959,R01779
L09307,C04431,P07002,R05541
L09308,C02326,P01581,R05908
L09309,C03433,P00637,R02820
L09310,C07977,P05327,R04572
L09311,C07495,P05354,R03777
L09312,C09274,P06696,R09810
L09313,C05114,P00127,R00440
L09314,C08887,P00523,R00622
L09315,C03249,P03717,R06253
L09316,C06602,P03718,R05003
L09317,C05654,P08084,R01898
L09318,C03055,P09472,R09293
L09319,C06646,P07327,R08140
L09320,C03548,P01746,R04541
L09321,C08826,P02272,R04808
L09322,C03680,P00350,R07178
L09323,C04035,P08727,R09200
L09324,C00342,P02177,R02843
L09325,C05497,P09379,R00352
L09326,C00686,P00805,R03166
L09327,C00446,P01713,R03733
L09328,C08628,P00106,R03187
L09329,C05804,P07728,R05718
L09330,C02773,P01982,R00603
L09331,C09436,P09501,R03691
L09332,C07398,P02746,R05015
L09333,C05406,P02575,R00040
L09334,C07973,P08965,R05983
L09335,C05727,P05688,R00410
L09336,C00421,P01983,R04546
L09337,C07019,P00846,R03714
L09338,C05285,P04358,R05251
L09339,C00074,P03449,R05221
L09340,C02946,P02304,R05711
L09341,C06504,P03064,R09992
L09342,C07737,P01099,R02200
L09343,C09555,P08337,R05793
L09344,C01192,P07589,R02766
L09345,C06959,P01120,R01576
L09346,C08481,P07483,R05753
L09347,C03180,P04788,R08701
L09348,C09278,P07773,R01997
L09349,C00595,P06425,R02160
L09350,C03479,P07698,R06575
L09351,C05865,P07009,R00275
L09352,C09099,P07100,R08594
L09353,C04548,P09264,R06187
L09354,C03311,P08024,R03260
L09355,C07238,P09227,R03846
L09356,C09078,P06922,R08365
L09357,C05406,P01343,R06992
L09358,C04034,P09880,R01559
L09359,C09187,P08908,R07947
L09360,C08622,P03577,R03872
L09361,C05998,P07373,R08787
L09362,C08739,P08607,R04574
L09363,C05245,P09643,R04709
L09364,C05737,P03404,R02509
L09365,C08335,P03109,R09022
L09366,C06797,P09272,R01385
L09367,C04153,P09106,R03310
L09368,C06414,P02837,R03179
L09369,C04830,P07411,R07568
L09370,C00800,P02953,R01866
L09371,C08166,P04901,R00254
L09372,C07236,P08498,R00369
L09373,C02107,P00952,R08895
L09374,C06394,P06279,R00268
L09375,C09120,P03951,R04563
L09376,C04924,P04859,R06394
L09377,C08698,P04262,R05064
L09378,C01887,P00066,R03621
L09379,C05544,P02640,R07864
L09380,C02067,P03116,R07194
L09381,C02543,P09141,R04682
L09382,C03606,P01093,R00935
L09383,C06128,P06832,R03575
L09384,C00963,P00787,R06833
L09385,C01271,P06828,R06578
L09386,C01651,P03718,R09389
L09387,C02349,P00763,R03154
L09388,C07699,P08096,R00744
L09389,C00864,P05412,R07093
L09390,C09946,P05151,R05862
L09391,C08459,P09858,R03474
L09392,C03319,P02548,R08622
L09393,C09386,P00705,R03241
L09394,C05506,P03256,R04344
L09395,C00725,P01014,R08797
L09396,C06688,P02776,R02432
L09397,C01659,P02291,R01407
L09398,C06556,P02221,R07772
L09399,C04462,P06592,R05125
L09400,C04534,P02187,R07190
L09401,C04046,P06360,R05803
L09402,C03612,P08613,R07374
L09403,C06018,P08333,R06834
L09404,C08438,P03034,R03070
L09405,C04595,P05713,R00874
L09406,C00130,P08195,R02086
L09407,C05520,P09769,R00693
L09408,C04254,P05492,R02349
L09409,C00506,P08285,R05319
L09410,C02562,P01324,R00495
L09411,C04894,P02850,R02667
L09412,C07494,P04320,R02405
L09413,C03844,P05012,R00939
L09414,C01493,P04444,R00418
L09415,C05024,P04438,R01170
L09416,C08507,P00222,R01713
L09417,C03147,P07795,R04004
L09418,C06512,P04570,R01724
L09419,C04812,P05913,R01641
L09420,C06729,P06292,R01995
L09421,C07185,P03375,R04803
L09422,C06203,P09648,R01815
L09423,C07856,P09727,R02284
L09424,C01587,P06824,R09116
L09425,C04381,P04050,R02243
L09426,C01983,P02718,R02687
L09427,C04503,P00967,R08930
L09428,C06121,P01254,R05984
L09429,C01883,P04635,R08367
L09430,C01601,P05845,R05580
L09431,C08357,P03794,R05007
L09432,C00775,P03553,R08993
L09433,C00668,P03879,R06015
L09434,C06309,P04135,R05335
L09435,C07409,P02909,R09675
L09436,C04322,P06415,R05632
L09437,C03403,P06428,R05244
L09438,C00934,P00816,R06790
L09439,C04199,P05250,R05861
L09440,C06703,P04735,R00116
L09441,C09163,P05256,R06035
L09442,C08256,P06313,R09823
L09443,C05041,P02623,R02236
L09444,C00476,P02657,R06086
L09445,C01488,P09737,R08189
L09446,C02289,P00598,R01405
L09447,C06762,P02008,R09521
L09448,C03944,P04557,R02876
L09449,C05768,P02914,R04860
L09450,C01494,P00218,R02318
L09451,C06828,P07577,R08592
L09452,C03542,P04210,R07342
L09453,C03048,P00581,R07163
L09454,C07480,P00512,R02292
L09455,C04601,P08229,R06399
L09456,C07827,P08298,R07559
L09457,C05099,P01394,R00822
L09458,C09863,P09424,R01424
L09459,C05367,P08106,R01627
L09460,C03000,P06673,R09911
L09461,C07420,P04138,R02753
L09462,C02438,P04080,R03514
L09463,C03532,P00010,R09336
L09464,C06163,P02968,R03508
L09465,C01779,P01617,R09630
L09466,C03847,P06045,R05344
L09467,C08045,P05713,R06679
L09468,C01054,P03188,R03080
L09469,C00237,P06910,R05927
L09470,C00580,P07933,R03779
L09471,C05165,P08767,R09659
L09472,C01070,P02722,R09463
L09473,C08328,P06164,R03010
L09474,C06571,P04729,R06201
L09475,C04000,P03527,R06684
L09476,C03702,P03823,R00929
L09477,C06487,P05174,R08312
L09478,C09315,P00696,R02406
L09479,C05100,P02941,R03906
L09480,C01564,P00954,R08983
L09481,C09446,P06268,R04349
L09482,C01247,P04210,R08686
L09483,C06351,P08670,R07634
L09484,C01379,P08956,R07640
L09485,C09643,P01499,R09952
L09486,C00145,P03273,R07720
L09487,C04077,P02211,R05875
L09488,C08085,P01908,R00019
L09489,C08852,P05256,R07130
L09490,C04116,P05742,R02620
L09491,C03396,P06197,R03433
L09492,C00991,P03067,R07788
L09493,C05121,P04925,R08345
L09494,C00884,P01657,R03981
L09495,C00171,P06136,R03601
L09496,C09451,P00293,R09052
L09497,C05232,P00674,R06557
L09498,C09813,P08847,R08349
L09499,C09601,P06903,R01394
L09500,C05852,P02967,R04406
L09501,C00542,P05178,R04512
L09502,C08992,P02684,R09966
L09503,C06612,P08797,R00864
L09504,C01075,P03000,R01615
L09505,C02397,P06308,R08489
L09506,C02243,P09105,R00943
L09507,C00177,P01874,R00319
L09508,C09427,P01809,R02412
L09509,C05993,P06607,R07692
L09510,C01760,P06370,R06221
L09511,C03578,P07992,R00212
L09512,C00512,P09167,R00163
L09513,C09548,P09052,R01144
L09514,C08000,P02593,R02366
L09515,C00962,P05878,R05802
L09516,C00058,P00145,R03441
L09517,C08495,P09605,R08589
L09518,C09903,P05724,R05314
L09519,C02225,P06218,R09231
L09520,C02225,P01534,R04452
L09521,C05181,P07325,R04861
L09522,C00326,P03099,R06471
L09523,C08226,P00112,R06849
L09524,C03687,P08207,R05374
L09525,C00069,P07059,R03981
L09526,C06952,P06212,R03544
L09527,C02572,P06789,R05256
L09528,C01897,P07081,R07864
L09529,C00190,P03571,R05795
L09530,C01394,P03120,R02216
L09531,C00186,P01061,R05771
L09532,C02053,P04506,R09934
L09533,C03961,P05753,R00117
L09534,C07106,P05329,R07571
L09535,C04597,P05946,R07904
L09536,C05563,P09023,R03901
L09537,C05900,P01119,R09629
L09538,C05130,P06917,R09280
L09539,C00170,P05504,R00328
L09540,C06746,P08151,R06893
L09541,C03061,P04652,R02355
L09542,C09870,P07035,R03822
L09543,C05422,P02142,R04093
L09544,C01046,P08150,R06767
L09545,C02880,P00643,R05638
L09546,C04364,P01303,R09970
L09547,C08360,P09468,R03612
L09548,C01215,P09596,R03608
L09549,C00997,P01889,R09324
L09550,C09742,P00161,R08750
L09551,C03653,P04665,R04104
L09552,C07518,P02622,R07115
L09553,C05572,P09286,R02075
L09554,C06537,P04040,R05512
L09555,C09278,P09229,R02626
L09556,C07591,P00868,R05370
L09557,C07750,P04361,R07284
L09558,C09471,P00674,R06354
L09559,C00506,P06854,R01216
L09560,C01807,P06256,R07683
L09561,C09476,P02127,R04428
L09562,C06686,P08871,R09471
L09563,C01736,P08038,R00981
L09564,C04652,P04985,R08676
L09565,C06170,P01045,R08597
L09566,C03247,P06556,R05792
L09567,C07243,P00854,R08976
L09568,C05342,P05636,R04535
L09569,C07920,P07928,R08727
L09570,C05223,P08057,R02494
L09571,C03264,P05328,R04467
L09572,C07395,P07587,R01521
L09573,C07904,P03350,R07990
L09574,C09226,P08402,R08211
L09575,C07388,P08452,R05621
L09576,C05592,P04016,R07942
L09577,C05035,P09626,R09781
L09578,C05889,P07259,R04538
L09579,C09658,P04918,R09226
L09580,C07198,P02923,R04765
L09581,C09961,P00703,R03482
L09582,C07305,P08038,R07994
L09583,C00225,P09306,R00487
L09584,C08510,P02589,R03543
L09585,C07113,P00063,R03644
L09586,C06565,P00022,R07523
L09587,C02400,P08428,R02986
L09588,C06589,P01540,R02628
L09589,C00588,P05648,R04458
L09590,C04366,P05231,R01329
L09591,C06794,P04379,R07802
L09592,C07372,P06888,R03954
L09593,C00325,P01435,R06035
L09594,C01334,P01827,R02543
L09595,C03089,P00549,R08497
L09596,C07676,P00920,R00805
L09597,C07628,P00375,R04577
L09598,C07638,P05459,R03010
L09599,C08259,P04874,R00092
L09600,C06758,P07117,R06163
L09601,C02121,P06277,R07156
L09602,C09784,P01942,R00434
L09603,C02169,P03948,R09884
L09604,C07932,P07904,R01907
L09605,C03587,P02190,R08707
L09606,C02366,P01130,R06504
L09607,C00691,P00024,R03383
L09608,C00151,P08527,R09341
L09609,C05525,P08237,R00911
L09610,C06253,P02784,R03959
L09611,C05822,P06844,R04031
L09612,C05444,P03636,R01928
L09613,C00851,P04956,R09208
L09614,C04243,P09648,R03378
L09615,C09767,P05971,R08330
L09616,C09443,P05107,R09710
L09617,C07921,P02647,R06114
L09618,C05925,P04094,R05664
L09619,C07737,P01822,R07404
L09620,C09483,P02776,R01808
L09621,C05959,P00106,R08737
L09622,C06202,P06334,R03027
L09623,C01279,P01512,R09964
L09624,C04691,P07076,R02561
L09625,C07280,P05398,R05470
L09626,C09926,P00357,R02520
L09627,C09742,P02853,R05044
L09628,C07892,P08105,R03799
L09629,C09725,P06636,R06680
L09630,C00205,P06307,R06984
L09631,C01485,P00144,R04170
L09632,C07364,P08438,R00424
L09633,C07582,P00882,R06730
L09634,C04995,P06976,R00965
L09635,C04582,P01890,R06723
L09636,C04112,P04231,R08604
L09637,C07837,P06865,R06121
L09638,C04511,P01342,R05600
L09639,C02115,P04721,R00398
L09640,C01097,P01991,R06709
L09641,C05898,P05756,R02676
L09642,C05680,P09864,R09121
L09643,C06691,P05964,R08880
L09644,C01053,P06788,R03653
L09645,C08289,P06125,R07074
L09646,C01565,P00308,R07776
L09647,C08261,P05171,R00686
L09648,C04247,P03815,R04675
L09649,C00453,P02687,R05361
L09650,C08164,P07739,R03689
L09651,C09801,P03646,R07906
L09652,C08474,P09663,R03360
L09653,C02685,P01244,R05773
L09654,C02562,P09279,R01086
L09655,C03184,P09224,R08191
L09656,C08127,P07485,R04837
L09657,C01261,P03999,R02074
L09658,C05086,P09362,R05158
L09659,C07533,P06915,R06563
L09660,C01283,P00306,R06249
L09661,C01617,P04225,R04928
L09662,C06800,P05668,R06308
L09663,C01011,P09376,R08525
L09664,C08945,P09169,R03578
L09665,C04497,P04829,R03473
L09666,C04999,P03156,R05234
L09667,C01176,P06229,R02796
L09668,C03065,P00074,R01082
L09669,C06102,P08173,R08491
L09670,C01965,P01487,R08434
L09671,C02940,P03526,R05789
L09672,C05393,P00876,R00300
L09673,C03977,P09250,R05651
L09674,C07526,P06146,R02918
L09675,C02386,P09145,R05059
L09676,C09424,P07698,R05303
L09677,C09661,P00800,R04553
L09678,C05019,P04816,R00761
L09679,C08890,P06306,R09286
L09680,C09199,P03449,R00019
L09681,C00583,P07644,R09508
L09682,C03003,P08114,R03179
L09683,C06124,P02874,R09358
L09684,C06774,P03849,R09935
L09685,C03995,P04861,R05837
L09686,C07801,P03930,R06457
L09687,C00289,P03315,R06276
L09688,C02345,P02474,R09507
L09689,C01589,P09507,R07650
L09690,C02527,P06809,R06516
L09691,C08865,P04903,R00810
L09692,C08055,P00653,R01686
L09693,C08113,P01653,R03874
L09694,C08344,P01875,R03329
L09695,C01028,P04502,R08986
L09696,C05400,P02697,R08958
L09697,C00247,P03800,R05100
L09698,C06213,P01646,R00232
L09699,C03339,P04566,R05835
L09700,C04190,P02535,R08693
L09701,C07243,P07055,R05938
L09702,C07936,P03218,R09050
L09703,C03887,P01340,R06904
L09704,C02821,P04822,R05564
L09705,C09266,P00502,R04696
L09706,C01513,P06404,R04679
L09707,C07299,P04796,R01751
L09708,C09037,P06029,R03006
L09709,C06355,P07528,R03326
L09710,C06692,P06038,R07083
L09711,C08683,P08891,R03501
L09712,C07546,P02831,R06478
L09713,C00449,P05808,R02961
L09714,C08317,P01350,R00193
L09715,C04757,P04664,R01018
L09716,C02526,P03914,R06890
L09717,C00745,P05220,R08629
L09718,C03075,P03514,R06478
L09719,C00549,P07195,R03209
L09720,C00260,P04826,R04952
L09721,C03197,P04296,R02140
L09722,C00473,P00447,R09376
L09723,C03241,P07102,R01086
L09724,C02312,P04782,R01828
L09725,C01824,P00147,R03037
L09726,C01679,P00603,R01677
L09727,C08685,P00197,R05469
L09728,C04554,P00397,R01397
L09729,C04843,P09087,R03333
L09730,C01858,P09696,R08596
L09731,C01594,P06530,R07215
L09732,C08107,P01536,R09215
L09733,C09559,P04535,R03409
L09734,C04369,P03443,R01058
L09735,C06765,P06165,R02498
L09736,C02457,P01950,R06143
L09737,C01021,P01787,R08730
L09738,C06881,P05539,R08906
L09739,C04848,P06308,R04250
L09740,C03442,P09293,R00704
L09741,C04817,P01318,R02107
L09742,C04109,P03148,R03727
L09743,C01211,P09316,R08042
L09744,C02991,P05561,R03157
L09745,C08455,P08890,R02833
L09746,C09578,P02164,R03221
L09747,C01902,P05963,R08771
L09748,C00291,P02893,R04408
L09749,C05577,P00055,R03234
L09750,C07942,P03443,R04273
L09751,C00659,P07642,R00844
L09752,C08640,P03852,R08690
L09753,C09211,P02941,R09929
L09754,C08564,P01206,R02906
L09755,C02396,P05925,R08464
L09756,C08134,P03040,R06700
L09757,C05551,P03877,R08995
L09758,C00826,P09436,R00197
L09759,C09369,P07260,R02449
L09760,C08472,P04193,R00486
L09761,C06062,P04131,R08005
L09762,C03078,P00705,R01204
L09763,C06618,P00639,R06813
L09764,C00670,P05411,R05958
L09765,C00813,P01429,R01441
L09766,C08740,P09773,R05617
L09767,C02694,P01402,R04365
L09768,C06110,P04832,R08919
L09769,C01567,P07755,R08089
L09770,C01089,P03025,R02086
L09771,C02466,P02673,R09159
L09772,C06163,P07077,R08421
L09773,C04554,P05584,R05434
L09774,C06500,P02344,R04653
L09775,C06783,P06725,R08416
L09776,C03540,P00136,R09524
L09777,C07319,P07954,R01032
L09778,C03738,P01785,R08086
L09779,C07659,P09396,R08156
L09780,C08414,P01411,R01541
L09781,C02010,P00559,R00704
L09782,C03732,P07871,R02444
L09783,C09002,P02460,R07958
L09784,C04275,P07037,R01549
L09785,C05779,P03332,R06642
L09786,C03058,P08730,R07481
L09787,C02295,P01419,R06024
L09788,C04747,P08520,R06278
L09789,C02947,P04668,R07372
L09790,C04871,P07196,R07038
L09791,C08318,P02162,R05828
L09792,C04748,P02295,R08026
L09793,C04706,P04131,R09404
L09794,C00608,P02697,R03352
L09795,C08082,P04658,R00667
L09796,C03638,P06737,R07342
L09797,C03398,P04709,R03310
L09798,C04316,P04449,R01265
L09799,C08668,P02106,R00569
L09800,C01195,P02272,R03125
L09801,C07234,P07933,R00446
L09802,C08719,P09700,R03619
L09803,C00841,P05470,R04682
L09804,C07882,P04314,R09990
L09805,C04469,P07845,R05166
L09806,C05337,P07554,R00905
L09807,C02911,P01619,R09905
L09808,C01807,P01261,R08517
L09809,C06404,P01277,R00043
L09810,C07799,P07547,R08729
L09811,C08288,P00235,R04434
L09812,C06552,P05621,R09718
L09813,C08075,P09639,R01185
L09814,C04305,P05398,R05474
L09815,C01738,P08900,R07748
L09816,C04820,P00548,R08029
L09817,C08635,P05105,R02172
L09818,C01241,P05604,R07377
L09819,C08432,P09633,R05936
L09820,C01553,P07987,R09310
L09821,C06818,P01873,R02158
L09822,C01544,P06090,R03684
L09823,C03578,P09398,R07641
L09824,C09755,P07435,R02685
L09825,C09294,P04941,R03702
L09826,C07356,P03318,R02812
L09827,C04486,P08992,R02874
L09828,C02711,P01583,R00176
L09829,C05290,P08822,R08682
L09830,C04795,P01873,R01257
L09831,C02476,P04725,R02368
L09832,C05589,P02583,R01932
L09833,C02039,P06816,R08230
L09834,C03308,P07347,R03130
L09835,C04223,P03643,R08659
L09836,C02340,P05984,R07084
L09837,C05497,P08727,R00672
L09838,C02285,P04200,R09317
L09839,C02842,P08665,R04394
L09840,C03941,P00030,R05889
L09841,C07009,P08347,R08966
L09842,C00371,P02140,R00504
L09843,C07339,P03076,R03353
L09844,C02757,P04983,R01706
L09845,C07828,P07648,R08834
L09846,C02850,P07537,R02525
L09847,C01612,P01270,R09240
L09848,C01529,P00009,R00745
L09849,C06296,P05672,R00052
L09850,C08313,P07698,R00269
L09851,C07271,P06430,R01778
L09852,C00577,P04017,R08974
L09853,C02127,P05975,R06708
L09854,C02629,P09569,R01068
L09855,C08808,P06986,R07823
L09856,C00483,P00930,R02294
L09857,C02540,P00029,R06513
L09858,C06444,P03172,R07343
L09859,C03519,P01619,R09756
L09860,C06824,P05200,R01871
L09861,C01720,P08769,R06409
L09862,C08580,P08721,R08981
L09863,C09761,P07689,R01890
L09864,C09654,P07526,R09359
L09865,C07116,P00745,R09830
L09866,C00306,P03893,R00795
L09867,C02831,P01366,R00940
L09868,C05574,P08394,R02879
L09869,C06657,P04372,R00425
L09870,C04967,P08074,R07072
L09871,C01821,P00141,R07459
L09872,C03743,P08575,R04024
L09873,C02341,P03538,R09310
L09874,C05929,P02802,R04776
L09875,C05036,P07156,R03831
L09876,C02199,P07837,R06308
L09877,C06201,P05732,R09892
L09878,C01411,P02328,R07136
L09879,C07308,P02779,R09368
L09880,C02017,P01113,R01737
L09881,C02674,P00294,R02266
L09882,C04332,P02937,R03310
L09883,C03357,P07030,R00901
L09884,C08444,P01676,R07820
L09885,C02168,P00880,R08816
L09886,C00959,P03243,R05768
L09887,C07652,P02204,R03926
L09888,C09980,P08149,R00790
L09889,C08734,P05372,R05244
L09890,C02048,P08901,R02827
L09891,C01655,P05197,R05750
L09892,C07693,P08412,R07139
L09893,C02406,P08607,R01904
L09894,C05782,P04644,R01550
L09895,C00669,P07629,R08066
L09896,C09201,P06753,R01543
L09897,C04759,P02591,R05513
L09898,C07374,P07257,R04984
L09899,C00218,P02138,R04298
L09900,C03223,P03368,R04732
L09901,C07616,P03926,R03950
L09902,C00635,P01547,R02065
L09903,C09433,P08488,R00503
L09904,C07096,P01098,R08122
L09905,C03251,P02225,R03016
L09906,C02853,P08885,R06996
L09907,C09291,P05132,R08087
L09908,C03973,P07735,R04239
L09909,C05118,P01759,R00267
L09910,C03667,P07894,R04484
L09911,C02470,P07273,R04679
L09912,C04581,P05526,R01520
L09913,C05176,P06567,R06201
L09914,C02746,P03361,R02451
L09915,C01864,P05925,R00018
L09916,C03209,P06865,R08490
L09917,C08154,P00119,R01056
L09918,C00709,P06075,R03981
L09919,C05462,P08655,R06327
L09920,C00018,P08121,R01622
L09921,C05545,P08908,R00580
L09922,C08535,P09269,R07257
L09923,C09385,P03578,R07444
L09924,C07171,P05546,R05042
L09925,C00709,P09383,R02977
L09926,C03725,P07187,R08441
L09927,C08175,P07645,R00875
L09928,C05234,P01059,R02020
L09929,C02784,P08304,R07033
L09930,C04772,P02196,R01796
L09931,C08975,P07761,R07756
L09932,C00287,P08286,R09558
L09933,C09025,P08931,R06146
L09934,C07729,P06709,R09182
L09935,C00394,P03327,R07362
L09936,C00412,P06589,R08960
L09937,C01705,P04999,R08586
L09938,C00164,P01887,R06324
L09939,C00031,P09177,R06667
L09940,C01733,P04681,R02905
L09941,C07081,P01680,R09484
L09942,C09545,P00926,R07822
L09943,C07344,P00205,R09645
L09944,C03947,P07469,R04001
L09945,C08553,P04492,R01159
L09946,C06137,P00695,R02152
L09947,C06534,P09630,R06911
L09948,C05767,P09750,R08703
L09949,C03386,P07665,R05047
L09950,C08538,P01456,R01592
L09951,C05402,P09606,R07199
L09952,C01211,P06280,R04485
L09953,C02219,P02306,R09423
L09954,C06432,P03686,R01697
L09955,C01468,P02475,R00744
L09956,C06731,P01353,R04318
L09957,C07307,P01625,R07731
L09958,C09864,P08681,R04118
L09959,C01933,P09668,R05729
L09960,C04468,P08816,R09904
L09961,C07383,P07985,R08527
L09962,C06614,P05332,R04028
L09963,C02239,P07160,R04385
L09964,C09259,P01857,R04118
L09965,C08427,P05399,R04799
L09966,C04526,P03758,R01402
L09967,C08953,P00721,R05516
L09968,C04212,P06519,R09477
L09969,C08634,P00425,R08897
L09970,C08583,P02701,R01566
L09971,C04813,P04398,R09000
L09972,C02078,P08845,R09323
L09973,C01790,P02989,R00407
L09974,C08367,P06865,R02241
L09975,C07634,P07598,R04033
L09976,C05752,P08391,R07804
L09977,C02661,P08046,R05737
L09978,C03615,P02136,R05087
L09979,C03496,P08755,R05187
L09980,C07238,P04852,R05714
L09981,C05660,P08695,R08695
L09982,C06008,P04088,R03811
L09983,C07688,P01948,R09305
L09984,C00771,P08533,R01984
L09985,C02150,P06186,R08951
L09986,C07908,P07968,R03215
L09987,C06709,P07769,R01706
L09988,C04959,P08253,R05674
L09989,C02375,P04424,R01818
L09990,C00196,P09912,R08354
L09991,C03415,P01615,R02349
L09992,C04521,P09952,R08260
L09993,C08167,P07254,R03350
L09994,C04010,P05713,R06227
L09995,C06927,P02996,R00038
L09996,C08628,P03356,R02605
L09997,C01174,P04939,R08421
L09998,C04734,P04790,R05545
L09999,C08382,P06946,R08614
L10000,C03610,P02356,R08221