project_id,name,category,green_certified
P00001,Defense System Export to Poland,Defense,False
P00002,Automated Quality Inspection,Certification,False
P00003,Carbon Capture Installation,Energy,True
P00004,Industrial Robotics Export,Technology,False
P00005,Carbon Capture Installation,Energy,True
P00006,Electric Maritime Vessel,Maritime,True
P00007,Fertilizer Plant Upgrade,Chemicals,False
P00008,Carbon Capture Installation,Energy,True
P00009,Fertilizer Plant Upgrade,Chemicals,False
P00010,Automated Quality Inspection,Certification,False
P00011,Fertilizer Plant Upgrade,Chemicals,False
P00012,Automated Quality Inspection,Certification,False
P00013,Fertilizer Plant Upgrade,Chemicals,False
P00014,Smart Grid Installation,Energy,True
P00015,Fertilizer Plant Upgrade,Chemicals,False
P00016,Defense System Export to Poland,Defense,False
P00017,Industrial Robotics Export,Technology,False
P00018,Smart Grid Installation,Energy,True
P00019,Industrial Robotics Export,Technology,False
P00020,Smart Grid Installation,Energy,True
P00021,Industrial Robotics Export,Technology,False
P00022,Hydro Power Expansion,Energy,True
P00023,Fertilizer Plant Upgrade,Chemicals,False
P00024,Fertilizer Plant Upgrade,Chemicals,False
P00025,Automated Quality Inspection,Certification,False
P00026,Green Steel Plant,Metals,True
P00027,Automated Quality Inspection,Certification,False
P00028,Smart Grid Installation,Energy,True
P00029,Defense System Export to Poland,Defense,False
P00030,Industrial Robotics Export,Technology,False
P00031,Offshore Wind Turbine Delivery,Renewable Energy,True
P00032,Defense System Export to Poland,Defense,False
P00033,Smart Grid Installation,Energy,True
P00034,Electric Maritime Vessel,Maritime,True
P00035,Smart Grid Installation,Energy,True
P00036,Hydro Power Expansion,Energy,True
P00037,Green Steel Plant,Metals,True
P00038,Fertilizer Plant Upgrade,Chemicals,False
P00039,Fertilizer Plant Upgrade,Chemicals,False
P00040,Offshore Wind Turbine Delivery,Renewable Energy,True
P00041,Offshore Wind Turbine Delivery,Renewable Energy,True
P00042,Green Steel Plant,Metals,True
P00043,Industrial Robotics Export,Technology,False
P00044,Electric Maritime Vessel,Maritime,True
P00045,Green Steel Plant,Metals,True
P00046,Offshore Wind Turbine Delivery,Renewable Energy,True
P00047,Electric Maritime Vessel,Maritime,True
P00048,Offshore Wind Turbine Delivery,Renewable Energy,True
P00049,Automated Quality Inspection,Certification,False
P00050,Electric Maritime Vessel,Maritime,True
P00051,Offshore Wind Turbine Delivery,Renewable Energy,True
P00052,Defense System Export to Poland,Defense,False
P00053,Hydro Power Expansion,Energy,True
P00054,Green Steel Plant,Metals,True
P00055,Fertilizer Plant Upgrade,Chemicals,False
P00056,Fertilizer Plant Upgrade,Chemicals,False
P00057,Carbon Capture Installation,Energy,True
P00058,Electric Maritime Vessel,Maritime,True
P00059,Hydro Power Expansion,Energy,True
P00060,Carbon Capture Installation,Energy,True
P00061,Offshore Wind Turbine Delivery,Renewable Energy,True
P00062,Smart Grid Installation,Energy,True
P00063,Defense System Export to Poland,Defense,False
P00064,Carbon Capture Installation,Energy,True
P00065,Defense System Export to Poland,Defense,False
P00066,Defense System Export to Poland,Defense,False
P00067,Smart Grid Installation,Energy,True
P00068,Green Steel Plant,Metals,True
P00069,Electric Maritime Vessel,Maritime,True
P00070,Carbon Capture Installation,Energy,True
P00071,Hydro Power Expansion,Energy,True
P00072,Automated Quality Inspection,Certification,False
P00073,Industrial Robotics Export,Technology,False
P00074,Offshore Wind Turbine Delivery,Renewable Energy,True
P00075,Green Steel Plant,Metals,True
P00076,Carbon Capture Installation,Energy,True
P00077,Fertilizer Plant Upgrade,Chemicals,False
P00078,Automated Quality Inspection,Certification,False
P00079,Smart Grid Installation,Energy,True
P00080,Automated Quality Inspection,Certification,False
P00081,Green Steel Plant,Metals,True
P00082,Industrial Robotics Export,Technology,False
P00083,Green Steel Plant,Metals,True
P00084,Fertilizer Plant Upgrade,Chemicals,False
P00085,Hydro Power Expansion,Energy,True
P00086,Green Steel Plant,Metals,True
P00087,Hydro Power Expansion,Energy,True
P00088,Carbon Capture Installation,Energy,True
P00089,Smart Grid Installation,Energy,True
P00090,Green Steel Plant,Metals,True
P00091,Fertilizer Plant Upgrade,Chemicals,False
P00092,Defense System Export to Poland,Defense,False
P00093,Carbon Capture Installation,Energy,True
P00094,Smart Grid Installation,Energy,True
P00095,Fertilizer Plant Upgrade,Chemicals,False
P00096,Carbon Capture Installation,Energy,True
P00097,Fertilizer Plant Upgrade,Chemicals,False
P00098,Electric Maritime Vessel,Maritime,True
P00099,Smart Grid Installation,Energy,True
P00100,Industrial Robotics Export,Technology,False
P00101,Defense System Export to Poland,Defense,False
P00102,Green Steel Plant,Metals,True
P00103,Hydro Power Expansion,Energy,True
P00104,Industrial Robotics Export,Technology,False
P00105,Industrial Robotics Export,Technology,False
P00106,Electric Maritime Vessel,Maritime,True
P00107,Hydro Power Expansion,Energy,True
P00108,Defense System Export to Poland,Defense,False
P00109,Hydro Power Expansion,Energy,True
P00110,Green Steel Plant,Metals,True
P00111,Defense System Export to Poland,Defense,False
P00112,Smart Grid Installation,Energy,True
P00113,Fertilizer Plant Upgrade,Chemicals,False
P00114,Defense System Export to Poland,Defense,False
P00115,Automated Quality Inspection,Certification,False
P00116,Industrial Robotics Export,Technology,False
P00117,Fertilizer Plant Upgrade,Chemicals,False
P00118,Industrial Robotics Export,Technology,False
P00119,Industrial Robotics Export,Technology,False
P00120,Industrial Robotics Export,Technology,False
P00121,Fertilizer Plant Upgrade,Chemicals,False
P00122,Green Steel Plant,Metals,True
P00123,Electric Maritime Vessel,Maritime,True
P00124,Offshore Wind Turbine Delivery,Renewable Energy,True
P00125,Hydro Power Expansion,Energy,True
P00126,Fertilizer Plant Upgrade,Chemicals,False
P00127,Fertilizer Plant Upgrade,Chemicals,False
P00128,Hydro Power Expansion,Energy,True
P00129,Automated Quality Inspection,Certification,False
P00130,Green Steel Plant,Metals,True
P00131,Automated Quality Inspection,Certification,False
P00132,Smart Grid Installation,Energy,True
P00133,Automated Quality Inspection,Certification,False
P00134,Automated Quality Inspection,Certification,False
P00135,Fertilizer Plant Upgrade,Chemicals,False
P00136,Industrial Robotics Export,Technology,False
P00137,Hydro Power Expansion,Energy,True
P00138,Fertilizer Plant Upgrade,Chemicals,False
P00139,Defense System Export to Poland,Defense,False
P00140,Industrial Robotics Export,Technology,False
P00141,Industrial Robotics Export,Technology,False
P00142,Fertilizer Plant Upgrade,Chemicals,False
P00143,Electric Maritime Vessel,Maritime,True
P00144,Carbon Capture Installation,Energy,True
P00145,Smart Grid Installation,Energy,True
P00146,Automated Quality Inspection,Certification,False
P00147,Defense System Export to Poland,Defense,False
P00148,Industrial Robotics Export,Technology,False
P00149,Fertilizer Plant Upgrade,Chemicals,False
P00150,Industrial Robotics Export,Technology,False
P00151,Hydro Power Expansion,Energy,True
P00152,Industrial Robotics Export,Technology,False
P00153,Carbon Capture Installation,Energy,True
P00154,Carbon Capture Installation,Energy,True
P00155,Electric Maritime Vessel,Maritime,True
P00156,Offshore Wind Turbine Delivery,Renewable Energy,True
P00157,Automated Quality Inspection,Certification,False
P00158,Smart Grid Installation,Energy,True
P00159,Smart Grid Installation,Energy,True
P00160,Defense System Export to Poland,Defense,False
P00161,Industrial Robotics Export,Technology,False
P00162,Industrial Robotics Export,Technology,False
P00163,Industrial Robotics Export,Technology,False
P00164,Offshore Wind Turbine Delivery,Renewable Energy,True
P00165,Defense System Export to Poland,Defense,False
P00166,Automated Quality Inspection,Certification,False
P00167,Electric Maritime Vessel,Maritime,True
P00168,Industrial Robotics Export,Technology,False
P00169,Automated Quality Inspection,Certification,False
P00170,Carbon Capture Installation,Energy,True
P00171,Green Steel Plant,Metals,True
P00172,Defense System Export to Poland,Defense,False
P00173,Industrial Robotics Export,Technology,False
P00174,Hydro Power Expansion,Energy,True
P00175,Industrial Robotics Export,Technology,False
P00176,Offshore Wind Turbine Delivery,Renewable Energy,True
P00177,Hydro Power Expansion,Energy,True
P00178,Offshore Wind Turbine Delivery,Renewable Energy,True
P00179,Fertilizer Plant Upgrade,Chemicals,False
P00180,Offshore Wind Turbine Delivery,Renewable Energy,True
P00181,Hydro Power Expansion,Energy,True
P00182,Smart Grid Installation,Energy,True
P00183,Industrial Robotics Export,Technology,False
P00184,Defense System Export to Poland,Defense,False
P00185,Automated Quality Inspection,Certification,False
P00186,Hydro Power Expansion,Energy,True
P00187,Electric Maritime Vessel,Maritime,True
P00188,Electric Maritime Vessel,Maritime,True
P00189,Green Steel Plant,Metals,True
P00190,Industrial Robotics Export,Technology,False
P00191,Electric Maritime Vessel,Maritime,True
P00192,Automated Quality Inspection,Certification,False
P00193,Smart Grid Installation,Energy,True
P00194,Automated Quality Inspection,Certification,False
P00195,Industrial Robotics Export,Technology,False
P00196,Green Steel Plant,Metals,True
P00197,Electric Maritime Vessel,Maritime,True
P00198,Hydro Power Expansion,Energy,True
P00199,Defense System Export to Poland,Defense,False
P00200,Defense System Export to Poland,Defense,False
P00201,Fertilizer Plant Upgrade,Chemicals,False
P00202,Hydro Power Expansion,Energy,True
P00203,Automated Quality Inspection,Certification,False
P00204,Defense System Export to Poland,Defense,False
P00205,Industrial Robotics Export,Technology,False
P00206,Automated Quality Inspection,Certification,False
P00207,Green Steel Plant,Metals,True
P00208,Carbon Capture Installation,Energy,True
P00209,Hydro Power Expansion,Energy,True
P00210,Industrial Robotics Export,Technology,False
P00211,Automated Quality Inspection,Certification,False
P00212,Green Steel Plant,Metals,True
P00213,Automated Quality Inspection,Certification,False
P00214,Fertilizer Plant Upgrade,Chemicals,False
P00215,Hydro Power Expansion,Energy,True
P00216,Automated Quality Inspection,Certification,False
P00217,Electric Maritime Vessel,Maritime,True
P00218,Industrial Robotics Export,Technology,False
P00219,Smart Grid Installation,Energy,True
P00220,Industrial Robotics Export,Technology,False
P00221,Automated Quality Inspection,Certification,False
P00222,Offshore Wind Turbine Delivery,Renewable Energy,True
P00223,Electric Maritime Vessel,Maritime,True
P00224,Carbon Capture Installation,Energy,True
P00225,Fertilizer Plant Upgrade,Chemicals,False
P00226,Green Steel Plant,Metals,True
P00227,Electric Maritime Vessel,Maritime,True
P00228,Hydro Power Expansion,Energy,True
P00229,Offshore Wind Turbine Delivery,Renewable Energy,True
P00230,Green Steel Plant,Metals,True
P00231,Smart Grid Installation,Energy,True
P00232,Smart Grid Installation,Energy,True
P00233,Hydro Power Expansion,Energy,True
P00234,Defense System Export to Poland,Defense,False
P00235,Carbon Capture Installation,Energy,True
P00236,Hydro Power Expansion,Energy,True
P00237,Smart Grid Installation,Energy,True
P00238,Carbon Capture Installation,Energy,True
P00239,Defense System Export to Poland,Defense,False
P00240,Offshore Wind Turbine Delivery,Renewable Energy,True
P00241,Smart Grid Installation,Energy,True
P00242,Electric Maritime Vessel,Maritime,True
P00243,Defense System Export to Poland,Defense,False
P00244,Industrial Robotics Export,Technology,False
P00245,Hydro Power Expansion,Energy,True
P00246,Hydro Power Expansion,Energy,True
P00247,Offshore Wind Turbine Delivery,Renewable Energy,True
P00248,Electric Maritime Vessel,Maritime,True
P00249,Green Steel Plant,Metals,True
P00250,Industrial Robotics Export,Technology,False
P00251,Offshore Wind Turbine Delivery,Renewable Energy,True
P00252,Automated Quality Inspection,Certification,False
P00253,Defense System Export to Poland,Defense,False
P00254,Fertilizer Plant Upgrade,Chemicals,False
P00255,Smart Grid Installation,Energy,True
P00256,Smart Grid Installation,Energy,True
P00257,Offshore Wind Turbine Delivery,Renewable Energy,True
P00258,Defense System Export to Poland,Defense,False
P00259,Automated Quality Inspection,Certification,False
P00260,Electric Maritime Vessel,Maritime,True
P00261,Industrial Robotics Export,Technology,False
P00262,Fertilizer Plant Upgrade,Chemicals,False
P00263,Industrial Robotics Export,Technology,False
P00264,Green Steel Plant,Metals,True
P00265,Carbon Capture Installation,Energy,True
P00266,Carbon Capture Installation,Energy,True
P00267,Industrial Robotics Export,Technology,False
P00268,Electric Maritime Vessel,Maritime,True
P00269,Defense System Export to Poland,Defense,False
P00270,Carbon Capture Installation,Energy,True
P00271,Fertilizer Plant Upgrade,Chemicals,False
P00272,Industrial Robotics Export,Technology,False
P00273,Fertilizer Plant Upgrade,Chemicals,False
P00274,Electric Maritime Vessel,Maritime,True
P00275,Carbon Capture Installation,Energy,True
P00276,Automated Quality Inspection,Certification,False
P00277,Electric Maritime Vessel,Maritime,True
P00278,Smart Grid Installation,Energy,True
P00279,Offshore Wind Turbine Delivery,Renewable Energy,True
P00280,Carbon Capture Installation,Energy,True
P00281,Defense System Export to Poland,Defense,False
P00282,Carbon Capture Installation,Energy,True
P00283,Offshore Wind Turbine Delivery,Renewable Energy,True
P00284,Electric Maritime Vessel,Maritime,True
P00285,Defense System Export to Poland,Defense,False
P00286,Green Steel Plant,Metals,True
P00287,Smart Grid Installation,Energy,True
P00288,Green Steel Plant,Metals,True
P00289,Smart Grid Installation,Energy,True
P00290,Carbon Capture Installation,Energy,True
P00291,Fertilizer Plant Upgrade,Chemicals,False
P00292,Electric Maritime Vessel,Maritime,True
P00293,Offshore Wind Turbine Delivery,Renewable Energy,True
P00294,Fertilizer Plant Upgrade,Chemicals,False
P00295,Defense System Export to Poland,Defense,False
P00296,Fertilizer Plant Upgrade,Chemicals,False
P00297,Automated Quality Inspection,Certification,False
P00298,Smart Grid Installation,Energy,True
P00299,Carbon Capture Installation,Energy,True
P00300,Industrial Robotics Export,Technology,False
P00301,Electric Maritime Vessel,Maritime,True
P00302,Electric Maritime Vessel,Maritime,True
P00303,Fertilizer Plant Upgrade,Chemicals,False
P00304,Green Steel Plant,Metals,True
P00305,Offshore Wind Turbine Delivery,Renewable Energy,True
P00306,Offshore Wind Turbine Delivery,Renewable Energy,True
P00307,Carbon Capture Installation,Energy,True
P00308,Green Steel Plant,Metals,True
P00309,Fertilizer Plant Upgrade,Chemicals,False
P00310,Offshore Wind Turbine Delivery,Renewable Energy,True
P00311,Defense System Export to Poland,Defense,False
P00312,Electric Maritime Vessel,Maritime,True
P00313,Automated Quality Inspection,Certification,False
P00314,Green Steel Plant,Metals,True
P00315,Hydro Power Expansion,Energy,True
P00316,Smart Grid Installation,Energy,True
P00317,Automated Quality Inspection,Certification,False
P00318,Electric Maritime Vessel,Maritime,True
P00319,Hydro Power Expansion,Energy,True
P00320,Offshore Wind Turbine Delivery,Renewable Energy,True
P00321,Offshore Wind Turbine Delivery,Renewable Energy,True
P00322,Offshore Wind Turbine Delivery,Renewable Energy,True
P00323,Fertilizer Plant Upgrade,Chemicals,False
P00324,Hydro Power Expansion,Energy,True
P00325,Industrial Robotics Export,Technology,False
P00326,Fertilizer Plant Upgrade,Chemicals,False
P00327,Defense System Export to Poland,Defense,False
P00328,Smart Grid Installation,Energy,True
P00329,Green Steel Plant,Metals,True
P00330,Electric Maritime Vessel,Maritime,True
P00331,Electric Maritime Vessel,Maritime,True
P00332,Smart Grid Installation,Energy,True
P00333,Smart Grid Installation,Energy,True
P00334,Industrial Robotics Export,Technology,False
P00335,Carbon Capture Installation,Energy,True
P00336,Carbon Capture Installation,Energy,True
P00337,Carbon Capture Installation,Energy,True
P00338,Industrial Robotics Export,Technology,False
P00339,Automated Quality Inspection,Certification,False
P00340,Offshore Wind Turbine Delivery,Renewable Energy,True
P00341,Defense System Export to Poland,Defense,False
P00342,Smart Grid Installation,Energy,True
P00343,Electric Maritime Vessel,Maritime,True
P00344,Smart Grid Installation,Energy,True
P00345,Hydro Power Expansion,Energy,True
P00346,Electric Maritime Vessel,Maritime,True
P00347,Green Steel Plant,Metals,True
P00348,Carbon Capture Installation,Energy,True
P00349,Hydro Power Expansion,Energy,True
P00350,Automated Quality Inspection,Certification,False
P00351,Automated Quality Inspection,Certification,False
P00352,Carbon Capture Installation,Energy,True
P00353,Automated Quality Inspection,Certification,False
P00354,Hydro Power Expansion,Energy,True
P00355,Industrial Robotics Export,Technology,False
P00356,Electric Maritime Vessel,Maritime,True
P00357,Automated Quality Inspection,Certification,False
P00358,Automated Quality Inspection,Certification,False
P00359,Smart Grid Installation,Energy,True
P00360,Green Steel Plant,Metals,True
P00361,Electric Maritime Vessel,Maritime,True
P00362,Electric Maritime Vessel,Maritime,True
P00363,Green Steel Plant,Metals,True
P00364,Industrial Robotics Export,Technology,False
P00365,Green Steel Plant,Metals,True
P00366,Electric Maritime Vessel,Maritime,True
P00367,Smart Grid Installation,Energy,True
P00368,Smart Grid Installation,Energy,True
P00369,Offshore Wind Turbine Delivery,Renewable Energy,True
P00370,Hydro Power Expansion,Energy,True
P00371,Automated Quality Inspection,Certification,False
P00372,Industrial Robotics Export,Technology,False
P00373,Defense System Export to Poland,Defense,False
P00374,Automated Quality Inspection,Certification,False
P00375,Fertilizer Plant Upgrade,Chemicals,False
P00376,Green Steel Plant,Metals,True
P00377,Industrial Robotics Export,Technology,False
P00378,Automated Quality Inspection,Certification,False
P00379,Automated Quality Inspection,Certification,False
P00380,Industrial Robotics Export,Technology,False
P00381,Hydro Power Expansion,Energy,True
P00382,Hydro Power Expansion,Energy,True
P00383,Carbon Capture Installation,Energy,True
P00384,Automated Quality Inspection,Certification,False
P00385,Defense System Export to Poland,Defense,False
P00386,Hydro Power Expansion,Energy,True
P00387,Smart Grid Installation,Energy,True
P00388,Electric Maritime Vessel,Maritime,True
P00389,Fertilizer Plant Upgrade,Chemicals,False
P00390,Defense System Export to Poland,Defense,False
P00391,Carbon Capture Installation,Energy,True
P00392,Fertilizer Plant Upgrade,Chemicals,False
P00393,Hydro Power Expansion,Energy,True
P00394,Hydro Power Expansion,Energy,True
P00395,Hydro Power Expansion,Energy,True
P00396,Green Steel Plant,Metals,True
P00397,Green Steel Plant,Metals,True
P00398,Automated Quality Inspection,Certification,False
P00399,Industrial Robotics Export,Technology,False
P00400,Electric Maritime Vessel,Maritime,True
P00401,Defense System Export to Poland,Defense,False
P00402,Electric Maritime Vessel,Maritime,True
P00403,Electric Maritime Vessel,Maritime,True
P00404,Defense System Export to Poland,Defense,False
P00405,Fertilizer Plant Upgrade,Chemicals,False
P00406,Green Steel Plant,Metals,True
P00407,Electric Maritime Vessel,Maritime,True
P00408,Automated Quality Inspection,Certification,False
P00409,Smart Grid Installation,Energy,True
P00410,Smart Grid Installation,Energy,True
P00411,Green Steel Plant,Metals,True
P00412,Automated Quality Inspection,Certification,False
P00413,Automated Quality Inspection,Certification,False
P00414,Industrial Robotics Export,Technology,False
P00415,Automated Quality Inspection,Certification,False
P00416,Hydro Power Expansion,Energy,True
P00417,Smart Grid Installation,Energy,True
P00418,Electric Maritime Vessel,Maritime,True
P00419,Hydro Power Expansion,Energy,True
P00420,Carbon Capture Installation,Energy,True
P00421,Industrial Robotics Export,Technology,False
P00422,Fertilizer Plant Upgrade,Chemicals,False
P00423,Carbon Capture Installation,Energy,True
P00424,Defense System Export to Poland,Defense,False
P00425,Fertilizer Plant Upgrade,Chemicals,False
P00426,Fertilizer Plant Upgrade,Chemicals,False
P00427,Green Steel Plant,Metals,True
P00428,Offshore Wind Turbine Delivery,Renewable Energy,True
P00429,Electric Maritime Vessel,Maritime,True
P00430,Carbon Capture Installation,Energy,True
P00431,Automated Quality Inspection,Certification,False
P00432,Industrial Robotics Export,Technology,False
P00433,Carbon Capture Installation,Energy,True
P00434,Defense System Export to Poland,Defense,False
P00435,Fertilizer Plant Upgrade,Chemicals,False
P00436,Defense System Export to Poland,Defense,False
P00437,Fertilizer Plant Upgrade,Chemicals,False
P00438,Industrial Robotics Export,Technology,False
P00439,Fertilizer Plant Upgrade,Chemicals,False
P00440,Industrial Robotics Export,Technology,False
P00441,Electric Maritime Vessel,Maritime,True
P00442,Automated Quality Inspection,Certification,False
P00443,Green Steel Plant,Metals,True
P00444,Electric Maritime Vessel,Maritime,True
P00445,Green Steel Plant,Metals,True
P00446,Defense System Export to Poland,Defense,False
P00447,Carbon Capture Installation,Energy,True
P00448,Smart Grid Installation,Energy,True
P00449,Green Steel Plant,Metals,True
P00450,Green Steel Plant,Metals,True
P00451,Automated Quality Inspection,Certification,False
P00452,Smart Grid Installation,Energy,True
P00453,Automated Quality Inspection,Certification,False
P00454,Smart Grid Installation,Energy,True
P00455,Hydro Power Expansion,Energy,True
P00456,Green Steel Plant,Metals,True
P00457,Hydro Power Expansion,Energy,True
P00458,Offshore Wind Turbine Delivery,Renewable Energy,True
P00459,Automated Quality Inspection,Certification,False
P00460,Green Steel Plant,Metals,True
P00461,Industrial Robotics Export,Technology,False
P00462,Carbon Capture Installation,Energy,True
P00463,Defense System Export to Poland,Defense,False
P00464,Offshore Wind Turbine Delivery,Renewable Energy,True
P00465,Green Steel Plant,Metals,True
P00466,Smart Grid Installation,Energy,True
P00467,Fertilizer Plant Upgrade,Chemicals,False
P00468,Smart Grid Installation,Energy,True
P00469,Defense System Export to Poland,Defense,False
P00470,Hydro Power Expansion,Energy,True
P00471,Industrial Robotics Export,Technology,False
P00472,Carbon Capture Installation,Energy,True
P00473,Automated Quality Inspection,Certification,False
P00474,Smart Grid Installation,Energy,True
P00475,Fertilizer Plant Upgrade,Chemicals,False
P00476,Carbon Capture Installation,Energy,True
P00477,Green Steel Plant,Metals,True
P00478,Smart Grid Installation,Energy,True
P00479,Automated Quality Inspection,Certification,False
P00480,Industrial Robotics Export,Technology,False
P00481,Electric Maritime Vessel,Maritime,True
P00482,Offshore Wind Turbine Delivery,Renewable Energy,True
P00483,Hydro Power Expansion,Energy,True
P00484,Defense System Export to Poland,Defense,False
P00485,Carbon Capture Installation,Energy,True
P00486,Smart Grid Installation,Energy,True
P00487,Green Steel Plant,Metals,True
P00488,Carbon Capture Installation,Energy,True
P00489,Green Steel Plant,Metals,True
P00490,Offshore Wind Turbine Delivery,Renewable Energy,True
P00491,Defense System Export to Poland,Defense,False
P00492,Carbon Capture Installation,Energy,True
P00493,Carbon Capture Installation,Energy,True
P00494,Defense System Export to Poland,Defense,False
P00495,Carbon Capture Installation,Energy,True
P00496,Industrial Robotics Export,Technology,False
P00497,Defense System Export to Poland,Defense,False
P00498,Automated Quality Inspection,Certification,False
P00499,Automated Quality Inspection,Certification,False
P00500,Smart Grid Installation,Energy,True
P00501,Carbon Capture Installation,Energy,True
P00502,Green Steel Plant,Metals,True
P00503,Industrial Robotics Export,Technology,False
P00504,Carbon Capture Installation,Energy,True
P00505,Smart Grid Installation,Energy,True
P00506,Fertilizer Plant Upgrade,Chemicals,False
P00507,Hydro Power Expansion,Energy,True
P00508,Electric Maritime Vessel,Maritime,True
P00509,Industrial Robotics Export,Technology,False
P00510,Hydro Power Expansion,Energy,True
P00511,Industrial Robotics Export,Technology,False
P00512,Industrial Robotics Export,Technology,False
P00513,Electric Maritime Vessel,Maritime,True
P00514,Offshore Wind Turbine Delivery,Renewable Energy,True
P00515,Defense System Export to Poland,Defense,False
P00516,Fertilizer Plant Upgrade,Chemicals,False
P00517,Defense System Export to Poland,Defense,False
P00518,Industrial Robotics Export,Technology,False
P00519,Fertilizer Plant Upgrade,Chemicals,False
P00520,Carbon Capture Installation,Energy,True
P00521,Carbon Capture Installation,Energy,True
P00522,Carbon Capture Installation,Energy,True
P00523,Offshore Wind Turbine Delivery,Renewable Energy,True
P00524,Green Steel Plant,Metals,True
P00525,Hydro Power Expansion,Energy,True
P00526,Green Steel Plant,Metals,True
P00527,Fertilizer Plant Upgrade,Chemicals,False
P00528,Carbon Capture Installation,Energy,True
P00529,Carbon Capture Installation,Energy,True
P00530,Fertilizer Plant Upgrade,Chemicals,False
P00531,Fertilizer Plant Upgrade,Chemicals,False
P00532,Automated Quality Inspection,Certification,False
P00533,Offshore Wind Turbine Delivery,Renewable Energy,True
P00534,Carbon Capture Installation,Energy,True
P00535,Hydro Power Expansion,Energy,True
P00536,Fertilizer Plant Upgrade,Chemicals,False
P00537,Automated Quality Inspection,Certification,False
P00538,Fertilizer Plant Upgrade,Chemicals,False
P00539,Carbon Capture Installation,Energy,True
P00540,Hydro Power Expansion,Energy,True
P00541,Smart Grid Installation,Energy,True
P00542,Offshore Wind Turbine Delivery,Renewable Energy,True
P00543,Electric Maritime Vessel,Maritime,True
P00544,Green Steel Plant,Metals,True
P00545,Carbon Capture Installation,Energy,True
P00546,Green Steel Plant,Metals,True
P00547,Offshore Wind Turbine Delivery,Renewable Energy,True
P00548,Offshore Wind Turbine Delivery,Renewable Energy,True
P00549,Hydro Power Expansion,Energy,True
P00550,Hydro Power Expansion,Energy,True
P00551,Carbon Capture Installation,Energy,True
P00552,Automated Quality Inspection,Certification,False
P00553,Offshore Wind Turbine Delivery,Renewable Energy,True
P00554,Automated Quality Inspection,Certification,False
P00555,Defense System Export to Poland,Defense,False
P00556,Hydro Power Expansion,Energy,True
P00557,Automated Quality Inspection,Certification,False
P00558,Industrial Robotics Export,Technology,False
P00559,Carbon Capture Installation,Energy,True
P00560,Electric Maritime Vessel,Maritime,True
P00561,Electric Maritime Vessel,Maritime,True
P00562,Smart Grid Installation,Energy,True
P00563,Automated Quality Inspection,Certification,False
P00564,Smart Grid Installation,Energy,True
P00565,Offshore Wind Turbine Delivery,Renewable Energy,True
P00566,Industrial Robotics Export,Technology,False
P00567,Defense System Export to Poland,Defense,False
P00568,Defense System Export to Poland,Defense,False
P00569,Carbon Capture Installation,Energy,True
P00570,Smart Grid Installation,Energy,True
P00571,Smart Grid Installation,Energy,True
P00572,Defense System Export to Poland,Defense,False
P00573,Smart Grid Installation,Energy,True
P00574,Offshore Wind Turbine Delivery,Renewable Energy,True
P00575,Industrial Robotics Export,Technology,False
P00576,Automated Quality Inspection,Certification,False
P00577,Automated Quality Inspection,Certification,False
P00578,Offshore Wind Turbine Delivery,Renewable Energy,True
P00579,Industrial Robotics Export,Technology,False
P00580,Automated Quality Inspection,Certification,False
P00581,Green Steel Plant,Metals,True
P00582,Carbon Capture Installation,Energy,True
P00583,Carbon Capture Installation,Energy,True
P00584,Hydro Power Expansion,Energy,True
P00585,Fertilizer Plant Upgrade,Chemicals,False
P00586,Electric Maritime Vessel,Maritime,True
P00587,Electric Maritime Vessel,Maritime,True
P00588,Green Steel Plant,Metals,True
P00589,Defense System Export to Poland,Defense,False
P00590,Carbon Capture Installation,Energy,True
P00591,Hydro Power Expansion,Energy,True
P00592,Automated Quality Inspection,Certification,False
P00593,Offshore Wind Turbine Delivery,Renewable Energy,True
P00594,Hydro Power Expansion,Energy,True
P00595,Automated Quality Inspection,Certification,False
P00596,Automated Quality Inspection,Certification,False
P00597,Carbon Capture Installation,Energy,True
P00598,Green Steel Plant,Metals,True
P00599,Smart Grid Installation,Energy,True
P00600,Fertilizer Plant Upgrade,Chemicals,False
P00601,Defense System Export to Poland,Defense,False
P00602,Hydro Power Expansion,Energy,True
P00603,Offshore Wind Turbine Delivery,Renewable Energy,True
P00604,Smart Grid Installation,Energy,True
P00605,Fertilizer Plant Upgrade,Chemicals,False
P00606,Industrial Robotics Export,Technology,False
P00607,Hydro Power Expansion,Energy,True
P00608,Green Steel Plant,Metals,True
P00609,Defense System Export to Poland,Defense,False
P00610,Electric Maritime Vessel,Maritime,True
P00611,Defense System Export to Poland,Defense,False
P00612,Carbon Capture Installation,Energy,True
P00613,Smart Grid Installation,Energy,True
P00614,Defense System Export to Poland,Defense,False
P00615,Defense System Export to Poland,Defense,False
P00616,Defense System Export to Poland,Defense,False
P00617,Electric Maritime Vessel,Maritime,True
P00618,Electric Maritime Vessel,Maritime,True
P00619,Offshore Wind Turbine Delivery,Renewable Energy,True
P00620,Offshore Wind Turbine Delivery,Renewable Energy,True
P00621,Fertilizer Plant Upgrade,Chemicals,False
P00622,Smart Grid Installation,Energy,True
P00623,Fertilizer Plant Upgrade,Chemicals,False
P00624,Automated Quality Inspection,Certification,False
P00625,Green Steel Plant,Metals,True
P00626,Offshore Wind Turbine Delivery,Renewable Energy,True
P00627,Automated Quality Inspection,Certification,False
P00628,Smart Grid Installation,Energy,True
P00629,Defense System Export to Poland,Defense,False
P00630,Smart Grid Installation,Energy,True
P00631,Green Steel Plant,Metals,True
P00632,Industrial Robotics Export,Technology,False
P00633,Fertilizer Plant Upgrade,Chemicals,False
P00634,Offshore Wind Turbine Delivery,Renewable Energy,True
P00635,Electric Maritime Vessel,Maritime,True
P00636,Hydro Power Expansion,Energy,True
P00637,Defense System Export to Poland,Defense,False
P00638,Carbon Capture Installation,Energy,True
P00639,Smart Grid Installation,Energy,True
P00640,Automated Quality Inspection,Certification,False
P00641,Carbon Capture Installation,Energy,True
P00642,Industrial Robotics Export,Technology,False
P00643,Electric Maritime Vessel,Maritime,True
P00644,Fertilizer Plant Upgrade,Chemicals,False
P00645,Hydro Power Expansion,Energy,True
P00646,Automated Quality Inspection,Certification,False
P00647,Smart Grid Installation,Energy,True
P00648,Electric Maritime Vessel,Maritime,True
P00649,Green Steel Plant,Metals,True
P00650,Hydro Power Expansion,Energy,True
P00651,Smart Grid Installation,Energy,True
P00652,Green Steel Plant,Metals,True
P00653,Offshore Wind Turbine Delivery,Renewable Energy,True
P00654,Offshore Wind Turbine Delivery,Renewable Energy,True
P00655,Hydro Power Expansion,Energy,True
P00656,Defense System Export to Poland,Defense,False
P00657,Offshore Wind Turbine Delivery,Renewable Energy,True
P00658,Automated Quality Inspection,Certification,False
P00659,Smart Grid Installation,Energy,True
P00660,Carbon Capture Installation,Energy,True
P00661,Fertilizer Plant Upgrade,Chemicals,False
P00662,Smart Grid Installation,Energy,True
P00663,Smart Grid Installation,Energy,True
P00664,Green Steel Plant,Metals,True
P00665,Carbon Capture Installation,Energy,True
P00666,Carbon Capture Installation,Energy,True
P00667,Hydro Power Expansion,Energy,True
P00668,Smart Grid Installation,Energy,True
P00669,Green Steel Plant,Metals,True
P00670,Hydro Power Expansion,Energy,True
P00671,Hydro Power Expansion,Energy,True
P00672,Green Steel Plant,Metals,True
P00673,Electric Maritime Vessel,Maritime,True
P00674,Smart Grid Installation,Energy,True
P00675,Electric Maritime Vessel,Maritime,True
P00676,Carbon Capture Installation,Energy,True
P00677,Industrial Robotics Export,Technology,False
P00678,Green Steel Plant,Metals,True
P00679,Smart Grid Installation,Energy,True
P00680,Offshore Wind Turbine Delivery,Renewable Energy,True
P00681,Defense System Export to Poland,Defense,False
P00682,Defense System Export to Poland,Defense,False
P00683,Fertilizer Plant Upgrade,Chemicals,False
P00684,Defense System Export to Poland,Defense,False
P00685,Industrial Robotics Export,Technology,False
P00686,Defense System Export to Poland,Defense,False
P00687,Green Steel Plant,Metals,True
P00688,Defense System Export to Poland,Defense,False
P00689,Industrial Robotics Export,Technology,False
P00690,Smart Grid Installation,Energy,True
P00691,Smart Grid Installation,Energy,True
P00692,Automated Quality Inspection,Certification,False
P00693,Defense System Export to Poland,Defense,False
P00694,Fertilizer Plant Upgrade,Chemicals,False
P00695,Defense System Export to Poland,Defense,False
P00696,Smart Grid Installation,Energy,True
P00697,Hydro Power Expansion,Energy,True
P00698,Electric Maritime Vessel,Maritime,True
P00699,Smart Grid Installation,Energy,True
P00700,Industrial Robotics Export,Technology,False
P00701,Carbon Capture Installation,Energy,True
P00702,Electric Maritime Vessel,Maritime,True
P00703,Fertilizer Plant Upgrade,Chemicals,False
P00704,Automated Quality Inspection,Certification,False
P00705,Industrial Robotics Export,Technology,False
P00706,Offshore Wind Turbine Delivery,Renewable Energy,True
P00707,Automated Quality Inspection,Certification,False
P00708,Fertilizer Plant Upgrade,Chemicals,False
P00709,Industrial Robotics Export,Technology,False
P00710,Smart Grid Installation,Energy,True
P00711,Fertilizer Plant Upgrade,Chemicals,False
P00712,Defense System Export to Poland,Defense,False
P00713,Defense System Export to Poland,Defense,False
P00714,Electric Maritime Vessel,Maritime,True
P00715,Electric Maritime Vessel,Maritime,True
P00716,Electric Maritime Vessel,Maritime,True
P00717,Defense System Export to Poland,Defense,False
P00718,Hydro Power Expansion,Energy,True
P00719,Industrial Robotics Export,Technology,False
P00720,Automated Quality Inspection,Certification,False
P00721,Smart Grid Installation,Energy,True
P00722,Smart Grid Installation,Energy,True
P00723,Industrial Robotics Export,Technology,False
P00724,Carbon Capture Installation,Energy,True
P00725,Defense System Export to Poland,Defense,False
P00726,Green Steel Plant,Metals,True
P00727,Hydro Power Expansion,Energy,True
P00728,Offshore Wind Turbine Delivery,Renewable Energy,True
P00729,Carbon Capture Installation,Energy,True
P00730,Fertilizer Plant Upgrade,Chemicals,False
P00731,Electric Maritime Vessel,Maritime,True
P00732,Fertilizer Plant Upgrade,Chemicals,False
P00733,Hydro Power Expansion,Energy,True
P00734,Defense System Export to Poland,Defense,False
P00735,Industrial Robotics Export,Technology,False
P00736,Hydro Power Expansion,Energy,True
P00737,Automated Quality Inspection,Certification,False
P00738,Defense System Export to Poland,Defense,False
P00739,Green Steel Plant,Metals,True
P00740,Defense System Export to Poland,Defense,False
P00741,Fertilizer Plant Upgrade,Chemicals,False
P00742,Industrial Robotics Export,Technology,False
P00743,Green Steel Plant,Metals,True
P00744,Green Steel Plant,Metals,True
P00745,Industrial Robotics Export,Technology,False
P00746,Hydro Power Expansion,Energy,True
P00747,Hydro Power Expansion,Energy,True
P00748,Smart Grid Installation,Energy,True
P00749,Defense System Export to Poland,Defense,False
P00750,Offshore Wind Turbine Delivery,Renewable Energy,True
P00751,Smart Grid Installation,Energy,True
P00752,Green Steel Plant,Metals,True
P00753,Carbon Capture Installation,Energy,True
P00754,Smart Grid Installation,Energy,True
P00755,Automated Quality Inspection,Certification,False
P00756,Carbon Capture Installation,Energy,True
P00757,Automated Quality Inspection,Certification,False
P00758,Carbon Capture Installation,Energy,True
P00759,Offshore Wind Turbine Delivery,Renewable Energy,True
P00760,Fertilizer Plant Upgrade,Chemicals,False
P00761,Carbon Capture Installation,Energy,True
P00762,Smart Grid Installation,Energy,True
P00763,Automated Quality Inspection,Certification,False
P00764,Carbon Capture Installation,Energy,True
P00765,Electric Maritime Vessel,Maritime,True
P00766,Hydro Power Expansion,Energy,True
P00767,Fertilizer Plant Upgrade,Chemicals,False
P00768,Smart Grid Installation,Energy,True
P00769,Automated Quality Inspection,Certification,False
P00770,Offshore Wind Turbine Delivery,Renewable Energy,True
P00771,Offshore Wind Turbine Delivery,Renewable Energy,True
P00772,Green Steel Plant,Metals,True
P00773,Green Steel Plant,Metals,True
P00774,Offshore Wind Turbine Delivery,Renewable Energy,True
P00775,Smart Grid Installation,Energy,True
P00776,Automated Quality Inspection,Certification,False
P00777,Fertilizer Plant Upgrade,Chemicals,False
P00778,Fertilizer Plant Upgrade,Chemicals,False
P00779,Offshore Wind Turbine Delivery,Renewable Energy,True
P00780,Industrial Robotics Export,Technology,False
P00781,Automated Quality Inspection,Certification,False
P00782,Offshore Wind Turbine Delivery,Renewable Energy,True
P00783,Hydro Power Expansion,Energy,True
P00784,Carbon Capture Installation,Energy,True
P00785,Defense System Export to Poland,Defense,False
P00786,Carbon Capture Installation,Energy,True
P00787,Offshore Wind Turbine Delivery,Renewable Energy,True
P00788,Fertilizer Plant Upgrade,Chemicals,False
P00789,Defense System Export to Poland,Defense,False
P00790,Hydro Power Expansion,Energy,True
P00791,Carbon Capture Installation,Energy,True
P00792,Carbon Capture Installation,Energy,True
P00793,Carbon Capture Installation,Energy,True
P00794,Hydro Power Expansion,Energy,True
P00795,Electric Maritime Vessel,Maritime,True
P00796,Defense System Export to Poland,Defense,False
P00797,Defense System Export to Poland,Defense,False
P00798,Fertilizer Plant Upgrade,Chemicals,False
P00799,Defense System Export to Poland,Defense,False
P00800,Carbon Capture Installation,Energy,True
P00801,Smart Grid Installation,Energy,True
P00802,Green Steel Plant,Metals,True
P00803,Electric Maritime Vessel,Maritime,True
P00804,Hydro Power Expansion,Energy,True
P00805,Carbon Capture Installation,Energy,True
P00806,Carbon Capture Installation,Energy,True
P00807,Smart Grid Installation,Energy,True
P00808,Electric Maritime Vessel,Maritime,True
P00809,Industrial Robotics Export,Technology,False
P00810,Electric Maritime Vessel,Maritime,True
P00811,Industrial Robotics Export,Technology,False
P00812,Fertilizer Plant Upgrade,Chemicals,False
P00813,Fertilizer Plant Upgrade,Chemicals,False
P00814,Automated Quality Inspection,Certification,False
P00815,Fertilizer Plant Upgrade,Chemicals,False
P00816,Fertilizer Plant Upgrade,Chemicals,False
P00817,Offshore Wind Turbine Delivery,Renewable Energy,True
P00818,Hydro Power Expansion,Energy,True
P00819,Electric Maritime Vessel,Maritime,True
P00820,Fertilizer Plant Upgrade,Chemicals,False
P00821,Fertilizer Plant Upgrade,Chemicals,False
P00822,Smart Grid Installation,Energy,True
P00823,Automated Quality Inspection,Certification,False
P00824,Industrial Robotics Export,Technology,False
P00825,Offshore Wind Turbine Delivery,Renewable Energy,True
P00826,Carbon Capture Installation,Energy,True
P00827,Offshore Wind Turbine Delivery,Renewable Energy,True
P00828,Automated Quality Inspection,Certification,False
P00829,Hydro Power Expansion,Energy,True
P00830,Fertilizer Plant Upgrade,Chemicals,False
P00831,Electric Maritime Vessel,Maritime,True
P00832,Hydro Power Expansion,Energy,True
P00833,Fertilizer Plant Upgrade,Chemicals,False
P00834,Automated Quality Inspection,Certification,False
P00835,Offshore Wind Turbine Delivery,Renewable Energy,True
P00836,Smart Grid Installation,Energy,True
P00837,Carbon Capture Installation,Energy,True
P00838,Electric Maritime Vessel,Maritime,True
P00839,Industrial Robotics Export,Technology,False
P00840,Hydro Power Expansion,Energy,True
P00841,Automated Quality Inspection,Certification,False
P00842,Industrial Robotics Export,Technology,False
P00843,Hydro Power Expansion,Energy,True
P00844,Offshore Wind Turbine Delivery,Renewable Energy,True
P00845,Automated Quality Inspection,Certification,False
P00846,Automated Quality Inspection,Certification,False
P00847,Defense System Export to Poland,Defense,False
P00848,Fertilizer Plant Upgrade,Chemicals,False
P00849,Industrial Robotics Export,Technology,False
P00850,Smart Grid Installation,Energy,True
P00851,Green Steel Plant,Metals,True
P00852,Green Steel Plant,Metals,True
P00853,Defense System Export to Poland,Defense,False
P00854,Green Steel Plant,Metals,True
P00855,Electric Maritime Vessel,Maritime,True
P00856,Defense System Export to Poland,Defense,False
P00857,Industrial Robotics Export,Technology,False
P00858,Smart Grid Installation,Energy,True
P00859,Offshore Wind Turbine Delivery,Renewable Energy,True
P00860,Green Steel Plant,Metals,True
P00861,Defense System Export to Poland,Defense,False
P00862,Carbon Capture Installation,Energy,True
P00863,Fertilizer Plant Upgrade,Chemicals,False
P00864,Automated Quality Inspection,Certification,False
P00865,Hydro Power Expansion,Energy,True
P00866,Industrial Robotics Export,Technology,False
P00867,Automated Quality Inspection,Certification,False
P00868,Offshore Wind Turbine Delivery,Renewable Energy,True
P00869,Defense System Export to Poland,Defense,False
P00870,Smart Grid Installation,Energy,True
P00871,Hydro Power Expansion,Energy,True
P00872,Defense System Export to Poland,Defense,False
P00873,Carbon Capture Installation,Energy,True
P00874,Green Steel Plant,Metals,True
P00875,Carbon Capture Installation,Energy,True
P00876,Electric Maritime Vessel,Maritime,True
P00877,Industrial Robotics Export,Technology,False
P00878,Automated Quality Inspection,Certification,False
P00879,Electric Maritime Vessel,Maritime,True
P00880,Offshore Wind Turbine Delivery,Renewable Energy,True
P00881,Green Steel Plant,Metals,True
P00882,Industrial Robotics Export,Technology,False
P00883,Electric Maritime Vessel,Maritime,True
P00884,Electric Maritime Vessel,Maritime,True
P00885,Hydro Power Expansion,Energy,True
P00886,Smart Grid Installation,Energy,True
P00887,Industrial Robotics Export,Technology,False
P00888,Fertilizer Plant Upgrade,Chemicals,False
P00889,Smart Grid Installation,Energy,True
P00890,Green Steel Plant,Metals,True
P00891,Smart Grid Installation,Energy,True
P00892,Green Steel Plant,Metals,True
P00893,Defense System Export to Poland,Defense,False
P00894,Fertilizer Plant Upgrade,Chemicals,False
P00895,Hydro Power Expansion,Energy,True
P00896,Fertilizer Plant Upgrade,Chemicals,False
P00897,Green Steel Plant,Metals,True
P00898,Hydro Power Expansion,Energy,True
P00899,Offshore Wind Turbine Delivery,Renewable Energy,True
P00900,Fertilizer Plant Upgrade,Chemicals,False
P00901,Carbon Capture Installation,Energy,True
P00902,Offshore Wind Turbine Delivery,Renewable Energy,True
P00903,Carbon Capture Installation,Energy,True
P00904,Offshore Wind Turbine Delivery,Renewable Energy,True
P00905,Industrial Robotics Export,Technology,False
P00906,Smart Grid Installation,Energy,True
P00907,Smart Grid Installation,Energy,True
P00908,Smart Grid Installation,Energy,True
P00909,Fertilizer Plant Upgrade,Chemicals,False
P00910,Industrial Robotics Export,Technology,False
P00911,Hydro Power Expansion,Energy,True
P00912,Electric Maritime Vessel,Maritime,True
P00913,Offshore Wind Turbine Delivery,Renewable Energy,True
P00914,Smart Grid Installation,Energy,True
P00915,Hydro Power Expansion,Energy,True
P00916,Carbon Capture Installation,Energy,True
P00917,Hydro Power Expansion,Energy,True
P00918,Offshore Wind Turbine Delivery,Renewable Energy,True
P00919,Defense System Export to Poland,Defense,False
P00920,Offshore Wind Turbine Delivery,Renewable Energy,True
P00921,Automated Quality Inspection,Certification,False
P00922,Industrial Robotics Export,Technology,False
P00923,Electric Maritime Vessel,Maritime,True
P00924,Green Steel Plant,Metals,True
P00925,Fertilizer Plant Upgrade,Chemicals,False
P00926,Fertilizer Plant Upgrade,Chemicals,False
P00927,Hydro Power Expansion,Energy,True
P00928,Fertilizer Plant Upgrade,Chemicals,False
P00929,Automated Quality Inspection,Certification,False
P00930,Industrial Robotics Export,Technology,False
P00931,Fertilizer Plant Upgrade,Chemicals,False
P00932,Hydro Power Expansion,Energy,True
P00933,Automated Quality Inspection,Certification,False
P00934,Offshore Wind Turbine Delivery,Renewable Energy,True
P00935,Electric Maritime Vessel,Maritime,True
P00936,Electric Maritime Vessel,Maritime,True
P00937,Green Steel Plant,Metals,True
P00938,Hydro Power Expansion,Energy,True
P00939,Fertilizer Plant Upgrade,Chemicals,False
P00940,Green Steel Plant,Metals,True
P00941,Automated Quality Inspection,Certification,False
P00942,Green Steel Plant,Metals,True
P00943,Fertilizer Plant Upgrade,Chemicals,False
P00944,Hydro Power Expansion,Energy,True
P00945,Automated Quality Inspection,Certification,False
P00946,Automated Quality Inspection,Certification,False
P00947,Electric Maritime Vessel,Maritime,True
P00948,Offshore Wind Turbine Delivery,Renewable Energy,True
P00949,Carbon Capture Installation,Energy,True
P00950,Industrial Robotics Export,Technology,False
P00951,Offshore Wind Turbine Delivery,Renewable Energy,True
P00952,Fertilizer Plant Upgrade,Chemicals,False
P00953,Carbon Capture Installation,Energy,True
P00954,Automated Quality Inspection,Certification,False
P00955,Automated Quality Inspection,Certification,False
P00956,Offshore Wind Turbine Delivery,Renewable Energy,True
P00957,Carbon Capture Installation,Energy,True
P00958,Electric Maritime Vessel,Maritime,True
P00959,Offshore Wind Turbine Delivery,Renewable Energy,True
P00960,Automated Quality Inspection,Certification,False
P00961,Defense System Export to Poland,Defense,False
P00962,Defense System Export to Poland,Defense,False
P00963,Defense System Export to Poland,Defense,False
P00964,Green Steel Plant,Metals,True
P00965,Industrial Robotics Export,Technology,False
P00966,Carbon Capture Installation,Energy,True
P00967,Smart Grid Installation,Energy,True
P00968,Green Steel Plant,Metals,True
P00969,Electric Maritime Vessel,Maritime,True
P00970,Offshore Wind Turbine Delivery,Renewable Energy,True
P00971,Carbon Capture Installation,Energy,True
P00972,Defense System Export to Poland,Defense,False
P00973,Automated Quality Inspection,Certification,False
P00974,Offshore Wind Turbine Delivery,Renewable Energy,True
P00975,Hydro Power Expansion,Energy,True
P00976,Green Steel Plant,Metals,True
P00977,Automated Quality Inspection,Certification,False
P00978,Green Steel Plant,Metals,True
P00979,Industrial Robotics Export,Technology,False
P00980,Automated Quality Inspection,Certification,False
P00981,Offshore Wind Turbine Delivery,Renewable Energy,True
P00982,Offshore Wind Turbine Delivery,Renewable Energy,True
P00983,Hydro Power Expansion,Energy,True
P00984,Industrial Robotics Export,Technology,False
P00985,Automated Quality Inspection,Certification,False
P00986,Carbon Capture Installation,Energy,True
P00987,Defense System Export to Poland,Defense,False
P00988,Defense System Export to Poland,Defense,False
P00989,Smart Grid Installation,Energy,True
P00990,Fertilizer Plant Upgrade,Chemicals,False
P00991,Smart Grid Installation,Energy,True
P00992,Offshore Wind Turbine Delivery,Renewable Energy,True
P00993,Electric Maritime Vessel,Maritime,True
P00994,Automated Quality Inspection,Certification,False
P00995,Carbon Capture Installation,Energy,True
P00996,Green Steel Plant,Metals,True
P00997,Offshore Wind Turbine Delivery,Renewable Energy,True
P00998,Defense System Export to Poland,Defense,False
P00999,Hydro Power Expansion,Energy,True
P01000,Hydro Power Expansion,Energy,True
P01001,Offshore Wind Turbine Delivery,Renewable Energy,True
P01002,Smart Grid Installation,Energy,True
P01003,Electric Maritime Vessel,Maritime,True
P01004,Electric Maritime Vessel,Maritime,True
P01005,Hydro Power Expansion,Energy,True
P01006,Offshore Wind Turbine Delivery,Renewable Energy,True
P01007,Smart Grid Installation,Energy,True
P01008,Electric Maritime Vessel,Maritime,True
P01009,Fertilizer Plant Upgrade,Chemicals,False
P01010,Automated Quality Inspection,Certification,False
P01011,Industrial Robotics Export,Technology,False
P01012,Electric Maritime Vessel,Maritime,True
P01013,Defense System Export to Poland,Defense,False
P01014,Hydro Power Expansion,Energy,True
P01015,Carbon Capture Installation,Energy,True
P01016,Carbon Capture Installation,Energy,True
P01017,Carbon Capture Installation,Energy,True
P01018,Electric Maritime Vessel,Maritime,True
P01019,Fertilizer Plant Upgrade,Chemicals,False
P01020,Hydro Power Expansion,Energy,True
P01021,Carbon Capture Installation,Energy,True
P01022,Electric Maritime Vessel,Maritime,True
P01023,Fertilizer Plant Upgrade,Chemicals,False
P01024,Automated Quality Inspection,Certification,False
P01025,Hydro Power Expansion,Energy,True
P01026,Industrial Robotics Export,Technology,False
P01027,Hydro Power Expansion,Energy,True
P01028,Defense System Export to Poland,Defense,False
P01029,Fertilizer Plant Upgrade,Chemicals,False
P01030,Fertilizer Plant Upgrade,Chemicals,False
P01031,Green Steel Plant,Metals,True
P01032,Smart Grid Installation,Energy,True
P01033,Fertilizer Plant Upgrade,Chemicals,False
P01034,Smart Grid Installation,Energy,True
P01035,Defense System Export to Poland,Defense,False
P01036,Smart Grid Installation,Energy,True
P01037,Hydro Power Expansion,Energy,True
P01038,Offshore Wind Turbine Delivery,Renewable Energy,True
P01039,Smart Grid Installation,Energy,True
P01040,Defense System Export to Poland,Defense,False
P01041,Fertilizer Plant Upgrade,Chemicals,False
P01042,Industrial Robotics Export,Technology,False
P01043,Carbon Capture Installation,Energy,True
P01044,Fertilizer Plant Upgrade,Chemicals,False
P01045,Carbon Capture Installation,Energy,True
P01046,Industrial Robotics Export,Technology,False
P01047,Industrial Robotics Export,Technology,False
P01048,Green Steel Plant,Metals,True
P01049,Offshore Wind Turbine Delivery,Renewable Energy,True
P01050,Offshore Wind Turbine Delivery,Renewable Energy,True
P01051,Industrial Robotics Export,Technology,False
P01052,Smart Grid Installation,Energy,True
P01053,Smart Grid Installation,Energy,True
P01054,Hydro Power Expansion,Energy,True
P01055,Fertilizer Plant Upgrade,Chemicals,False
P01056,Offshore Wind Turbine Delivery,Renewable Energy,True
P01057,Smart Grid Installation,Energy,True
P01058,Offshore Wind Turbine Delivery,Renewable Energy,True
P01059,Green Steel Plant,Metals,True
P01060,Offshore Wind Turbine Delivery,Renewable Energy,True
P01061,Fertilizer Plant Upgrade,Chemicals,False
P01062,Hydro Power Expansion,Energy,True
P01063,Automated Quality Inspection,Certification,False
P01064,Carbon Capture Installation,Energy,True
P01065,Fertilizer Plant Upgrade,Chemicals,False
P01066,Electric Maritime Vessel,Maritime,True
P01067,Green Steel Plant,Metals,True
P01068,Offshore Wind Turbine Delivery,Renewable Energy,True
P01069,Automated Quality Inspection,Certification,False
P01070,Automated Quality Inspection,Certification,False
P01071,Hydro Power Expansion,Energy,True
P01072,Hydro Power Expansion,Energy,True
P01073,Hydro Power Expansion,Energy,True
P01074,Green Steel Plant,Metals,True
P01075,Green Steel Plant,Metals,True
P01076,Green Steel Plant,Metals,True
P01077,Automated Quality Inspection,Certification,False
P01078,Industrial Robotics Export,Technology,False
P01079,Green Steel Plant,Metals,True
P01080,Electric Maritime Vessel,Maritime,True
P01081,Smart Grid Installation,Energy,True
P01082,Automated Quality Inspection,Certification,False
P01083,Carbon Capture Installation,Energy,True
P01084,Fertilizer Plant Upgrade,Chemicals,False
P01085,Industrial Robotics Export,Technology,False
P01086,Offshore Wind Turbine Delivery,Renewable Energy,True
P01087,Green Steel Plant,Metals,True
P01088,Fertilizer Plant Upgrade,Chemicals,False
P01089,Offshore Wind Turbine Delivery,Renewable Energy,True
P01090,Green Steel Plant,Metals,True
P01091,Hydro Power Expansion,Energy,True
P01092,Hydro Power Expansion,Energy,True
P01093,Carbon Capture Installation,Energy,True
P01094,Smart Grid Installation,Energy,True
P01095,Industrial Robotics Export,Technology,False
P01096,Electric Maritime Vessel,Maritime,True
P01097,Automated Quality Inspection,Certification,False
P01098,Smart Grid Installation,Energy,True
P01099,Green Steel Plant,Metals,True
P01100,Carbon Capture Installation,Energy,True
P01101,Green Steel Plant,Metals,True
P01102,Fertilizer Plant Upgrade,Chemicals,False
P01103,Automated Quality Inspection,Certification,False
P01104,Automated Quality Inspection,Certification,False
P01105,Industrial Robotics Export,Technology,False
P01106,Fertilizer Plant Upgrade,Chemicals,False
P01107,Carbon Capture Installation,Energy,True
P01108,Carbon Capture Installation,Energy,True
P01109,Defense System Export to Poland,Defense,False
P01110,Fertilizer Plant Upgrade,Chemicals,False
P01111,Industrial Robotics Export,Technology,False
P01112,Automated Quality Inspection,Certification,False
P01113,Hydro Power Expansion,Energy,True
P01114,Industrial Robotics Export,Technology,False
P01115,Hydro Power Expansion,Energy,True
P01116,Smart Grid Installation,Energy,True
P01117,Fertilizer Plant Upgrade,Chemicals,False
P01118,Green Steel Plant,Metals,True
P01119,Offshore Wind Turbine Delivery,Renewable Energy,True
P01120,Smart Grid Installation,Energy,True
P01121,Smart Grid Installation,Energy,True
P01122,Offshore Wind Turbine Delivery,Renewable Energy,True
P01123,Carbon Capture Installation,Energy,True
P01124,Smart Grid Installation,Energy,True
P01125,Fertilizer Plant Upgrade,Chemicals,False
P01126,Smart Grid Installation,Energy,True
P01127,Electric Maritime Vessel,Maritime,True
P01128,Smart Grid Installation,Energy,True
P01129,Offshore Wind Turbine Delivery,Renewable Energy,True
P01130,Hydro Power Expansion,Energy,True
P01131,Defense System Export to Poland,Defense,False
P01132,Carbon Capture Installation,Energy,True
P01133,Automated Quality Inspection,Certification,False
P01134,Carbon Capture Installation,Energy,True
P01135,Smart Grid Installation,Energy,True
P01136,Automated Quality Inspection,Certification,False
P01137,Electric Maritime Vessel,Maritime,True
P01138,Fertilizer Plant Upgrade,Chemicals,False
P01139,Carbon Capture Installation,Energy,True
P01140,Defense System Export to Poland,Defense,False
P01141,Defense System Export to Poland,Defense,False
P01142,Hydro Power Expansion,Energy,True
P01143,Automated Quality Inspection,Certification,False
P01144,Industrial Robotics Export,Technology,False
P01145,Offshore Wind Turbine Delivery,Renewable Energy,True
P01146,Hydro Power Expansion,Energy,True
P01147,Industrial Robotics Export,Technology,False
P01148,Offshore Wind Turbine Delivery,Renewable Energy,True
P01149,Electric Maritime Vessel,Maritime,True
P01150,Fertilizer Plant Upgrade,Chemicals,False
P01151,Smart Grid Installation,Energy,True
P01152,Hydro Power Expansion,Energy,True
P01153,Hydro Power Expansion,Energy,True
P01154,Carbon Capture Installation,Energy,True
P01155,Fertilizer Plant Upgrade,Chemicals,False
P01156,Fertilizer Plant Upgrade,Chemicals,False
P01157,Hydro Power Expansion,Energy,True
P01158,Industrial Robotics Export,Technology,False
P01159,Electric Maritime Vessel,Maritime,True
P01160,Automated Quality Inspection,Certification,False
P01161,Industrial Robotics Export,Technology,False
P01162,Offshore Wind Turbine Delivery,Renewable Energy,True
P01163,Fertilizer Plant Upgrade,Chemicals,False
P01164,Carbon Capture Installation,Energy,True
P01165,Fertilizer Plant Upgrade,Chemicals,False
P01166,Electric Maritime Vessel,Maritime,True
P01167,Smart Grid Installation,Energy,True
P01168,Electric Maritime Vessel,Maritime,True
P01169,Defense System Export to Poland,Defense,False
P01170,Defense System Export to Poland,Defense,False
P01171,Electric Maritime Vessel,Maritime,True
P01172,Carbon Capture Installation,Energy,True
P01173,Carbon Capture Installation,Energy,True
P01174,Electric Maritime Vessel,Maritime,True
P01175,Electric Maritime Vessel,Maritime,True
P01176,Defense System Export to Poland,Defense,False
P01177,Electric Maritime Vessel,Maritime,True
P01178,Fertilizer Plant Upgrade,Chemicals,False
P01179,Automated Quality Inspection,Certification,False
P01180,Fertilizer Plant Upgrade,Chemicals,False
P01181,Fertilizer Plant Upgrade,Chemicals,False
P01182,Carbon Capture Installation,Energy,True
P01183,Industrial Robotics Export,Technology,False
P01184,Electric Maritime Vessel,Maritime,True
P01185,Fertilizer Plant Upgrade,Chemicals,False
P01186,Fertilizer Plant Upgrade,Chemicals,False
P01187,Defense System Export to Poland,Defense,False
P01188,Industrial Robotics Export,Technology,False
P01189,Fertilizer Plant Upgrade,Chemicals,False
P01190,Defense System Export to Poland,Defense,False
P01191,Industrial Robotics Export,Technology,False
P01192,Electric Maritime Vessel,Maritime,True
P01193,Electric Maritime Vessel,Maritime,True
P01194,Hydro Power Expansion,Energy,True
P01195,Offshore Wind Turbine Delivery,Renewable Energy,True
P01196,Offshore Wind Turbine Delivery,Renewable Energy,True
P01197,Industrial Robotics Export,Technology,False
P01198,Offshore Wind Turbine Delivery,Renewable Energy,True
P01199,Defense System Export to Poland,Defense,False
P01200,Offshore Wind Turbine Delivery,Renewable Energy,True
P01201,Automated Quality Inspection,Certification,False
P01202,Industrial Robotics Export,Technology,False
P01203,Hydro Power Expansion,Energy,True
P01204,Defense System Export to Poland,Defense,False
P01205,Smart Grid Installation,Energy,True
P01206,Defense System Export to Poland,Defense,False
P01207,Defense System Export to Poland,Defense,False
P01208,Electric Maritime Vessel,Maritime,True
P01209,Fertilizer Plant Upgrade,Chemicals,False
P01210,Defense System Export to Poland,Defense,False
P01211,Industrial Robotics Export,Technology,False
P01212,Defense System Export to Poland,Defense,False
P01213,Automated Quality Inspection,Certification,False
P01214,Fertilizer Plant Upgrade,Chemicals,False
P01215,Offshore Wind Turbine Delivery,Renewable Energy,True
P01216,Green Steel Plant,Metals,True
P01217,Green Steel Plant,Metals,True
P01218,Automated Quality Inspection,Certification,False
P01219,Carbon Capture Installation,Energy,True
P01220,Carbon Capture Installation,Energy,True
P01221,Automated Quality Inspection,Certification,False
P01222,Offshore Wind Turbine Delivery,Renewable Energy,True
P01223,Carbon Capture Installation,Energy,True
P01224,Offshore Wind Turbine Delivery,Renewable Energy,True
P01225,Electric Maritime Vessel,Maritime,True
P01226,Offshore Wind Turbine Delivery,Renewable Energy,True
P01227,Industrial Robotics Export,Technology,False
P01228,Defense System Export to Poland,Defense,False
P01229,Industrial Robotics Export,Technology,False
P01230,Green Steel Plant,Metals,True
P01231,Smart Grid Installation,Energy,True
P01232,Smart Grid Installation,Energy,True
P01233,Defense System Export to Poland,Defense,False
P01234,Offshore Wind Turbine Delivery,Renewable Energy,True
P01235,Smart Grid Installation,Energy,True
P01236,Defense System Export to Poland,Defense,False
P01237,Electric Maritime Vessel,Maritime,True
P01238,Hydro Power Expansion,Energy,True
P01239,Carbon Capture Installation,Energy,True
P01240,Electric Maritime Vessel,Maritime,True
P01241,Smart Grid Installation,Energy,True
P01242,Offshore Wind Turbine Delivery,Renewable Energy,True
P01243,Green Steel Plant,Metals,True
P01244,Electric Maritime Vessel,Maritime,True
P01245,Defense System Export to Poland,Defense,False
P01246,Hydro Power Expansion,Energy,True
P01247,Smart Grid Installation,Energy,True
P01248,Defense System Export to Poland,Defense,False
P01249,Hydro Power Expansion,Energy,True
P01250,Green Steel Plant,Metals,True
P01251,Automated Quality Inspection,Certification,False
P01252,Carbon Capture Installation,Energy,True
P01253,Fertilizer Plant Upgrade,Chemicals,False
P01254,Electric Maritime Vessel,Maritime,True
P01255,Industrial Robotics Export,Technology,False
P01256,Green Steel Plant,Metals,True
P01257,Electric Maritime Vessel,Maritime,True
P01258,Carbon Capture Installation,Energy,True
P01259,Smart Grid Installation,Energy,True
P01260,Smart Grid Installation,Energy,True
P01261,Electric Maritime Vessel,Maritime,True
P01262,Fertilizer Plant Upgrade,Chemicals,False
P01263,Green Steel Plant,Metals,True
P01264,Offshore Wind Turbine Delivery,Renewable Energy,True
P01265,Electric Maritime Vessel,Maritime,True
P01266,Hydro Power Expansion,Energy,True
P01267,Automated Quality Inspection,Certification,False
P01268,Carbon Capture Installation,Energy,True
P01269,Automated Quality Inspection,Certification,False
P01270,Offshore Wind Turbine Delivery,Renewable Energy,True
P01271,Green Steel Plant,Metals,True
P01272,Fertilizer Plant Upgrade,Chemicals,False
P01273,Carbon Capture Installation,Energy,True
P01274,Defense System Export to Poland,Defense,False
P01275,Green Steel Plant,Metals,True
P01276,Hydro Power Expansion,Energy,True
P01277,Fertilizer Plant Upgrade,Chemicals,False
P01278,Smart Grid Installation,Energy,True
P01279,Hydro Power Expansion,Energy,True
P01280,Defense System Export to Poland,Defense,False
P01281,Defense System Export to Poland,Defense,False
P01282,Smart Grid Installation,Energy,True
P01283,Fertilizer Plant Upgrade,Chemicals,False
P01284,Automated Quality Inspection,Certification,False
P01285,Offshore Wind Turbine Delivery,Renewable Energy,True
P01286,Defense System Export to Poland,Defense,False
P01287,Defense System Export to Poland,Defense,False
P01288,Carbon Capture Installation,Energy,True
P01289,Smart Grid Installation,Energy,True
P01290,Smart Grid Installation,Energy,True
P01291,Electric Maritime Vessel,Maritime,True
P01292,Industrial Robotics Export,Technology,False
P01293,Defense System Export to Poland,Defense,False
P01294,Electric Maritime Vessel,Maritime,True
P01295,Fertilizer Plant Upgrade,Chemicals,False
P01296,Industrial Robotics Export,Technology,False
P01297,Smart Grid Installation,Energy,True
P01298,Fertilizer Plant Upgrade,Chemicals,False
P01299,Hydro Power Expansion,Energy,True
P01300,Green Steel Plant,Metals,True
P01301,Automated Quality Inspection,Certification,False
P01302,Automated Quality Inspection,Certification,False
P01303,Electric Maritime Vessel,Maritime,True
P01304,Industrial Robotics Export,Technology,False
P01305,Industrial Robotics Export,Technology,False
P01306,Offshore Wind Turbine Delivery,Renewable Energy,True
P01307,Electric Maritime Vessel,Maritime,True
P01308,Automated Quality Inspection,Certification,False
P01309,Industrial Robotics Export,Technology,False
P01310,Offshore Wind Turbine Delivery,Renewable Energy,True
P01311,Industrial Robotics Export,Technology,False
P01312,Electric Maritime Vessel,Maritime,True
P01313,Electric Maritime Vessel,Maritime,True
P01314,Green Steel Plant,Metals,True
P01315,Industrial Robotics Export,Technology,False
P01316,Hydro Power Expansion,Energy,True
P01317,Green Steel Plant,Metals,True
P01318,Smart Grid Installation,Energy,True
P01319,Industrial Robotics Export,Technology,False
P01320,Defense System Export to Poland,Defense,False
P01321,Green Steel Plant,Metals,True
P01322,Carbon Capture Installation,Energy,True
P01323,Industrial Robotics Export,Technology,False
P01324,Offshore Wind Turbine Delivery,Renewable Energy,True
P01325,Electric Maritime Vessel,Maritime,True
P01326,Offshore Wind Turbine Delivery,Renewable Energy,True
P01327,Carbon Capture Installation,Energy,True
P01328,Industrial Robotics Export,Technology,False
P01329,Industrial Robotics Export,Technology,False
P01330,Fertilizer Plant Upgrade,Chemicals,False
P01331,Automated Quality Inspection,Certification,False
P01332,Carbon Capture Installation,Energy,True
P01333,Automated Quality Inspection,Certification,False
P01334,Industrial Robotics Export,Technology,False
P01335,Offshore Wind Turbine Delivery,Renewable Energy,True
P01336,Automated Quality Inspection,Certification,False
P01337,Green Steel Plant,Metals,True
P01338,Automated Quality Inspection,Certification,False
P01339,Electric Maritime Vessel,Maritime,True
P01340,Defense System Export to Poland,Defense,False
P01341,Automated Quality Inspection,Certification,False
P01342,Smart Grid Installation,Energy,True
P01343,Industrial Robotics Export,Technology,False
P01344,Fertilizer Plant Upgrade,Chemicals,False
P01345,Defense System Export to Poland,Defense,False
P01346,Smart Grid Installation,Energy,True
P01347,Automated Quality Inspection,Certification,False
P01348,Hydro Power Expansion,Energy,True
P01349,Automated Quality Inspection,Certification,False
P01350,Green Steel Plant,Metals,True
P01351,Automated Quality Inspection,Certification,False
P01352,Smart Grid Installation,Energy,True
P01353,Defense System Export to Poland,Defense,False
P01354,Offshore Wind Turbine Delivery,Renewable Energy,True
P01355,Defense System Export to Poland,Defense,False
P01356,Electric Maritime Vessel,Maritime,True
P01357,Electric Maritime Vessel,Maritime,True
P01358,Hydro Power Expansion,Energy,True
P01359,Fertilizer Plant Upgrade,Chemicals,False
P01360,Smart Grid Installation,Energy,True
P01361,Defense System Export to Poland,Defense,False
P01362,Electric Maritime Vessel,Maritime,True
P01363,Fertilizer Plant Upgrade,Chemicals,False
P01364,Green Steel Plant,Metals,True
P01365,Hydro Power Expansion,Energy,True
P01366,Green Steel Plant,Metals,True
P01367,Offshore Wind Turbine Delivery,Renewable Energy,True
P01368,Defense System Export to Poland,Defense,False
P01369,Electric Maritime Vessel,Maritime,True
P01370,Green Steel Plant,Metals,True
P01371,Offshore Wind Turbine Delivery,Renewable Energy,True
P01372,Defense System Export to Poland,Defense,False
P01373,Automated Quality Inspection,Certification,False
P01374,Offshore Wind Turbine Delivery,Renewable Energy,True
P01375,Automated Quality Inspection,Certification,False
P01376,Industrial Robotics Export,Technology,False
P01377,Automated Quality Inspection,Certification,False
P01378,Green Steel Plant,Metals,True
P01379,Industrial Robotics Export,Technology,False
P01380,Electric Maritime Vessel,Maritime,True
P01381,Automated Quality Inspection,Certification,False
P01382,Electric Maritime Vessel,Maritime,True
P01383,Industrial Robotics Export,Technology,False
P01384,Automated Quality Inspection,Certification,False
P01385,Fertilizer Plant Upgrade,Chemicals,False
P01386,Automated Quality Inspection,Certification,False
P01387,Electric Maritime Vessel,Maritime,True
P01388,Fertilizer Plant Upgrade,Chemicals,False
P01389,Defense System Export to Poland,Defense,False
P01390,Smart Grid Installation,Energy,True
P01391,Industrial Robotics Export,Technology,False
P01392,Fertilizer Plant Upgrade,Chemicals,False
P01393,Hydro Power Expansion,Energy,True
P01394,Offshore Wind Turbine Delivery,Renewable Energy,True
P01395,Defense System Export to Poland,Defense,False
P01396,Smart Grid Installation,Energy,True
P01397,Industrial Robotics Export,Technology,False
P01398,Electric Maritime Vessel,Maritime,True
P01399,Carbon Capture Installation,Energy,True
P01400,Defense System Export to Poland,Defense,False
P01401,Electric Maritime Vessel,Maritime,True
P01402,Hydro Power Expansion,Energy,True
P01403,Defense System Export to Poland,Defense,False
P01404,Industrial Robotics Export,Technology,False
P01405,Defense System Export to Poland,Defense,False
P01406,Industrial Robotics Export,Technology,False
P01407,Green Steel Plant,Metals,True
P01408,Green Steel Plant,Metals,True
P01409,Industrial Robotics Export,Technology,False
P01410,Electric Maritime Vessel,Maritime,True
P01411,Carbon Capture Installation,Energy,True
P01412,Smart Grid Installation,Energy,True
P01413,Automated Quality Inspection,Certification,False
P01414,Automated Quality Inspection,Certification,False
P01415,Industrial Robotics Export,Technology,False
P01416,Fertilizer Plant Upgrade,Chemicals,False
P01417,Industrial Robotics Export,Technology,False
P01418,Fertilizer Plant Upgrade,Chemicals,False
P01419,Defense System Export to Poland,Defense,False
P01420,Industrial Robotics Export,Technology,False
P01421,Defense System Export to Poland,Defense,False
P01422,Hydro Power Expansion,Energy,True
P01423,Smart Grid Installation,Energy,True
P01424,Green Steel Plant,Metals,True
P01425,Fertilizer Plant Upgrade,Chemicals,False
P01426,Fertilizer Plant Upgrade,Chemicals,False
P01427,Automated Quality Inspection,Certification,False
P01428,Industrial Robotics Export,Technology,False
P01429,Green Steel Plant,Metals,True
P01430,Carbon Capture Installation,Energy,True
P01431,Fertilizer Plant Upgrade,Chemicals,False
P01432,Fertilizer Plant Upgrade,Chemicals,False
P01433,Industrial Robotics Export,Technology,False
P01434,Industrial Robotics Export,Technology,False
P01435,Fertilizer Plant Upgrade,Chemicals,False
P01436,Electric Maritime Vessel,Maritime,True
P01437,Hydro Power Expansion,Energy,True
P01438,Defense System Export to Poland,Defense,False
P01439,Hydro Power Expansion,Energy,True
P01440,Smart Grid Installation,Energy,True
P01441,Offshore Wind Turbine Delivery,Renewable Energy,True
P01442,Offshore Wind Turbine Delivery,Renewable Energy,True
P01443,Carbon Capture Installation,Energy,True
P01444,Industrial Robotics Export,Technology,False
P01445,Defense System Export to Poland,Defense,False
P01446,Carbon Capture Installation,Energy,True
P01447,Hydro Power Expansion,Energy,True
P01448,Smart Grid Installation,Energy,True
P01449,Smart Grid Installation,Energy,True
P01450,Industrial Robotics Export,Technology,False
P01451,Fertilizer Plant Upgrade,Chemicals,False
P01452,Automated Quality Inspection,Certification,False
P01453,Carbon Capture Installation,Energy,True
P01454,Defense System Export to Poland,Defense,False
P01455,Carbon Capture Installation,Energy,True
P01456,Carbon Capture Installation,Energy,True
P01457,Hydro Power Expansion,Energy,True
P01458,Fertilizer Plant Upgrade,Chemicals,False
P01459,Defense System Export to Poland,Defense,False
P01460,Green Steel Plant,Metals,True
P01461,Green Steel Plant,Metals,True
P01462,Carbon Capture Installation,Energy,True
P01463,Defense System Export to Poland,Defense,False
P01464,Automated Quality Inspection,Certification,False
P01465,Green Steel Plant,Metals,True
P01466,Industrial Robotics Export,Technology,False
P01467,Automated Quality Inspection,Certification,False
P01468,Automated Quality Inspection,Certification,False
P01469,Defense System Export to Poland,Defense,False
P01470,Electric Maritime Vessel,Maritime,True
P01471,Green Steel Plant,Metals,True
P01472,Electric Maritime Vessel,Maritime,True
P01473,Automated Quality Inspection,Certification,False
P01474,Offshore Wind Turbine Delivery,Renewable Energy,True
P01475,Fertilizer Plant Upgrade,Chemicals,False
P01476,Fertilizer Plant Upgrade,Chemicals,False
P01477,Green Steel Plant,Metals,True
P01478,Industrial Robotics Export,Technology,False
P01479,Green Steel Plant,Metals,True
P01480,Smart Grid Installation,Energy,True
P01481,Green Steel Plant,Metals,True
P01482,Electric Maritime Vessel,Maritime,True
P01483,Offshore Wind Turbine Delivery,Renewable Energy,True
P01484,Electric Maritime Vessel,Maritime,True
P01485,Carbon Capture Installation,Energy,True
P01486,Offshore Wind Turbine Delivery,Renewable Energy,True
P01487,Automated Quality Inspection,Certification,False
P01488,Industrial Robotics Export,Technology,False
P01489,Fertilizer Plant Upgrade,Chemicals,False
P01490,Hydro Power Expansion,Energy,True
P01491,Offshore Wind Turbine Delivery,Renewable Energy,True
P01492,Electric Maritime Vessel,Maritime,True
P01493,Green Steel Plant,Metals,True
P01494,Green Steel Plant,Metals,True
P01495,Smart Grid Installation,Energy,True
P01496,Smart Grid Installation,Energy,True
P01497,Fertilizer Plant Upgrade,Chemicals,False
P01498,Green Steel Plant,Metals,True
P01499,Green Steel Plant,Metals,True
P01500,Smart Grid Installation,Energy,True
P01501,Automated Quality Inspection,Certification,False
P01502,Electric Maritime Vessel,Maritime,True
P01503,Smart Grid Installation,Energy,True
P01504,Electric Maritime Vessel,Maritime,True
P01505,Automated Quality Inspection,Certification,False
P01506,Defense System Export to Poland,Defense,False
P01507,Fertilizer Plant Upgrade,Chemicals,False
P01508,Carbon Capture Installation,Energy,True
P01509,Electric Maritime Vessel,Maritime,True
P01510,Green Steel Plant,Metals,True
P01511,Automated Quality Inspection,Certification,False
P01512,Hydro Power Expansion,Energy,True
P01513,Defense System Export to Poland,Defense,False
P01514,Defense System Export to Poland,Defense,False
P01515,Smart Grid Installation,Energy,True
P01516,Hydro Power Expansion,Energy,True
P01517,Green Steel Plant,Metals,True
P01518,Industrial Robotics Export,Technology,False
P01519,Hydro Power Expansion,Energy,True
P01520,Fertilizer Plant Upgrade,Chemicals,False
P01521,Industrial Robotics Export,Technology,False
P01522,Green Steel Plant,Metals,True
P01523,Industrial Robotics Export,Technology,False
P01524,Green Steel Plant,Metals,True
P01525,Smart Grid Installation,Energy,True
P01526,Green Steel Plant,Metals,True
P01527,Hydro Power Expansion,Energy,True
P01528,Offshore Wind Turbine Delivery,Renewable Energy,True
P01529,Carbon Capture Installation,Energy,True
P01530,Smart Grid Installation,Energy,True
P01531,Industrial Robotics Export,Technology,False
P01532,Automated Quality Inspection,Certification,False
P01533,Carbon Capture Installation,Energy,True
P01534,Fertilizer Plant Upgrade,Chemicals,False
P01535,Hydro Power Expansion,Energy,True
P01536,Smart Grid Installation,Energy,True
P01537,Fertilizer Plant Upgrade,Chemicals,False
P01538,Hydro Power Expansion,Energy,True
P01539,Smart Grid Installation,Energy,True
P01540,Automated Quality Inspection,Certification,False
P01541,Industrial Robotics Export,Technology,False
P01542,Industrial Robotics Export,Technology,False
P01543,Industrial Robotics Export,Technology,False
P01544,Automated Quality Inspection,Certification,False
P01545,Green Steel Plant,Metals,True
P01546,Offshore Wind Turbine Delivery,Renewable Energy,True
P01547,Automated Quality Inspection,Certification,False
P01548,Industrial Robotics Export,Technology,False
P01549,Smart Grid Installation,Energy,True
P01550,Automated Quality Inspection,Certification,False
P01551,Industrial Robotics Export,Technology,False
P01552,Industrial Robotics Export,Technology,False
P01553,Offshore Wind Turbine Delivery,Renewable Energy,True
P01554,Carbon Capture Installation,Energy,True
P01555,Hydro Power Expansion,Energy,True
P01556,Industrial Robotics Export,Technology,False
P01557,Hydro Power Expansion,Energy,True
P01558,Automated Quality Inspection,Certification,False
P01559,Offshore Wind Turbine Delivery,Renewable Energy,True
P01560,Automated Quality Inspection,Certification,False
P01561,Hydro Power Expansion,Energy,True
P01562,Automated Quality Inspection,Certification,False
P01563,Defense System Export to Poland,Defense,False
P01564,Industrial Robotics Export,Technology,False
P01565,Offshore Wind Turbine Delivery,Renewable Energy,True
P01566,Hydro Power Expansion,Energy,True
P01567,Automated Quality Inspection,Certification,False
P01568,Electric Maritime Vessel,Maritime,True
P01569,Defense System Export to Poland,Defense,False
P01570,Fertilizer Plant Upgrade,Chemicals,False
P01571,Defense System Export to Poland,Defense,False
P01572,Automated Quality Inspection,Certification,False
P01573,Offshore Wind Turbine Delivery,Renewable Energy,True
P01574,Automated Quality Inspection,Certification,False
P01575,Fertilizer Plant Upgrade,Chemicals,False
P01576,Defense System Export to Poland,Defense,False
P01577,Smart Grid Installation,Energy,True
P01578,Offshore Wind Turbine Delivery,Renewable Energy,True
P01579,Hydro Power Expansion,Energy,True
P01580,Electric Maritime Vessel,Maritime,True
P01581,Smart Grid Installation,Energy,True
P01582,Industrial Robotics Export,Technology,False
P01583,Defense System Export to Poland,Defense,False
P01584,Smart Grid Installation,Energy,True
P01585,Carbon Capture Installation,Energy,True
P01586,Carbon Capture Installation,Energy,True
P01587,Industrial Robotics Export,Technology,False
P01588,Smart Grid Installation,Energy,True
P01589,Carbon Capture Installation,Energy,True
P01590,Carbon Capture Installation,Energy,True
P01591,Offshore Wind Turbine Delivery,Renewable Energy,True
P01592,Carbon Capture Installation,Energy,True
P01593,Electric Maritime Vessel,Maritime,True
P01594,Green Steel Plant,Metals,True
P01595,Automated Quality Inspection,Certification,False
P01596,Smart Grid Installation,Energy,True
P01597,Fertilizer Plant Upgrade,Chemicals,False
P01598,Automated Quality Inspection,Certification,False
P01599,Fertilizer Plant Upgrade,Chemicals,False
P01600,Automated Quality Inspection,Certification,False
P01601,Hydro Power Expansion,Energy,True
P01602,Green Steel Plant,Metals,True
P01603,Fertilizer Plant Upgrade,Chemicals,False
P01604,Defense System Export to Poland,Defense,False
P01605,Industrial Robotics Export,Technology,False
P01606,Carbon Capture Installation,Energy,True
P01607,Offshore Wind Turbine Delivery,Renewable Energy,True
P01608,Green Steel Plant,Metals,True
P01609,Fertilizer Plant Upgrade,Chemicals,False
P01610,Defense System Export to Poland,Defense,False
P01611,Defense System Export to Poland,Defense,False
P01612,Smart Grid Installation,Energy,True
P01613,Offshore Wind Turbine Delivery,Renewable Energy,True
P01614,Green Steel Plant,Metals,True
P01615,Defense System Export to Poland,Defense,False
P01616,Carbon Capture Installation,Energy,True
P01617,Electric Maritime Vessel,Maritime,True
P01618,Hydro Power Expansion,Energy,True
P01619,Hydro Power Expansion,Energy,True
P01620,Industrial Robotics Export,Technology,False
P01621,Smart Grid Installation,Energy,True
P01622,Green Steel Plant,Metals,True
P01623,Automated Quality Inspection,Certification,False
P01624,Automated Quality Inspection,Certification,False
P01625,Fertilizer Plant Upgrade,Chemicals,False
P01626,Defense System Export to Poland,Defense,False
P01627,Hydro Power Expansion,Energy,True
P01628,Defense System Export to Poland,Defense,False
P01629,Green Steel Plant,Metals,True
P01630,Automated Quality Inspection,Certification,False
P01631,Offshore Wind Turbine Delivery,Renewable Energy,True
P01632,Automated Quality Inspection,Certification,False
P01633,Green Steel Plant,Metals,True
P01634,Electric Maritime Vessel,Maritime,True
P01635,Offshore Wind Turbine Delivery,Renewable Energy,True
P01636,Offshore Wind Turbine Delivery,Renewable Energy,True
P01637,Fertilizer Plant Upgrade,Chemicals,False
P01638,Automated Quality Inspection,Certification,False
P01639,Automated Quality Inspection,Certification,False
P01640,Electric Maritime Vessel,Maritime,True
P01641,Fertilizer Plant Upgrade,Chemicals,False
P01642,Green Steel Plant,Metals,True
P01643,Automated Quality Inspection,Certification,False
P01644,Smart Grid Installation,Energy,True
P01645,Defense System Export to Poland,Defense,False
P01646,Fertilizer Plant Upgrade,Chemicals,False
P01647,Defense System Export to Poland,Defense,False
P01648,Defense System Export to Poland,Defense,False
P01649,Hydro Power Expansion,Energy,True
P01650,Smart Grid Installation,Energy,True
P01651,Smart Grid Installation,Energy,True
P01652,Smart Grid Installation,Energy,True
P01653,Fertilizer Plant Upgrade,Chemicals,False
P01654,Smart Grid Installation,Energy,True
P01655,Carbon Capture Installation,Energy,True
P01656,Hydro Power Expansion,Energy,True
P01657,Fertilizer Plant Upgrade,Chemicals,False
P01658,Industrial Robotics Export,Technology,False
P01659,Automated Quality Inspection,Certification,False
P01660,Carbon Capture Installation,Energy,True
P01661,Electric Maritime Vessel,Maritime,True
P01662,Green Steel Plant,Metals,True
P01663,Defense System Export to Poland,Defense,False
P01664,Carbon Capture Installation,Energy,True
P01665,Electric Maritime Vessel,Maritime,True
P01666,Hydro Power Expansion,Energy,True
P01667,Defense System Export to Poland,Defense,False
P01668,Smart Grid Installation,Energy,True
P01669,Fertilizer Plant Upgrade,Chemicals,False
P01670,Automated Quality Inspection,Certification,False
P01671,Fertilizer Plant Upgrade,Chemicals,False
P01672,Industrial Robotics Export,Technology,False
P01673,Green Steel Plant,Metals,True
P01674,Defense System Export to Poland,Defense,False
P01675,Smart Grid Installation,Energy,True
P01676,Green Steel Plant,Metals,True
P01677,Hydro Power Expansion,Energy,True
P01678,Green Steel Plant,Metals,True
P01679,Hydro Power Expansion,Energy,True
P01680,Fertilizer Plant Upgrade,Chemicals,False
P01681,Industrial Robotics Export,Technology,False
P01682,Fertilizer Plant Upgrade,Chemicals,False
P01683,Electric Maritime Vessel,Maritime,True
P01684,Smart Grid Installation,Energy,True
P01685,Automated Quality Inspection,Certification,False
P01686,Electric Maritime Vessel,Maritime,True
P01687,Industrial Robotics Export,Technology,False
P01688,Green Steel Plant,Metals,True
P01689,Green Steel Plant,Metals,True
P01690,Defense System Export to Poland,Defense,False
P01691,Green Steel Plant,Metals,True
P01692,Fertilizer Plant Upgrade,Chemicals,False
P01693,Offshore Wind Turbine Delivery,Renewable Energy,True
P01694,Automated Quality Inspection,Certification,False
P01695,Defense System Export to Poland,Defense,False
P01696,Electric Maritime Vessel,Maritime,True
P01697,Carbon Capture Installation,Energy,True
P01698,Fertilizer Plant Upgrade,Chemicals,False
P01699,Fertilizer Plant Upgrade,Chemicals,False
P01700,Industrial Robotics Export,Technology,False
P01701,Defense System Export to Poland,Defense,False
P01702,Industrial Robotics Export,Technology,False
P01703,Hydro Power Expansion,Energy,True
P01704,Green Steel Plant,Metals,True
P01705,Automated Quality Inspection,Certification,False
P01706,Defense System Export to Poland,Defense,False
P01707,Industrial Robotics Export,Technology,False
P01708,Carbon Capture Installation,Energy,True
P01709,Fertilizer Plant Upgrade,Chemicals,False
P01710,Industrial Robotics Export,Technology,False
P01711,Electric Maritime Vessel,Maritime,True
P01712,Green Steel Plant,Metals,True
P01713,Fertilizer Plant Upgrade,Chemicals,False
P01714,Industrial Robotics Export,Technology,False
P01715,Carbon Capture Installation,Energy,True
P01716,Carbon Capture Installation,Energy,True
P01717,Electric Maritime Vessel,Maritime,True
P01718,Hydro Power Expansion,Energy,True
P01719,Electric Maritime Vessel,Maritime,True
P01720,Green Steel Plant,Metals,True
P01721,Automated Quality Inspection,Certification,False
P01722,Fertilizer Plant Upgrade,Chemicals,False
P01723,Defense System Export to Poland,Defense,False
P01724,Electric Maritime Vessel,Maritime,True
P01725,Defense System Export to Poland,Defense,False
P01726,Green Steel Plant,Metals,True
P01727,Fertilizer Plant Upgrade,Chemicals,False
P01728,Green Steel Plant,Metals,True
P01729,Fertilizer Plant Upgrade,Chemicals,False
P01730,Electric Maritime Vessel,Maritime,True
P01731,Green Steel Plant,Metals,True
P01732,Hydro Power Expansion,Energy,True
P01733,Automated Quality Inspection,Certification,False
P01734,Fertilizer Plant Upgrade,Chemicals,False
P01735,Electric Maritime Vessel,Maritime,True
P01736,Carbon Capture Installation,Energy,True
P01737,Offshore Wind Turbine Delivery,Renewable Energy,True
P01738,Automated Quality Inspection,Certification,False
P01739,Defense System Export to Poland,Defense,False
P01740,Defense System Export to Poland,Defense,False
P01741,Electric Maritime Vessel,Maritime,True
P01742,Offshore Wind Turbine Delivery,Renewable Energy,True
P01743,Electric Maritime Vessel,Maritime,True
P01744,Defense System Export to Poland,Defense,False
P01745,Automated Quality Inspection,Certification,False
P01746,Industrial Robotics Export,Technology,False
P01747,Fertilizer Plant Upgrade,Chemicals,False
P01748,Fertilizer Plant Upgrade,Chemicals,False
P01749,Industrial Robotics Export,Technology,False
P01750,Green Steel Plant,Metals,True
P01751,Fertilizer Plant Upgrade,Chemicals,False
P01752,Industrial Robotics Export,Technology,False
P01753,Carbon Capture Installation,Energy,True
P01754,Defense System Export to Poland,Defense,False
P01755,Automated Quality Inspection,Certification,False
P01756,Hydro Power Expansion,Energy,True
P01757,Defense System Export to Poland,Defense,False
P01758,Industrial Robotics Export,Technology,False
P01759,Offshore Wind Turbine Delivery,Renewable Energy,True
P01760,Offshore Wind Turbine Delivery,Renewable Energy,True
P01761,Hydro Power Expansion,Energy,True
P01762,Electric Maritime Vessel,Maritime,True
P01763,Electric Maritime Vessel,Maritime,True
P01764,Automated Quality Inspection,Certification,False
P01765,Automated Quality Inspection,Certification,False
P01766,Carbon Capture Installation,Energy,True
P01767,Green Steel Plant,Metals,True
P01768,Hydro Power Expansion,Energy,True
P01769,Electric Maritime Vessel,Maritime,True
P01770,Electric Maritime Vessel,Maritime,True
P01771,Defense System Export to Poland,Defense,False
P01772,Carbon Capture Installation,Energy,True
P01773,Offshore Wind Turbine Delivery,Renewable Energy,True
P01774,Smart Grid Installation,Energy,True
P01775,Green Steel Plant,Metals,True
P01776,Fertilizer Plant Upgrade,Chemicals,False
P01777,Automated Quality Inspection,Certification,False
P01778,Hydro Power Expansion,Energy,True
P01779,Defense System Export to Poland,Defense,False
P01780,Industrial Robotics Export,Technology,False
P01781,Carbon Capture Installation,Energy,True
P01782,Electric Maritime Vessel,Maritime,True
P01783,Smart Grid Installation,Energy,True
P01784,Carbon Capture Installation,Energy,True
P01785,Defense System Export to Poland,Defense,False
P01786,Smart Grid Installation,Energy,True
P01787,Green Steel Plant,Metals,True
P01788,Defense System Export to Poland,Defense,False
P01789,Industrial Robotics Export,Technology,False
P01790,Smart Grid Installation,Energy,True
P01791,Defense System Export to Poland,Defense,False
P01792,Carbon Capture Installation,Energy,True
P01793,Green Steel Plant,Metals,True
P01794,Automated Quality Inspection,Certification,False
P01795,Offshore Wind Turbine Delivery,Renewable Energy,True
P01796,Defense System Export to Poland,Defense,False
P01797,Fertilizer Plant Upgrade,Chemicals,False
P01798,Defense System Export to Poland,Defense,False
P01799,Automated Quality Inspection,Certification,False
P01800,Fertilizer Plant Upgrade,Chemicals,False
P01801,Carbon Capture Installation,Energy,True
P01802,Defense System Export to Poland,Defense,False
P01803,Smart Grid Installation,Energy,True
P01804,Carbon Capture Installation,Energy,True
P01805,Defense System Export to Poland,Defense,False
P01806,Fertilizer Plant Upgrade,Chemicals,False
P01807,Smart Grid Installation,Energy,True
P01808,Electric Maritime Vessel,Maritime,True
P01809,Industrial Robotics Export,Technology,False
P01810,Smart Grid Installation,Energy,True
P01811,Defense System Export to Poland,Defense,False
P01812,Electric Maritime Vessel,Maritime,True
P01813,Smart Grid Installation,Energy,True
P01814,Carbon Capture Installation,Energy,True
P01815,Green Steel Plant,Metals,True
P01816,Defense System Export to Poland,Defense,False
P01817,Carbon Capture Installation,Energy,True
P01818,Electric Maritime Vessel,Maritime,True
P01819,Electric Maritime Vessel,Maritime,True
P01820,Automated Quality Inspection,Certification,False
P01821,Hydro Power Expansion,Energy,True
P01822,Defense System Export to Poland,Defense,False
P01823,Hydro Power Expansion,Energy,True
P01824,Fertilizer Plant Upgrade,Chemicals,False
P01825,Green Steel Plant,Metals,True
P01826,Hydro Power Expansion,Energy,True
P01827,Fertilizer Plant Upgrade,Chemicals,False
P01828,Smart Grid Installation,Energy,True
P01829,Carbon Capture Installation,Energy,True
P01830,Automated Quality Inspection,Certification,False
P01831,Carbon Capture Installation,Energy,True
P01832,Defense System Export to Poland,Defense,False
P01833,Defense System Export to Poland,Defense,False
P01834,Offshore Wind Turbine Delivery,Renewable Energy,True
P01835,Defense System Export to Poland,Defense,False
P01836,Smart Grid Installation,Energy,True
P01837,Defense System Export to Poland,Defense,False
P01838,Green Steel Plant,Metals,True
P01839,Electric Maritime Vessel,Maritime,True
P01840,Automated Quality Inspection,Certification,False
P01841,Fertilizer Plant Upgrade,Chemicals,False
P01842,Green Steel Plant,Metals,True
P01843,Carbon Capture Installation,Energy,True
P01844,Carbon Capture Installation,Energy,True
P01845,Offshore Wind Turbine Delivery,Renewable Energy,True
P01846,Defense System Export to Poland,Defense,False
P01847,Smart Grid Installation,Energy,True
P01848,Carbon Capture Installation,Energy,True
P01849,Automated Quality Inspection,Certification,False
P01850,Defense System Export to Poland,Defense,False
P01851,Electric Maritime Vessel,Maritime,True
P01852,Offshore Wind Turbine Delivery,Renewable Energy,True
P01853,Offshore Wind Turbine Delivery,Renewable Energy,True
P01854,Green Steel Plant,Metals,True
P01855,Automated Quality Inspection,Certification,False
P01856,Electric Maritime Vessel,Maritime,True
P01857,Industrial Robotics Export,Technology,False
P01858,Automated Quality Inspection,Certification,False
P01859,Industrial Robotics Export,Technology,False
P01860,Green Steel Plant,Metals,True
P01861,Hydro Power Expansion,Energy,True
P01862,Smart Grid Installation,Energy,True
P01863,Carbon Capture Installation,Energy,True
P01864,Carbon Capture Installation,Energy,True
P01865,Offshore Wind Turbine Delivery,Renewable Energy,True
P01866,Green Steel Plant,Metals,True
P01867,Defense System Export to Poland,Defense,False
P01868,Automated Quality Inspection,Certification,False
P01869,Electric Maritime Vessel,Maritime,True
P01870,Offshore Wind Turbine Delivery,Renewable Energy,True
P01871,Smart Grid Installation,Energy,True
P01872,Automated Quality Inspection,Certification,False
P01873,Electric Maritime Vessel,Maritime,True
P01874,Electric Maritime Vessel,Maritime,True
P01875,Green Steel Plant,Metals,True
P01876,Hydro Power Expansion,Energy,True
P01877,Defense System Export to Poland,Defense,False
P01878,Offshore Wind Turbine Delivery,Renewable Energy,True
P01879,Green Steel Plant,Metals,True
P01880,Smart Grid Installation,Energy,True
P01881,Smart Grid Installation,Energy,True
P01882,Hydro Power Expansion,Energy,True
P01883,Smart Grid Installation,Energy,True
P01884,Electric Maritime Vessel,Maritime,True
P01885,Carbon Capture Installation,Energy,True
P01886,Fertilizer Plant Upgrade,Chemicals,False
P01887,Offshore Wind Turbine Delivery,Renewable Energy,True
P01888,Automated Quality Inspection,Certification,False
P01889,Fertilizer Plant Upgrade,Chemicals,False
P01890,Automated Quality Inspection,Certification,False
P01891,Electric Maritime Vessel,Maritime,True
P01892,Hydro Power Expansion,Energy,True
P01893,Offshore Wind Turbine Delivery,Renewable Energy,True
P01894,Smart Grid Installation,Energy,True
P01895,Carbon Capture Installation,Energy,True
P01896,Green Steel Plant,Metals,True
P01897,Defense System Export to Poland,Defense,False
P01898,Hydro Power Expansion,Energy,True
P01899,Smart Grid Installation,Energy,True
P01900,Smart Grid Installation,Energy,True
P01901,Smart Grid Installation,Energy,True
P01902,Automated Quality Inspection,Certification,False
P01903,Smart Grid Installation,Energy,True
P01904,Offshore Wind Turbine Delivery,Renewable Energy,True
P01905,Hydro Power Expansion,Energy,True
P01906,Electric Maritime Vessel,Maritime,True
P01907,Electric Maritime Vessel,Maritime,True
P01908,Automated Quality Inspection,Certification,False
P01909,Defense System Export to Poland,Defense,False
P01910,Smart Grid Installation,Energy,True
P01911,Electric Maritime Vessel,Maritime,True
P01912,Fertilizer Plant Upgrade,Chemicals,False
P01913,Industrial Robotics Export,Technology,False
P01914,Carbon Capture Installation,Energy,True
P01915,Green Steel Plant,Metals,True
P01916,Fertilizer Plant Upgrade,Chemicals,False
P01917,Hydro Power Expansion,Energy,True
P01918,Industrial Robotics Export,Technology,False
P01919,Smart Grid Installation,Energy,True
P01920,Green Steel Plant,Metals,True
P01921,Industrial Robotics Export,Technology,False
P01922,Smart Grid Installation,Energy,True
P01923,Fertilizer Plant Upgrade,Chemicals,False
P01924,Fertilizer Plant Upgrade,Chemicals,False
P01925,Smart Grid Installation,Energy,True
P01926,Electric Maritime Vessel,Maritime,True
P01927,Defense System Export to Poland,Defense,False
P01928,Offshore Wind Turbine Delivery,Renewable Energy,True
P01929,Defense System Export to Poland,Defense,False
P01930,Smart Grid Installation,Energy,True
P01931,Green Steel Plant,Metals,True
P01932,Hydro Power Expansion,Energy,True
P01933,Carbon Capture Installation,Energy,True
P01934,Industrial Robotics Export,Technology,False
P01935,Electric Maritime Vessel,Maritime,True
P01936,Hydro Power Expansion,Energy,True
P01937,Electric Maritime Vessel,Maritime,True
P01938,Fertilizer Plant Upgrade,Chemicals,False
P01939,Defense System Export to Poland,Defense,False
P01940,Automated Quality Inspection,Certification,False
P01941,Automated Quality Inspection,Certification,False
P01942,Carbon Capture Installation,Energy,True
P01943,Fertilizer Plant Upgrade,Chemicals,False
P01944,Electric Maritime Vessel,Maritime,True
P01945,Defense System Export to Poland,Defense,False
P01946,Carbon Capture Installation,Energy,True
P01947,Fertilizer Plant Upgrade,Chemicals,False
P01948,Automated Quality Inspection,Certification,False
P01949,Offshore Wind Turbine Delivery,Renewable Energy,True
P01950,Automated Quality Inspection,Certification,False
P01951,Carbon Capture Installation,Energy,True
P01952,Defense System Export to Poland,Defense,False
P01953,Smart Grid Installation,Energy,True
P01954,Fertilizer Plant Upgrade,Chemicals,False
P01955,Smart Grid Installation,Energy,True
P01956,Industrial Robotics Export,Technology,False
P01957,Smart Grid Installation,Energy,True
P01958,Industrial Robotics Export,Technology,False
P01959,Carbon Capture Installation,Energy,True
P01960,Offshore Wind Turbine Delivery,Renewable Energy,True
P01961,Carbon Capture Installation,Energy,True
P01962,Hydro Power Expansion,Energy,True
P01963,Fertilizer Plant Upgrade,Chemicals,False
P01964,Smart Grid Installation,Energy,True
P01965,Industrial Robotics Export,Technology,False
P01966,Defense System Export to Poland,Defense,False
P01967,Carbon Capture Installation,Energy,True
P01968,Fertilizer Plant Upgrade,Chemicals,False
P01969,Electric Maritime Vessel,Maritime,True
P01970,Smart Grid Installation,Energy,True
P01971,Fertilizer Plant Upgrade,Chemicals,False
P01972,Defense System Export to Poland,Defense,False
P01973,Automated Quality Inspection,Certification,False
P01974,Electric Maritime Vessel,Maritime,True
P01975,Carbon Capture Installation,Energy,True
P01976,Industrial Robotics Export,Technology,False
P01977,Defense System Export to Poland,Defense,False
P01978,Smart Grid Installation,Energy,True
P01979,Carbon Capture Installation,Energy,True
P01980,Automated Quality Inspection,Certification,False
P01981,Carbon Capture Installation,Energy,True
P01982,Industrial Robotics Export,Technology,False
P01983,Smart Grid Installation,Energy,True
P01984,Carbon Capture Installation,Energy,True
P01985,Green Steel Plant,Metals,True
P01986,Automated Quality Inspection,Certification,False
P01987,Fertilizer Plant Upgrade,Chemicals,False
P01988,Smart Grid Installation,Energy,True
P01989,Green Steel Plant,Metals,True
P01990,Smart Grid Installation,Energy,True
P01991,Carbon Capture Installation,Energy,True
P01992,Fertilizer Plant Upgrade,Chemicals,False
P01993,Automated Quality Inspection,Certification,False
P01994,Green Steel Plant,Metals,True
P01995,Fertilizer Plant Upgrade,Chemicals,False
P01996,Industrial Robotics Export,Technology,False
P01997,Carbon Capture Installation,Energy,True
P01998,Industrial Robotics Export,Technology,False
P01999,Hydro Power Expansion,Energy,True
P02000,Electric Maritime Vessel,Maritime,True
P02001,Carbon Capture Installation,Energy,True
P02002,Smart Grid Installation,Energy,True
P02003,Offshore Wind Turbine Delivery,Renewable Energy,True
P02004,Electric Maritime Vessel,Maritime,True
P02005,Electric Maritime Vessel,Maritime,True
P02006,Automated Quality Inspection,Certification,False
P02007,Hydro Power Expansion,Energy,True
P02008,Offshore Wind Turbine Delivery,Renewable Energy,True
P02009,Offshore Wind Turbine Delivery,Renewable Energy,True
P02010,Smart Grid Installation,Energy,True
P02011,Automated Quality Inspection,Certification,False
P02012,Defense System Export to Poland,Defense,False
P02013,Defense System Export to Poland,Defense,False
P02014,Offshore Wind Turbine Delivery,Renewable Energy,True
P02015,Defense System Export to Poland,Defense,False
P02016,Automated Quality Inspection,Certification,False
P02017,Industrial Robotics Export,Technology,False
P02018,Hydro Power Expansion,Energy,True
P02019,Defense System Export to Poland,Defense,False
P02020,Carbon Capture Installation,Energy,True
P02021,Hydro Power Expansion,Energy,True
P02022,Defense System Export to Poland,Defense,False
P02023,Smart Grid Installation,Energy,True
P02024,Hydro Power Expansion,Energy,True
P02025,Defense System Export to Poland,Defense,False
P02026,Electric Maritime Vessel,Maritime,True
P02027,Smart Grid Installation,Energy,True
P02028,Carbon Capture Installation,Energy,True
P02029,Hydro Power Expansion,Energy,True
P02030,Hydro Power Expansion,Energy,True
P02031,Offshore Wind Turbine Delivery,Renewable Energy,True
P02032,Fertilizer Plant Upgrade,Chemicals,False
P02033,Carbon Capture Installation,Energy,True
P02034,Carbon Capture Installation,Energy,True
P02035,Hydro Power Expansion,Energy,True
P02036,Fertilizer Plant Upgrade,Chemicals,False
P02037,Carbon Capture Installation,Energy,True
P02038,Carbon Capture Installation,Energy,True
P02039,Offshore Wind Turbine Delivery,Renewable Energy,True
P02040,Automated Quality Inspection,Certification,False
P02041,Defense System Export to Poland,Defense,False
P02042,Carbon Capture Installation,Energy,True
P02043,Carbon Capture Installation,Energy,True
P02044,Fertilizer Plant Upgrade,Chemicals,False
P02045,Smart Grid Installation,Energy,True
P02046,Fertilizer Plant Upgrade,Chemicals,False
P02047,Smart Grid Installation,Energy,True
P02048,Carbon Capture Installation,Energy,True
P02049,Defense System Export to Poland,Defense,False
P02050,Hydro Power Expansion,Energy,True
P02051,Carbon Capture Installation,Energy,True
P02052,Hydro Power Expansion,Energy,True
P02053,Defense System Export to Poland,Defense,False
P02054,Smart Grid Installation,Energy,True
P02055,Defense System Export to Poland,Defense,False
P02056,Carbon Capture Installation,Energy,True
P02057,Hydro Power Expansion,Energy,True
P02058,Defense System Export to Poland,Defense,False
P02059,Offshore Wind Turbine Delivery,Renewable Energy,True
P02060,Smart Grid Installation,Energy,True
P02061,Green Steel Plant,Metals,True
P02062,Defense System Export to Poland,Defense,False
P02063,Offshore Wind Turbine Delivery,Renewable Energy,True
P02064,Hydro Power Expansion,Energy,True
P02065,Automated Quality Inspection,Certification,False
P02066,Carbon Capture Installation,Energy,True
P02067,Defense System Export to Poland,Defense,False
P02068,Offshore Wind Turbine Delivery,Renewable Energy,True
P02069,Offshore Wind Turbine Delivery,Renewable Energy,True
P02070,Industrial Robotics Export,Technology,False
P02071,Automated Quality Inspection,Certification,False
P02072,Hydro Power Expansion,Energy,True
P02073,Defense System Export to Poland,Defense,False
P02074,Smart Grid Installation,Energy,True
P02075,Fertilizer Plant Upgrade,Chemicals,False
P02076,Fertilizer Plant Upgrade,Chemicals,False
P02077,Smart Grid Installation,Energy,True
P02078,Hydro Power Expansion,Energy,True
P02079,Offshore Wind Turbine Delivery,Renewable Energy,True
P02080,Offshore Wind Turbine Delivery,Renewable Energy,True
P02081,Carbon Capture Installation,Energy,True
P02082,Smart Grid Installation,Energy,True
P02083,Fertilizer Plant Upgrade,Chemicals,False
P02084,Automated Quality Inspection,Certification,False
P02085,Electric Maritime Vessel,Maritime,True
P02086,Hydro Power Expansion,Energy,True
P02087,Hydro Power Expansion,Energy,True
P02088,Carbon Capture Installation,Energy,True
P02089,Industrial Robotics Export,Technology,False
P02090,Electric Maritime Vessel,Maritime,True
P02091,Industrial Robotics Export,Technology,False
P02092,Industrial Robotics Export,Technology,False
P02093,Electric Maritime Vessel,Maritime,True
P02094,Carbon Capture Installation,Energy,True
P02095,Green Steel Plant,Metals,True
P02096,Automated Quality Inspection,Certification,False
P02097,Industrial Robotics Export,Technology,False
P02098,Hydro Power Expansion,Energy,True
P02099,Automated Quality Inspection,Certification,False
P02100,Fertilizer Plant Upgrade,Chemicals,False
P02101,Industrial Robotics Export,Technology,False
P02102,Industrial Robotics Export,Technology,False
P02103,Electric Maritime Vessel,Maritime,True
P02104,Hydro Power Expansion,Energy,True
P02105,Hydro Power Expansion,Energy,True
P02106,Hydro Power Expansion,Energy,True
P02107,Green Steel Plant,Metals,True
P02108,Automated Quality Inspection,Certification,False
P02109,Automated Quality Inspection,Certification,False
P02110,Green Steel Plant,Metals,True
P02111,Green Steel Plant,Metals,True
P02112,Defense System Export to Poland,Defense,False
P02113,Green Steel Plant,Metals,True
P02114,Smart Grid Installation,Energy,True
P02115,Automated Quality Inspection,Certification,False
P02116,Carbon Capture Installation,Energy,True
P02117,Automated Quality Inspection,Certification,False
P02118,Carbon Capture Installation,Energy,True
P02119,Industrial Robotics Export,Technology,False
P02120,Offshore Wind Turbine Delivery,Renewable Energy,True
P02121,Defense System Export to Poland,Defense,False
P02122,Offshore Wind Turbine Delivery,Renewable Energy,True
P02123,Fertilizer Plant Upgrade,Chemicals,False
P02124,Industrial Robotics Export,Technology,False
P02125,Carbon Capture Installation,Energy,True
P02126,Fertilizer Plant Upgrade,Chemicals,False
P02127,Carbon Capture Installation,Energy,True
P02128,Green Steel Plant,Metals,True
P02129,Green Steel Plant,Metals,True
P02130,Electric Maritime Vessel,Maritime,True
P02131,Industrial Robotics Export,Technology,False
P02132,Fertilizer Plant Upgrade,Chemicals,False
P02133,Green Steel Plant,Metals,True
P02134,Automated Quality Inspection,Certification,False
P02135,Carbon Capture Installation,Energy,True
P02136,Carbon Capture Installation,Energy,True
P02137,Smart Grid Installation,Energy,True
P02138,Green Steel Plant,Metals,True
P02139,Fertilizer Plant Upgrade,Chemicals,False
P02140,Carbon Capture Installation,Energy,True
P02141,Industrial Robotics Export,Technology,False
P02142,Offshore Wind Turbine Delivery,Renewable Energy,True
P02143,Offshore Wind Turbine Delivery,Renewable Energy,True
P02144,Fertilizer Plant Upgrade,Chemicals,False
P02145,Carbon Capture Installation,Energy,True
P02146,Automated Quality Inspection,Certification,False
P02147,Hydro Power Expansion,Energy,True
P02148,Carbon Capture Installation,Energy,True
P02149,Carbon Capture Installation,Energy,True
P02150,Hydro Power Expansion,Energy,True
P02151,Offshore Wind Turbine Delivery,Renewable Energy,True
P02152,Defense System Export to Poland,Defense,False
P02153,Smart Grid Installation,Energy,True
P02154,Offshore Wind Turbine Delivery,Renewable Energy,True
P02155,Green Steel Plant,Metals,True
P02156,Hydro Power Expansion,Energy,True
P02157,Offshore Wind Turbine Delivery,Renewable Energy,True
P02158,Green Steel Plant,Metals,True
P02159,Automated Quality Inspection,Certification,False
P02160,Smart Grid Installation,Energy,True
P02161,Hydro Power Expansion,Energy,True
P02162,Smart Grid Installation,Energy,True
P02163,Carbon Capture Installation,Energy,True
P02164,Automated Quality Inspection,Certification,False
P02165,Offshore Wind Turbine Delivery,Renewable Energy,True
P02166,Electric Maritime Vessel,Maritime,True
P02167,Green Steel Plant,Metals,True
P02168,Automated Quality Inspection,Certification,False
P02169,Offshore Wind Turbine Delivery,Renewable Energy,True
P02170,Industrial Robotics Export,Technology,False
P02171,Carbon Capture Installation,Energy,True
P02172,Green Steel Plant,Metals,True
P02173,Fertilizer Plant Upgrade,Chemicals,False
P02174,Smart Grid Installation,Energy,True
P02175,Hydro Power Expansion,Energy,True
P02176,Carbon Capture Installation,Energy,True
P02177,Carbon Capture Installation,Energy,True
P02178,Offshore Wind Turbine Delivery,Renewable Energy,True
P02179,Automated Quality Inspection,Certification,False
P02180,Fertilizer Plant Upgrade,Chemicals,False
P02181,Electric Maritime Vessel,Maritime,True
P02182,Carbon Capture Installation,Energy,True
P02183,Offshore Wind Turbine Delivery,Renewable Energy,True
P02184,Carbon Capture Installation,Energy,True
P02185,Fertilizer Plant Upgrade,Chemicals,False
P02186,Green Steel Plant,Metals,True
P02187,Fertilizer Plant Upgrade,Chemicals,False
P02188,Defense System Export to Poland,Defense,False
P02189,Hydro Power Expansion,Energy,True
P02190,Hydro Power Expansion,Energy,True
P02191,Defense System Export to Poland,Defense,False
P02192,Hydro Power Expansion,Energy,True
P02193,Fertilizer Plant Upgrade,Chemicals,False
P02194,Offshore Wind Turbine Delivery,Renewable Energy,True
P02195,Electric Maritime Vessel,Maritime,True
P02196,Hydro Power Expansion,Energy,True
P02197,Industrial Robotics Export,Technology,False
P02198,Smart Grid Installation,Energy,True
P02199,Fertilizer Plant Upgrade,Chemicals,False
P02200,Smart Grid Installation,Energy,True
P02201,Offshore Wind Turbine Delivery,Renewable Energy,True
P02202,Industrial Robotics Export,Technology,False
P02203,Electric Maritime Vessel,Maritime,True
P02204,Smart Grid Installation,Energy,True
P02205,Carbon Capture Installation,Energy,True
P02206,Green Steel Plant,Metals,True
P02207,Smart Grid Installation,Energy,True
P02208,Fertilizer Plant Upgrade,Chemicals,False
P02209,Carbon Capture Installation,Energy,True
P02210,Fertilizer Plant Upgrade,Chemicals,False
P02211,Carbon Capture Installation,Energy,True
P02212,Industrial Robotics Export,Technology,False
P02213,Fertilizer Plant Upgrade,Chemicals,False
P02214,Electric Maritime Vessel,Maritime,True
P02215,Hydro Power Expansion,Energy,True
P02216,Fertilizer Plant Upgrade,Chemicals,False
P02217,Offshore Wind Turbine Delivery,Renewable Energy,True
P02218,Green Steel Plant,Metals,True
P02219,Industrial Robotics Export,Technology,False
P02220,Hydro Power Expansion,Energy,True
P02221,Defense System Export to Poland,Defense,False
P02222,Smart Grid Installation,Energy,True
P02223,Offshore Wind Turbine Delivery,Renewable Energy,True
P02224,Automated Quality Inspection,Certification,False
P02225,Fertilizer Plant Upgrade,Chemicals,False
P02226,Defense System Export to Poland,Defense,False
P02227,Smart Grid Installation,Energy,True
P02228,Electric Maritime Vessel,Maritime,True
P02229,Hydro Power Expansion,Energy,True
P02230,Defense System Export to Poland,Defense,False
P02231,Industrial Robotics Export,Technology,False
P02232,Automated Quality Inspection,Certification,False
P02233,Green Steel Plant,Metals,True
P02234,Defense System Export to Poland,Defense,False
P02235,Defense System Export to Poland,Defense,False
P02236,Automated Quality Inspection,Certification,False
P02237,Defense System Export to Poland,Defense,False
P02238,Industrial Robotics Export,Technology,False
P02239,Carbon Capture Installation,Energy,True
P02240,Industrial Robotics Export,Technology,False
P02241,Electric Maritime Vessel,Maritime,True
P02242,Hydro Power Expansion,Energy,True
P02243,Automated Quality Inspection,Certification,False
P02244,Industrial Robotics Export,Technology,False
P02245,Automated Quality Inspection,Certification,False
P02246,Industrial Robotics Export,Technology,False
P02247,Offshore Wind Turbine Delivery,Renewable Energy,True
P02248,Carbon Capture Installation,Energy,True
P02249,Smart Grid Installation,Energy,True
P02250,Offshore Wind Turbine Delivery,Renewable Energy,True
P02251,Electric Maritime Vessel,Maritime,True
P02252,Defense System Export to Poland,Defense,False
P02253,Hydro Power Expansion,Energy,True
P02254,Fertilizer Plant Upgrade,Chemicals,False
P02255,Fertilizer Plant Upgrade,Chemicals,False
P02256,Industrial Robotics Export,Technology,False
P02257,Electric Maritime Vessel,Maritime,True
P02258,Smart Grid Installation,Energy,True
P02259,Green Steel Plant,Metals,True
P02260,Offshore Wind Turbine Delivery,Renewable Energy,True
P02261,Smart Grid Installation,Energy,True
P02262,Automated Quality Inspection,Certification,False
P02263,Offshore Wind Turbine Delivery,Renewable Energy,True
P02264,Smart Grid Installation,Energy,True
P02265,Green Steel Plant,Metals,True
P02266,Hydro Power Expansion,Energy,True
P02267,Automated Quality Inspection,Certification,False
P02268,Hydro Power Expansion,Energy,True
P02269,Automated Quality Inspection,Certification,False
P02270,Industrial Robotics Export,Technology,False
P02271,Offshore Wind Turbine Delivery,Renewable Energy,True
P02272,Fertilizer Plant Upgrade,Chemicals,False
P02273,Defense System Export to Poland,Defense,False
P02274,Electric Maritime Vessel,Maritime,True
P02275,Hydro Power Expansion,Energy,True
P02276,Industrial Robotics Export,Technology,False
P02277,Automated Quality Inspection,Certification,False
P02278,Electric Maritime Vessel,Maritime,True
P02279,Defense System Export to Poland,Defense,False
P02280,Green Steel Plant,Metals,True
P02281,Hydro Power Expansion,Energy,True
P02282,Carbon Capture Installation,Energy,True
P02283,Smart Grid Installation,Energy,True
P02284,Carbon Capture Installation,Energy,True
P02285,Hydro Power Expansion,Energy,True
P02286,Hydro Power Expansion,Energy,True
P02287,Hydro Power Expansion,Energy,True
P02288,Offshore Wind Turbine Delivery,Renewable Energy,True
P02289,Electric Maritime Vessel,Maritime,True
P02290,Offshore Wind Turbine Delivery,Renewable Energy,True
P02291,Industrial Robotics Export,Technology,False
P02292,Defense System Export to Poland,Defense,False
P02293,Industrial Robotics Export,Technology,False
P02294,Hydro Power Expansion,Energy,True
P02295,Green Steel Plant,Metals,True
P02296,Carbon Capture Installation,Energy,True
P02297,Electric Maritime Vessel,Maritime,True
P02298,Fertilizer Plant Upgrade,Chemicals,False
P02299,Industrial Robotics Export,Technology,False
P02300,Defense System Export to Poland,Defense,False
P02301,Smart Grid Installation,Energy,True
P02302,Fertilizer Plant Upgrade,Chemicals,False
P02303,Hydro Power Expansion,Energy,True
P02304,Smart Grid Installation,Energy,True
P02305,Hydro Power Expansion,Energy,True
P02306,Green Steel Plant,Metals,True
P02307,Hydro Power Expansion,Energy,True
P02308,Green Steel Plant,Metals,True
P02309,Electric Maritime Vessel,Maritime,True
P02310,Defense System Export to Poland,Defense,False
P02311,Defense System Export to Poland,Defense,False
P02312,Industrial Robotics Export,Technology,False
P02313,Automated Quality Inspection,Certification,False
P02314,Hydro Power Expansion,Energy,True
P02315,Carbon Capture Installation,Energy,True
P02316,Defense System Export to Poland,Defense,False
P02317,Green Steel Plant,Metals,True
P02318,Electric Maritime Vessel,Maritime,True
P02319,Defense System Export to Poland,Defense,False
P02320,Carbon Capture Installation,Energy,True
P02321,Industrial Robotics Export,Technology,False
P02322,Carbon Capture Installation,Energy,True
P02323,Automated Quality Inspection,Certification,False
P02324,Offshore Wind Turbine Delivery,Renewable Energy,True
P02325,Offshore Wind Turbine Delivery,Renewable Energy,True
P02326,Industrial Robotics Export,Technology,False
P02327,Hydro Power Expansion,Energy,True
P02328,Smart Grid Installation,Energy,True
P02329,Green Steel Plant,Metals,True
P02330,Carbon Capture Installation,Energy,True
P02331,Fertilizer Plant Upgrade,Chemicals,False
P02332,Electric Maritime Vessel,Maritime,True
P02333,Industrial Robotics Export,Technology,False
P02334,Carbon Capture Installation,Energy,True
P02335,Automated Quality Inspection,Certification,False
P02336,Smart Grid Installation,Energy,True
P02337,Smart Grid Installation,Energy,True
P02338,Industrial Robotics Export,Technology,False
P02339,Offshore Wind Turbine Delivery,Renewable Energy,True
P02340,Defense System Export to Poland,Defense,False
P02341,Green Steel Plant,Metals,True
P02342,Defense System Export to Poland,Defense,False
P02343,Defense System Export to Poland,Defense,False
P02344,Green Steel Plant,Metals,True
P02345,Defense System Export to Poland,Defense,False
P02346,Electric Maritime Vessel,Maritime,True
P02347,Carbon Capture Installation,Energy,True
P02348,Industrial Robotics Export,Technology,False
P02349,Fertilizer Plant Upgrade,Chemicals,False
P02350,Carbon Capture Installation,Energy,True
P02351,Carbon Capture Installation,Energy,True
P02352,Smart Grid Installation,Energy,True
P02353,Smart Grid Installation,Energy,True
P02354,Offshore Wind Turbine Delivery,Renewable Energy,True
P02355,Defense System Export to Poland,Defense,False
P02356,Automated Quality Inspection,Certification,False
P02357,Fertilizer Plant Upgrade,Chemicals,False
P02358,Green Steel Plant,Metals,True
P02359,Hydro Power Expansion,Energy,True
P02360,Defense System Export to Poland,Defense,False
P02361,Defense System Export to Poland,Defense,False
P02362,Carbon Capture Installation,Energy,True
P02363,Automated Quality Inspection,Certification,False
P02364,Electric Maritime Vessel,Maritime,True
P02365,Industrial Robotics Export,Technology,False
P02366,Defense System Export to Poland,Defense,False
P02367,Electric Maritime Vessel,Maritime,True
P02368,Smart Grid Installation,Energy,True
P02369,Smart Grid Installation,Energy,True
P02370,Defense System Export to Poland,Defense,False
P02371,Electric Maritime Vessel,Maritime,True
P02372,Carbon Capture Installation,Energy,True
P02373,Automated Quality Inspection,Certification,False
P02374,Offshore Wind Turbine Delivery,Renewable Energy,True
P02375,Defense System Export to Poland,Defense,False
P02376,Green Steel Plant,Metals,True
P02377,Smart Grid Installation,Energy,True
P02378,Industrial Robotics Export,Technology,False
P02379,Offshore Wind Turbine Delivery,Renewable Energy,True
P02380,Smart Grid Installation,Energy,True
P02381,Green Steel Plant,Metals,True
P02382,Industrial Robotics Export,Technology,False
P02383,Industrial Robotics Export,Technology,False
P02384,Carbon Capture Installation,Energy,True
P02385,Automated Quality Inspection,Certification,False
P02386,Industrial Robotics Export,Technology,False
P02387,Carbon Capture Installation,Energy,True
P02388,Fertilizer Plant Upgrade,Chemicals,False
P02389,Carbon Capture Installation,Energy,True
P02390,Automated Quality Inspection,Certification,False
P02391,Smart Grid Installation,Energy,True
P02392,Green Steel Plant,Metals,True
P02393,Automated Quality Inspection,Certification,False
P02394,Industrial Robotics Export,Technology,False
P02395,Carbon Capture Installation,Energy,True
P02396,Automated Quality Inspection,Certification,False
P02397,Hydro Power Expansion,Energy,True
P02398,Industrial Robotics Export,Technology,False
P02399,Defense System Export to Poland,Defense,False
P02400,Automated Quality Inspection,Certification,False
P02401,Defense System Export to Poland,Defense,False
P02402,Hydro Power Expansion,Energy,True
P02403,Offshore Wind Turbine Delivery,Renewable Energy,True
P02404,Electric Maritime Vessel,Maritime,True
P02405,Carbon Capture Installation,Energy,True
P02406,Electric Maritime Vessel,Maritime,True
P02407,Smart Grid Installation,Energy,True
P02408,Offshore Wind Turbine Delivery,Renewable Energy,True
P02409,Fertilizer Plant Upgrade,Chemicals,False
P02410,Hydro Power Expansion,Energy,True
P02411,Automated Quality Inspection,Certification,False
P02412,Smart Grid Installation,Energy,True
P02413,Smart Grid Installation,Energy,True
P02414,Carbon Capture Installation,Energy,True
P02415,Defense System Export to Poland,Defense,False
P02416,Fertilizer Plant Upgrade,Chemicals,False
P02417,Carbon Capture Installation,Energy,True
P02418,Defense System Export to Poland,Defense,False
P02419,Carbon Capture Installation,Energy,True
P02420,Electric Maritime Vessel,Maritime,True
P02421,Green Steel Plant,Metals,True
P02422,Defense System Export to Poland,Defense,False
P02423,Industrial Robotics Export,Technology,False
P02424,Fertilizer Plant Upgrade,Chemicals,False
P02425,Defense System Export to Poland,Defense,False
P02426,Offshore Wind Turbine Delivery,Renewable Energy,True
P02427,Electric Maritime Vessel,Maritime,True
P02428,Carbon Capture Installation,Energy,True
P02429,Carbon Capture Installation,Energy,True
P02430,Hydro Power Expansion,Energy,True
P02431,Industrial Robotics Export,Technology,False
P02432,Automated Quality Inspection,Certification,False
P02433,Green Steel Plant,Metals,True
P02434,Electric Maritime Vessel,Maritime,True
P02435,Hydro Power Expansion,Energy,True
P02436,Hydro Power Expansion,Energy,True
P02437,Industrial Robotics Export,Technology,False
P02438,Offshore Wind Turbine Delivery,Renewable Energy,True
P02439,Defense System Export to Poland,Defense,False
P02440,Green Steel Plant,Metals,True
P02441,Green Steel Plant,Metals,True
P02442,Carbon Capture Installation,Energy,True
P02443,Smart Grid Installation,Energy,True
P02444,Carbon Capture Installation,Energy,True
P02445,Carbon Capture Installation,Energy,True
P02446,Hydro Power Expansion,Energy,True
P02447,Automated Quality Inspection,Certification,False
P02448,Electric Maritime Vessel,Maritime,True
P02449,Smart Grid Installation,Energy,True
P02450,Offshore Wind Turbine Delivery,Renewable Energy,True
P02451,Defense System Export to Poland,Defense,False
P02452,Carbon Capture Installation,Energy,True
P02453,Smart Grid Installation,Energy,True
P02454,Smart Grid Installation,Energy,True
P02455,Green Steel Plant,Metals,True
P02456,Electric Maritime Vessel,Maritime,True
P02457,Electric Maritime Vessel,Maritime,True
P02458,Defense System Export to Poland,Defense,False
P02459,Hydro Power Expansion,Energy,True
P02460,Industrial Robotics Export,Technology,False
P02461,Defense System Export to Poland,Defense,False
P02462,Smart Grid Installation,Energy,True
P02463,Green Steel Plant,Metals,True
P02464,Defense System Export to Poland,Defense,False
P02465,Automated Quality Inspection,Certification,False
P02466,Fertilizer Plant Upgrade,Chemicals,False
P02467,Hydro Power Expansion,Energy,True
P02468,Automated Quality Inspection,Certification,False
P02469,Automated Quality Inspection,Certification,False
P02470,Green Steel Plant,Metals,True
P02471,Hydro Power Expansion,Energy,True
P02472,Carbon Capture Installation,Energy,True
P02473,Offshore Wind Turbine Delivery,Renewable Energy,True
P02474,Green Steel Plant,Metals,True
P02475,Hydro Power Expansion,Energy,True
P02476,Offshore Wind Turbine Delivery,Renewable Energy,True
P02477,Industrial Robotics Export,Technology,False
P02478,Offshore Wind Turbine Delivery,Renewable Energy,True
P02479,Offshore Wind Turbine Delivery,Renewable Energy,True
P02480,Industrial Robotics Export,Technology,False
P02481,Hydro Power Expansion,Energy,True
P02482,Fertilizer Plant Upgrade,Chemicals,False
P02483,Carbon Capture Installation,Energy,True
P02484,Electric Maritime Vessel,Maritime,True
P02485,Offshore Wind Turbine Delivery,Renewable Energy,True
P02486,Electric Maritime Vessel,Maritime,True
P02487,Offshore Wind Turbine Delivery,Renewable Energy,True
P02488,Industrial Robotics Export,Technology,False
P02489,Hydro Power Expansion,Energy,True
P02490,Offshore Wind Turbine Delivery,Renewable Energy,True
P02491,Defense System Export to Poland,Defense,False
P02492,Defense System Export to Poland,Defense,False
P02493,Industrial Robotics Export,Technology,False
P02494,Electric Maritime Vessel,Maritime,True
P02495,Offshore Wind Turbine Delivery,Renewable Energy,True
P02496,Industrial Robotics Export,Technology,False
P02497,Carbon Capture Installation,Energy,True
P02498,Automated Quality Inspection,Certification,False
P02499,Carbon Capture Installation,Energy,True
P02500,Smart Grid Installation,Energy,True
P02501,Offshore Wind Turbine Delivery,Renewable Energy,True
P02502,Carbon Capture Installation,Energy,True
P02503,Defense System Export to Poland,Defense,False
P02504,Defense System Export to Poland,Defense,False
P02505,Smart Grid Installation,Energy,True
P02506,Industrial Robotics Export,Technology,False
P02507,Green Steel Plant,Metals,True
P02508,Fertilizer Plant Upgrade,Chemicals,False
P02509,Smart Grid Installation,Energy,True
P02510,Fertilizer Plant Upgrade,Chemicals,False
P02511,Carbon Capture Installation,Energy,True
P02512,Fertilizer Plant Upgrade,Chemicals,False
P02513,Automated Quality Inspection,Certification,False
P02514,Electric Maritime Vessel,Maritime,True
P02515,Smart Grid Installation,Energy,True
P02516,Automated Quality Inspection,Certification,False
P02517,Green Steel Plant,Metals,True
P02518,Offshore Wind Turbine Delivery,Renewable Energy,True
P02519,Carbon Capture Installation,Energy,True
P02520,Offshore Wind Turbine Delivery,Renewable Energy,True
P02521,Carbon Capture Installation,Energy,True
P02522,Electric Maritime Vessel,Maritime,True
P02523,Hydro Power Expansion,Energy,True
P02524,Carbon Capture Installation,Energy,True
P02525,Carbon Capture Installation,Energy,True
P02526,Smart Grid Installation,Energy,True
P02527,Offshore Wind Turbine Delivery,Renewable Energy,True
P02528,Fertilizer Plant Upgrade,Chemicals,False
P02529,Automated Quality Inspection,Certification,False
P02530,Hydro Power Expansion,Energy,True
P02531,Carbon Capture Installation,Energy,True
P02532,Green Steel Plant,Metals,True
P02533,Hydro Power Expansion,Energy,True
P02534,Automated Quality Inspection,Certification,False
P02535,Defense System Export to Poland,Defense,False
P02536,Defense System Export to Poland,Defense,False
P02537,Defense System Export to Poland,Defense,False
P02538,Fertilizer Plant Upgrade,Chemicals,False
P02539,Fertilizer Plant Upgrade,Chemicals,False
P02540,Hydro Power Expansion,Energy,True
P02541,Offshore Wind Turbine Delivery,Renewable Energy,True
P02542,Hydro Power Expansion,Energy,True
P02543,Green Steel Plant,Metals,True
P02544,Automated Quality Inspection,Certification,False
P02545,Green Steel Plant,Metals,True
P02546,Offshore Wind Turbine Delivery,Renewable Energy,True
P02547,Smart Grid Installation,Energy,True
P02548,Electric Maritime Vessel,Maritime,True
P02549,Defense System Export to Poland,Defense,False
P02550,Hydro Power Expansion,Energy,True
P02551,Defense System Export to Poland,Defense,False
P02552,Fertilizer Plant Upgrade,Chemicals,False
P02553,Hydro Power Expansion,Energy,True
P02554,Electric Maritime Vessel,Maritime,True
P02555,Industrial Robotics Export,Technology,False
P02556,Industrial Robotics Export,Technology,False
P02557,Industrial Robotics Export,Technology,False
P02558,Defense System Export to Poland,Defense,False
P02559,Carbon Capture Installation,Energy,True
P02560,Hydro Power Expansion,Energy,True
P02561,Electric Maritime Vessel,Maritime,True
P02562,Smart Grid Installation,Energy,True
P02563,Fertilizer Plant Upgrade,Chemicals,False
P02564,Electric Maritime Vessel,Maritime,True
P02565,Automated Quality Inspection,Certification,False
P02566,Green Steel Plant,Metals,True
P02567,Carbon Capture Installation,Energy,True
P02568,Defense System Export to Poland,Defense,False
P02569,Offshore Wind Turbine Delivery,Renewable Energy,True
P02570,Carbon Capture Installation,Energy,True
P02571,Offshore Wind Turbine Delivery,Renewable Energy,True
P02572,Hydro Power Expansion,Energy,True
P02573,Defense System Export to Poland,Defense,False
P02574,Green Steel Plant,Metals,True
P02575,Industrial Robotics Export,Technology,False
P02576,Defense System Export to Poland,Defense,False
P02577,Carbon Capture Installation,Energy,True
P02578,Offshore Wind Turbine Delivery,Renewable Energy,True
P02579,Carbon Capture Installation,Energy,True
P02580,Carbon Capture Installation,Energy,True
P02581,Hydro Power Expansion,Energy,True
P02582,Hydro Power Expansion,Energy,True
P02583,Defense System Export to Poland,Defense,False
P02584,Smart Grid Installation,Energy,True
P02585,Smart Grid Installation,Energy,True
P02586,Carbon Capture Installation,Energy,True
P02587,Hydro Power Expansion,Energy,True
P02588,Hydro Power Expansion,Energy,True
P02589,Industrial Robotics Export,Technology,False
P02590,Carbon Capture Installation,Energy,True
P02591,Automated Quality Inspection,Certification,False
P02592,Automated Quality Inspection,Certification,False
P02593,Automated Quality Inspection,Certification,False
P02594,Defense System Export to Poland,Defense,False
P02595,Defense System Export to Poland,Defense,False
P02596,Hydro Power Expansion,Energy,True
P02597,Carbon Capture Installation,Energy,True
P02598,Fertilizer Plant Upgrade,Chemicals,False
P02599,Carbon Capture Installation,Energy,True
P02600,Offshore Wind Turbine Delivery,Renewable Energy,True
P02601,Offshore Wind Turbine Delivery,Renewable Energy,True
P02602,Fertilizer Plant Upgrade,Chemicals,False
P02603,Defense System Export to Poland,Defense,False
P02604,Electric Maritime Vessel,Maritime,True
P02605,Smart Grid Installation,Energy,True
P02606,Smart Grid Installation,Energy,True
P02607,Green Steel Plant,Metals,True
P02608,Fertilizer Plant Upgrade,Chemicals,False
P02609,Automated Quality Inspection,Certification,False
P02610,Offshore Wind Turbine Delivery,Renewable Energy,True
P02611,Defense System Export to Poland,Defense,False
P02612,Smart Grid Installation,Energy,True
P02613,Fertilizer Plant Upgrade,Chemicals,False
P02614,Smart Grid Installation,Energy,True
P02615,Offshore Wind Turbine Delivery,Renewable Energy,True
P02616,Green Steel Plant,Metals,True
P02617,Defense System Export to Poland,Defense,False
P02618,Hydro Power Expansion,Energy,True
P02619,Carbon Capture Installation,Energy,True
P02620,Automated Quality Inspection,Certification,False
P02621,Carbon Capture Installation,Energy,True
P02622,Offshore Wind Turbine Delivery,Renewable Energy,True
P02623,Defense System Export to Poland,Defense,False
P02624,Carbon Capture Installation,Energy,True
P02625,Defense System Export to Poland,Defense,False
P02626,Hydro Power Expansion,Energy,True
P02627,Smart Grid Installation,Energy,True
P02628,Electric Maritime Vessel,Maritime,True
P02629,Green Steel Plant,Metals,True
P02630,Carbon Capture Installation,Energy,True
P02631,Carbon Capture Installation,Energy,True
P02632,Offshore Wind Turbine Delivery,Renewable Energy,True
P02633,Smart Grid Installation,Energy,True
P02634,Industrial Robotics Export,Technology,False
P02635,Smart Grid Installation,Energy,True
P02636,Carbon Capture Installation,Energy,True
P02637,Defense System Export to Poland,Defense,False
P02638,Fertilizer Plant Upgrade,Chemicals,False
P02639,Electric Maritime Vessel,Maritime,True
P02640,Offshore Wind Turbine Delivery,Renewable Energy,True
P02641,Hydro Power Expansion,Energy,True
P02642,Hydro Power Expansion,Energy,True
P02643,Hydro Power Expansion,Energy,True
P02644,Industrial Robotics Export,Technology,False
P02645,Electric Maritime Vessel,Maritime,True
P02646,Offshore Wind Turbine Delivery,Renewable Energy,True
P02647,Offshore Wind Turbine Delivery,Renewable Energy,True
P02648,Hydro Power Expansion,Energy,True
P02649,Automated Quality Inspection,Certification,False
P02650,Carbon Capture Installation,Energy,True
P02651,Fertilizer Plant Upgrade,Chemicals,False
P02652,Automated Quality Inspection,Certification,False
P02653,Offshore Wind Turbine Delivery,Renewable Energy,True
P02654,Offshore Wind Turbine Delivery,Renewable Energy,True
P02655,Smart Grid Installation,Energy,True
P02656,Carbon Capture Installation,Energy,True
P02657,Automated Quality Inspection,Certification,False
P02658,Smart Grid Installation,Energy,True
P02659,Smart Grid Installation,Energy,True
P02660,Offshore Wind Turbine Delivery,Renewable Energy,True
P02661,Industrial Robotics Export,Technology,False
P02662,Smart Grid Installation,Energy,True
P02663,Fertilizer Plant Upgrade,Chemicals,False
P02664,Offshore Wind Turbine Delivery,Renewable Energy,True
P02665,Electric Maritime Vessel,Maritime,True
P02666,Automated Quality Inspection,Certification,False
P02667,Electric Maritime Vessel,Maritime,True
P02668,Electric Maritime Vessel,Maritime,True
P02669,Smart Grid Installation,Energy,True
P02670,Automated Quality Inspection,Certification,False
P02671,Fertilizer Plant Upgrade,Chemicals,False
P02672,Fertilizer Plant Upgrade,Chemicals,False
P02673,Carbon Capture Installation,Energy,True
P02674,Industrial Robotics Export,Technology,False
P02675,Green Steel Plant,Metals,True
P02676,Industrial Robotics Export,Technology,False
P02677,Defense System Export to Poland,Defense,False
P02678,Hydro Power Expansion,Energy,True
P02679,Fertilizer Plant Upgrade,Chemicals,False
P02680,Smart Grid Installation,Energy,True
P02681,Hydro Power Expansion,Energy,True
P02682,Smart Grid Installation,Energy,True
P02683,Fertilizer Plant Upgrade,Chemicals,False
P02684,Fertilizer Plant Upgrade,Chemicals,False
P02685,Smart Grid Installation,Energy,True
P02686,Fertilizer Plant Upgrade,Chemicals,False
P02687,Automated Quality Inspection,Certification,False
P02688,Electric Maritime Vessel,Maritime,True
P02689,Hydro Power Expansion,Energy,True
P02690,Defense System Export to Poland,Defense,False
P02691,Green Steel Plant,Metals,True
P02692,Defense System Export to Poland,Defense,False
P02693,Industrial Robotics Export,Technology,False
P02694,Defense System Export to Poland,Defense,False
P02695,Smart Grid Installation,Energy,True
P02696,Green Steel Plant,Metals,True
P02697,Defense System Export to Poland,Defense,False
P02698,Fertilizer Plant Upgrade,Chemicals,False
P02699,Defense System Export to Poland,Defense,False
P02700,Industrial Robotics Export,Technology,False
P02701,Carbon Capture Installation,Energy,True
P02702,Industrial Robotics Export,Technology,False
P02703,Electric Maritime Vessel,Maritime,True
P02704,Smart Grid Installation,Energy,True
P02705,Electric Maritime Vessel,Maritime,True
P02706,Industrial Robotics Export,Technology,False
P02707,Hydro Power Expansion,Energy,True
P02708,Fertilizer Plant Upgrade,Chemicals,False
P02709,Carbon Capture Installation,Energy,True
P02710,Fertilizer Plant Upgrade,Chemicals,False
P02711,Defense System Export to Poland,Defense,False
P02712,Carbon Capture Installation,Energy,True
P02713,Smart Grid Installation,Energy,True
P02714,Offshore Wind Turbine Delivery,Renewable Energy,True
P02715,Smart Grid Installation,Energy,True
P02716,Carbon Capture Installation,Energy,True
P02717,Fertilizer Plant Upgrade,Chemicals,False
P02718,Automated Quality Inspection,Certification,False
P02719,Smart Grid Installation,Energy,True
P02720,Fertilizer Plant Upgrade,Chemicals,False
P02721,Carbon Capture Installation,Energy,True
P02722,Defense System Export to Poland,Defense,False
P02723,Smart Grid Installation,Energy,True
P02724,Carbon Capture Installation,Energy,True
P02725,Fertilizer Plant Upgrade,Chemicals,False
P02726,Electric Maritime Vessel,Maritime,True
P02727,Hydro Power Expansion,Energy,True
P02728,Offshore Wind Turbine Delivery,Renewable Energy,True
P02729,Electric Maritime Vessel,Maritime,True
P02730,Automated Quality Inspection,Certification,False
P02731,Fertilizer Plant Upgrade,Chemicals,False
P02732,Automated Quality Inspection,Certification,False
P02733,Green Steel Plant,Metals,True
P02734,Industrial Robotics Export,Technology,False
P02735,Automated Quality Inspection,Certification,False
P02736,Carbon Capture Installation,Energy,True
P02737,Electric Maritime Vessel,Maritime,True
P02738,Automated Quality Inspection,Certification,False
P02739,Offshore Wind Turbine Delivery,Renewable Energy,True
P02740,Electric Maritime Vessel,Maritime,True
P02741,Fertilizer Plant Upgrade,Chemicals,False
P02742,Industrial Robotics Export,Technology,False
P02743,Green Steel Plant,Metals,True
P02744,Defense System Export to Poland,Defense,False
P02745,Industrial Robotics Export,Technology,False
P02746,Electric Maritime Vessel,Maritime,True
P02747,Automated Quality Inspection,Certification,False
P02748,Smart Grid Installation,Energy,True
P02749,Fertilizer Plant Upgrade,Chemicals,False
P02750,Automated Quality Inspection,Certification,False
P02751,Industrial Robotics Export,Technology,False
P02752,Hydro Power Expansion,Energy,True
P02753,Smart Grid Installation,Energy,True
P02754,Defense System Export to Poland,Defense,False
P02755,Hydro Power Expansion,Energy,True
P02756,Carbon Capture Installation,Energy,True
P02757,Automated Quality Inspection,Certification,False
P02758,Carbon Capture Installation,Energy,True
P02759,Offshore Wind Turbine Delivery,Renewable Energy,True
P02760,Smart Grid Installation,Energy,True
P02761,Automated Quality Inspection,Certification,False
P02762,Offshore Wind Turbine Delivery,Renewable Energy,True
P02763,Carbon Capture Installation,Energy,True
P02764,Defense System Export to Poland,Defense,False
P02765,Fertilizer Plant Upgrade,Chemicals,False
P02766,Fertilizer Plant Upgrade,Chemicals,False
P02767,Green Steel Plant,Metals,True
P02768,Carbon Capture Installation,Energy,True
P02769,Electric Maritime Vessel,Maritime,True
P02770,Automated Quality Inspection,Certification,False
P02771,Hydro Power Expansion,Energy,True
P02772,Industrial Robotics Export,Technology,False
P02773,Carbon Capture Installation,Energy,True
P02774,Automated Quality Inspection,Certification,False
P02775,Industrial Robotics Export,Technology,False
P02776,Smart Grid Installation,Energy,True
P02777,Electric Maritime Vessel,Maritime,True
P02778,Defense System Export to Poland,Defense,False
P02779,Fertilizer Plant Upgrade,Chemicals,False
P02780,Automated Quality Inspection,Certification,False
P02781,Hydro Power Expansion,Energy,True
P02782,Carbon Capture Installation,Energy,True
P02783,Defense System Export to Poland,Defense,False
P02784,Industrial Robotics Export,Technology,False
P02785,Offshore Wind Turbine Delivery,Renewable Energy,True
P02786,Green Steel Plant,Metals,True
P02787,Industrial Robotics Export,Technology,False
P02788,Smart Grid Installation,Energy,True
P02789,Offshore Wind Turbine Delivery,Renewable Energy,True
P02790,Electric Maritime Vessel,Maritime,True
P02791,Hydro Power Expansion,Energy,True
P02792,Offshore Wind Turbine Delivery,Renewable Energy,True
P02793,Industrial Robotics Export,Technology,False
P02794,Industrial Robotics Export,Technology,False
P02795,Green Steel Plant,Metals,True
P02796,Hydro Power Expansion,Energy,True
P02797,Electric Maritime Vessel,Maritime,True
P02798,Automated Quality Inspection,Certification,False
P02799,Hydro Power Expansion,Energy,True
P02800,Green Steel Plant,Metals,True
P02801,Offshore Wind Turbine Delivery,Renewable Energy,True
P02802,Offshore Wind Turbine Delivery,Renewable Energy,True
P02803,Electric Maritime Vessel,Maritime,True
P02804,Fertilizer Plant Upgrade,Chemicals,False
P02805,Defense System Export to Poland,Defense,False
P02806,Industrial Robotics Export,Technology,False
P02807,Offshore Wind Turbine Delivery,Renewable Energy,True
P02808,Defense System Export to Poland,Defense,False
P02809,Smart Grid Installation,Energy,True
P02810,Electric Maritime Vessel,Maritime,True
P02811,Automated Quality Inspection,Certification,False
P02812,Electric Maritime Vessel,Maritime,True
P02813,Offshore Wind Turbine Delivery,Renewable Energy,True
P02814,Smart Grid Installation,Energy,True
P02815,Defense System Export to Poland,Defense,False
P02816,Industrial Robotics Export,Technology,False
P02817,Hydro Power Expansion,Energy,True
P02818,Offshore Wind Turbine Delivery,Renewable Energy,True
P02819,Smart Grid Installation,Energy,True
P02820,Defense System Export to Poland,Defense,False
P02821,Smart Grid Installation,Energy,True
P02822,Industrial Robotics Export,Technology,False
P02823,Automated Quality Inspection,Certification,False
P02824,Industrial Robotics Export,Technology,False
P02825,Hydro Power Expansion,Energy,True
P02826,Green Steel Plant,Metals,True
P02827,Smart Grid Installation,Energy,True
P02828,Defense System Export to Poland,Defense,False
P02829,Fertilizer Plant Upgrade,Chemicals,False
P02830,Electric Maritime Vessel,Maritime,True
P02831,Fertilizer Plant Upgrade,Chemicals,False
P02832,Green Steel Plant,Metals,True
P02833,Carbon Capture Installation,Energy,True
P02834,Smart Grid Installation,Energy,True
P02835,Automated Quality Inspection,Certification,False
P02836,Industrial Robotics Export,Technology,False
P02837,Electric Maritime Vessel,Maritime,True
P02838,Industrial Robotics Export,Technology,False
P02839,Automated Quality Inspection,Certification,False
P02840,Industrial Robotics Export,Technology,False
P02841,Industrial Robotics Export,Technology,False
P02842,Offshore Wind Turbine Delivery,Renewable Energy,True
P02843,Smart Grid Installation,Energy,True
P02844,Carbon Capture Installation,Energy,True
P02845,Industrial Robotics Export,Technology,False
P02846,Fertilizer Plant Upgrade,Chemicals,False
P02847,Green Steel Plant,Metals,True
P02848,Automated Quality Inspection,Certification,False
P02849,Automated Quality Inspection,Certification,False
P02850,Smart Grid Installation,Energy,True
P02851,Carbon Capture Installation,Energy,True
P02852,Fertilizer Plant Upgrade,Chemicals,False
P02853,Automated Quality Inspection,Certification,False
P02854,Defense System Export to Poland,Defense,False
P02855,Automated Quality Inspection,Certification,False
P02856,Electric Maritime Vessel,Maritime,True
P02857,Green Steel Plant,Metals,True
P02858,Green Steel Plant,Metals,True
P02859,Electric Maritime Vessel,Maritime,True
P02860,Green Steel Plant,Metals,True
P02861,Offshore Wind Turbine Delivery,Renewable Energy,True
P02862,Electric Maritime Vessel,Maritime,True
P02863,Electric Maritime Vessel,Maritime,True
P02864,Defense System Export to Poland,Defense,False
P02865,Offshore Wind Turbine Delivery,Renewable Energy,True
P02866,Green Steel Plant,Metals,True
P02867,Green Steel Plant,Metals,True
P02868,Electric Maritime Vessel,Maritime,True
P02869,Electric Maritime Vessel,Maritime,True
P02870,Automated Quality Inspection,Certification,False
P02871,Offshore Wind Turbine Delivery,Renewable Energy,True
P02872,Industrial Robotics Export,Technology,False
P02873,Carbon Capture Installation,Energy,True
P02874,Green Steel Plant,Metals,True
P02875,Offshore Wind Turbine Delivery,Renewable Energy,True
P02876,Green Steel Plant,Metals,True
P02877,Offshore Wind Turbine Delivery,Renewable Energy,True
P02878,Fertilizer Plant Upgrade,Chemicals,False
P02879,Electric Maritime Vessel,Maritime,True
P02880,Electric Maritime Vessel,Maritime,True
P02881,Hydro Power Expansion,Energy,True
P02882,Defense System Export to Poland,Defense,False
P02883,Defense System Export to Poland,Defense,False
P02884,Automated Quality Inspection,Certification,False
P02885,Electric Maritime Vessel,Maritime,True
P02886,Industrial Robotics Export,Technology,False
P02887,Carbon Capture Installation,Energy,True
P02888,Fertilizer Plant Upgrade,Chemicals,False
P02889,Automated Quality Inspection,Certification,False
P02890,Hydro Power Expansion,Energy,True
P02891,Electric Maritime Vessel,Maritime,True
P02892,Defense System Export to Poland,Defense,False
P02893,Electric Maritime Vessel,Maritime,True
P02894,Industrial Robotics Export,Technology,False
P02895,Offshore Wind Turbine Delivery,Renewable Energy,True
P02896,Defense System Export to Poland,Defense,False
P02897,Green Steel Plant,Metals,True
P02898,Offshore Wind Turbine Delivery,Renewable Energy,True
P02899,Electric Maritime Vessel,Maritime,True
P02900,Industrial Robotics Export,Technology,False
P02901,Smart Grid Installation,Energy,True
P02902,Defense System Export to Poland,Defense,False
P02903,Green Steel Plant,Metals,True
P02904,Smart Grid Installation,Energy,True
P02905,Fertilizer Plant Upgrade,Chemicals,False
P02906,Fertilizer Plant Upgrade,Chemicals,False
P02907,Industrial Robotics Export,Technology,False
P02908,Smart Grid Installation,Energy,True
P02909,Offshore Wind Turbine Delivery,Renewable Energy,True
P02910,Offshore Wind Turbine Delivery,Renewable Energy,True
P02911,Industrial Robotics Export,Technology,False
P02912,Carbon Capture Installation,Energy,True
P02913,Smart Grid Installation,Energy,True
P02914,Electric Maritime Vessel,Maritime,True
P02915,Smart Grid Installation,Energy,True
P02916,Carbon Capture Installation,Energy,True
P02917,Offshore Wind Turbine Delivery,Renewable Energy,True
P02918,Automated Quality Inspection,Certification,False
P02919,Automated Quality Inspection,Certification,False
P02920,Green Steel Plant,Metals,True
P02921,Carbon Capture Installation,Energy,True
P02922,Green Steel Plant,Metals,True
P02923,Fertilizer Plant Upgrade,Chemicals,False
P02924,Industrial Robotics Export,Technology,False
P02925,Industrial Robotics Export,Technology,False
P02926,Defense System Export to Poland,Defense,False
P02927,Green Steel Plant,Metals,True
P02928,Defense System Export to Poland,Defense,False
P02929,Carbon Capture Installation,Energy,True
P02930,Fertilizer Plant Upgrade,Chemicals,False
P02931,Carbon Capture Installation,Energy,True
P02932,Hydro Power Expansion,Energy,True
P02933,Offshore Wind Turbine Delivery,Renewable Energy,True
P02934,Green Steel Plant,Metals,True
P02935,Fertilizer Plant Upgrade,Chemicals,False
P02936,Smart Grid Installation,Energy,True
P02937,Carbon Capture Installation,Energy,True
P02938,Carbon Capture Installation,Energy,True
P02939,Smart Grid Installation,Energy,True
P02940,Defense System Export to Poland,Defense,False
P02941,Smart Grid Installation,Energy,True
P02942,Defense System Export to Poland,Defense,False
P02943,Automated Quality Inspection,Certification,False
P02944,Green Steel Plant,Metals,True
P02945,Industrial Robotics Export,Technology,False
P02946,Offshore Wind Turbine Delivery,Renewable Energy,True
P02947,Defense System Export to Poland,Defense,False
P02948,Offshore Wind Turbine Delivery,Renewable Energy,True
P02949,Offshore Wind Turbine Delivery,Renewable Energy,True
P02950,Defense System Export to Poland,Defense,False
P02951,Industrial Robotics Export,Technology,False
P02952,Electric Maritime Vessel,Maritime,True
P02953,Automated Quality Inspection,Certification,False
P02954,Smart Grid Installation,Energy,True
P02955,Fertilizer Plant Upgrade,Chemicals,False
P02956,Electric Maritime Vessel,Maritime,True
P02957,Green Steel Plant,Metals,True
P02958,Smart Grid Installation,Energy,True
P02959,Defense System Export to Poland,Defense,False
P02960,Green Steel Plant,Metals,True
P02961,Automated Quality Inspection,Certification,False
P02962,Fertilizer Plant Upgrade,Chemicals,False
P02963,Automated Quality Inspection,Certification,False
P02964,Green Steel Plant,Metals,True
P02965,Green Steel Plant,Metals,True
P02966,Defense System Export to Poland,Defense,False
P02967,Automated Quality Inspection,Certification,False
P02968,Automated Quality Inspection,Certification,False
P02969,Defense System Export to Poland,Defense,False
P02970,Green Steel Plant,Metals,True
P02971,Industrial Robotics Export,Technology,False
P02972,Industrial Robotics Export,Technology,False
P02973,Electric Maritime Vessel,Maritime,True
P02974,Hydro Power Expansion,Energy,True
P02975,Defense System Export to Poland,Defense,False
P02976,Green Steel Plant,Metals,True
P02977,Hydro Power Expansion,Energy,True
P02978,Industrial Robotics Export,Technology,False
P02979,Carbon Capture Installation,Energy,True
P02980,Carbon Capture Installation,Energy,True
P02981,Electric Maritime Vessel,Maritime,True
P02982,Fertilizer Plant Upgrade,Chemicals,False
P02983,Smart Grid Installation,Energy,True
P02984,Carbon Capture Installation,Energy,True
P02985,Green Steel Plant,Metals,True
P02986,Hydro Power Expansion,Energy,True
P02987,Offshore Wind Turbine Delivery,Renewable Energy,True
P02988,Hydro Power Expansion,Energy,True
P02989,Green Steel Plant,Metals,True
P02990,Automated Quality Inspection,Certification,False
P02991,Industrial Robotics Export,Technology,False
P02992,Hydro Power Expansion,Energy,True
P02993,Defense System Export to Poland,Defense,False
P02994,Fertilizer Plant Upgrade,Chemicals,False
P02995,Automated Quality Inspection,Certification,False
P02996,Hydro Power Expansion,Energy,True
P02997,Offshore Wind Turbine Delivery,Renewable Energy,True
P02998,Hydro Power Expansion,Energy,True
P02999,Smart Grid Installation,Energy,True
P03000,Smart Grid Installation,Energy,True
P03001,Offshore Wind Turbine Delivery,Renewable Energy,True
P03002,Smart Grid Installation,Energy,True
P03003,Automated Quality Inspection,Certification,False
P03004,Industrial Robotics Export,Technology,False
P03005,Automated Quality Inspection,Certification,False
P03006,Electric Maritime Vessel,Maritime,True
P03007,Electric Maritime Vessel,Maritime,True
P03008,Fertilizer Plant Upgrade,Chemicals,False
P03009,Green Steel Plant,Metals,True
P03010,Carbon Capture Installation,Energy,True
P03011,Automated Quality Inspection,Certification,False
P03012,Green Steel Plant,Metals,True
P03013,Offshore Wind Turbine Delivery,Renewable Energy,True
P03014,Green Steel Plant,Metals,True
P03015,Offshore Wind Turbine Delivery,Renewable Energy,True
P03016,Smart Grid Installation,Energy,True
P03017,Electric Maritime Vessel,Maritime,True
P03018,Automated Quality Inspection,Certification,False
P03019,Green Steel Plant,Metals,True
P03020,Offshore Wind Turbine Delivery,Renewable Energy,True
P03021,Green Steel Plant,Metals,True
P03022,Hydro Power Expansion,Energy,True
P03023,Smart Grid Installation,Energy,True
P03024,Fertilizer Plant Upgrade,Chemicals,False
P03025,Defense System Export to Poland,Defense,False
P03026,Offshore Wind Turbine Delivery,Renewable Energy,True
P03027,Carbon Capture Installation,Energy,True
P03028,Hydro Power Expansion,Energy,True
P03029,Defense System Export to Poland,Defense,False
P03030,Hydro Power Expansion,Energy,True
P03031,Green Steel Plant,Metals,True
P03032,Defense System Export to Poland,Defense,False
P03033,Hydro Power Expansion,Energy,True
P03034,Automated Quality Inspection,Certification,False
P03035,Automated Quality Inspection,Certification,False
P03036,Fertilizer Plant Upgrade,Chemicals,False
P03037,Electric Maritime Vessel,Maritime,True
P03038,Offshore Wind Turbine Delivery,Renewable Energy,True
P03039,Fertilizer Plant Upgrade,Chemicals,False
P03040,Offshore Wind Turbine Delivery,Renewable Energy,True
P03041,Industrial Robotics Export,Technology,False
P03042,Green Steel Plant,Metals,True
P03043,Offshore Wind Turbine Delivery,Renewable Energy,True
P03044,Defense System Export to Poland,Defense,False
P03045,Green Steel Plant,Metals,True
P03046,Carbon Capture Installation,Energy,True
P03047,Carbon Capture Installation,Energy,True
P03048,Defense System Export to Poland,Defense,False
P03049,Automated Quality Inspection,Certification,False
P03050,Industrial Robotics Export,Technology,False
P03051,Hydro Power Expansion,Energy,True
P03052,Industrial Robotics Export,Technology,False
P03053,Electric Maritime Vessel,Maritime,True
P03054,Defense System Export to Poland,Defense,False
P03055,Electric Maritime Vessel,Maritime,True
P03056,Automated Quality Inspection,Certification,False
P03057,Hydro Power Expansion,Energy,True
P03058,Defense System Export to Poland,Defense,False
P03059,Green Steel Plant,Metals,True
P03060,Automated Quality Inspection,Certification,False
P03061,Defense System Export to Poland,Defense,False
P03062,Fertilizer Plant Upgrade,Chemicals,False
P03063,Automated Quality Inspection,Certification,False
P03064,Industrial Robotics Export,Technology,False
P03065,Smart Grid Installation,Energy,True
P03066,Electric Maritime Vessel,Maritime,True
P03067,Electric Maritime Vessel,Maritime,True
P03068,Green Steel Plant,Metals,True
P03069,Defense System Export to Poland,Defense,False
P03070,Carbon Capture Installation,Energy,True
P03071,Smart Grid Installation,Energy,True
P03072,Defense System Export to Poland,Defense,False
P03073,Smart Grid Installation,Energy,True
P03074,Green Steel Plant,Metals,True
P03075,Fertilizer Plant Upgrade,Chemicals,False
P03076,Fertilizer Plant Upgrade,Chemicals,False
P03077,Defense System Export to Poland,Defense,False
P03078,Fertilizer Plant Upgrade,Chemicals,False
P03079,Offshore Wind Turbine Delivery,Renewable Energy,True
P03080,Defense System Export to Poland,Defense,False
P03081,Fertilizer Plant Upgrade,Chemicals,False
P03082,Industrial Robotics Export,Technology,False
P03083,Smart Grid Installation,Energy,True
P03084,Electric Maritime Vessel,Maritime,True
P03085,Carbon Capture Installation,Energy,True
P03086,Fertilizer Plant Upgrade,Chemicals,False
P03087,Offshore Wind Turbine Delivery,Renewable Energy,True
P03088,Hydro Power Expansion,Energy,True
P03089,Carbon Capture Installation,Energy,True
P03090,Hydro Power Expansion,Energy,True
P03091,Offshore Wind Turbine Delivery,Renewable Energy,True
P03092,Offshore Wind Turbine Delivery,Renewable Energy,True
P03093,Smart Grid Installation,Energy,True
P03094,Smart Grid Installation,Energy,True
P03095,Automated Quality Inspection,Certification,False
P03096,Fertilizer Plant Upgrade,Chemicals,False
P03097,Fertilizer Plant Upgrade,Chemicals,False
P03098,Fertilizer Plant Upgrade,Chemicals,False
P03099,Fertilizer Plant Upgrade,Chemicals,False
P03100,Green Steel Plant,Metals,True
P03101,Electric Maritime Vessel,Maritime,True
P03102,Defense System Export to Poland,Defense,False
P03103,Industrial Robotics Export,Technology,False
P03104,Offshore Wind Turbine Delivery,Renewable Energy,True
P03105,Fertilizer Plant Upgrade,Chemicals,False
P03106,Industrial Robotics Export,Technology,False
P03107,Fertilizer Plant Upgrade,Chemicals,False
P03108,Hydro Power Expansion,Energy,True
P03109,Electric Maritime Vessel,Maritime,True
P03110,Defense System Export to Poland,Defense,False
P03111,Automated Quality Inspection,Certification,False
P03112,Carbon Capture Installation,Energy,True
P03113,Carbon Capture Installation,Energy,True
P03114,Electric Maritime Vessel,Maritime,True
P03115,Green Steel Plant,Metals,True
P03116,Offshore Wind Turbine Delivery,Renewable Energy,True
P03117,Automated Quality Inspection,Certification,False
P03118,Carbon Capture Installation,Energy,True
P03119,Fertilizer Plant Upgrade,Chemicals,False
P03120,Defense System Export to Poland,Defense,False
P03121,Electric Maritime Vessel,Maritime,True
P03122,Automated Quality Inspection,Certification,False
P03123,Offshore Wind Turbine Delivery,Renewable Energy,True
P03124,Green Steel Plant,Metals,True
P03125,Defense System Export to Poland,Defense,False
P03126,Green Steel Plant,Metals,True
P03127,Fertilizer Plant Upgrade,Chemicals,False
P03128,Electric Maritime Vessel,Maritime,True
P03129,Offshore Wind Turbine Delivery,Renewable Energy,True
P03130,Electric Maritime Vessel,Maritime,True
P03131,Hydro Power Expansion,Energy,True
P03132,Green Steel Plant,Metals,True
P03133,Carbon Capture Installation,Energy,True
P03134,Defense System Export to Poland,Defense,False
P03135,Fertilizer Plant Upgrade,Chemicals,False
P03136,Defense System Export to Poland,Defense,False
P03137,Green Steel Plant,Metals,True
P03138,Automated Quality Inspection,Certification,False
P03139,Automated Quality Inspection,Certification,False
P03140,Electric Maritime Vessel,Maritime,True
P03141,Defense System Export to Poland,Defense,False
P03142,Offshore Wind Turbine Delivery,Renewable Energy,True
P03143,Hydro Power Expansion,Energy,True
P03144,Industrial Robotics Export,Technology,False
P03145,Industrial Robotics Export,Technology,False
P03146,Offshore Wind Turbine Delivery,Renewable Energy,True
P03147,Green Steel Plant,Metals,True
P03148,Hydro Power Expansion,Energy,True
P03149,Hydro Power Expansion,Energy,True
P03150,Hydro Power Expansion,Energy,True
P03151,Hydro Power Expansion,Energy,True
P03152,Smart Grid Installation,Energy,True
P03153,Carbon Capture Installation,Energy,True
P03154,Automated Quality Inspection,Certification,False
P03155,Carbon Capture Installation,Energy,True
P03156,Automated Quality Inspection,Certification,False
P03157,Smart Grid Installation,Energy,True
P03158,Offshore Wind Turbine Delivery,Renewable Energy,True
P03159,Offshore Wind Turbine Delivery,Renewable Energy,True
P03160,Offshore Wind Turbine Delivery,Renewable Energy,True
P03161,Industrial Robotics Export,Technology,False
P03162,Carbon Capture Installation,Energy,True
P03163,Fertilizer Plant Upgrade,Chemicals,False
P03164,Industrial Robotics Export,Technology,False
P03165,Offshore Wind Turbine Delivery,Renewable Energy,True
P03166,Fertilizer Plant Upgrade,Chemicals,False
P03167,Electric Maritime Vessel,Maritime,True
P03168,Smart Grid Installation,Energy,True
P03169,Smart Grid Installation,Energy,True
P03170,Defense System Export to Poland,Defense,False
P03171,Electric Maritime Vessel,Maritime,True
P03172,Fertilizer Plant Upgrade,Chemicals,False
P03173,Offshore Wind Turbine Delivery,Renewable Energy,True
P03174,Automated Quality Inspection,Certification,False
P03175,Offshore Wind Turbine Delivery,Renewable Energy,True
P03176,Smart Grid Installation,Energy,True
P03177,Automated Quality Inspection,Certification,False
P03178,Carbon Capture Installation,Energy,True
P03179,Fertilizer Plant Upgrade,Chemicals,False
P03180,Fertilizer Plant Upgrade,Chemicals,False
P03181,Green Steel Plant,Metals,True
P03182,Electric Maritime Vessel,Maritime,True
P03183,Carbon Capture Installation,Energy,True
P03184,Carbon Capture Installation,Energy,True
P03185,Defense System Export to Poland,Defense,False
P03186,Industrial Robotics Export,Technology,False
P03187,Industrial Robotics Export,Technology,False
P03188,Industrial Robotics Export,Technology,False
P03189,Fertilizer Plant Upgrade,Chemicals,False
P03190,Electric Maritime Vessel,Maritime,True
P03191,Automated Quality Inspection,Certification,False
P03192,Electric Maritime Vessel,Maritime,True
P03193,Carbon Capture Installation,Energy,True
P03194,Green Steel Plant,Metals,True
P03195,Carbon Capture Installation,Energy,True
P03196,Defense System Export to Poland,Defense,False
P03197,Green Steel Plant,Metals,True
P03198,Fertilizer Plant Upgrade,Chemicals,False
P03199,Industrial Robotics Export,Technology,False
P03200,Green Steel Plant,Metals,True
P03201,Automated Quality Inspection,Certification,False
P03202,Green Steel Plant,Metals,True
P03203,Fertilizer Plant Upgrade,Chemicals,False
P03204,Offshore Wind Turbine Delivery,Renewable Energy,True
P03205,Carbon Capture Installation,Energy,True
P03206,Carbon Capture Installation,Energy,True
P03207,Hydro Power Expansion,Energy,True
P03208,Automated Quality Inspection,Certification,False
P03209,Automated Quality Inspection,Certification,False
P03210,Hydro Power Expansion,Energy,True
P03211,Industrial Robotics Export,Technology,False
P03212,Electric Maritime Vessel,Maritime,True
P03213,Carbon Capture Installation,Energy,True
P03214,Carbon Capture Installation,Energy,True
P03215,Carbon Capture Installation,Energy,True
P03216,Electric Maritime Vessel,Maritime,True
P03217,Green Steel Plant,Metals,True
P03218,Defense System Export to Poland,Defense,False
P03219,Industrial Robotics Export,Technology,False
P03220,Fertilizer Plant Upgrade,Chemicals,False
P03221,Defense System Export to Poland,Defense,False
P03222,Electric Maritime Vessel,Maritime,True
P03223,Smart Grid Installation,Energy,True
P03224,Electric Maritime Vessel,Maritime,True
P03225,Fertilizer Plant Upgrade,Chemicals,False
P03226,Defense System Export to Poland,Defense,False
P03227,Carbon Capture Installation,Energy,True
P03228,Hydro Power Expansion,Energy,True
P03229,Electric Maritime Vessel,Maritime,True
P03230,Automated Quality Inspection,Certification,False
P03231,Carbon Capture Installation,Energy,True
P03232,Automated Quality Inspection,Certification,False
P03233,Carbon Capture Installation,Energy,True
P03234,Automated Quality Inspection,Certification,False
P03235,Fertilizer Plant Upgrade,Chemicals,False
P03236,Defense System Export to Poland,Defense,False
P03237,Green Steel Plant,Metals,True
P03238,Green Steel Plant,Metals,True
P03239,Carbon Capture Installation,Energy,True
P03240,Offshore Wind Turbine Delivery,Renewable Energy,True
P03241,Offshore Wind Turbine Delivery,Renewable Energy,True
P03242,Smart Grid Installation,Energy,True
P03243,Industrial Robotics Export,Technology,False
P03244,Hydro Power Expansion,Energy,True
P03245,Offshore Wind Turbine Delivery,Renewable Energy,True
P03246,Smart Grid Installation,Energy,True
P03247,Carbon Capture Installation,Energy,True
P03248,Fertilizer Plant Upgrade,Chemicals,False
P03249,Defense System Export to Poland,Defense,False
P03250,Hydro Power Expansion,Energy,True
P03251,Smart Grid Installation,Energy,True
P03252,Carbon Capture Installation,Energy,True
P03253,Smart Grid Installation,Energy,True
P03254,Fertilizer Plant Upgrade,Chemicals,False
P03255,Defense System Export to Poland,Defense,False
P03256,Smart Grid Installation,Energy,True
P03257,Fertilizer Plant Upgrade,Chemicals,False
P03258,Green Steel Plant,Metals,True
P03259,Automated Quality Inspection,Certification,False
P03260,Smart Grid Installation,Energy,True
P03261,Electric Maritime Vessel,Maritime,True
P03262,Automated Quality Inspection,Certification,False
P03263,Offshore Wind Turbine Delivery,Renewable Energy,True
P03264,Smart Grid Installation,Energy,True
P03265,Offshore Wind Turbine Delivery,Renewable Energy,True
P03266,Green Steel Plant,Metals,True
P03267,Hydro Power Expansion,Energy,True
P03268,Smart Grid Installation,Energy,True
P03269,Defense System Export to Poland,Defense,False
P03270,Fertilizer Plant Upgrade,Chemicals,False
P03271,Carbon Capture Installation,Energy,True
P03272,Green Steel Plant,Metals,True
P03273,Hydro Power Expansion,Energy,True
P03274,Industrial Robotics Export,Technology,False
P03275,Automated Quality Inspection,Certification,False
P03276,Industrial Robotics Export,Technology,False
P03277,Fertilizer Plant Upgrade,Chemicals,False
P03278,Offshore Wind Turbine Delivery,Renewable Energy,True
P03279,Electric Maritime Vessel,Maritime,True
P03280,Automated Quality Inspection,Certification,False
P03281,Electric Maritime Vessel,Maritime,True
P03282,Green Steel Plant,Metals,True
P03283,Green Steel Plant,Metals,True
P03284,Smart Grid Installation,Energy,True
P03285,Carbon Capture Installation,Energy,True
P03286,Green Steel Plant,Metals,True
P03287,Fertilizer Plant Upgrade,Chemicals,False
P03288,Green Steel Plant,Metals,True
P03289,Hydro Power Expansion,Energy,True
P03290,Offshore Wind Turbine Delivery,Renewable Energy,True
P03291,Industrial Robotics Export,Technology,False
P03292,Electric Maritime Vessel,Maritime,True
P03293,Electric Maritime Vessel,Maritime,True
P03294,Smart Grid Installation,Energy,True
P03295,Smart Grid Installation,Energy,True
P03296,Fertilizer Plant Upgrade,Chemicals,False
P03297,Defense System Export to Poland,Defense,False
P03298,Defense System Export to Poland,Defense,False
P03299,Carbon Capture Installation,Energy,True
P03300,Defense System Export to Poland,Defense,False
P03301,Electric Maritime Vessel,Maritime,True
P03302,Smart Grid Installation,Energy,True
P03303,Automated Quality Inspection,Certification,False
P03304,Carbon Capture Installation,Energy,True
P03305,Industrial Robotics Export,Technology,False
P03306,Hydro Power Expansion,Energy,True
P03307,Carbon Capture Installation,Energy,True
P03308,Automated Quality Inspection,Certification,False
P03309,Green Steel Plant,Metals,True
P03310,Industrial Robotics Export,Technology,False
P03311,Green Steel Plant,Metals,True
P03312,Automated Quality Inspection,Certification,False
P03313,Green Steel Plant,Metals,True
P03314,Offshore Wind Turbine Delivery,Renewable Energy,True
P03315,Industrial Robotics Export,Technology,False
P03316,Hydro Power Expansion,Energy,True
P03317,Smart Grid Installation,Energy,True
P03318,Electric Maritime Vessel,Maritime,True
P03319,Offshore Wind Turbine Delivery,Renewable Energy,True
P03320,Industrial Robotics Export,Technology,False
P03321,Hydro Power Expansion,Energy,True
P03322,Green Steel Plant,Metals,True
P03323,Green Steel Plant,Metals,True
P03324,Industrial Robotics Export,Technology,False
P03325,Industrial Robotics Export,Technology,False
P03326,Smart Grid Installation,Energy,True
P03327,Defense System Export to Poland,Defense,False
P03328,Defense System Export to Poland,Defense,False
P03329,Hydro Power Expansion,Energy,True
P03330,Carbon Capture Installation,Energy,True
P03331,Automated Quality Inspection,Certification,False
P03332,Automated Quality Inspection,Certification,False
P03333,Offshore Wind Turbine Delivery,Renewable Energy,True
P03334,Defense System Export to Poland,Defense,False
P03335,Electric Maritime Vessel,Maritime,True
P03336,Fertilizer Plant Upgrade,Chemicals,False
P03337,Offshore Wind Turbine Delivery,Renewable Energy,True
P03338,Green Steel Plant,Metals,True
P03339,Industrial Robotics Export,Technology,False
P03340,Offshore Wind Turbine Delivery,Renewable Energy,True
P03341,Fertilizer Plant Upgrade,Chemicals,False
P03342,Automated Quality Inspection,Certification,False
P03343,Green Steel Plant,Metals,True
P03344,Fertilizer Plant Upgrade,Chemicals,False
P03345,Smart Grid Installation,Energy,True
P03346,Defense System Export to Poland,Defense,False
P03347,Carbon Capture Installation,Energy,True
P03348,Fertilizer Plant Upgrade,Chemicals,False
P03349,Smart Grid Installation,Energy,True
P03350,Electric Maritime Vessel,Maritime,True
P03351,Industrial Robotics Export,Technology,False
P03352,Fertilizer Plant Upgrade,Chemicals,False
P03353,Fertilizer Plant Upgrade,Chemicals,False
P03354,Hydro Power Expansion,Energy,True
P03355,Automated Quality Inspection,Certification,False
P03356,Electric Maritime Vessel,Maritime,True
P03357,Green Steel Plant,Metals,True
P03358,Defense System Export to Poland,Defense,False
P03359,Hydro Power Expansion,Energy,True
P03360,Electric Maritime Vessel,Maritime,True
P03361,Green Steel Plant,Metals,True
P03362,Carbon Capture Installation,Energy,True
P03363,Offshore Wind Turbine Delivery,Renewable Energy,True
P03364,Green Steel Plant,Metals,True
P03365,Defense System Export to Poland,Defense,False
P03366,Green Steel Plant,Metals,True
P03367,Industrial Robotics Export,Technology,False
P03368,Green Steel Plant,Metals,True
P03369,Carbon Capture Installation,Energy,True
P03370,Fertilizer Plant Upgrade,Chemicals,False
P03371,Smart Grid Installation,Energy,True
P03372,Smart Grid Installation,Energy,True
P03373,Hydro Power Expansion,Energy,True
P03374,Smart Grid Installation,Energy,True
P03375,Green Steel Plant,Metals,True
P03376,Electric Maritime Vessel,Maritime,True
P03377,Defense System Export to Poland,Defense,False
P03378,Defense System Export to Poland,Defense,False
P03379,Smart Grid Installation,Energy,True
P03380,Automated Quality Inspection,Certification,False
P03381,Smart Grid Installation,Energy,True
P03382,Hydro Power Expansion,Energy,True
P03383,Defense System Export to Poland,Defense,False
P03384,Electric Maritime Vessel,Maritime,True
P03385,Carbon Capture Installation,Energy,True
P03386,Automated Quality Inspection,Certification,False
P03387,Electric Maritime Vessel,Maritime,True
P03388,Hydro Power Expansion,Energy,True
P03389,Hydro Power Expansion,Energy,True
P03390,Defense System Export to Poland,Defense,False
P03391,Green Steel Plant,Metals,True
P03392,Automated Quality Inspection,Certification,False
P03393,Green Steel Plant,Metals,True
P03394,Offshore Wind Turbine Delivery,Renewable Energy,True
P03395,Offshore Wind Turbine Delivery,Renewable Energy,True
P03396,Electric Maritime Vessel,Maritime,True
P03397,Industrial Robotics Export,Technology,False
P03398,Fertilizer Plant Upgrade,Chemicals,False
P03399,Carbon Capture Installation,Energy,True
P03400,Automated Quality Inspection,Certification,False
P03401,Smart Grid Installation,Energy,True
P03402,Offshore Wind Turbine Delivery,Renewable Energy,True
P03403,Offshore Wind Turbine Delivery,Renewable Energy,True
P03404,Electric Maritime Vessel,Maritime,True
P03405,Hydro Power Expansion,Energy,True
P03406,Fertilizer Plant Upgrade,Chemicals,False
P03407,Automated Quality Inspection,Certification,False
P03408,Electric Maritime Vessel,Maritime,True
P03409,Smart Grid Installation,Energy,True
P03410,Offshore Wind Turbine Delivery,Renewable Energy,True
P03411,Electric Maritime Vessel,Maritime,True
P03412,Smart Grid Installation,Energy,True
P03413,Automated Quality Inspection,Certification,False
P03414,Hydro Power Expansion,Energy,True
P03415,Electric Maritime Vessel,Maritime,True
P03416,Hydro Power Expansion,Energy,True
P03417,Offshore Wind Turbine Delivery,Renewable Energy,True
P03418,Offshore Wind Turbine Delivery,Renewable Energy,True
P03419,Fertilizer Plant Upgrade,Chemicals,False
P03420,Fertilizer Plant Upgrade,Chemicals,False
P03421,Hydro Power Expansion,Energy,True
P03422,Industrial Robotics Export,Technology,False
P03423,Electric Maritime Vessel,Maritime,True
P03424,Offshore Wind Turbine Delivery,Renewable Energy,True
P03425,Green Steel Plant,Metals,True
P03426,Industrial Robotics Export,Technology,False
P03427,Offshore Wind Turbine Delivery,Renewable Energy,True
P03428,Automated Quality Inspection,Certification,False
P03429,Carbon Capture Installation,Energy,True
P03430,Industrial Robotics Export,Technology,False
P03431,Offshore Wind Turbine Delivery,Renewable Energy,True
P03432,Industrial Robotics Export,Technology,False
P03433,Defense System Export to Poland,Defense,False
P03434,Industrial Robotics Export,Technology,False
P03435,Smart Grid Installation,Energy,True
P03436,Industrial Robotics Export,Technology,False
P03437,Offshore Wind Turbine Delivery,Renewable Energy,True
P03438,Industrial Robotics Export,Technology,False
P03439,Automated Quality Inspection,Certification,False
P03440,Green Steel Plant,Metals,True
P03441,Automated Quality Inspection,Certification,False
P03442,Automated Quality Inspection,Certification,False
P03443,Fertilizer Plant Upgrade,Chemicals,False
P03444,Automated Quality Inspection,Certification,False
P03445,Hydro Power Expansion,Energy,True
P03446,Offshore Wind Turbine Delivery,Renewable Energy,True
P03447,Industrial Robotics Export,Technology,False
P03448,Carbon Capture Installation,Energy,True
P03449,Industrial Robotics Export,Technology,False
P03450,Carbon Capture Installation,Energy,True
P03451,Fertilizer Plant Upgrade,Chemicals,False
P03452,Automated Quality Inspection,Certification,False
P03453,Defense System Export to Poland,Defense,False
P03454,Carbon Capture Installation,Energy,True
P03455,Smart Grid Installation,Energy,True
P03456,Offshore Wind Turbine Delivery,Renewable Energy,True
P03457,Automated Quality Inspection,Certification,False
P03458,Carbon Capture Installation,Energy,True
P03459,Fertilizer Plant Upgrade,Chemicals,False
P03460,Fertilizer Plant Upgrade,Chemicals,False
P03461,Defense System Export to Poland,Defense,False
P03462,Green Steel Plant,Metals,True
P03463,Automated Quality Inspection,Certification,False
P03464,Industrial Robotics Export,Technology,False
P03465,Electric Maritime Vessel,Maritime,True
P03466,Automated Quality Inspection,Certification,False
P03467,Smart Grid Installation,Energy,True
P03468,Offshore Wind Turbine Delivery,Renewable Energy,True
P03469,Fertilizer Plant Upgrade,Chemicals,False
P03470,Fertilizer Plant Upgrade,Chemicals,False
P03471,Green Steel Plant,Metals,True
P03472,Automated Quality Inspection,Certification,False
P03473,Electric Maritime Vessel,Maritime,True
P03474,Automated Quality Inspection,Certification,False
P03475,Automated Quality Inspection,Certification,False
P03476,Electric Maritime Vessel,Maritime,True
P03477,Industrial Robotics Export,Technology,False
P03478,Smart Grid Installation,Energy,True
P03479,Automated Quality Inspection,Certification,False
P03480,Industrial Robotics Export,Technology,False
P03481,Green Steel Plant,Metals,True
P03482,Industrial Robotics Export,Technology,False
P03483,Electric Maritime Vessel,Maritime,True
P03484,Smart Grid Installation,Energy,True
P03485,Carbon Capture Installation,Energy,True
P03486,Carbon Capture Installation,Energy,True
P03487,Automated Quality Inspection,Certification,False
P03488,Smart Grid Installation,Energy,True
P03489,Hydro Power Expansion,Energy,True
P03490,Industrial Robotics Export,Technology,False
P03491,Defense System Export to Poland,Defense,False
P03492,Fertilizer Plant Upgrade,Chemicals,False
P03493,Carbon Capture Installation,Energy,True
P03494,Industrial Robotics Export,Technology,False
P03495,Defense System Export to Poland,Defense,False
P03496,Automated Quality Inspection,Certification,False
P03497,Industrial Robotics Export,Technology,False
P03498,Smart Grid Installation,Energy,True
P03499,Defense System Export to Poland,Defense,False
P03500,Fertilizer Plant Upgrade,Chemicals,False
P03501,Defense System Export to Poland,Defense,False
P03502,Carbon Capture Installation,Energy,True
P03503,Smart Grid Installation,Energy,True
P03504,Green Steel Plant,Metals,True
P03505,Defense System Export to Poland,Defense,False
P03506,Automated Quality Inspection,Certification,False
P03507,Green Steel Plant,Metals,True
P03508,Industrial Robotics Export,Technology,False
P03509,Electric Maritime Vessel,Maritime,True
P03510,Electric Maritime Vessel,Maritime,True
P03511,Fertilizer Plant Upgrade,Chemicals,False
P03512,Green Steel Plant,Metals,True
P03513,Hydro Power Expansion,Energy,True
P03514,Carbon Capture Installation,Energy,True
P03515,Fertilizer Plant Upgrade,Chemicals,False
P03516,Smart Grid Installation,Energy,True
P03517,Smart Grid Installation,Energy,True
P03518,Fertilizer Plant Upgrade,Chemicals,False
P03519,Electric Maritime Vessel,Maritime,True
P03520,Industrial Robotics Export,Technology,False
P03521,Offshore Wind Turbine Delivery,Renewable Energy,True
P03522,Defense System Export to Poland,Defense,False
P03523,Green Steel Plant,Metals,True
P03524,Smart Grid Installation,Energy,True
P03525,Fertilizer Plant Upgrade,Chemicals,False
P03526,Hydro Power Expansion,Energy,True
P03527,Industrial Robotics Export,Technology,False
P03528,Industrial Robotics Export,Technology,False
P03529,Green Steel Plant,Metals,True
P03530,Electric Maritime Vessel,Maritime,True
P03531,Green Steel Plant,Metals,True
P03532,Industrial Robotics Export,Technology,False
P03533,Industrial Robotics Export,Technology,False
P03534,Fertilizer Plant Upgrade,Chemicals,False
P03535,Automated Quality Inspection,Certification,False
P03536,Fertilizer Plant Upgrade,Chemicals,False
P03537,Defense System Export to Poland,Defense,False
P03538,Carbon Capture Installation,Energy,True
P03539,Smart Grid Installation,Energy,True
P03540,Offshore Wind Turbine Delivery,Renewable Energy,True
P03541,Fertilizer Plant Upgrade,Chemicals,False
P03542,Green Steel Plant,Metals,True
P03543,Industrial Robotics Export,Technology,False
P03544,Electric Maritime Vessel,Maritime,True
P03545,Smart Grid Installation,Energy,True
P03546,Offshore Wind Turbine Delivery,Renewable Energy,True
P03547,Automated Quality Inspection,Certification,False
P03548,Carbon Capture Installation,Energy,True
P03549,Industrial Robotics Export,Technology,False
P03550,Offshore Wind Turbine Delivery,Renewable Energy,True
P03551,Hydro Power Expansion,Energy,True
P03552,Fertilizer Plant Upgrade,Chemicals,False
P03553,Fertilizer Plant Upgrade,Chemicals,False
P03554,Automated Quality Inspection,Certification,False
P03555,Industrial Robotics Export,Technology,False
P03556,Offshore Wind Turbine Delivery,Renewable Energy,True
P03557,Green Steel Plant,Metals,True
P03558,Automated Quality Inspection,Certification,False
P03559,Carbon Capture Installation,Energy,True
P03560,Automated Quality Inspection,Certification,False
P03561,Hydro Power Expansion,Energy,True
P03562,Fertilizer Plant Upgrade,Chemicals,False
P03563,Smart Grid Installation,Energy,True
P03564,Offshore Wind Turbine Delivery,Renewable Energy,True
P03565,Electric Maritime Vessel,Maritime,True
P03566,Offshore Wind Turbine Delivery,Renewable Energy,True
P03567,Defense System Export to Poland,Defense,False
P03568,Offshore Wind Turbine Delivery,Renewable Energy,True
P03569,Smart Grid Installation,Energy,True
P03570,Smart Grid Installation,Energy,True
P03571,Smart Grid Installation,Energy,True
P03572,Industrial Robotics Export,Technology,False
P03573,Carbon Capture Installation,Energy,True
P03574,Hydro Power Expansion,Energy,True
P03575,Offshore Wind Turbine Delivery,Renewable Energy,True
P03576,Electric Maritime Vessel,Maritime,True
P03577,Hydro Power Expansion,Energy,True
P03578,Hydro Power Expansion,Energy,True
P03579,Automated Quality Inspection,Certification,False
P03580,Defense System Export to Poland,Defense,False
P03581,Industrial Robotics Export,Technology,False
P03582,Hydro Power Expansion,Energy,True
P03583,Smart Grid Installation,Energy,True
P03584,Offshore Wind Turbine Delivery,Renewable Energy,True
P03585,Green Steel Plant,Metals,True
P03586,Defense System Export to Poland,Defense,False
P03587,Defense System Export to Poland,Defense,False
P03588,Carbon Capture Installation,Energy,True
P03589,Electric Maritime Vessel,Maritime,True
P03590,Defense System Export to Poland,Defense,False
P03591,Hydro Power Expansion,Energy,True
P03592,Fertilizer Plant Upgrade,Chemicals,False
P03593,Defense System Export to Poland,Defense,False
P03594,Fertilizer Plant Upgrade,Chemicals,False
P03595,Green Steel Plant,Metals,True
P03596,Carbon Capture Installation,Energy,True
P03597,Offshore Wind Turbine Delivery,Renewable Energy,True
P03598,Carbon Capture Installation,Energy,True
P03599,Defense System Export to Poland,Defense,False
P03600,Smart Grid Installation,Energy,True
P03601,Smart Grid Installation,Energy,True
P03602,Hydro Power Expansion,Energy,True
P03603,Automated Quality Inspection,Certification,False
P03604,Fertilizer Plant Upgrade,Chemicals,False
P03605,Green Steel Plant,Metals,True
P03606,Automated Quality Inspection,Certification,False
P03607,Defense System Export to Poland,Defense,False
P03608,Defense System Export to Poland,Defense,False
P03609,Smart Grid Installation,Energy,True
P03610,Industrial Robotics Export,Technology,False
P03611,Carbon Capture Installation,Energy,True
P03612,Green Steel Plant,Metals,True
P03613,Smart Grid Installation,Energy,True
P03614,Green Steel Plant,Metals,True
P03615,Electric Maritime Vessel,Maritime,True
P03616,Offshore Wind Turbine Delivery,Renewable Energy,True
P03617,Industrial Robotics Export,Technology,False
P03618,Fertilizer Plant Upgrade,Chemicals,False
P03619,Industrial Robotics Export,Technology,False
P03620,Industrial Robotics Export,Technology,False
P03621,Automated Quality Inspection,Certification,False
P03622,Defense System Export to Poland,Defense,False
P03623,Electric Maritime Vessel,Maritime,True
P03624,Smart Grid Installation,Energy,True
P03625,Fertilizer Plant Upgrade,Chemicals,False
P03626,Hydro Power Expansion,Energy,True
P03627,Carbon Capture Installation,Energy,True
P03628,Green Steel Plant,Metals,True
P03629,Electric Maritime Vessel,Maritime,True
P03630,Fertilizer Plant Upgrade,Chemicals,False
P03631,Offshore Wind Turbine Delivery,Renewable Energy,True
P03632,Green Steel Plant,Metals,True
P03633,Carbon Capture Installation,Energy,True
P03634,Green Steel Plant,Metals,True
P03635,Offshore Wind Turbine Delivery,Renewable Energy,True
P03636,Carbon Capture Installation,Energy,True
P03637,Automated Quality Inspection,Certification,False
P03638,Smart Grid Installation,Energy,True
P03639,Industrial Robotics Export,Technology,False
P03640,Smart Grid Installation,Energy,True
P03641,Smart Grid Installation,Energy,True
P03642,Offshore Wind Turbine Delivery,Renewable Energy,True
P03643,Fertilizer Plant Upgrade,Chemicals,False
P03644,Defense System Export to Poland,Defense,False
P03645,Industrial Robotics Export,Technology,False
P03646,Hydro Power Expansion,Energy,True
P03647,Offshore Wind Turbine Delivery,Renewable Energy,True
P03648,Offshore Wind Turbine Delivery,Renewable Energy,True
P03649,Defense System Export to Poland,Defense,False
P03650,Automated Quality Inspection,Certification,False
P03651,Hydro Power Expansion,Energy,True
P03652,Automated Quality Inspection,Certification,False
P03653,Automated Quality Inspection,Certification,False
P03654,Automated Quality Inspection,Certification,False
P03655,Automated Quality Inspection,Certification,False
P03656,Fertilizer Plant Upgrade,Chemicals,False
P03657,Electric Maritime Vessel,Maritime,True
P03658,Automated Quality Inspection,Certification,False
P03659,Fertilizer Plant Upgrade,Chemicals,False
P03660,Green Steel Plant,Metals,True
P03661,Defense System Export to Poland,Defense,False
P03662,Offshore Wind Turbine Delivery,Renewable Energy,True
P03663,Offshore Wind Turbine Delivery,Renewable Energy,True
P03664,Automated Quality Inspection,Certification,False
P03665,Carbon Capture Installation,Energy,True
P03666,Defense System Export to Poland,Defense,False
P03667,Industrial Robotics Export,Technology,False
P03668,Smart Grid Installation,Energy,True
P03669,Fertilizer Plant Upgrade,Chemicals,False
P03670,Electric Maritime Vessel,Maritime,True
P03671,Industrial Robotics Export,Technology,False
P03672,Defense System Export to Poland,Defense,False
P03673,Smart Grid Installation,Energy,True
P03674,Defense System Export to Poland,Defense,False
P03675,Green Steel Plant,Metals,True
P03676,Hydro Power Expansion,Energy,True
P03677,Fertilizer Plant Upgrade,Chemicals,False
P03678,Green Steel Plant,Metals,True
P03679,Carbon Capture Installation,Energy,True
P03680,Green Steel Plant,Metals,True
P03681,Smart Grid Installation,Energy,True
P03682,Smart Grid Installation,Energy,True
P03683,Smart Grid Installation,Energy,True
P03684,Industrial Robotics Export,Technology,False
P03685,Electric Maritime Vessel,Maritime,True
P03686,Offshore Wind Turbine Delivery,Renewable Energy,True
P03687,Fertilizer Plant Upgrade,Chemicals,False
P03688,Industrial Robotics Export,Technology,False
P03689,Smart Grid Installation,Energy,True
P03690,Carbon Capture Installation,Energy,True
P03691,Automated Quality Inspection,Certification,False
P03692,Green Steel Plant,Metals,True
P03693,Defense System Export to Poland,Defense,False
P03694,Defense System Export to Poland,Defense,False
P03695,Carbon Capture Installation,Energy,True
P03696,Green Steel Plant,Metals,True
P03697,Industrial Robotics Export,Technology,False
P03698,Industrial Robotics Export,Technology,False
P03699,Carbon Capture Installation,Energy,True
P03700,Defense System Export to Poland,Defense,False
P03701,Electric Maritime Vessel,Maritime,True
P03702,Industrial Robotics Export,Technology,False
P03703,Smart Grid Installation,Energy,True
P03704,Electric Maritime Vessel,Maritime,True
P03705,Defense System Export to Poland,Defense,False
P03706,Smart Grid Installation,Energy,True
P03707,Smart Grid Installation,Energy,True
P03708,Offshore Wind Turbine Delivery,Renewable Energy,True
P03709,Carbon Capture Installation,Energy,True
P03710,Fertilizer Plant Upgrade,Chemicals,False
P03711,Offshore Wind Turbine Delivery,Renewable Energy,True
P03712,Carbon Capture Installation,Energy,True
P03713,Hydro Power Expansion,Energy,True
P03714,Automated Quality Inspection,Certification,False
P03715,Automated Quality Inspection,Certification,False
P03716,Green Steel Plant,Metals,True
P03717,Offshore Wind Turbine Delivery,Renewable Energy,True
P03718,Hydro Power Expansion,Energy,True
P03719,Fertilizer Plant Upgrade,Chemicals,False
P03720,Offshore Wind Turbine Delivery,Renewable Energy,True
P03721,Smart Grid Installation,Energy,True
P03722,Defense System Export to Poland,Defense,False
P03723,Automated Quality Inspection,Certification,False
P03724,Smart Grid Installation,Energy,True
P03725,Smart Grid Installation,Energy,True
P03726,Offshore Wind Turbine Delivery,Renewable Energy,True
P03727,Offshore Wind Turbine Delivery,Renewable Energy,True
P03728,Industrial Robotics Export,Technology,False
P03729,Offshore Wind Turbine Delivery,Renewable Energy,True
P03730,Defense System Export to Poland,Defense,False
P03731,Green Steel Plant,Metals,True
P03732,Industrial Robotics Export,Technology,False
P03733,Industrial Robotics Export,Technology,False
P03734,Industrial Robotics Export,Technology,False
P03735,Offshore Wind Turbine Delivery,Renewable Energy,True
P03736,Offshore Wind Turbine Delivery,Renewable Energy,True
P03737,Defense System Export to Poland,Defense,False
P03738,Fertilizer Plant Upgrade,Chemicals,False
P03739,Smart Grid Installation,Energy,True
P03740,Carbon Capture Installation,Energy,True
P03741,Green Steel Plant,Metals,True
P03742,Carbon Capture Installation,Energy,True
P03743,Smart Grid Installation,Energy,True
P03744,Offshore Wind Turbine Delivery,Renewable Energy,True
P03745,Carbon Capture Installation,Energy,True
P03746,Defense System Export to Poland,Defense,False
P03747,Carbon Capture Installation,Energy,True
P03748,Smart Grid Installation,Energy,True
P03749,Automated Quality Inspection,Certification,False
P03750,Green Steel Plant,Metals,True
P03751,Fertilizer Plant Upgrade,Chemicals,False
P03752,Smart Grid Installation,Energy,True
P03753,Industrial Robotics Export,Technology,False
P03754,Industrial Robotics Export,Technology,False
P03755,Hydro Power Expansion,Energy,True
P03756,Smart Grid Installation,Energy,True
P03757,Automated Quality Inspection,Certification,False
P03758,Defense System Export to Poland,Defense,False
P03759,Green Steel Plant,Metals,True
P03760,Industrial Robotics Export,Technology,False
P03761,Defense System Export to Poland,Defense,False
P03762,Defense System Export to Poland,Defense,False
P03763,Hydro Power Expansion,Energy,True
P03764,Industrial Robotics Export,Technology,False
P03765,Smart Grid Installation,Energy,True
P03766,Fertilizer Plant Upgrade,Chemicals,False
P03767,Hydro Power Expansion,Energy,True
P03768,Offshore Wind Turbine Delivery,Renewable Energy,True
P03769,Carbon Capture Installation,Energy,True
P03770,Industrial Robotics Export,Technology,False
P03771,Defense System Export to Poland,Defense,False
P03772,Offshore Wind Turbine Delivery,Renewable Energy,True
P03773,Defense System Export to Poland,Defense,False
P03774,Automated Quality Inspection,Certification,False
P03775,Industrial Robotics Export,Technology,False
P03776,Hydro Power Expansion,Energy,True
P03777,Green Steel Plant,Metals,True
P03778,Defense System Export to Poland,Defense,False
P03779,Hydro Power Expansion,Energy,True
P03780,Green Steel Plant,Metals,True
P03781,Fertilizer Plant Upgrade,Chemicals,False
P03782,Industrial Robotics Export,Technology,False
P03783,Offshore Wind Turbine Delivery,Renewable Energy,True
P03784,Carbon Capture Installation,Energy,True
P03785,Fertilizer Plant Upgrade,Chemicals,False
P03786,Automated Quality Inspection,Certification,False
P03787,Defense System Export to Poland,Defense,False
P03788,Defense System Export to Poland,Defense,False
P03789,Electric Maritime Vessel,Maritime,True
P03790,Electric Maritime Vessel,Maritime,True
P03791,Hydro Power Expansion,Energy,True
P03792,Fertilizer Plant Upgrade,Chemicals,False
P03793,Smart Grid Installation,Energy,True
P03794,Hydro Power Expansion,Energy,True
P03795,Offshore Wind Turbine Delivery,Renewable Energy,True
P03796,Offshore Wind Turbine Delivery,Renewable Energy,True
P03797,Carbon Capture Installation,Energy,True
P03798,Hydro Power Expansion,Energy,True
P03799,Automated Quality Inspection,Certification,False
P03800,Industrial Robotics Export,Technology,False
P03801,Carbon Capture Installation,Energy,True
P03802,Industrial Robotics Export,Technology,False
P03803,Hydro Power Expansion,Energy,True
P03804,Fertilizer Plant Upgrade,Chemicals,False
P03805,Hydro Power Expansion,Energy,True
P03806,Offshore Wind Turbine Delivery,Renewable Energy,True
P03807,Electric Maritime Vessel,Maritime,True
P03808,Electric Maritime Vessel,Maritime,True
P03809,Electric Maritime Vessel,Maritime,True
P03810,Carbon Capture Installation,Energy,True
P03811,Carbon Capture Installation,Energy,True
P03812,Green Steel Plant,Metals,True
P03813,Smart Grid Installation,Energy,True
P03814,Industrial Robotics Export,Technology,False
P03815,Offshore Wind Turbine Delivery,Renewable Energy,True
P03816,Electric Maritime Vessel,Maritime,True
P03817,Carbon Capture Installation,Energy,True
P03818,Defense System Export to Poland,Defense,False
P03819,Automated Quality Inspection,Certification,False
P03820,Offshore Wind Turbine Delivery,Renewable Energy,True
P03821,Automated Quality Inspection,Certification,False
P03822,Carbon Capture Installation,Energy,True
P03823,Electric Maritime Vessel,Maritime,True
P03824,Smart Grid Installation,Energy,True
P03825,Electric Maritime Vessel,Maritime,True
P03826,Green Steel Plant,Metals,True
P03827,Defense System Export to Poland,Defense,False
P03828,Offshore Wind Turbine Delivery,Renewable Energy,True
P03829,Green Steel Plant,Metals,True
P03830,Automated Quality Inspection,Certification,False
P03831,Fertilizer Plant Upgrade,Chemicals,False
P03832,Smart Grid Installation,Energy,True
P03833,Industrial Robotics Export,Technology,False
P03834,Industrial Robotics Export,Technology,False
P03835,Hydro Power Expansion,Energy,True
P03836,Green Steel Plant,Metals,True
P03837,Green Steel Plant,Metals,True
P03838,Green Steel Plant,Metals,True
P03839,Automated Quality Inspection,Certification,False
P03840,Fertilizer Plant Upgrade,Chemicals,False
P03841,Smart Grid Installation,Energy,True
P03842,Hydro Power Expansion,Energy,True
P03843,Green Steel Plant,Metals,True
P03844,Industrial Robotics Export,Technology,False
P03845,Automated Quality Inspection,Certification,False
P03846,Smart Grid Installation,Energy,True
P03847,Carbon Capture Installation,Energy,True
P03848,Offshore Wind Turbine Delivery,Renewable Energy,True
P03849,Smart Grid Installation,Energy,True
P03850,Offshore Wind Turbine Delivery,Renewable Energy,True
P03851,Automated Quality Inspection,Certification,False
P03852,Carbon Capture Installation,Energy,True
P03853,Offshore Wind Turbine Delivery,Renewable Energy,True
P03854,Automated Quality Inspection,Certification,False
P03855,Industrial Robotics Export,Technology,False
P03856,Defense System Export to Poland,Defense,False
P03857,Smart Grid Installation,Energy,True
P03858,Smart Grid Installation,Energy,True
P03859,Offshore Wind Turbine Delivery,Renewable Energy,True
P03860,Defense System Export to Poland,Defense,False
P03861,Carbon Capture Installation,Energy,True
P03862,Green Steel Plant,Metals,True
P03863,Offshore Wind Turbine Delivery,Renewable Energy,True
P03864,Carbon Capture Installation,Energy,True
P03865,Automated Quality Inspection,Certification,False
P03866,Green Steel Plant,Metals,True
P03867,Green Steel Plant,Metals,True
P03868,Automated Quality Inspection,Certification,False
P03869,Industrial Robotics Export,Technology,False
P03870,Hydro Power Expansion,Energy,True
P03871,Offshore Wind Turbine Delivery,Renewable Energy,True
P03872,Industrial Robotics Export,Technology,False
P03873,Green Steel Plant,Metals,True
P03874,Carbon Capture Installation,Energy,True
P03875,Smart Grid Installation,Energy,True
P03876,Electric Maritime Vessel,Maritime,True
P03877,Automated Quality Inspection,Certification,False
P03878,Industrial Robotics Export,Technology,False
P03879,Automated Quality Inspection,Certification,False
P03880,Electric Maritime Vessel,Maritime,True
P03881,Smart Grid Installation,Energy,True
P03882,Defense System Export to Poland,Defense,False
P03883,Electric Maritime Vessel,Maritime,True
P03884,Smart Grid Installation,Energy,True
P03885,Smart Grid Installation,Energy,True
P03886,Carbon Capture Installation,Energy,True
P03887,Carbon Capture Installation,Energy,True
P03888,Automated Quality Inspection,Certification,False
P03889,Automated Quality Inspection,Certification,False
P03890,Green Steel Plant,Metals,True
P03891,Hydro Power Expansion,Energy,True
P03892,Hydro Power Expansion,Energy,True
P03893,Green Steel Plant,Metals,True
P03894,Smart Grid Installation,Energy,True
P03895,Green Steel Plant,Metals,True
P03896,Green Steel Plant,Metals,True
P03897,Automated Quality Inspection,Certification,False
P03898,Electric Maritime Vessel,Maritime,True
P03899,Industrial Robotics Export,Technology,False
P03900,Industrial Robotics Export,Technology,False
P03901,Offshore Wind Turbine Delivery,Renewable Energy,True
P03902,Smart Grid Installation,Energy,True
P03903,Automated Quality Inspection,Certification,False
P03904,Electric Maritime Vessel,Maritime,True
P03905,Electric Maritime Vessel,Maritime,True
P03906,Smart Grid Installation,Energy,True
P03907,Offshore Wind Turbine Delivery,Renewable Energy,True
P03908,Carbon Capture Installation,Energy,True
P03909,Automated Quality Inspection,Certification,False
P03910,Electric Maritime Vessel,Maritime,True
P03911,Smart Grid Installation,Energy,True
P03912,Electric Maritime Vessel,Maritime,True
P03913,Defense System Export to Poland,Defense,False
P03914,Hydro Power Expansion,Energy,True
P03915,Offshore Wind Turbine Delivery,Renewable Energy,True
P03916,Hydro Power Expansion,Energy,True
P03917,Carbon Capture Installation,Energy,True
P03918,Offshore Wind Turbine Delivery,Renewable Energy,True
P03919,Automated Quality Inspection,Certification,False
P03920,Offshore Wind Turbine Delivery,Renewable Energy,True
P03921,Carbon Capture Installation,Energy,True
P03922,Automated Quality Inspection,Certification,False
P03923,Automated Quality Inspection,Certification,False
P03924,Smart Grid Installation,Energy,True
P03925,Green Steel Plant,Metals,True
P03926,Automated Quality Inspection,Certification,False
P03927,Carbon Capture Installation,Energy,True
P03928,Green Steel Plant,Metals,True
P03929,Electric Maritime Vessel,Maritime,True
P03930,Fertilizer Plant Upgrade,Chemicals,False
P03931,Defense System Export to Poland,Defense,False
P03932,Industrial Robotics Export,Technology,False
P03933,Automated Quality Inspection,Certification,False
P03934,Smart Grid Installation,Energy,True
P03935,Carbon Capture Installation,Energy,True
P03936,Electric Maritime Vessel,Maritime,True
P03937,Defense System Export to Poland,Defense,False
P03938,Offshore Wind Turbine Delivery,Renewable Energy,True
P03939,Electric Maritime Vessel,Maritime,True
P03940,Automated Quality Inspection,Certification,False
P03941,Defense System Export to Poland,Defense,False
P03942,Carbon Capture Installation,Energy,True
P03943,Automated Quality Inspection,Certification,False
P03944,Green Steel Plant,Metals,True
P03945,Electric Maritime Vessel,Maritime,True
P03946,Smart Grid Installation,Energy,True
P03947,Smart Grid Installation,Energy,True
P03948,Defense System Export to Poland,Defense,False
P03949,Industrial Robotics Export,Technology,False
P03950,Industrial Robotics Export,Technology,False
P03951,Automated Quality Inspection,Certification,False
P03952,Offshore Wind Turbine Delivery,Renewable Energy,True
P03953,Defense System Export to Poland,Defense,False
P03954,Carbon Capture Installation,Energy,True
P03955,Hydro Power Expansion,Energy,True
P03956,Electric Maritime Vessel,Maritime,True
P03957,Offshore Wind Turbine Delivery,Renewable Energy,True
P03958,Industrial Robotics Export,Technology,False
P03959,Fertilizer Plant Upgrade,Chemicals,False
P03960,Offshore Wind Turbine Delivery,Renewable Energy,True
P03961,Green Steel Plant,Metals,True
P03962,Industrial Robotics Export,Technology,False
P03963,Automated Quality Inspection,Certification,False
P03964,Automated Quality Inspection,Certification,False
P03965,Electric Maritime Vessel,Maritime,True
P03966,Hydro Power Expansion,Energy,True
P03967,Smart Grid Installation,Energy,True
P03968,Offshore Wind Turbine Delivery,Renewable Energy,True
P03969,Fertilizer Plant Upgrade,Chemicals,False
P03970,Offshore Wind Turbine Delivery,Renewable Energy,True
P03971,Hydro Power Expansion,Energy,True
P03972,Green Steel Plant,Metals,True
P03973,Smart Grid Installation,Energy,True
P03974,Green Steel Plant,Metals,True
P03975,Defense System Export to Poland,Defense,False
P03976,Automated Quality Inspection,Certification,False
P03977,Offshore Wind Turbine Delivery,Renewable Energy,True
P03978,Defense System Export to Poland,Defense,False
P03979,Automated Quality Inspection,Certification,False
P03980,Electric Maritime Vessel,Maritime,True
P03981,Hydro Power Expansion,Energy,True
P03982,Hydro Power Expansion,Energy,True
P03983,Offshore Wind Turbine Delivery,Renewable Energy,True
P03984,Green Steel Plant,Metals,True
P03985,Defense System Export to Poland,Defense,False
P03986,Offshore Wind Turbine Delivery,Renewable Energy,True
P03987,Electric Maritime Vessel,Maritime,True
P03988,Hydro Power Expansion,Energy,True
P03989,Offshore Wind Turbine Delivery,Renewable Energy,True
P03990,Carbon Capture Installation,Energy,True
P03991,Industrial Robotics Export,Technology,False
P03992,Fertilizer Plant Upgrade,Chemicals,False
P03993,Electric Maritime Vessel,Maritime,True
P03994,Smart Grid Installation,Energy,True
P03995,Green Steel Plant,Metals,True
P03996,Hydro Power Expansion,Energy,True
P03997,Smart Grid Installation,Energy,True
P03998,Industrial Robotics Export,Technology,False
P03999,Green Steel Plant,Metals,True
P04000,Smart Grid Installation,Energy,True
P04001,Defense System Export to Poland,Defense,False
P04002,Fertilizer Plant Upgrade,Chemicals,False
P04003,Carbon Capture Installation,Energy,True
P04004,Defense System Export to Poland,Defense,False
P04005,Electric Maritime Vessel,Maritime,True
P04006,Automated Quality Inspection,Certification,False
P04007,Smart Grid Installation,Energy,True
P04008,Electric Maritime Vessel,Maritime,True
P04009,Carbon Capture Installation,Energy,True
P04010,Industrial Robotics Export,Technology,False
P04011,Carbon Capture Installation,Energy,True
P04012,Defense System Export to Poland,Defense,False
P04013,Smart Grid Installation,Energy,True
P04014,Electric Maritime Vessel,Maritime,True
P04015,Automated Quality Inspection,Certification,False
P04016,Fertilizer Plant Upgrade,Chemicals,False
P04017,Fertilizer Plant Upgrade,Chemicals,False
P04018,Hydro Power Expansion,Energy,True
P04019,Offshore Wind Turbine Delivery,Renewable Energy,True
P04020,Fertilizer Plant Upgrade,Chemicals,False
P04021,Electric Maritime Vessel,Maritime,True
P04022,Smart Grid Installation,Energy,True
P04023,Electric Maritime Vessel,Maritime,True
P04024,Green Steel Plant,Metals,True
P04025,Offshore Wind Turbine Delivery,Renewable Energy,True
P04026,Industrial Robotics Export,Technology,False
P04027,Automated Quality Inspection,Certification,False
P04028,Green Steel Plant,Metals,True
P04029,Green Steel Plant,Metals,True
P04030,Automated Quality Inspection,Certification,False
P04031,Fertilizer Plant Upgrade,Chemicals,False
P04032,Defense System Export to Poland,Defense,False
P04033,Smart Grid Installation,Energy,True
P04034,Industrial Robotics Export,Technology,False
P04035,Industrial Robotics Export,Technology,False
P04036,Industrial Robotics Export,Technology,False
P04037,Defense System Export to Poland,Defense,False
P04038,Electric Maritime Vessel,Maritime,True
P04039,Carbon Capture Installation,Energy,True
P04040,Electric Maritime Vessel,Maritime,True
P04041,Automated Quality Inspection,Certification,False
P04042,Smart Grid Installation,Energy,True
P04043,Carbon Capture Installation,Energy,True
P04044,Offshore Wind Turbine Delivery,Renewable Energy,True
P04045,Hydro Power Expansion,Energy,True
P04046,Industrial Robotics Export,Technology,False
P04047,Carbon Capture Installation,Energy,True
P04048,Carbon Capture Installation,Energy,True
P04049,Automated Quality Inspection,Certification,False
P04050,Automated Quality Inspection,Certification,False
P04051,Smart Grid Installation,Energy,True
P04052,Defense System Export to Poland,Defense,False
P04053,Industrial Robotics Export,Technology,False
P04054,Hydro Power Expansion,Energy,True
P04055,Green Steel Plant,Metals,True
P04056,Fertilizer Plant Upgrade,Chemicals,False
P04057,Green Steel Plant,Metals,True
P04058,Carbon Capture Installation,Energy,True
P04059,Carbon Capture Installation,Energy,True
P04060,Defense System Export to Poland,Defense,False
P04061,Carbon Capture Installation,Energy,True
P04062,Green Steel Plant,Metals,True
P04063,Carbon Capture Installation,Energy,True
P04064,Carbon Capture Installation,Energy,True
P04065,Industrial Robotics Export,Technology,False
P04066,Industrial Robotics Export,Technology,False
P04067,Green Steel Plant,Metals,True
P04068,Offshore Wind Turbine Delivery,Renewable Energy,True
P04069,Green Steel Plant,Metals,True
P04070,Hydro Power Expansion,Energy,True
P04071,Smart Grid Installation,Energy,True
P04072,Defense System Export to Poland,Defense,False
P04073,Smart Grid Installation,Energy,True
P04074,Hydro Power Expansion,Energy,True
P04075,Green Steel Plant,Metals,True
P04076,Smart Grid Installation,Energy,True
P04077,Hydro Power Expansion,Energy,True
P04078,Offshore Wind Turbine Delivery,Renewable Energy,True
P04079,Electric Maritime Vessel,Maritime,True
P04080,Green Steel Plant,Metals,True
P04081,Fertilizer Plant Upgrade,Chemicals,False
P04082,Carbon Capture Installation,Energy,True
P04083,Smart Grid Installation,Energy,True
P04084,Green Steel Plant,Metals,True
P04085,Industrial Robotics Export,Technology,False
P04086,Hydro Power Expansion,Energy,True
P04087,Smart Grid Installation,Energy,True
P04088,Electric Maritime Vessel,Maritime,True
P04089,Hydro Power Expansion,Energy,True
P04090,Electric Maritime Vessel,Maritime,True
P04091,Carbon Capture Installation,Energy,True
P04092,Smart Grid Installation,Energy,True
P04093,Electric Maritime Vessel,Maritime,True
P04094,Green Steel Plant,Metals,True
P04095,Fertilizer Plant Upgrade,Chemicals,False
P04096,Fertilizer Plant Upgrade,Chemicals,False
P04097,Defense System Export to Poland,Defense,False
P04098,Automated Quality Inspection,Certification,False
P04099,Hydro Power Expansion,Energy,True
P04100,Carbon Capture Installation,Energy,True
P04101,Defense System Export to Poland,Defense,False
P04102,Fertilizer Plant Upgrade,Chemicals,False
P04103,Electric Maritime Vessel,Maritime,True
P04104,Fertilizer Plant Upgrade,Chemicals,False
P04105,Defense System Export to Poland,Defense,False
P04106,Green Steel Plant,Metals,True
P04107,Industrial Robotics Export,Technology,False
P04108,Defense System Export to Poland,Defense,False
P04109,Green Steel Plant,Metals,True
P04110,Defense System Export to Poland,Defense,False
P04111,Electric Maritime Vessel,Maritime,True
P04112,Carbon Capture Installation,Energy,True
P04113,Fertilizer Plant Upgrade,Chemicals,False
P04114,Carbon Capture Installation,Energy,True
P04115,Green Steel Plant,Metals,True
P04116,Industrial Robotics Export,Technology,False
P04117,Smart Grid Installation,Energy,True
P04118,Carbon Capture Installation,Energy,True
P04119,Hydro Power Expansion,Energy,True
P04120,Smart Grid Installation,Energy,True
P04121,Industrial Robotics Export,Technology,False
P04122,Smart Grid Installation,Energy,True
P04123,Offshore Wind Turbine Delivery,Renewable Energy,True
P04124,Electric Maritime Vessel,Maritime,True
P04125,Automated Quality Inspection,Certification,False
P04126,Industrial Robotics Export,Technology,False
P04127,Hydro Power Expansion,Energy,True
P04128,Automated Quality Inspection,Certification,False
P04129,Fertilizer Plant Upgrade,Chemicals,False
P04130,Smart Grid Installation,Energy,True
P04131,Green Steel Plant,Metals,True
P04132,Industrial Robotics Export,Technology,False
P04133,Defense System Export to Poland,Defense,False
P04134,Smart Grid Installation,Energy,True
P04135,Fertilizer Plant Upgrade,Chemicals,False
P04136,Smart Grid Installation,Energy,True
P04137,Electric Maritime Vessel,Maritime,True
P04138,Defense System Export to Poland,Defense,False
P04139,Industrial Robotics Export,Technology,False
P04140,Green Steel Plant,Metals,True
P04141,Industrial Robotics Export,Technology,False
P04142,Carbon Capture Installation,Energy,True
P04143,Defense System Export to Poland,Defense,False
P04144,Electric Maritime Vessel,Maritime,True
P04145,Offshore Wind Turbine Delivery,Renewable Energy,True
P04146,Automated Quality Inspection,Certification,False
P04147,Fertilizer Plant Upgrade,Chemicals,False
P04148,Carbon Capture Installation,Energy,True
P04149,Smart Grid Installation,Energy,True
P04150,Electric Maritime Vessel,Maritime,True
P04151,Defense System Export to Poland,Defense,False
P04152,Fertilizer Plant Upgrade,Chemicals,False
P04153,Hydro Power Expansion,Energy,True
P04154,Offshore Wind Turbine Delivery,Renewable Energy,True
P04155,Offshore Wind Turbine Delivery,Renewable Energy,True
P04156,Defense System Export to Poland,Defense,False
P04157,Electric Maritime Vessel,Maritime,True
P04158,Electric Maritime Vessel,Maritime,True
P04159,Fertilizer Plant Upgrade,Chemicals,False
P04160,Hydro Power Expansion,Energy,True
P04161,Fertilizer Plant Upgrade,Chemicals,False
P04162,Green Steel Plant,Metals,True
P04163,Offshore Wind Turbine Delivery,Renewable Energy,True
P04164,Industrial Robotics Export,Technology,False
P04165,Electric Maritime Vessel,Maritime,True
P04166,Offshore Wind Turbine Delivery,Renewable Energy,True
P04167,Smart Grid Installation,Energy,True
P04168,Smart Grid Installation,Energy,True
P04169,Electric Maritime Vessel,Maritime,True
P04170,Carbon Capture Installation,Energy,True
P04171,Offshore Wind Turbine Delivery,Renewable Energy,True
P04172,Green Steel Plant,Metals,True
P04173,Offshore Wind Turbine Delivery,Renewable Energy,True
P04174,Carbon Capture Installation,Energy,True
P04175,Automated Quality Inspection,Certification,False
P04176,Smart Grid Installation,Energy,True
P04177,Electric Maritime Vessel,Maritime,True
P04178,Defense System Export to Poland,Defense,False
P04179,Automated Quality Inspection,Certification,False
P04180,Industrial Robotics Export,Technology,False
P04181,Industrial Robotics Export,Technology,False
P04182,Green Steel Plant,Metals,True
P04183,Hydro Power Expansion,Energy,True
P04184,Offshore Wind Turbine Delivery,Renewable Energy,True
P04185,Carbon Capture Installation,Energy,True
P04186,Carbon Capture Installation,Energy,True
P04187,Green Steel Plant,Metals,True
P04188,Electric Maritime Vessel,Maritime,True
P04189,Electric Maritime Vessel,Maritime,True
P04190,Fertilizer Plant Upgrade,Chemicals,False
P04191,Green Steel Plant,Metals,True
P04192,Automated Quality Inspection,Certification,False
P04193,Carbon Capture Installation,Energy,True
P04194,Carbon Capture Installation,Energy,True
P04195,Hydro Power Expansion,Energy,True
P04196,Carbon Capture Installation,Energy,True
P04197,Carbon Capture Installation,Energy,True
P04198,Carbon Capture Installation,Energy,True
P04199,Defense System Export to Poland,Defense,False
P04200,Hydro Power Expansion,Energy,True
P04201,Green Steel Plant,Metals,True
P04202,Green Steel Plant,Metals,True
P04203,Green Steel Plant,Metals,True
P04204,Fertilizer Plant Upgrade,Chemicals,False
P04205,Smart Grid Installation,Energy,True
P04206,Industrial Robotics Export,Technology,False
P04207,Defense System Export to Poland,Defense,False
P04208,Defense System Export to Poland,Defense,False
P04209,Defense System Export to Poland,Defense,False
P04210,Smart Grid Installation,Energy,True
P04211,Electric Maritime Vessel,Maritime,True
P04212,Hydro Power Expansion,Energy,True
P04213,Smart Grid Installation,Energy,True
P04214,Offshore Wind Turbine Delivery,Renewable Energy,True
P04215,Carbon Capture Installation,Energy,True
P04216,Carbon Capture Installation,Energy,True
P04217,Industrial Robotics Export,Technology,False
P04218,Smart Grid Installation,Energy,True
P04219,Defense System Export to Poland,Defense,False
P04220,Hydro Power Expansion,Energy,True
P04221,Defense System Export to Poland,Defense,False
P04222,Industrial Robotics Export,Technology,False
P04223,Electric Maritime Vessel,Maritime,True
P04224,Electric Maritime Vessel,Maritime,True
P04225,Offshore Wind Turbine Delivery,Renewable Energy,True
P04226,Smart Grid Installation,Energy,True
P04227,Hydro Power Expansion,Energy,True
P04228,Carbon Capture Installation,Energy,True
P04229,Green Steel Plant,Metals,True
P04230,Defense System Export to Poland,Defense,False
P04231,Fertilizer Plant Upgrade,Chemicals,False
P04232,Hydro Power Expansion,Energy,True
P04233,Green Steel Plant,Metals,True
P04234,Offshore Wind Turbine Delivery,Renewable Energy,True
P04235,Defense System Export to Poland,Defense,False
P04236,Industrial Robotics Export,Technology,False
P04237,Green Steel Plant,Metals,True
P04238,Offshore Wind Turbine Delivery,Renewable Energy,True
P04239,Green Steel Plant,Metals,True
P04240,Automated Quality Inspection,Certification,False
P04241,Offshore Wind Turbine Delivery,Renewable Energy,True
P04242,Offshore Wind Turbine Delivery,Renewable Energy,True
P04243,Defense System Export to Poland,Defense,False
P04244,Automated Quality Inspection,Certification,False
P04245,Fertilizer Plant Upgrade,Chemicals,False
P04246,Offshore Wind Turbine Delivery,Renewable Energy,True
P04247,Hydro Power Expansion,Energy,True
P04248,Hydro Power Expansion,Energy,True
P04249,Industrial Robotics Export,Technology,False
P04250,Smart Grid Installation,Energy,True
P04251,Electric Maritime Vessel,Maritime,True
P04252,Hydro Power Expansion,Energy,True
P04253,Fertilizer Plant Upgrade,Chemicals,False
P04254,Defense System Export to Poland,Defense,False
P04255,Green Steel Plant,Metals,True
P04256,Electric Maritime Vessel,Maritime,True
P04257,Automated Quality Inspection,Certification,False
P04258,Industrial Robotics Export,Technology,False
P04259,Industrial Robotics Export,Technology,False
P04260,Automated Quality Inspection,Certification,False
P04261,Smart Grid Installation,Energy,True
P04262,Carbon Capture Installation,Energy,True
P04263,Smart Grid Installation,Energy,True
P04264,Industrial Robotics Export,Technology,False
P04265,Carbon Capture Installation,Energy,True
P04266,Fertilizer Plant Upgrade,Chemicals,False
P04267,Electric Maritime Vessel,Maritime,True
P04268,Green Steel Plant,Metals,True
P04269,Electric Maritime Vessel,Maritime,True
P04270,Industrial Robotics Export,Technology,False
P04271,Fertilizer Plant Upgrade,Chemicals,False
P04272,Automated Quality Inspection,Certification,False
P04273,Offshore Wind Turbine Delivery,Renewable Energy,True
P04274,Hydro Power Expansion,Energy,True
P04275,Offshore Wind Turbine Delivery,Renewable Energy,True
P04276,Industrial Robotics Export,Technology,False
P04277,Automated Quality Inspection,Certification,False
P04278,Green Steel Plant,Metals,True
P04279,Industrial Robotics Export,Technology,False
P04280,Carbon Capture Installation,Energy,True
P04281,Industrial Robotics Export,Technology,False
P04282,Hydro Power Expansion,Energy,True
P04283,Defense System Export to Poland,Defense,False
P04284,Offshore Wind Turbine Delivery,Renewable Energy,True
P04285,Smart Grid Installation,Energy,True
P04286,Carbon Capture Installation,Energy,True
P04287,Defense System Export to Poland,Defense,False
P04288,Offshore Wind Turbine Delivery,Renewable Energy,True
P04289,Smart Grid Installation,Energy,True
P04290,Green Steel Plant,Metals,True
P04291,Smart Grid Installation,Energy,True
P04292,Industrial Robotics Export,Technology,False
P04293,Green Steel Plant,Metals,True
P04294,Defense System Export to Poland,Defense,False
P04295,Green Steel Plant,Metals,True
P04296,Offshore Wind Turbine Delivery,Renewable Energy,True
P04297,Electric Maritime Vessel,Maritime,True
P04298,Offshore Wind Turbine Delivery,Renewable Energy,True
P04299,Automated Quality Inspection,Certification,False
P04300,Defense System Export to Poland,Defense,False
P04301,Industrial Robotics Export,Technology,False
P04302,Automated Quality Inspection,Certification,False
P04303,Carbon Capture Installation,Energy,True
P04304,Defense System Export to Poland,Defense,False
P04305,Automated Quality Inspection,Certification,False
P04306,Hydro Power Expansion,Energy,True
P04307,Carbon Capture Installation,Energy,True
P04308,Defense System Export to Poland,Defense,False
P04309,Carbon Capture Installation,Energy,True
P04310,Industrial Robotics Export,Technology,False
P04311,Industrial Robotics Export,Technology,False
P04312,Fertilizer Plant Upgrade,Chemicals,False
P04313,Smart Grid Installation,Energy,True
P04314,Defense System Export to Poland,Defense,False
P04315,Carbon Capture Installation,Energy,True
P04316,Automated Quality Inspection,Certification,False
P04317,Hydro Power Expansion,Energy,True
P04318,Electric Maritime Vessel,Maritime,True
P04319,Industrial Robotics Export,Technology,False
P04320,Smart Grid Installation,Energy,True
P04321,Defense System Export to Poland,Defense,False
P04322,Defense System Export to Poland,Defense,False
P04323,Offshore Wind Turbine Delivery,Renewable Energy,True
P04324,Carbon Capture Installation,Energy,True
P04325,Smart Grid Installation,Energy,True
P04326,Industrial Robotics Export,Technology,False
P04327,Hydro Power Expansion,Energy,True
P04328,Industrial Robotics Export,Technology,False
P04329,Hydro Power Expansion,Energy,True
P04330,Smart Grid Installation,Energy,True
P04331,Automated Quality Inspection,Certification,False
P04332,Fertilizer Plant Upgrade,Chemicals,False
P04333,Offshore Wind Turbine Delivery,Renewable Energy,True
P04334,Carbon Capture Installation,Energy,True
P04335,Green Steel Plant,Metals,True
P04336,Hydro Power Expansion,Energy,True
P04337,Smart Grid Installation,Energy,True
P04338,Carbon Capture Installation,Energy,True
P04339,Smart Grid Installation,Energy,True
P04340,Industrial Robotics Export,Technology,False
P04341,Smart Grid Installation,Energy,True
P04342,Fertilizer Plant Upgrade,Chemicals,False
P04343,Electric Maritime Vessel,Maritime,True
P04344,Hydro Power Expansion,Energy,True
P04345,Industrial Robotics Export,Technology,False
P04346,Hydro Power Expansion,Energy,True
P04347,Automated Quality Inspection,Certification,False
P04348,Electric Maritime Vessel,Maritime,True
P04349,Green Steel Plant,Metals,True
P04350,Electric Maritime Vessel,Maritime,True
P04351,Industrial Robotics Export,Technology,False
P04352,Electric Maritime Vessel,Maritime,True
P04353,Offshore Wind Turbine Delivery,Renewable Energy,True
P04354,Electric Maritime Vessel,Maritime,True
P04355,Defense System Export to Poland,Defense,False
P04356,Defense System Export to Poland,Defense,False
P04357,Industrial Robotics Export,Technology,False
P04358,Industrial Robotics Export,Technology,False
P04359,Defense System Export to Poland,Defense,False
P04360,Carbon Capture Installation,Energy,True
P04361,Offshore Wind Turbine Delivery,Renewable Energy,True
P04362,Automated Quality Inspection,Certification,False
P04363,Carbon Capture Installation,Energy,True
P04364,Smart Grid Installation,Energy,True
P04365,Defense System Export to Poland,Defense,False
P04366,Automated Quality Inspection,Certification,False
P04367,Defense System Export to Poland,Defense,False
P04368,Smart Grid Installation,Energy,True
P04369,Carbon Capture Installation,Energy,True
P04370,Smart Grid Installation,Energy,True
P04371,Industrial Robotics Export,Technology,False
P04372,Industrial Robotics Export,Technology,False
P04373,Electric Maritime Vessel,Maritime,True
P04374,Carbon Capture Installation,Energy,True
P04375,Industrial Robotics Export,Technology,False
P04376,Hydro Power Expansion,Energy,True
P04377,Industrial Robotics Export,Technology,False
P04378,Carbon Capture Installation,Energy,True
P04379,Automated Quality Inspection,Certification,False
P04380,Carbon Capture Installation,Energy,True
P04381,Industrial Robotics Export,Technology,False
P04382,Hydro Power Expansion,Energy,True
P04383,Industrial Robotics Export,Technology,False
P04384,Offshore Wind Turbine Delivery,Renewable Energy,True
P04385,Fertilizer Plant Upgrade,Chemicals,False
P04386,Electric Maritime Vessel,Maritime,True
P04387,Defense System Export to Poland,Defense,False
P04388,Industrial Robotics Export,Technology,False
P04389,Automated Quality Inspection,Certification,False
P04390,Offshore Wind Turbine Delivery,Renewable Energy,True
P04391,Defense System Export to Poland,Defense,False
P04392,Electric Maritime Vessel,Maritime,True
P04393,Smart Grid Installation,Energy,True
P04394,Carbon Capture Installation,Energy,True
P04395,Automated Quality Inspection,Certification,False
P04396,Automated Quality Inspection,Certification,False
P04397,Hydro Power Expansion,Energy,True
P04398,Smart Grid Installation,Energy,True
P04399,Green Steel Plant,Metals,True
P04400,Smart Grid Installation,Energy,True
P04401,Electric Maritime Vessel,Maritime,True
P04402,Automated Quality Inspection,Certification,False
P04403,Industrial Robotics Export,Technology,False
P04404,Green Steel Plant,Metals,True
P04405,Electric Maritime Vessel,Maritime,True
P04406,Green Steel Plant,Metals,True
P04407,Smart Grid Installation,Energy,True
P04408,Smart Grid Installation,Energy,True
P04409,Electric Maritime Vessel,Maritime,True
P04410,Hydro Power Expansion,Energy,True
P04411,Fertilizer Plant Upgrade,Chemicals,False
P04412,Defense System Export to Poland,Defense,False
P04413,Hydro Power Expansion,Energy,True
P04414,Offshore Wind Turbine Delivery,Renewable Energy,True
P04415,Automated Quality Inspection,Certification,False
P04416,Automated Quality Inspection,Certification,False
P04417,Green Steel Plant,Metals,True
P04418,Electric Maritime Vessel,Maritime,True
P04419,Carbon Capture Installation,Energy,True
P04420,Offshore Wind Turbine Delivery,Renewable Energy,True
P04421,Automated Quality Inspection,Certification,False
P04422,Green Steel Plant,Metals,True
P04423,Automated Quality Inspection,Certification,False
P04424,Green Steel Plant,Metals,True
P04425,Hydro Power Expansion,Energy,True
P04426,Smart Grid Installation,Energy,True
P04427,Fertilizer Plant Upgrade,Chemicals,False
P04428,Green Steel Plant,Metals,True
P04429,Defense System Export to Poland,Defense,False
P04430,Carbon Capture Installation,Energy,True
P04431,Carbon Capture Installation,Energy,True
P04432,Hydro Power Expansion,Energy,True
P04433,Hydro Power Expansion,Energy,True
P04434,Hydro Power Expansion,Energy,True
P04435,Green Steel Plant,Metals,True
P04436,Defense System Export to Poland,Defense,False
P04437,Automated Quality Inspection,Certification,False
P04438,Fertilizer Plant Upgrade,Chemicals,False
P04439,Industrial Robotics Export,Technology,False
P04440,Defense System Export to Poland,Defense,False
P04441,Fertilizer Plant Upgrade,Chemicals,False
P04442,Automated Quality Inspection,Certification,False
P04443,Offshore Wind Turbine Delivery,Renewable Energy,True
P04444,Automated Quality Inspection,Certification,False
P04445,Hydro Power Expansion,Energy,True
P04446,Smart Grid Installation,Energy,True
P04447,Automated Quality Inspection,Certification,False
P04448,Fertilizer Plant Upgrade,Chemicals,False
P04449,Offshore Wind Turbine Delivery,Renewable Energy,True
P04450,Smart Grid Installation,Energy,True
P04451,Green Steel Plant,Metals,True
P04452,Automated Quality Inspection,Certification,False
P04453,Smart Grid Installation,Energy,True
P04454,Fertilizer Plant Upgrade,Chemicals,False
P04455,Carbon Capture Installation,Energy,True
P04456,Hydro Power Expansion,Energy,True
P04457,Fertilizer Plant Upgrade,Chemicals,False
P04458,Offshore Wind Turbine Delivery,Renewable Energy,True
P04459,Electric Maritime Vessel,Maritime,True
P04460,Automated Quality Inspection,Certification,False
P04461,Automated Quality Inspection,Certification,False
P04462,Automated Quality Inspection,Certification,False
P04463,Green Steel Plant,Metals,True
P04464,Offshore Wind Turbine Delivery,Renewable Energy,True
P04465,Fertilizer Plant Upgrade,Chemicals,False
P04466,Fertilizer Plant Upgrade,Chemicals,False
P04467,Defense System Export to Poland,Defense,False
P04468,Hydro Power Expansion,Energy,True
P04469,Electric Maritime Vessel,Maritime,True
P04470,Offshore Wind Turbine Delivery,Renewable Energy,True
P04471,Fertilizer Plant Upgrade,Chemicals,False
P04472,Hydro Power Expansion,Energy,True
P04473,Industrial Robotics Export,Technology,False
P04474,Smart Grid Installation,Energy,True
P04475,Industrial Robotics Export,Technology,False
P04476,Offshore Wind Turbine Delivery,Renewable Energy,True
P04477,Offshore Wind Turbine Delivery,Renewable Energy,True
P04478,Automated Quality Inspection,Certification,False
P04479,Defense System Export to Poland,Defense,False
P04480,Green Steel Plant,Metals,True
P04481,Defense System Export to Poland,Defense,False
P04482,Hydro Power Expansion,Energy,True
P04483,Carbon Capture Installation,Energy,True
P04484,Electric Maritime Vessel,Maritime,True
P04485,Defense System Export to Poland,Defense,False
P04486,Automated Quality Inspection,Certification,False
P04487,Smart Grid Installation,Energy,True
P04488,Smart Grid Installation,Energy,True
P04489,Smart Grid Installation,Energy,True
P04490,Green Steel Plant,Metals,True
P04491,Automated Quality Inspection,Certification,False
P04492,Smart Grid Installation,Energy,True
P04493,Industrial Robotics Export,Technology,False
P04494,Defense System Export to Poland,Defense,False
P04495,Hydro Power Expansion,Energy,True
P04496,Fertilizer Plant Upgrade,Chemicals,False
P04497,Automated Quality Inspection,Certification,False
P04498,Industrial Robotics Export,Technology,False
P04499,Offshore Wind Turbine Delivery,Renewable Energy,True
P04500,Industrial Robotics Export,Technology,False
P04501,Offshore Wind Turbine Delivery,Renewable Energy,True
P04502,Carbon Capture Installation,Energy,True
P04503,Electric Maritime Vessel,Maritime,True
P04504,Offshore Wind Turbine Delivery,Renewable Energy,True
P04505,Industrial Robotics Export,Technology,False
P04506,Carbon Capture Installation,Energy,True
P04507,Automated Quality Inspection,Certification,False
P04508,Smart Grid Installation,Energy,True
P04509,Defense System Export to Poland,Defense,False
P04510,Fertilizer Plant Upgrade,Chemicals,False
P04511,Hydro Power Expansion,Energy,True
P04512,Electric Maritime Vessel,Maritime,True
P04513,Industrial Robotics Export,Technology,False
P04514,Fertilizer Plant Upgrade,Chemicals,False
P04515,Offshore Wind Turbine Delivery,Renewable Energy,True
P04516,Industrial Robotics Export,Technology,False
P04517,Automated Quality Inspection,Certification,False
P04518,Defense System Export to Poland,Defense,False
P04519,Smart Grid Installation,Energy,True
P04520,Industrial Robotics Export,Technology,False
P04521,Electric Maritime Vessel,Maritime,True
P04522,Automated Quality Inspection,Certification,False
P04523,Defense System Export to Poland,Defense,False
P04524,Fertilizer Plant Upgrade,Chemicals,False
P04525,Fertilizer Plant Upgrade,Chemicals,False
P04526,Defense System Export to Poland,Defense,False
P04527,Hydro Power Expansion,Energy,True
P04528,Green Steel Plant,Metals,True
P04529,Industrial Robotics Export,Technology,False
P04530,Fertilizer Plant Upgrade,Chemicals,False
P04531,Green Steel Plant,Metals,True
P04532,Electric Maritime Vessel,Maritime,True
P04533,Fertilizer Plant Upgrade,Chemicals,False
P04534,Industrial Robotics Export,Technology,False
P04535,Carbon Capture Installation,Energy,True
P04536,Electric Maritime Vessel,Maritime,True
P04537,Fertilizer Plant Upgrade,Chemicals,False
P04538,Fertilizer Plant Upgrade,Chemicals,False
P04539,Carbon Capture Installation,Energy,True
P04540,Electric Maritime Vessel,Maritime,True
P04541,Offshore Wind Turbine Delivery,Renewable Energy,True
P04542,Offshore Wind Turbine Delivery,Renewable Energy,True
P04543,Green Steel Plant,Metals,True
P04544,Hydro Power Expansion,Energy,True
P04545,Automated Quality Inspection,Certification,False
P04546,Green Steel Plant,Metals,True
P04547,Offshore Wind Turbine Delivery,Renewable Energy,True
P04548,Green Steel Plant,Metals,True
P04549,Hydro Power Expansion,Energy,True
P04550,Fertilizer Plant Upgrade,Chemicals,False
P04551,Electric Maritime Vessel,Maritime,True
P04552,Offshore Wind Turbine Delivery,Renewable Energy,True
P04553,Industrial Robotics Export,Technology,False
P04554,Defense System Export to Poland,Defense,False
P04555,Fertilizer Plant Upgrade,Chemicals,False
P04556,Industrial Robotics Export,Technology,False
P04557,Offshore Wind Turbine Delivery,Renewable Energy,True
P04558,Industrial Robotics Export,Technology,False
P04559,Smart Grid Installation,Energy,True
P04560,Automated Quality Inspection,Certification,False
P04561,Defense System Export to Poland,Defense,False
P04562,Smart Grid Installation,Energy,True
P04563,Electric Maritime Vessel,Maritime,True
P04564,Fertilizer Plant Upgrade,Chemicals,False
P04565,Fertilizer Plant Upgrade,Chemicals,False
P04566,Industrial Robotics Export,Technology,False
P04567,Automated Quality Inspection,Certification,False
P04568,Hydro Power Expansion,Energy,True
P04569,Green Steel Plant,Metals,True
P04570,Automated Quality Inspection,Certification,False
P04571,Smart Grid Installation,Energy,True
P04572,Offshore Wind Turbine Delivery,Renewable Energy,True
P04573,Fertilizer Plant Upgrade,Chemicals,False
P04574,Electric Maritime Vessel,Maritime,True
P04575,Defense System Export to Poland,Defense,False
P04576,Green Steel Plant,Metals,True
P04577,Offshore Wind Turbine Delivery,Renewable Energy,True
P04578,Defense System Export to Poland,Defense,False
P04579,Automated Quality Inspection,Certification,False
P04580,Fertilizer Plant Upgrade,Chemicals,False
P04581,Electric Maritime Vessel,Maritime,True
P04582,Smart Grid Installation,Energy,True
P04583,Electric Maritime Vessel,Maritime,True
P04584,Automated Quality Inspection,Certification,False
P04585,Industrial Robotics Export,Technology,False
P04586,Hydro Power Expansion,Energy,True
P04587,Fertilizer Plant Upgrade,Chemicals,False
P04588,Automated Quality Inspection,Certification,False
P04589,Smart Grid Installation,Energy,True
P04590,Industrial Robotics Export,Technology,False
P04591,Carbon Capture Installation,Energy,True
P04592,Offshore Wind Turbine Delivery,Renewable Energy,True
P04593,Defense System Export to Poland,Defense,False
P04594,Smart Grid Installation,Energy,True
P04595,Automated Quality Inspection,Certification,False
P04596,Defense System Export to Poland,Defense,False
P04597,Industrial Robotics Export,Technology,False
P04598,Defense System Export to Poland,Defense,False
P04599,Smart Grid Installation,Energy,True
P04600,Defense System Export to Poland,Defense,False
P04601,Smart Grid Installation,Energy,True
P04602,Electric Maritime Vessel,Maritime,True
P04603,Automated Quality Inspection,Certification,False
P04604,Fertilizer Plant Upgrade,Chemicals,False
P04605,Automated Quality Inspection,Certification,False
P04606,Fertilizer Plant Upgrade,Chemicals,False
P04607,Green Steel Plant,Metals,True
P04608,Smart Grid Installation,Energy,True
P04609,Hydro Power Expansion,Energy,True
P04610,Automated Quality Inspection,Certification,False
P04611,Offshore Wind Turbine Delivery,Renewable Energy,True
P04612,Hydro Power Expansion,Energy,True
P04613,Electric Maritime Vessel,Maritime,True
P04614,Fertilizer Plant Upgrade,Chemicals,False
P04615,Smart Grid Installation,Energy,True
P04616,Defense System Export to Poland,Defense,False
P04617,Fertilizer Plant Upgrade,Chemicals,False
P04618,Industrial Robotics Export,Technology,False
P04619,Hydro Power Expansion,Energy,True
P04620,Defense System Export to Poland,Defense,False
P04621,Offshore Wind Turbine Delivery,Renewable Energy,True
P04622,Industrial Robotics Export,Technology,False
P04623,Offshore Wind Turbine Delivery,Renewable Energy,True
P04624,Automated Quality Inspection,Certification,False
P04625,Electric Maritime Vessel,Maritime,True
P04626,Defense System Export to Poland,Defense,False
P04627,Smart Grid Installation,Energy,True
P04628,Electric Maritime Vessel,Maritime,True
P04629,Smart Grid Installation,Energy,True
P04630,Smart Grid Installation,Energy,True
P04631,Green Steel Plant,Metals,True
P04632,Green Steel Plant,Metals,True
P04633,Automated Quality Inspection,Certification,False
P04634,Fertilizer Plant Upgrade,Chemicals,False
P04635,Fertilizer Plant Upgrade,Chemicals,False
P04636,Hydro Power Expansion,Energy,True
P04637,Fertilizer Plant Upgrade,Chemicals,False
P04638,Electric Maritime Vessel,Maritime,True
P04639,Carbon Capture Installation,Energy,True
P04640,Industrial Robotics Export,Technology,False
P04641,Defense System Export to Poland,Defense,False
P04642,Fertilizer Plant Upgrade,Chemicals,False
P04643,Green Steel Plant,Metals,True
P04644,Offshore Wind Turbine Delivery,Renewable Energy,True
P04645,Green Steel Plant,Metals,True
P04646,Hydro Power Expansion,Energy,True
P04647,Green Steel Plant,Metals,True
P04648,Smart Grid Installation,Energy,True
P04649,Offshore Wind Turbine Delivery,Renewable Energy,True
P04650,Defense System Export to Poland,Defense,False
P04651,Offshore Wind Turbine Delivery,Renewable Energy,True
P04652,Smart Grid Installation,Energy,True
P04653,Carbon Capture Installation,Energy,True
P04654,Defense System Export to Poland,Defense,False
P04655,Industrial Robotics Export,Technology,False
P04656,Electric Maritime Vessel,Maritime,True
P04657,Offshore Wind Turbine Delivery,Renewable Energy,True
P04658,Carbon Capture Installation,Energy,True
P04659,Automated Quality Inspection,Certification,False
P04660,Industrial Robotics Export,Technology,False
P04661,Fertilizer Plant Upgrade,Chemicals,False
P04662,Green Steel Plant,Metals,True
P04663,Hydro Power Expansion,Energy,True
P04664,Electric Maritime Vessel,Maritime,True
P04665,Industrial Robotics Export,Technology,False
P04666,Green Steel Plant,Metals,True
P04667,Carbon Capture Installation,Energy,True
P04668,Fertilizer Plant Upgrade,Chemicals,False
P04669,Automated Quality Inspection,Certification,False
P04670,Industrial Robotics Export,Technology,False
P04671,Electric Maritime Vessel,Maritime,True
P04672,Fertilizer Plant Upgrade,Chemicals,False
P04673,Fertilizer Plant Upgrade,Chemicals,False
P04674,Carbon Capture Installation,Energy,True
P04675,Hydro Power Expansion,Energy,True
P04676,Green Steel Plant,Metals,True
P04677,Fertilizer Plant Upgrade,Chemicals,False
P04678,Fertilizer Plant Upgrade,Chemicals,False
P04679,Carbon Capture Installation,Energy,True
P04680,Smart Grid Installation,Energy,True
P04681,Hydro Power Expansion,Energy,True
P04682,Smart Grid Installation,Energy,True
P04683,Fertilizer Plant Upgrade,Chemicals,False
P04684,Hydro Power Expansion,Energy,True
P04685,Defense System Export to Poland,Defense,False
P04686,Green Steel Plant,Metals,True
P04687,Automated Quality Inspection,Certification,False
P04688,Defense System Export to Poland,Defense,False
P04689,Offshore Wind Turbine Delivery,Renewable Energy,True
P04690,Hydro Power Expansion,Energy,True
P04691,Fertilizer Plant Upgrade,Chemicals,False
P04692,Smart Grid Installation,Energy,True
P04693,Offshore Wind Turbine Delivery,Renewable Energy,True
P04694,Smart Grid Installation,Energy,True
P04695,Defense System Export to Poland,Defense,False
P04696,Carbon Capture Installation,Energy,True
P04697,Hydro Power Expansion,Energy,True
P04698,Defense System Export to Poland,Defense,False
P04699,Offshore Wind Turbine Delivery,Renewable Energy,True
P04700,Defense System Export to Poland,Defense,False
P04701,Smart Grid Installation,Energy,True
P04702,Automated Quality Inspection,Certification,False
P04703,Electric Maritime Vessel,Maritime,True
P04704,Automated Quality Inspection,Certification,False
P04705,Fertilizer Plant Upgrade,Chemicals,False
P04706,Automated Quality Inspection,Certification,False
P04707,Fertilizer Plant Upgrade,Chemicals,False
P04708,Hydro Power Expansion,Energy,True
P04709,Green Steel Plant,Metals,True
P04710,Green Steel Plant,Metals,True
P04711,Electric Maritime Vessel,Maritime,True
P04712,Smart Grid Installation,Energy,True
P04713,Smart Grid Installation,Energy,True
P04714,Carbon Capture Installation,Energy,True
P04715,Automated Quality Inspection,Certification,False
P04716,Defense System Export to Poland,Defense,False
P04717,Defense System Export to Poland,Defense,False
P04718,Fertilizer Plant Upgrade,Chemicals,False
P04719,Electric Maritime Vessel,Maritime,True
P04720,Hydro Power Expansion,Energy,True
P04721,Defense System Export to Poland,Defense,False
P04722,Electric Maritime Vessel,Maritime,True
P04723,Industrial Robotics Export,Technology,False
P04724,Automated Quality Inspection,Certification,False
P04725,Industrial Robotics Export,Technology,False
P04726,Electric Maritime Vessel,Maritime,True
P04727,Offshore Wind Turbine Delivery,Renewable Energy,True
P04728,Green Steel Plant,Metals,True
P04729,Smart Grid Installation,Energy,True
P04730,Hydro Power Expansion,Energy,True
P04731,Green Steel Plant,Metals,True
P04732,Hydro Power Expansion,Energy,True
P04733,Green Steel Plant,Metals,True
P04734,Carbon Capture Installation,Energy,True
P04735,Fertilizer Plant Upgrade,Chemicals,False
P04736,Industrial Robotics Export,Technology,False
P04737,Carbon Capture Installation,Energy,True
P04738,Smart Grid Installation,Energy,True
P04739,Carbon Capture Installation,Energy,True
P04740,Green Steel Plant,Metals,True
P04741,Hydro Power Expansion,Energy,True
P04742,Defense System Export to Poland,Defense,False
P04743,Green Steel Plant,Metals,True
P04744,Carbon Capture Installation,Energy,True
P04745,Automated Quality Inspection,Certification,False
P04746,Hydro Power Expansion,Energy,True
P04747,Carbon Capture Installation,Energy,True
P04748,Automated Quality Inspection,Certification,False
P04749,Offshore Wind Turbine Delivery,Renewable Energy,True
P04750,Automated Quality Inspection,Certification,False
P04751,Automated Quality Inspection,Certification,False
P04752,Offshore Wind Turbine Delivery,Renewable Energy,True
P04753,Electric Maritime Vessel,Maritime,True
P04754,Fertilizer Plant Upgrade,Chemicals,False
P04755,Offshore Wind Turbine Delivery,Renewable Energy,True
P04756,Hydro Power Expansion,Energy,True
P04757,Automated Quality Inspection,Certification,False
P04758,Automated Quality Inspection,Certification,False
P04759,Smart Grid Installation,Energy,True
P04760,Fertilizer Plant Upgrade,Chemicals,False
P04761,Hydro Power Expansion,Energy,True
P04762,Industrial Robotics Export,Technology,False
P04763,Smart Grid Installation,Energy,True
P04764,Defense System Export to Poland,Defense,False
P04765,Green Steel Plant,Metals,True
P04766,Hydro Power Expansion,Energy,True
P04767,Automated Quality Inspection,Certification,False
P04768,Defense System Export to Poland,Defense,False
P04769,Hydro Power Expansion,Energy,True
P04770,Smart Grid Installation,Energy,True
P04771,Hydro Power Expansion,Energy,True
P04772,Industrial Robotics Export,Technology,False
P04773,Automated Quality Inspection,Certification,False
P04774,Industrial Robotics Export,Technology,False
P04775,Hydro Power Expansion,Energy,True
P04776,Automated Quality Inspection,Certification,False
P04777,Industrial Robotics Export,Technology,False
P04778,Smart Grid Installation,Energy,True
P04779,Hydro Power Expansion,Energy,True
P04780,Hydro Power Expansion,Energy,True
P04781,Hydro Power Expansion,Energy,True
P04782,Automated Quality Inspection,Certification,False
P04783,Industrial Robotics Export,Technology,False
P04784,Defense System Export to Poland,Defense,False
P04785,Green Steel Plant,Metals,True
P04786,Industrial Robotics Export,Technology,False
P04787,Smart Grid Installation,Energy,True
P04788,Electric Maritime Vessel,Maritime,True
P04789,Industrial Robotics Export,Technology,False
P04790,Fertilizer Plant Upgrade,Chemicals,False
P04791,Defense System Export to Poland,Defense,False
P04792,Automated Quality Inspection,Certification,False
P04793,Defense System Export to Poland,Defense,False
P04794,Smart Grid Installation,Energy,True
P04795,Electric Maritime Vessel,Maritime,True
P04796,Green Steel Plant,Metals,True
P04797,Hydro Power Expansion,Energy,True
P04798,Offshore Wind Turbine Delivery,Renewable Energy,True
P04799,Industrial Robotics Export,Technology,False
P04800,Industrial Robotics Export,Technology,False
P04801,Electric Maritime Vessel,Maritime,True
P04802,Green Steel Plant,Metals,True
P04803,Smart Grid Installation,Energy,True
P04804,Fertilizer Plant Upgrade,Chemicals,False
P04805,Green Steel Plant,Metals,True
P04806,Carbon Capture Installation,Energy,True
P04807,Electric Maritime Vessel,Maritime,True
P04808,Industrial Robotics Export,Technology,False
P04809,Electric Maritime Vessel,Maritime,True
P04810,Fertilizer Plant Upgrade,Chemicals,False
P04811,Offshore Wind Turbine Delivery,Renewable Energy,True
P04812,Fertilizer Plant Upgrade,Chemicals,False
P04813,Fertilizer Plant Upgrade,Chemicals,False
P04814,Offshore Wind Turbine Delivery,Renewable Energy,True
P04815,Defense System Export to Poland,Defense,False
P04816,Green Steel Plant,Metals,True
P04817,Electric Maritime Vessel,Maritime,True
P04818,Hydro Power Expansion,Energy,True
P04819,Hydro Power Expansion,Energy,True
P04820,Automated Quality Inspection,Certification,False
P04821,Carbon Capture Installation,Energy,True
P04822,Electric Maritime Vessel,Maritime,True
P04823,Green Steel Plant,Metals,True
P04824,Hydro Power Expansion,Energy,True
P04825,Electric Maritime Vessel,Maritime,True
P04826,Industrial Robotics Export,Technology,False
P04827,Defense System Export to Poland,Defense,False
P04828,Defense System Export to Poland,Defense,False
P04829,Carbon Capture Installation,Energy,True
P04830,Offshore Wind Turbine Delivery,Renewable Energy,True
P04831,Industrial Robotics Export,Technology,False
P04832,Smart Grid Installation,Energy,True
P04833,Electric Maritime Vessel,Maritime,True
P04834,Industrial Robotics Export,Technology,False
P04835,Defense System Export to Poland,Defense,False
P04836,Automated Quality Inspection,Certification,False
P04837,Hydro Power Expansion,Energy,True
P04838,Green Steel Plant,Metals,True
P04839,Smart Grid Installation,Energy,True
P04840,Defense System Export to Poland,Defense,False
P04841,Offshore Wind Turbine Delivery,Renewable Energy,True
P04842,Green Steel Plant,Metals,True
P04843,Green Steel Plant,Metals,True
P04844,Green Steel Plant,Metals,True
P04845,Defense System Export to Poland,Defense,False
P04846,Smart Grid Installation,Energy,True
P04847,Offshore Wind Turbine Delivery,Renewable Energy,True
P04848,Electric Maritime Vessel,Maritime,True
P04849,Industrial Robotics Export,Technology,False
P04850,Offshore Wind Turbine Delivery,Renewable Energy,True
P04851,Green Steel Plant,Metals,True
P04852,Defense System Export to Poland,Defense,False
P04853,Green Steel Plant,Metals,True
P04854,Green Steel Plant,Metals,True
P04855,Smart Grid Installation,Energy,True
P04856,Industrial Robotics Export,Technology,False
P04857,Fertilizer Plant Upgrade,Chemicals,False
P04858,Smart Grid Installation,Energy,True
P04859,Hydro Power Expansion,Energy,True
P04860,Green Steel Plant,Metals,True
P04861,Industrial Robotics Export,Technology,False
P04862,Industrial Robotics Export,Technology,False
P04863,Industrial Robotics Export,Technology,False
P04864,Fertilizer Plant Upgrade,Chemicals,False
P04865,Green Steel Plant,Metals,True
P04866,Defense System Export to Poland,Defense,False
P04867,Automated Quality Inspection,Certification,False
P04868,Industrial Robotics Export,Technology,False
P04869,Industrial Robotics Export,Technology,False
P04870,Smart Grid Installation,Energy,True
P04871,Fertilizer Plant Upgrade,Chemicals,False
P04872,Industrial Robotics Export,Technology,False
P04873,Carbon Capture Installation,Energy,True
P04874,Green Steel Plant,Metals,True
P04875,Industrial Robotics Export,Technology,False
P04876,Hydro Power Expansion,Energy,True
P04877,Smart Grid Installation,Energy,True
P04878,Industrial Robotics Export,Technology,False
P04879,Carbon Capture Installation,Energy,True
P04880,Carbon Capture Installation,Energy,True
P04881,Fertilizer Plant Upgrade,Chemicals,False
P04882,Industrial Robotics Export,Technology,False
P04883,Industrial Robotics Export,Technology,False
P04884,Electric Maritime Vessel,Maritime,True
P04885,Defense System Export to Poland,Defense,False
P04886,Defense System Export to Poland,Defense,False
P04887,Automated Quality Inspection,Certification,False
P04888,Defense System Export to Poland,Defense,False
P04889,Industrial Robotics Export,Technology,False
P04890,Automated Quality Inspection,Certification,False
P04891,Industrial Robotics Export,Technology,False
P04892,Smart Grid Installation,Energy,True
P04893,Electric Maritime Vessel,Maritime,True
P04894,Carbon Capture Installation,Energy,True
P04895,Automated Quality Inspection,Certification,False
P04896,Automated Quality Inspection,Certification,False
P04897,Offshore Wind Turbine Delivery,Renewable Energy,True
P04898,Carbon Capture Installation,Energy,True
P04899,Green Steel Plant,Metals,True
P04900,Smart Grid Installation,Energy,True
P04901,Offshore Wind Turbine Delivery,Renewable Energy,True
P04902,Hydro Power Expansion,Energy,True
P04903,Hydro Power Expansion,Energy,True
P04904,Smart Grid Installation,Energy,True
P04905,Smart Grid Installation,Energy,True
P04906,Offshore Wind Turbine Delivery,Renewable Energy,True
P04907,Industrial Robotics Export,Technology,False
P04908,Fertilizer Plant Upgrade,Chemicals,False
P04909,Electric Maritime Vessel,Maritime,True
P04910,Electric Maritime Vessel,Maritime,True
P04911,Automated Quality Inspection,Certification,False
P04912,Hydro Power Expansion,Energy,True
P04913,Green Steel Plant,Metals,True
P04914,Defense System Export to Poland,Defense,False
P04915,Defense System Export to Poland,Defense,False
P04916,Smart Grid Installation,Energy,True
P04917,Carbon Capture Installation,Energy,True
P04918,Electric Maritime Vessel,Maritime,True
P04919,Defense System Export to Poland,Defense,False
P04920,Hydro Power Expansion,Energy,True
P04921,Defense System Export to Poland,Defense,False
P04922,Hydro Power Expansion,Energy,True
P04923,Automated Quality Inspection,Certification,False
P04924,Defense System Export to Poland,Defense,False
P04925,Hydro Power Expansion,Energy,True
P04926,Electric Maritime Vessel,Maritime,True
P04927,Industrial Robotics Export,Technology,False
P04928,Fertilizer Plant Upgrade,Chemicals,False
P04929,Green Steel Plant,Metals,True
P04930,Hydro Power Expansion,Energy,True
P04931,Smart Grid Installation,Energy,True
P04932,Offshore Wind Turbine Delivery,Renewable Energy,True
P04933,Green Steel Plant,Metals,True
P04934,Defense System Export to Poland,Defense,False
P04935,Defense System Export to Poland,Defense,False
P04936,Green Steel Plant,Metals,True
P04937,Electric Maritime Vessel,Maritime,True
P04938,Industrial Robotics Export,Technology,False
P04939,Industrial Robotics Export,Technology,False
P04940,Hydro Power Expansion,Energy,True
P04941,Industrial Robotics Export,Technology,False
P04942,Hydro Power Expansion,Energy,True
P04943,Hydro Power Expansion,Energy,True
P04944,Green Steel Plant,Metals,True
P04945,Hydro Power Expansion,Energy,True
P04946,Carbon Capture Installation,Energy,True
P04947,Automated Quality Inspection,Certification,False
P04948,Automated Quality Inspection,Certification,False
P04949,Smart Grid Installation,Energy,True
P04950,Automated Quality Inspection,Certification,False
P04951,Fertilizer Plant Upgrade,Chemicals,False
P04952,Industrial Robotics Export,Technology,False
P04953,Offshore Wind Turbine Delivery,Renewable Energy,True
P04954,Hydro Power Expansion,Energy,True
P04955,Offshore Wind Turbine Delivery,Renewable Energy,True
P04956,Fertilizer Plant Upgrade,Chemicals,False
P04957,Offshore Wind Turbine Delivery,Renewable Energy,True
P04958,Industrial Robotics Export,Technology,False
P04959,Defense System Export to Poland,Defense,False
P04960,Hydro Power Expansion,Energy,True
P04961,Defense System Export to Poland,Defense,False
P04962,Hydro Power Expansion,Energy,True
P04963,Fertilizer Plant Upgrade,Chemicals,False
P04964,Hydro Power Expansion,Energy,True
P04965,Smart Grid Installation,Energy,True
P04966,Industrial Robotics Export,Technology,False
P04967,Defense System Export to Poland,Defense,False
P04968,Green Steel Plant,Metals,True
P04969,Industrial Robotics Export,Technology,False
P04970,Hydro Power Expansion,Energy,True
P04971,Electric Maritime Vessel,Maritime,True
P04972,Fertilizer Plant Upgrade,Chemicals,False
P04973,Automated Quality Inspection,Certification,False
P04974,Hydro Power Expansion,Energy,True
P04975,Offshore Wind Turbine Delivery,Renewable Energy,True
P04976,Electric Maritime Vessel,Maritime,True
P04977,Hydro Power Expansion,Energy,True
P04978,Hydro Power Expansion,Energy,True
P04979,Offshore Wind Turbine Delivery,Renewable Energy,True
P04980,Hydro Power Expansion,Energy,True
P04981,Smart Grid Installation,Energy,True
P04982,Fertilizer Plant Upgrade,Chemicals,False
P04983,Fertilizer Plant Upgrade,Chemicals,False
P04984,Smart Grid Installation,Energy,True
P04985,Automated Quality Inspection,Certification,False
P04986,Hydro Power Expansion,Energy,True
P04987,Defense System Export to Poland,Defense,False
P04988,Offshore Wind Turbine Delivery,Renewable Energy,True
P04989,Offshore Wind Turbine Delivery,Renewable Energy,True
P04990,Smart Grid Installation,Energy,True
P04991,Offshore Wind Turbine Delivery,Renewable Energy,True
P04992,Smart Grid Installation,Energy,True
P04993,Defense System Export to Poland,Defense,False
P04994,Fertilizer Plant Upgrade,Chemicals,False
P04995,Industrial Robotics Export,Technology,False
P04996,Smart Grid Installation,Energy,True
P04997,Hydro Power Expansion,Energy,True
P04998,Defense System Export to Poland,Defense,False
P04999,Industrial Robotics Export,Technology,False
P05000,Offshore Wind Turbine Delivery,Renewable Energy,True
P05001,Offshore Wind Turbine Delivery,Renewable Energy,True
P05002,Automated Quality Inspection,Certification,False
P05003,Fertilizer Plant Upgrade,Chemicals,False
P05004,Carbon Capture Installation,Energy,True
P05005,Smart Grid Installation,Energy,True
P05006,Electric Maritime Vessel,Maritime,True
P05007,Electric Maritime Vessel,Maritime,True
P05008,Hydro Power Expansion,Energy,True
P05009,Automated Quality Inspection,Certification,False
P05010,Offshore Wind Turbine Delivery,Renewable Energy,True
P05011,Defense System Export to Poland,Defense,False
P05012,Green Steel Plant,Metals,True
P05013,Carbon Capture Installation,Energy,True
P05014,Smart Grid Installation,Energy,True
P05015,Hydro Power Expansion,Energy,True
P05016,Smart Grid Installation,Energy,True
P05017,Electric Maritime Vessel,Maritime,True
P05018,Offshore Wind Turbine Delivery,Renewable Energy,True
P05019,Smart Grid Installation,Energy,True
P05020,Offshore Wind Turbine Delivery,Renewable Energy,True
P05021,Fertilizer Plant Upgrade,Chemicals,False
P05022,Automated Quality Inspection,Certification,False
P05023,Offshore Wind Turbine Delivery,Renewable Energy,True
P05024,Green Steel Plant,Metals,True
P05025,Electric Maritime Vessel,Maritime,True
P05026,Automated Quality Inspection,Certification,False
P05027,Offshore Wind Turbine Delivery,Renewable Energy,True
P05028,Defense System Export to Poland,Defense,False
P05029,Green Steel Plant,Metals,True
P05030,Industrial Robotics Export,Technology,False
P05031,Green Steel Plant,Metals,True
P05032,Hydro Power Expansion,Energy,True
P05033,Offshore Wind Turbine Delivery,Renewable Energy,True
P05034,Automated Quality Inspection,Certification,False
P05035,Fertilizer Plant Upgrade,Chemicals,False
P05036,Carbon Capture Installation,Energy,True
P05037,Defense System Export to Poland,Defense,False
P05038,Offshore Wind Turbine Delivery,Renewable Energy,True
P05039,Smart Grid Installation,Energy,True
P05040,Carbon Capture Installation,Energy,True
P05041,Electric Maritime Vessel,Maritime,True
P05042,Industrial Robotics Export,Technology,False
P05043,Industrial Robotics Export,Technology,False
P05044,Carbon Capture Installation,Energy,True
P05045,Carbon Capture Installation,Energy,True
P05046,Fertilizer Plant Upgrade,Chemicals,False
P05047,Green Steel Plant,Metals,True
P05048,Carbon Capture Installation,Energy,True
P05049,Carbon Capture Installation,Energy,True
P05050,Electric Maritime Vessel,Maritime,True
P05051,Defense System Export to Poland,Defense,False
P05052,Green Steel Plant,Metals,True
P05053,Electric Maritime Vessel,Maritime,True
P05054,Industrial Robotics Export,Technology,False
P05055,Carbon Capture Installation,Energy,True
P05056,Green Steel Plant,Metals,True
P05057,Defense System Export to Poland,Defense,False
P05058,Defense System Export to Poland,Defense,False
P05059,Automated Quality Inspection,Certification,False
P05060,Fertilizer Plant Upgrade,Chemicals,False
P05061,Green Steel Plant,Metals,True
P05062,Automated Quality Inspection,Certification,False
P05063,Automated Quality Inspection,Certification,False
P05064,Smart Grid Installation,Energy,True
P05065,Hydro Power Expansion,Energy,True
P05066,Industrial Robotics Export,Technology,False
P05067,Green Steel Plant,Metals,True
P05068,Green Steel Plant,Metals,True
P05069,Defense System Export to Poland,Defense,False
P05070,Electric Maritime Vessel,Maritime,True
P05071,Defense System Export to Poland,Defense,False
P05072,Automated Quality Inspection,Certification,False
P05073,Fertilizer Plant Upgrade,Chemicals,False
P05074,Offshore Wind Turbine Delivery,Renewable Energy,True
P05075,Offshore Wind Turbine Delivery,Renewable Energy,True
P05076,Offshore Wind Turbine Delivery,Renewable Energy,True
P05077,Industrial Robotics Export,Technology,False
P05078,Defense System Export to Poland,Defense,False
P05079,Automated Quality Inspection,Certification,False
P05080,Automated Quality Inspection,Certification,False
P05081,Defense System Export to Poland,Defense,False
P05082,Industrial Robotics Export,Technology,False
P05083,Automated Quality Inspection,Certification,False
P05084,Fertilizer Plant Upgrade,Chemicals,False
P05085,Carbon Capture Installation,Energy,True
P05086,Fertilizer Plant Upgrade,Chemicals,False
P05087,Hydro Power Expansion,Energy,True
P05088,Automated Quality Inspection,Certification,False
P05089,Offshore Wind Turbine Delivery,Renewable Energy,True
P05090,Fertilizer Plant Upgrade,Chemicals,False
P05091,Carbon Capture Installation,Energy,True
P05092,Offshore Wind Turbine Delivery,Renewable Energy,True
P05093,Hydro Power Expansion,Energy,True
P05094,Industrial Robotics Export,Technology,False
P05095,Electric Maritime Vessel,Maritime,True
P05096,Industrial Robotics Export,Technology,False
P05097,Automated Quality Inspection,Certification,False
P05098,Carbon Capture Installation,Energy,True
P05099,Fertilizer Plant Upgrade,Chemicals,False
P05100,Electric Maritime Vessel,Maritime,True
P05101,Green Steel Plant,Metals,True
P05102,Carbon Capture Installation,Energy,True
P05103,Automated Quality Inspection,Certification,False
P05104,Electric Maritime Vessel,Maritime,True
P05105,Green Steel Plant,Metals,True
P05106,Offshore Wind Turbine Delivery,Renewable Energy,True
P05107,Fertilizer Plant Upgrade,Chemicals,False
P05108,Carbon Capture Installation,Energy,True
P05109,Fertilizer Plant Upgrade,Chemicals,False
P05110,Industrial Robotics Export,Technology,False
P05111,Offshore Wind Turbine Delivery,Renewable Energy,True
P05112,Defense System Export to Poland,Defense,False
P05113,Hydro Power Expansion,Energy,True
P05114,Fertilizer Plant Upgrade,Chemicals,False
P05115,Defense System Export to Poland,Defense,False
P05116,Industrial Robotics Export,Technology,False
P05117,Fertilizer Plant Upgrade,Chemicals,False
P05118,Fertilizer Plant Upgrade,Chemicals,False
P05119,Industrial Robotics Export,Technology,False
P05120,Electric Maritime Vessel,Maritime,True
P05121,Green Steel Plant,Metals,True
P05122,Industrial Robotics Export,Technology,False
P05123,Offshore Wind Turbine Delivery,Renewable Energy,True
P05124,Carbon Capture Installation,Energy,True
P05125,Industrial Robotics Export,Technology,False
P05126,Hydro Power Expansion,Energy,True
P05127,Industrial Robotics Export,Technology,False
P05128,Electric Maritime Vessel,Maritime,True
P05129,Electric Maritime Vessel,Maritime,True
P05130,Automated Quality Inspection,Certification,False
P05131,Green Steel Plant,Metals,True
P05132,Green Steel Plant,Metals,True
P05133,Defense System Export to Poland,Defense,False
P05134,Automated Quality Inspection,Certification,False
P05135,Smart Grid Installation,Energy,True
P05136,Automated Quality Inspection,Certification,False
P05137,Carbon Capture Installation,Energy,True
P05138,Industrial Robotics Export,Technology,False
P05139,Industrial Robotics Export,Technology,False
P05140,Smart Grid Installation,Energy,True
P05141,Hydro Power Expansion,Energy,True
P05142,Green Steel Plant,Metals,True
P05143,Electric Maritime Vessel,Maritime,True
P05144,Automated Quality Inspection,Certification,False
P05145,Offshore Wind Turbine Delivery,Renewable Energy,True
P05146,Smart Grid Installation,Energy,True
P05147,Industrial Robotics Export,Technology,False
P05148,Automated Quality Inspection,Certification,False
P05149,Automated Quality Inspection,Certification,False
P05150,Hydro Power Expansion,Energy,True
P05151,Smart Grid Installation,Energy,True
P05152,Electric Maritime Vessel,Maritime,True
P05153,Hydro Power Expansion,Energy,True
P05154,Electric Maritime Vessel,Maritime,True
P05155,Defense System Export to Poland,Defense,False
P05156,Fertilizer Plant Upgrade,Chemicals,False
P05157,Carbon Capture Installation,Energy,True
P05158,Smart Grid Installation,Energy,True
P05159,Industrial Robotics Export,Technology,False
P05160,Defense System Export to Poland,Defense,False
P05161,Automated Quality Inspection,Certification,False
P05162,Carbon Capture Installation,Energy,True
P05163,Fertilizer Plant Upgrade,Chemicals,False
P05164,Hydro Power Expansion,Energy,True
P05165,Defense System Export to Poland,Defense,False
P05166,Smart Grid Installation,Energy,True
P05167,Defense System Export to Poland,Defense,False
P05168,Fertilizer Plant Upgrade,Chemicals,False
P05169,Industrial Robotics Export,Technology,False
P05170,Defense System Export to Poland,Defense,False
P05171,Fertilizer Plant Upgrade,Chemicals,False
P05172,Fertilizer Plant Upgrade,Chemicals,False
P05173,Defense System Export to Poland,Defense,False
P05174,Smart Grid Installation,Energy,True
P05175,Carbon Capture Installation,Energy,True
P05176,Defense System Export to Poland,Defense,False
P05177,Offshore Wind Turbine Delivery,Renewable Energy,True
P05178,Green Steel Plant,Metals,True
P05179,Green Steel Plant,Metals,True
P05180,Electric Maritime Vessel,Maritime,True
P05181,Carbon Capture Installation,Energy,True
P05182,Automated Quality Inspection,Certification,False
P05183,Offshore Wind Turbine Delivery,Renewable Energy,True
P05184,Green Steel Plant,Metals,True
P05185,Fertilizer Plant Upgrade,Chemicals,False
P05186,Carbon Capture Installation,Energy,True
P05187,Hydro Power Expansion,Energy,True
P05188,Carbon Capture Installation,Energy,True
P05189,Offshore Wind Turbine Delivery,Renewable Energy,True
P05190,Automated Quality Inspection,Certification,False
P05191,Green Steel Plant,Metals,True
P05192,Industrial Robotics Export,Technology,False
P05193,Green Steel Plant,Metals,True
P05194,Carbon Capture Installation,Energy,True
P05195,Automated Quality Inspection,Certification,False
P05196,Fertilizer Plant Upgrade,Chemicals,False
P05197,Automated Quality Inspection,Certification,False
P05198,Carbon Capture Installation,Energy,True
P05199,Fertilizer Plant Upgrade,Chemicals,False
P05200,Electric Maritime Vessel,Maritime,True
P05201,Electric Maritime Vessel,Maritime,True
P05202,Fertilizer Plant Upgrade,Chemicals,False
P05203,Carbon Capture Installation,Energy,True
P05204,Fertilizer Plant Upgrade,Chemicals,False
P05205,Carbon Capture Installation,Energy,True
P05206,Automated Quality Inspection,Certification,False
P05207,Automated Quality Inspection,Certification,False
P05208,Hydro Power Expansion,Energy,True
P05209,Smart Grid Installation,Energy,True
P05210,Fertilizer Plant Upgrade,Chemicals,False
P05211,Carbon Capture Installation,Energy,True
P05212,Carbon Capture Installation,Energy,True
P05213,Green Steel Plant,Metals,True
P05214,Fertilizer Plant Upgrade,Chemicals,False
P05215,Fertilizer Plant Upgrade,Chemicals,False
P05216,Automated Quality Inspection,Certification,False
P05217,Hydro Power Expansion,Energy,True
P05218,Hydro Power Expansion,Energy,True
P05219,Fertilizer Plant Upgrade,Chemicals,False
P05220,Automated Quality Inspection,Certification,False
P05221,Carbon Capture Installation,Energy,True
P05222,Industrial Robotics Export,Technology,False
P05223,Defense System Export to Poland,Defense,False
P05224,Defense System Export to Poland,Defense,False
P05225,Fertilizer Plant Upgrade,Chemicals,False
P05226,Smart Grid Installation,Energy,True
P05227,Smart Grid Installation,Energy,True
P05228,Smart Grid Installation,Energy,True
P05229,Hydro Power Expansion,Energy,True
P05230,Defense System Export to Poland,Defense,False
P05231,Automated Quality Inspection,Certification,False
P05232,Offshore Wind Turbine Delivery,Renewable Energy,True
P05233,Automated Quality Inspection,Certification,False
P05234,Electric Maritime Vessel,Maritime,True
P05235,Green Steel Plant,Metals,True
P05236,Green Steel Plant,Metals,True
P05237,Hydro Power Expansion,Energy,True
P05238,Offshore Wind Turbine Delivery,Renewable Energy,True
P05239,Fertilizer Plant Upgrade,Chemicals,False
P05240,Green Steel Plant,Metals,True
P05241,Defense System Export to Poland,Defense,False
P05242,Hydro Power Expansion,Energy,True
P05243,Fertilizer Plant Upgrade,Chemicals,False
P05244,Electric Maritime Vessel,Maritime,True
P05245,Defense System Export to Poland,Defense,False
P05246,Smart Grid Installation,Energy,True
P05247,Green Steel Plant,Metals,True
P05248,Fertilizer Plant Upgrade,Chemicals,False
P05249,Offshore Wind Turbine Delivery,Renewable Energy,True
P05250,Industrial Robotics Export,Technology,False
P05251,Offshore Wind Turbine Delivery,Renewable Energy,True
P05252,Green Steel Plant,Metals,True
P05253,Industrial Robotics Export,Technology,False
P05254,Carbon Capture Installation,Energy,True
P05255,Fertilizer Plant Upgrade,Chemicals,False
P05256,Industrial Robotics Export,Technology,False
P05257,Green Steel Plant,Metals,True
P05258,Electric Maritime Vessel,Maritime,True
P05259,Fertilizer Plant Upgrade,Chemicals,False
P05260,Automated Quality Inspection,Certification,False
P05261,Electric Maritime Vessel,Maritime,True
P05262,Defense System Export to Poland,Defense,False
P05263,Carbon Capture Installation,Energy,True
P05264,Green Steel Plant,Metals,True
P05265,Green Steel Plant,Metals,True
P05266,Industrial Robotics Export,Technology,False
P05267,Green Steel Plant,Metals,True
P05268,Offshore Wind Turbine Delivery,Renewable Energy,True
P05269,Defense System Export to Poland,Defense,False
P05270,Defense System Export to Poland,Defense,False
P05271,Fertilizer Plant Upgrade,Chemicals,False
P05272,Electric Maritime Vessel,Maritime,True
P05273,Electric Maritime Vessel,Maritime,True
P05274,Hydro Power Expansion,Energy,True
P05275,Carbon Capture Installation,Energy,True
P05276,Carbon Capture Installation,Energy,True
P05277,Hydro Power Expansion,Energy,True
P05278,Offshore Wind Turbine Delivery,Renewable Energy,True
P05279,Green Steel Plant,Metals,True
P05280,Electric Maritime Vessel,Maritime,True
P05281,Fertilizer Plant Upgrade,Chemicals,False
P05282,Defense System Export to Poland,Defense,False
P05283,Defense System Export to Poland,Defense,False
P05284,Automated Quality Inspection,Certification,False
P05285,Smart Grid Installation,Energy,True
P05286,Electric Maritime Vessel,Maritime,True
P05287,Hydro Power Expansion,Energy,True
P05288,Fertilizer Plant Upgrade,Chemicals,False
P05289,Smart Grid Installation,Energy,True
P05290,Fertilizer Plant Upgrade,Chemicals,False
P05291,Fertilizer Plant Upgrade,Chemicals,False
P05292,Green Steel Plant,Metals,True
P05293,Green Steel Plant,Metals,True
P05294,Automated Quality Inspection,Certification,False
P05295,Fertilizer Plant Upgrade,Chemicals,False
P05296,Defense System Export to Poland,Defense,False
P05297,Smart Grid Installation,Energy,True
P05298,Green Steel Plant,Metals,True
P05299,Carbon Capture Installation,Energy,True
P05300,Offshore Wind Turbine Delivery,Renewable Energy,True
P05301,Defense System Export to Poland,Defense,False
P05302,Offshore Wind Turbine Delivery,Renewable Energy,True
P05303,Carbon Capture Installation,Energy,True
P05304,Carbon Capture Installation,Energy,True
P05305,Fertilizer Plant Upgrade,Chemicals,False
P05306,Hydro Power Expansion,Energy,True
P05307,Smart Grid Installation,Energy,True
P05308,Defense System Export to Poland,Defense,False
P05309,Carbon Capture Installation,Energy,True
P05310,Defense System Export to Poland,Defense,False
P05311,Automated Quality Inspection,Certification,False
P05312,Fertilizer Plant Upgrade,Chemicals,False
P05313,Defense System Export to Poland,Defense,False
P05314,Electric Maritime Vessel,Maritime,True
P05315,Automated Quality Inspection,Certification,False
P05316,Industrial Robotics Export,Technology,False
P05317,Green Steel Plant,Metals,True
P05318,Defense System Export to Poland,Defense,False
P05319,Hydro Power Expansion,Energy,True
P05320,Fertilizer Plant Upgrade,Chemicals,False
P05321,Industrial Robotics Export,Technology,False
P05322,Automated Quality Inspection,Certification,False
P05323,Electric Maritime Vessel,Maritime,True
P05324,Automated Quality Inspection,Certification,False
P05325,Fertilizer Plant Upgrade,Chemicals,False
P05326,Fertilizer Plant Upgrade,Chemicals,False
P05327,Fertilizer Plant Upgrade,Chemicals,False
P05328,Hydro Power Expansion,Energy,True
P05329,Electric Maritime Vessel,Maritime,True
P05330,Automated Quality Inspection,Certification,False
P05331,Hydro Power Expansion,Energy,True
P05332,Hydro Power Expansion,Energy,True
P05333,Smart Grid Installation,Energy,True
P05334,Industrial Robotics Export,Technology,False
P05335,Carbon Capture Installation,Energy,True
P05336,Offshore Wind Turbine Delivery,Renewable Energy,True
P05337,Defense System Export to Poland,Defense,False
P05338,Industrial Robotics Export,Technology,False
P05339,Industrial Robotics Export,Technology,False
P05340,Green Steel Plant,Metals,True
P05341,Fertilizer Plant Upgrade,Chemicals,False
P05342,Green Steel Plant,Metals,True
P05343,Hydro Power Expansion,Energy,True
P05344,Hydro Power Expansion,Energy,True
P05345,Automated Quality Inspection,Certification,False
P05346,Automated Quality Inspection,Certification,False
P05347,Industrial Robotics Export,Technology,False
P05348,Electric Maritime Vessel,Maritime,True
P05349,Automated Quality Inspection,Certification,False
P05350,Industrial Robotics Export,Technology,False
P05351,Smart Grid Installation,Energy,True
P05352,Fertilizer Plant Upgrade,Chemicals,False
P05353,Defense System Export to Poland,Defense,False
P05354,Hydro Power Expansion,Energy,True
P05355,Electric Maritime Vessel,Maritime,True
P05356,Industrial Robotics Export,Technology,False
P05357,Fertilizer Plant Upgrade,Chemicals,False
P05358,Electric Maritime Vessel,Maritime,True
P05359,Hydro Power Expansion,Energy,True
P05360,Smart Grid Installation,Energy,True
P05361,Green Steel Plant,Metals,True
P05362,Smart Grid Installation,Energy,True
P05363,Carbon Capture Installation,Energy,True
P05364,Automated Quality Inspection,Certification,False
P05365,Smart Grid Installation,Energy,True
P05366,Defense System Export to Poland,Defense,False
P05367,Green Steel Plant,Metals,True
P05368,Offshore Wind Turbine Delivery,Renewable Energy,True
P05369,Automated Quality Inspection,Certification,False
P05370,Defense System Export to Poland,Defense,False
P05371,Green Steel Plant,Metals,True
P05372,Fertilizer Plant Upgrade,Chemicals,False
P05373,Automated Quality Inspection,Certification,False
P05374,Electric Maritime Vessel,Maritime,True
P05375,Hydro Power Expansion,Energy,True
P05376,Industrial Robotics Export,Technology,False
P05377,Smart Grid Installation,Energy,True
P05378,Electric Maritime Vessel,Maritime,True
P05379,Electric Maritime Vessel,Maritime,True
P05380,Offshore Wind Turbine Delivery,Renewable Energy,True
P05381,Carbon Capture Installation,Energy,True
P05382,Industrial Robotics Export,Technology,False
P05383,Defense System Export to Poland,Defense,False
P05384,Fertilizer Plant Upgrade,Chemicals,False
P05385,Electric Maritime Vessel,Maritime,True
P05386,Fertilizer Plant Upgrade,Chemicals,False
P05387,Electric Maritime Vessel,Maritime,True
P05388,Automated Quality Inspection,Certification,False
P05389,Defense System Export to Poland,Defense,False
P05390,Defense System Export to Poland,Defense,False
P05391,Carbon Capture Installation,Energy,True
P05392,Offshore Wind Turbine Delivery,Renewable Energy,True
P05393,Green Steel Plant,Metals,True
P05394,Electric Maritime Vessel,Maritime,True
P05395,Smart Grid Installation,Energy,True
P05396,Defense System Export to Poland,Defense,False
P05397,Fertilizer Plant Upgrade,Chemicals,False
P05398,Fertilizer Plant Upgrade,Chemicals,False
P05399,Industrial Robotics Export,Technology,False
P05400,Hydro Power Expansion,Energy,True
P05401,Automated Quality Inspection,Certification,False
P05402,Smart Grid Installation,Energy,True
P05403,Automated Quality Inspection,Certification,False
P05404,Industrial Robotics Export,Technology,False
P05405,Green Steel Plant,Metals,True
P05406,Offshore Wind Turbine Delivery,Renewable Energy,True
P05407,Defense System Export to Poland,Defense,False
P05408,Offshore Wind Turbine Delivery,Renewable Energy,True
P05409,Green Steel Plant,Metals,True
P05410,Offshore Wind Turbine Delivery,Renewable Energy,True
P05411,Industrial Robotics Export,Technology,False
P05412,Automated Quality Inspection,Certification,False
P05413,Hydro Power Expansion,Energy,True
P05414,Automated Quality Inspection,Certification,False
P05415,Automated Quality Inspection,Certification,False
P05416,Defense System Export to Poland,Defense,False
P05417,Industrial Robotics Export,Technology,False
P05418,Carbon Capture Installation,Energy,True
P05419,Offshore Wind Turbine Delivery,Renewable Energy,True
P05420,Green Steel Plant,Metals,True
P05421,Electric Maritime Vessel,Maritime,True
P05422,Industrial Robotics Export,Technology,False
P05423,Hydro Power Expansion,Energy,True
P05424,Fertilizer Plant Upgrade,Chemicals,False
P05425,Offshore Wind Turbine Delivery,Renewable Energy,True
P05426,Defense System Export to Poland,Defense,False
P05427,Offshore Wind Turbine Delivery,Renewable Energy,True
P05428,Offshore Wind Turbine Delivery,Renewable Energy,True
P05429,Green Steel Plant,Metals,True
P05430,Carbon Capture Installation,Energy,True
P05431,Green Steel Plant,Metals,True
P05432,Industrial Robotics Export,Technology,False
P05433,Industrial Robotics Export,Technology,False
P05434,Fertilizer Plant Upgrade,Chemicals,False
P05435,Hydro Power Expansion,Energy,True
P05436,Defense System Export to Poland,Defense,False
P05437,Smart Grid Installation,Energy,True
P05438,Defense System Export to Poland,Defense,False
P05439,Electric Maritime Vessel,Maritime,True
P05440,Industrial Robotics Export,Technology,False
P05441,Fertilizer Plant Upgrade,Chemicals,False
P05442,Defense System Export to Poland,Defense,False
P05443,Smart Grid Installation,Energy,True
P05444,Fertilizer Plant Upgrade,Chemicals,False
P05445,Industrial Robotics Export,Technology,False
P05446,Carbon Capture Installation,Energy,True
P05447,Smart Grid Installation,Energy,True
P05448,Automated Quality Inspection,Certification,False
P05449,Hydro Power Expansion,Energy,True
P05450,Carbon Capture Installation,Energy,True
P05451,Defense System Export to Poland,Defense,False
P05452,Automated Quality Inspection,Certification,False
P05453,Defense System Export to Poland,Defense,False
P05454,Industrial Robotics Export,Technology,False
P05455,Green Steel Plant,Metals,True
P05456,Industrial Robotics Export,Technology,False
P05457,Green Steel Plant,Metals,True
P05458,Fertilizer Plant Upgrade,Chemicals,False
P05459,Automated Quality Inspection,Certification,False
P05460,Fertilizer Plant Upgrade,Chemicals,False
P05461,Electric Maritime Vessel,Maritime,True
P05462,Fertilizer Plant Upgrade,Chemicals,False
P05463,Fertilizer Plant Upgrade,Chemicals,False
P05464,Offshore Wind Turbine Delivery,Renewable Energy,True
P05465,Electric Maritime Vessel,Maritime,True
P05466,Defense System Export to Poland,Defense,False
P05467,Industrial Robotics Export,Technology,False
P05468,Smart Grid Installation,Energy,True
P05469,Industrial Robotics Export,Technology,False
P05470,Industrial Robotics Export,Technology,False
P05471,Defense System Export to Poland,Defense,False
P05472,Green Steel Plant,Metals,True
P05473,Offshore Wind Turbine Delivery,Renewable Energy,True
P05474,Electric Maritime Vessel,Maritime,True
P05475,Smart Grid Installation,Energy,True
P05476,Smart Grid Installation,Energy,True
P05477,Carbon Capture Installation,Energy,True
P05478,Green Steel Plant,Metals,True
P05479,Defense System Export to Poland,Defense,False
P05480,Electric Maritime Vessel,Maritime,True
P05481,Fertilizer Plant Upgrade,Chemicals,False
P05482,Hydro Power Expansion,Energy,True
P05483,Hydro Power Expansion,Energy,True
P05484,Carbon Capture Installation,Energy,True
P05485,Offshore Wind Turbine Delivery,Renewable Energy,True
P05486,Hydro Power Expansion,Energy,True
P05487,Electric Maritime Vessel,Maritime,True
P05488,Fertilizer Plant Upgrade,Chemicals,False
P05489,Fertilizer Plant Upgrade,Chemicals,False
P05490,Smart Grid Installation,Energy,True
P05491,Defense System Export to Poland,Defense,False
P05492,Electric Maritime Vessel,Maritime,True
P05493,Industrial Robotics Export,Technology,False
P05494,Smart Grid Installation,Energy,True
P05495,Smart Grid Installation,Energy,True
P05496,Green Steel Plant,Metals,True
P05497,Carbon Capture Installation,Energy,True
P05498,Defense System Export to Poland,Defense,False
P05499,Carbon Capture Installation,Energy,True
P05500,Smart Grid Installation,Energy,True
P05501,Hydro Power Expansion,Energy,True
P05502,Smart Grid Installation,Energy,True
P05503,Fertilizer Plant Upgrade,Chemicals,False
P05504,Offshore Wind Turbine Delivery,Renewable Energy,True
P05505,Smart Grid Installation,Energy,True
P05506,Smart Grid Installation,Energy,True
P05507,Offshore Wind Turbine Delivery,Renewable Energy,True
P05508,Automated Quality Inspection,Certification,False
P05509,Hydro Power Expansion,Energy,True
P05510,Defense System Export to Poland,Defense,False
P05511,Green Steel Plant,Metals,True
P05512,Fertilizer Plant Upgrade,Chemicals,False
P05513,Green Steel Plant,Metals,True
P05514,Smart Grid Installation,Energy,True
P05515,Industrial Robotics Export,Technology,False
P05516,Automated Quality Inspection,Certification,False
P05517,Offshore Wind Turbine Delivery,Renewable Energy,True
P05518,Electric Maritime Vessel,Maritime,True
P05519,Defense System Export to Poland,Defense,False
P05520,Defense System Export to Poland,Defense,False
P05521,Defense System Export to Poland,Defense,False
P05522,Industrial Robotics Export,Technology,False
P05523,Automated Quality Inspection,Certification,False
P05524,Carbon Capture Installation,Energy,True
P05525,Defense System Export to Poland,Defense,False
P05526,Fertilizer Plant Upgrade,Chemicals,False
P05527,Offshore Wind Turbine Delivery,Renewable Energy,True
P05528,Defense System Export to Poland,Defense,False
P05529,Defense System Export to Poland,Defense,False
P05530,Defense System Export to Poland,Defense,False
P05531,Offshore Wind Turbine Delivery,Renewable Energy,True
P05532,Industrial Robotics Export,Technology,False
P05533,Fertilizer Plant Upgrade,Chemicals,False
P05534,Offshore Wind Turbine Delivery,Renewable Energy,True
P05535,Electric Maritime Vessel,Maritime,True
P05536,Green Steel Plant,Metals,True
P05537,Fertilizer Plant Upgrade,Chemicals,False
P05538,Industrial Robotics Export,Technology,False
P05539,Carbon Capture Installation,Energy,True
P05540,Defense System Export to Poland,Defense,False
P05541,Carbon Capture Installation,Energy,True
P05542,Green Steel Plant,Metals,True
P05543,Defense System Export to Poland,Defense,False
P05544,Green Steel Plant,Metals,True
P05545,Hydro Power Expansion,Energy,True
P05546,Hydro Power Expansion,Energy,True
P05547,Industrial Robotics Export,Technology,False
P05548,Automated Quality Inspection,Certification,False
P05549,Defense System Export to Poland,Defense,False
P05550,Carbon Capture Installation,Energy,True
P05551,Green Steel Plant,Metals,True
P05552,Fertilizer Plant Upgrade,Chemicals,False
P05553,Carbon Capture Installation,Energy,True
P05554,Automated Quality Inspection,Certification,False
P05555,Carbon Capture Installation,Energy,True
P05556,Fertilizer Plant Upgrade,Chemicals,False
P05557,Defense System Export to Poland,Defense,False
P05558,Defense System Export to Poland,Defense,False
P05559,Automated Quality Inspection,Certification,False
P05560,Automated Quality Inspection,Certification,False
P05561,Electric Maritime Vessel,Maritime,True
P05562,Industrial Robotics Export,Technology,False
P05563,Hydro Power Expansion,Energy,True
P05564,Green Steel Plant,Metals,True
P05565,Carbon Capture Installation,Energy,True
P05566,Industrial Robotics Export,Technology,False
P05567,Electric Maritime Vessel,Maritime,True
P05568,Electric Maritime Vessel,Maritime,True
P05569,Carbon Capture Installation,Energy,True
P05570,Defense System Export to Poland,Defense,False
P05571,Carbon Capture Installation,Energy,True
P05572,Offshore Wind Turbine Delivery,Renewable Energy,True
P05573,Defense System Export to Poland,Defense,False
P05574,Electric Maritime Vessel,Maritime,True
P05575,Green Steel Plant,Metals,True
P05576,Industrial Robotics Export,Technology,False
P05577,Industrial Robotics Export,Technology,False
P05578,Green Steel Plant,Metals,True
P05579,Industrial Robotics Export,Technology,False
P05580,Offshore Wind Turbine Delivery,Renewable Energy,True
P05581,Hydro Power Expansion,Energy,True
P05582,Industrial Robotics Export,Technology,False
P05583,Defense System Export to Poland,Defense,False
P05584,Fertilizer Plant Upgrade,Chemicals,False
P05585,Green Steel Plant,Metals,True
P05586,Offshore Wind Turbine Delivery,Renewable Energy,True
P05587,Carbon Capture Installation,Energy,True
P05588,Automated Quality Inspection,Certification,False
P05589,Hydro Power Expansion,Energy,True
P05590,Carbon Capture Installation,Energy,True
P05591,Defense System Export to Poland,Defense,False
P05592,Defense System Export to Poland,Defense,False
P05593,Industrial Robotics Export,Technology,False
P05594,Carbon Capture Installation,Energy,True
P05595,Smart Grid Installation,Energy,True
P05596,Electric Maritime Vessel,Maritime,True
P05597,Defense System Export to Poland,Defense,False
P05598,Carbon Capture Installation,Energy,True
P05599,Fertilizer Plant Upgrade,Chemicals,False
P05600,Smart Grid Installation,Energy,True
P05601,Industrial Robotics Export,Technology,False
P05602,Electric Maritime Vessel,Maritime,True
P05603,Defense System Export to Poland,Defense,False
P05604,Green Steel Plant,Metals,True
P05605,Offshore Wind Turbine Delivery,Renewable Energy,True
P05606,Smart Grid Installation,Energy,True
P05607,Carbon Capture Installation,Energy,True
P05608,Industrial Robotics Export,Technology,False
P05609,Offshore Wind Turbine Delivery,Renewable Energy,True
P05610,Smart Grid Installation,Energy,True
P05611,Smart Grid Installation,Energy,True
P05612,Defense System Export to Poland,Defense,False
P05613,Green Steel Plant,Metals,True
P05614,Electric Maritime Vessel,Maritime,True
P05615,Automated Quality Inspection,Certification,False
P05616,Electric Maritime Vessel,Maritime,True
P05617,Green Steel Plant,Metals,True
P05618,Defense System Export to Poland,Defense,False
P05619,Carbon Capture Installation,Energy,True
P05620,Offshore Wind Turbine Delivery,Renewable Energy,True
P05621,Smart Grid Installation,Energy,True
P05622,Offshore Wind Turbine Delivery,Renewable Energy,True
P05623,Electric Maritime Vessel,Maritime,True
P05624,Offshore Wind Turbine Delivery,Renewable Energy,True
P05625,Electric Maritime Vessel,Maritime,True
P05626,Fertilizer Plant Upgrade,Chemicals,False
P05627,Industrial Robotics Export,Technology,False
P05628,Carbon Capture Installation,Energy,True
P05629,Offshore Wind Turbine Delivery,Renewable Energy,True
P05630,Offshore Wind Turbine Delivery,Renewable Energy,True
P05631,Fertilizer Plant Upgrade,Chemicals,False
P05632,Hydro Power Expansion,Energy,True
P05633,Electric Maritime Vessel,Maritime,True
P05634,Automated Quality Inspection,Certification,False
P05635,Green Steel Plant,Metals,True
P05636,Green Steel Plant,Metals,True
P05637,Smart Grid Installation,Energy,True
P05638,Fertilizer Plant Upgrade,Chemicals,False
P05639,Hydro Power Expansion,Energy,True
P05640,Carbon Capture Installation,Energy,True
P05641,Fertilizer Plant Upgrade,Chemicals,False
P05642,Automated Quality Inspection,Certification,False
P05643,Carbon Capture Installation,Energy,True
P05644,Offshore Wind Turbine Delivery,Renewable Energy,True
P05645,Defense System Export to Poland,Defense,False
P05646,Automated Quality Inspection,Certification,False
P05647,Defense System Export to Poland,Defense,False
P05648,Smart Grid Installation,Energy,True
P05649,Electric Maritime Vessel,Maritime,True
P05650,Defense System Export to Poland,Defense,False
P05651,Electric Maritime Vessel,Maritime,True
P05652,Smart Grid Installation,Energy,True
P05653,Fertilizer Plant Upgrade,Chemicals,False
P05654,Defense System Export to Poland,Defense,False
P05655,Smart Grid Installation,Energy,True
P05656,Smart Grid Installation,Energy,True
P05657,Fertilizer Plant Upgrade,Chemicals,False
P05658,Green Steel Plant,Metals,True
P05659,Smart Grid Installation,Energy,True
P05660,Defense System Export to Poland,Defense,False
P05661,Fertilizer Plant Upgrade,Chemicals,False
P05662,Smart Grid Installation,Energy,True
P05663,Offshore Wind Turbine Delivery,Renewable Energy,True
P05664,Carbon Capture Installation,Energy,True
P05665,Offshore Wind Turbine Delivery,Renewable Energy,True
P05666,Industrial Robotics Export,Technology,False
P05667,Industrial Robotics Export,Technology,False
P05668,Electric Maritime Vessel,Maritime,True
P05669,Fertilizer Plant Upgrade,Chemicals,False
P05670,Fertilizer Plant Upgrade,Chemicals,False
P05671,Smart Grid Installation,Energy,True
P05672,Fertilizer Plant Upgrade,Chemicals,False
P05673,Hydro Power Expansion,Energy,True
P05674,Green Steel Plant,Metals,True
P05675,Fertilizer Plant Upgrade,Chemicals,False
P05676,Industrial Robotics Export,Technology,False
P05677,Defense System Export to Poland,Defense,False
P05678,Defense System Export to Poland,Defense,False
P05679,Electric Maritime Vessel,Maritime,True
P05680,Electric Maritime Vessel,Maritime,True
P05681,Defense System Export to Poland,Defense,False
P05682,Hydro Power Expansion,Energy,True
P05683,Smart Grid Installation,Energy,True
P05684,Carbon Capture Installation,Energy,True
P05685,Industrial Robotics Export,Technology,False
P05686,Industrial Robotics Export,Technology,False
P05687,Hydro Power Expansion,Energy,True
P05688,Smart Grid Installation,Energy,True
P05689,Green Steel Plant,Metals,True
P05690,Defense System Export to Poland,Defense,False
P05691,Electric Maritime Vessel,Maritime,True
P05692,Automated Quality Inspection,Certification,False
P05693,Carbon Capture Installation,Energy,True
P05694,Defense System Export to Poland,Defense,False
P05695,Hydro Power Expansion,Energy,True
P05696,Smart Grid Installation,Energy,True
P05697,Defense System Export to Poland,Defense,False
P05698,Offshore Wind Turbine Delivery,Renewable Energy,True
P05699,Industrial Robotics Export,Technology,False
P05700,Automated Quality Inspection,Certification,False
P05701,Green Steel Plant,Metals,True
P05702,Carbon Capture Installation,Energy,True
P05703,Smart Grid Installation,Energy,True
P05704,Green Steel Plant,Metals,True
P05705,Smart Grid Installation,Energy,True
P05706,Hydro Power Expansion,Energy,True
P05707,Smart Grid Installation,Energy,True
P05708,Green Steel Plant,Metals,True
P05709,Automated Quality Inspection,Certification,False
P05710,Industrial Robotics Export,Technology,False
P05711,Green Steel Plant,Metals,True
P05712,Automated Quality Inspection,Certification,False
P05713,Automated Quality Inspection,Certification,False
P05714,Defense System Export to Poland,Defense,False
P05715,Offshore Wind Turbine Delivery,Renewable Energy,True
P05716,Carbon Capture Installation,Energy,True
P05717,Offshore Wind Turbine Delivery,Renewable Energy,True
P05718,Offshore Wind Turbine Delivery,Renewable Energy,True
P05719,Carbon Capture Installation,Energy,True
P05720,Carbon Capture Installation,Energy,True
P05721,Industrial Robotics Export,Technology,False
P05722,Fertilizer Plant Upgrade,Chemicals,False
P05723,Fertilizer Plant Upgrade,Chemicals,False
P05724,Offshore Wind Turbine Delivery,Renewable Energy,True
P05725,Electric Maritime Vessel,Maritime,True
P05726,Automated Quality Inspection,Certification,False
P05727,Offshore Wind Turbine Delivery,Renewable Energy,True
P05728,Automated Quality Inspection,Certification,False
P05729,Smart Grid Installation,Energy,True
P05730,Hydro Power Expansion,Energy,True
P05731,Electric Maritime Vessel,Maritime,True
P05732,Defense System Export to Poland,Defense,False
P05733,Smart Grid Installation,Energy,True
P05734,Automated Quality Inspection,Certification,False
P05735,Smart Grid Installation,Energy,True
P05736,Automated Quality Inspection,Certification,False
P05737,Fertilizer Plant Upgrade,Chemicals,False
P05738,Electric Maritime Vessel,Maritime,True
P05739,Carbon Capture Installation,Energy,True
P05740,Industrial Robotics Export,Technology,False
P05741,Defense System Export to Poland,Defense,False
P05742,Industrial Robotics Export,Technology,False
P05743,Carbon Capture Installation,Energy,True
P05744,Electric Maritime Vessel,Maritime,True
P05745,Offshore Wind Turbine Delivery,Renewable Energy,True
P05746,Automated Quality Inspection,Certification,False
P05747,Carbon Capture Installation,Energy,True
P05748,Electric Maritime Vessel,Maritime,True
P05749,Electric Maritime Vessel,Maritime,True
P05750,Carbon Capture Installation,Energy,True
P05751,Defense System Export to Poland,Defense,False
P05752,Automated Quality Inspection,Certification,False
P05753,Electric Maritime Vessel,Maritime,True
P05754,Green Steel Plant,Metals,True
P05755,Fertilizer Plant Upgrade,Chemicals,False
P05756,Offshore Wind Turbine Delivery,Renewable Energy,True
P05757,Automated Quality Inspection,Certification,False
P05758,Carbon Capture Installation,Energy,True
P05759,Industrial Robotics Export,Technology,False
P05760,Carbon Capture Installation,Energy,True
P05761,Hydro Power Expansion,Energy,True
P05762,Hydro Power Expansion,Energy,True
P05763,Industrial Robotics Export,Technology,False
P05764,Carbon Capture Installation,Energy,True
P05765,Industrial Robotics Export,Technology,False
P05766,Hydro Power Expansion,Energy,True
P05767,Smart Grid Installation,Energy,True
P05768,Hydro Power Expansion,Energy,True
P05769,Carbon Capture Installation,Energy,True
P05770,Smart Grid Installation,Energy,True
P05771,Hydro Power Expansion,Energy,True
P05772,Carbon Capture Installation,Energy,True
P05773,Electric Maritime Vessel,Maritime,True
P05774,Smart Grid Installation,Energy,True
P05775,Carbon Capture Installation,Energy,True
P05776,Defense System Export to Poland,Defense,False
P05777,Automated Quality Inspection,Certification,False
P05778,Smart Grid Installation,Energy,True
P05779,Offshore Wind Turbine Delivery,Renewable Energy,True
P05780,Automated Quality Inspection,Certification,False
P05781,Carbon Capture Installation,Energy,True
P05782,Carbon Capture Installation,Energy,True
P05783,Carbon Capture Installation,Energy,True
P05784,Carbon Capture Installation,Energy,True
P05785,Hydro Power Expansion,Energy,True
P05786,Green Steel Plant,Metals,True
P05787,Carbon Capture Installation,Energy,True
P05788,Electric Maritime Vessel,Maritime,True
P05789,Carbon Capture Installation,Energy,True
P05790,Fertilizer Plant Upgrade,Chemicals,False
P05791,Automated Quality Inspection,Certification,False
P05792,Green Steel Plant,Metals,True
P05793,Fertilizer Plant Upgrade,Chemicals,False
P05794,Fertilizer Plant Upgrade,Chemicals,False
P05795,Carbon Capture Installation,Energy,True
P05796,Industrial Robotics Export,Technology,False
P05797,Automated Quality Inspection,Certification,False
P05798,Defense System Export to Poland,Defense,False
P05799,Electric Maritime Vessel,Maritime,True
P05800,Carbon Capture Installation,Energy,True
P05801,Fertilizer Plant Upgrade,Chemicals,False
P05802,Smart Grid Installation,Energy,True
P05803,Automated Quality Inspection,Certification,False
P05804,Offshore Wind Turbine Delivery,Renewable Energy,True
P05805,Defense System Export to Poland,Defense,False
P05806,Smart Grid Installation,Energy,True
P05807,Hydro Power Expansion,Energy,True
P05808,Offshore Wind Turbine Delivery,Renewable Energy,True
P05809,Electric Maritime Vessel,Maritime,True
P05810,Automated Quality Inspection,Certification,False
P05811,Electric Maritime Vessel,Maritime,True
P05812,Carbon Capture Installation,Energy,True
P05813,Electric Maritime Vessel,Maritime,True
P05814,Automated Quality Inspection,Certification,False
P05815,Green Steel Plant,Metals,True
P05816,Hydro Power Expansion,Energy,True
P05817,Automated Quality Inspection,Certification,False
P05818,Electric Maritime Vessel,Maritime,True
P05819,Industrial Robotics Export,Technology,False
P05820,Defense System Export to Poland,Defense,False
P05821,Industrial Robotics Export,Technology,False
P05822,Smart Grid Installation,Energy,True
P05823,Industrial Robotics Export,Technology,False
P05824,Carbon Capture Installation,Energy,True
P05825,Green Steel Plant,Metals,True
P05826,Industrial Robotics Export,Technology,False
P05827,Fertilizer Plant Upgrade,Chemicals,False
P05828,Carbon Capture Installation,Energy,True
P05829,Automated Quality Inspection,Certification,False
P05830,Offshore Wind Turbine Delivery,Renewable Energy,True
P05831,Hydro Power Expansion,Energy,True
P05832,Fertilizer Plant Upgrade,Chemicals,False
P05833,Hydro Power Expansion,Energy,True
P05834,Smart Grid Installation,Energy,True
P05835,Carbon Capture Installation,Energy,True
P05836,Green Steel Plant,Metals,True
P05837,Offshore Wind Turbine Delivery,Renewable Energy,True
P05838,Carbon Capture Installation,Energy,True
P05839,Industrial Robotics Export,Technology,False
P05840,Automated Quality Inspection,Certification,False
P05841,Defense System Export to Poland,Defense,False
P05842,Fertilizer Plant Upgrade,Chemicals,False
P05843,Automated Quality Inspection,Certification,False
P05844,Carbon Capture Installation,Energy,True
P05845,Hydro Power Expansion,Energy,True
P05846,Green Steel Plant,Metals,True
P05847,Fertilizer Plant Upgrade,Chemicals,False
P05848,Hydro Power Expansion,Energy,True
P05849,Hydro Power Expansion,Energy,True
P05850,Defense System Export to Poland,Defense,False
P05851,Fertilizer Plant Upgrade,Chemicals,False
P05852,Hydro Power Expansion,Energy,True
P05853,Industrial Robotics Export,Technology,False
P05854,Hydro Power Expansion,Energy,True
P05855,Industrial Robotics Export,Technology,False
P05856,Electric Maritime Vessel,Maritime,True
P05857,Electric Maritime Vessel,Maritime,True
P05858,Smart Grid Installation,Energy,True
P05859,Automated Quality Inspection,Certification,False
P05860,Electric Maritime Vessel,Maritime,True
P05861,Industrial Robotics Export,Technology,False
P05862,Smart Grid Installation,Energy,True
P05863,Defense System Export to Poland,Defense,False
P05864,Industrial Robotics Export,Technology,False
P05865,Automated Quality Inspection,Certification,False
P05866,Carbon Capture Installation,Energy,True
P05867,Electric Maritime Vessel,Maritime,True
P05868,Offshore Wind Turbine Delivery,Renewable Energy,True
P05869,Carbon Capture Installation,Energy,True
P05870,Green Steel Plant,Metals,True
P05871,Green Steel Plant,Metals,True
P05872,Carbon Capture Installation,Energy,True
P05873,Defense System Export to Poland,Defense,False
P05874,Electric Maritime Vessel,Maritime,True
P05875,Green Steel Plant,Metals,True
P05876,Defense System Export to Poland,Defense,False
P05877,Carbon Capture Installation,Energy,True
P05878,Electric Maritime Vessel,Maritime,True
P05879,Offshore Wind Turbine Delivery,Renewable Energy,True
P05880,Automated Quality Inspection,Certification,False
P05881,Carbon Capture Installation,Energy,True
P05882,Smart Grid Installation,Energy,True
P05883,Hydro Power Expansion,Energy,True
P05884,Fertilizer Plant Upgrade,Chemicals,False
P05885,Defense System Export to Poland,Defense,False
P05886,Green Steel Plant,Metals,True
P05887,Offshore Wind Turbine Delivery,Renewable Energy,True
P05888,Electric Maritime Vessel,Maritime,True
P05889,Defense System Export to Poland,Defense,False
P05890,Defense System Export to Poland,Defense,False
P05891,Defense System Export to Poland,Defense,False
P05892,Carbon Capture Installation,Energy,True
P05893,Hydro Power Expansion,Energy,True
P05894,Smart Grid Installation,Energy,True
P05895,Electric Maritime Vessel,Maritime,True
P05896,Offshore Wind Turbine Delivery,Renewable Energy,True
P05897,Smart Grid Installation,Energy,True
P05898,Fertilizer Plant Upgrade,Chemicals,False
P05899,Fertilizer Plant Upgrade,Chemicals,False
P05900,Defense System Export to Poland,Defense,False
P05901,Automated Quality Inspection,Certification,False
P05902,Green Steel Plant,Metals,True
P05903,Hydro Power Expansion,Energy,True
P05904,Defense System Export to Poland,Defense,False
P05905,Automated Quality Inspection,Certification,False
P05906,Fertilizer Plant Upgrade,Chemicals,False
P05907,Hydro Power Expansion,Energy,True
P05908,Smart Grid Installation,Energy,True
P05909,Green Steel Plant,Metals,True
P05910,Defense System Export to Poland,Defense,False
P05911,Hydro Power Expansion,Energy,True
P05912,Carbon Capture Installation,Energy,True
P05913,Offshore Wind Turbine Delivery,Renewable Energy,True
P05914,Industrial Robotics Export,Technology,False
P05915,Hydro Power Expansion,Energy,True
P05916,Carbon Capture Installation,Energy,True
P05917,Green Steel Plant,Metals,True
P05918,Green Steel Plant,Metals,True
P05919,Electric Maritime Vessel,Maritime,True
P05920,Offshore Wind Turbine Delivery,Renewable Energy,True
P05921,Electric Maritime Vessel,Maritime,True
P05922,Green Steel Plant,Metals,True
P05923,Smart Grid Installation,Energy,True
P05924,Defense System Export to Poland,Defense,False
P05925,Green Steel Plant,Metals,True
P05926,Green Steel Plant,Metals,True
P05927,Fertilizer Plant Upgrade,Chemicals,False
P05928,Offshore Wind Turbine Delivery,Renewable Energy,True
P05929,Automated Quality Inspection,Certification,False
P05930,Green Steel Plant,Metals,True
P05931,Automated Quality Inspection,Certification,False
P05932,Fertilizer Plant Upgrade,Chemicals,False
P05933,Offshore Wind Turbine Delivery,Renewable Energy,True
P05934,Fertilizer Plant Upgrade,Chemicals,False
P05935,Fertilizer Plant Upgrade,Chemicals,False
P05936,Fertilizer Plant Upgrade,Chemicals,False
P05937,Green Steel Plant,Metals,True
P05938,Carbon Capture Installation,Energy,True
P05939,Defense System Export to Poland,Defense,False
P05940,Defense System Export to Poland,Defense,False
P05941,Automated Quality Inspection,Certification,False
P05942,Industrial Robotics Export,Technology,False
P05943,Carbon Capture Installation,Energy,True
P05944,Green Steel Plant,Metals,True
P05945,Defense System Export to Poland,Defense,False
P05946,Green Steel Plant,Metals,True
P05947,Electric Maritime Vessel,Maritime,True
P05948,Defense System Export to Poland,Defense,False
P05949,Offshore Wind Turbine Delivery,Renewable Energy,True
P05950,Defense System Export to Poland,Defense,False
P05951,Defense System Export to Poland,Defense,False
P05952,Smart Grid Installation,Energy,True
P05953,Offshore Wind Turbine Delivery,Renewable Energy,True
P05954,Industrial Robotics Export,Technology,False
P05955,Defense System Export to Poland,Defense,False
P05956,Offshore Wind Turbine Delivery,Renewable Energy,True
P05957,Offshore Wind Turbine Delivery,Renewable Energy,True
P05958,Automated Quality Inspection,Certification,False
P05959,Offshore Wind Turbine Delivery,Renewable Energy,True
P05960,Defense System Export to Poland,Defense,False
P05961,Offshore Wind Turbine Delivery,Renewable Energy,True
P05962,Carbon Capture Installation,Energy,True
P05963,Smart Grid Installation,Energy,True
P05964,Offshore Wind Turbine Delivery,Renewable Energy,True
P05965,Automated Quality Inspection,Certification,False
P05966,Fertilizer Plant Upgrade,Chemicals,False
P05967,Smart Grid Installation,Energy,True
P05968,Smart Grid Installation,Energy,True
P05969,Automated Quality Inspection,Certification,False
P05970,Hydro Power Expansion,Energy,True
P05971,Green Steel Plant,Metals,True
P05972,Carbon Capture Installation,Energy,True
P05973,Green Steel Plant,Metals,True
P05974,Hydro Power Expansion,Energy,True
P05975,Green Steel Plant,Metals,True
P05976,Carbon Capture Installation,Energy,True
P05977,Hydro Power Expansion,Energy,True
P05978,Electric Maritime Vessel,Maritime,True
P05979,Smart Grid Installation,Energy,True
P05980,Electric Maritime Vessel,Maritime,True
P05981,Automated Quality Inspection,Certification,False
P05982,Hydro Power Expansion,Energy,True
P05983,Defense System Export to Poland,Defense,False
P05984,Defense System Export to Poland,Defense,False
P05985,Electric Maritime Vessel,Maritime,True
P05986,Offshore Wind Turbine Delivery,Renewable Energy,True
P05987,Hydro Power Expansion,Energy,True
P05988,Smart Grid Installation,Energy,True
P05989,Industrial Robotics Export,Technology,False
P05990,Offshore Wind Turbine Delivery,Renewable Energy,True
P05991,Industrial Robotics Export,Technology,False
P05992,Carbon Capture Installation,Energy,True
P05993,Electric Maritime Vessel,Maritime,True
P05994,Electric Maritime Vessel,Maritime,True
P05995,Smart Grid Installation,Energy,True
P05996,Automated Quality Inspection,Certification,False
P05997,Defense System Export to Poland,Defense,False
P05998,Offshore Wind Turbine Delivery,Renewable Energy,True
P05999,Fertilizer Plant Upgrade,Chemicals,False
P06000,Electric Maritime Vessel,Maritime,True
P06001,Carbon Capture Installation,Energy,True
P06002,Smart Grid Installation,Energy,True
P06003,Automated Quality Inspection,Certification,False
P06004,Green Steel Plant,Metals,True
P06005,Fertilizer Plant Upgrade,Chemicals,False
P06006,Smart Grid Installation,Energy,True
P06007,Fertilizer Plant Upgrade,Chemicals,False
P06008,Industrial Robotics Export,Technology,False
P06009,Automated Quality Inspection,Certification,False
P06010,Offshore Wind Turbine Delivery,Renewable Energy,True
P06011,Green Steel Plant,Metals,True
P06012,Automated Quality Inspection,Certification,False
P06013,Industrial Robotics Export,Technology,False
P06014,Defense System Export to Poland,Defense,False
P06015,Hydro Power Expansion,Energy,True
P06016,Automated Quality Inspection,Certification,False
P06017,Defense System Export to Poland,Defense,False
P06018,Industrial Robotics Export,Technology,False
P06019,Automated Quality Inspection,Certification,False
P06020,Smart Grid Installation,Energy,True
P06021,Electric Maritime Vessel,Maritime,True
P06022,Offshore Wind Turbine Delivery,Renewable Energy,True
P06023,Offshore Wind Turbine Delivery,Renewable Energy,True
P06024,Industrial Robotics Export,Technology,False
P06025,Offshore Wind Turbine Delivery,Renewable Energy,True
P06026,Carbon Capture Installation,Energy,True
P06027,Hydro Power Expansion,Energy,True
P06028,Electric Maritime Vessel,Maritime,True
P06029,Smart Grid Installation,Energy,True
P06030,Fertilizer Plant Upgrade,Chemicals,False
P06031,Electric Maritime Vessel,Maritime,True
P06032,Green Steel Plant,Metals,True
P06033,Hydro Power Expansion,Energy,True
P06034,Offshore Wind Turbine Delivery,Renewable Energy,True
P06035,Defense System Export to Poland,Defense,False
P06036,Electric Maritime Vessel,Maritime,True
P06037,Fertilizer Plant Upgrade,Chemicals,False
P06038,Smart Grid Installation,Energy,True
P06039,Smart Grid Installation,Energy,True
P06040,Carbon Capture Installation,Energy,True
P06041,Electric Maritime Vessel,Maritime,True
P06042,Carbon Capture Installation,Energy,True
P06043,Defense System Export to Poland,Defense,False
P06044,Carbon Capture Installation,Energy,True
P06045,Automated Quality Inspection,Certification,False
P06046,Hydro Power Expansion,Energy,True
P06047,Carbon Capture Installation,Energy,True
P06048,Hydro Power Expansion,Energy,True
P06049,Green Steel Plant,Metals,True
P06050,Offshore Wind Turbine Delivery,Renewable Energy,True
P06051,Offshore Wind Turbine Delivery,Renewable Energy,True
P06052,Automated Quality Inspection,Certification,False
P06053,Offshore Wind Turbine Delivery,Renewable Energy,True
P06054,Automated Quality Inspection,Certification,False
P06055,Electric Maritime Vessel,Maritime,True
P06056,Hydro Power Expansion,Energy,True
P06057,Electric Maritime Vessel,Maritime,True
P06058,Electric Maritime Vessel,Maritime,True
P06059,Offshore Wind Turbine Delivery,Renewable Energy,True
P06060,Green Steel Plant,Metals,True
P06061,Automated Quality Inspection,Certification,False
P06062,Carbon Capture Installation,Energy,True
P06063,Green Steel Plant,Metals,True
P06064,Smart Grid Installation,Energy,True
P06065,Fertilizer Plant Upgrade,Chemicals,False
P06066,Hydro Power Expansion,Energy,True
P06067,Carbon Capture Installation,Energy,True
P06068,Smart Grid Installation,Energy,True
P06069,Green Steel Plant,Metals,True
P06070,Industrial Robotics Export,Technology,False
P06071,Smart Grid Installation,Energy,True
P06072,Green Steel Plant,Metals,True
P06073,Automated Quality Inspection,Certification,False
P06074,Defense System Export to Poland,Defense,False
P06075,Electric Maritime Vessel,Maritime,True
P06076,Fertilizer Plant Upgrade,Chemicals,False
P06077,Hydro Power Expansion,Energy,True
P06078,Defense System Export to Poland,Defense,False
P06079,Carbon Capture Installation,Energy,True
P06080,Industrial Robotics Export,Technology,False
P06081,Defense System Export to Poland,Defense,False
P06082,Smart Grid Installation,Energy,True
P06083,Industrial Robotics Export,Technology,False
P06084,Green Steel Plant,Metals,True
P06085,Green Steel Plant,Metals,True
P06086,Automated Quality Inspection,Certification,False
P06087,Defense System Export to Poland,Defense,False
P06088,Automated Quality Inspection,Certification,False
P06089,Fertilizer Plant Upgrade,Chemicals,False
P06090,Green Steel Plant,Metals,True
P06091,Automated Quality Inspection,Certification,False
P06092,Offshore Wind Turbine Delivery,Renewable Energy,True
P06093,Smart Grid Installation,Energy,True
P06094,Automated Quality Inspection,Certification,False
P06095,Defense System Export to Poland,Defense,False
P06096,Carbon Capture Installation,Energy,True
P06097,Carbon Capture Installation,Energy,True
P06098,Industrial Robotics Export,Technology,False
P06099,Carbon Capture Installation,Energy,True
P06100,Hydro Power Expansion,Energy,True
P06101,Smart Grid Installation,Energy,True
P06102,Hydro Power Expansion,Energy,True
P06103,Automated Quality Inspection,Certification,False
P06104,Hydro Power Expansion,Energy,True
P06105,Defense System Export to Poland,Defense,False
P06106,Industrial Robotics Export,Technology,False
P06107,Green Steel Plant,Metals,True
P06108,Automated Quality Inspection,Certification,False
P06109,Hydro Power Expansion,Energy,True
P06110,Carbon Capture Installation,Energy,True
P06111,Offshore Wind Turbine Delivery,Renewable Energy,True
P06112,Green Steel Plant,Metals,True
P06113,Carbon Capture Installation,Energy,True
P06114,Defense System Export to Poland,Defense,False
P06115,Green Steel Plant,Metals,True
P06116,Carbon Capture Installation,Energy,True
P06117,Electric Maritime Vessel,Maritime,True
P06118,Offshore Wind Turbine Delivery,Renewable Energy,True
P06119,Fertilizer Plant Upgrade,Chemicals,False
P06120,Carbon Capture Installation,Energy,True
P06121,Electric Maritime Vessel,Maritime,True
P06122,Green Steel Plant,Metals,True
P06123,Electric Maritime Vessel,Maritime,True
P06124,Defense System Export to Poland,Defense,False
P06125,Industrial Robotics Export,Technology,False
P06126,Automated Quality Inspection,Certification,False
P06127,Defense System Export to Poland,Defense,False
P06128,Fertilizer Plant Upgrade,Chemicals,False
P06129,Green Steel Plant,Metals,True
P06130,Electric Maritime Vessel,Maritime,True
P06131,Smart Grid Installation,Energy,True
P06132,Automated Quality Inspection,Certification,False
P06133,Offshore Wind Turbine Delivery,Renewable Energy,True
P06134,Fertilizer Plant Upgrade,Chemicals,False
P06135,Fertilizer Plant Upgrade,Chemicals,False
P06136,Industrial Robotics Export,Technology,False
P06137,Green Steel Plant,Metals,True
P06138,Offshore Wind Turbine Delivery,Renewable Energy,True
P06139,Smart Grid Installation,Energy,True
P06140,Green Steel Plant,Metals,True
P06141,Electric Maritime Vessel,Maritime,True
P06142,Hydro Power Expansion,Energy,True
P06143,Automated Quality Inspection,Certification,False
P06144,Hydro Power Expansion,Energy,True
P06145,Electric Maritime Vessel,Maritime,True
P06146,Fertilizer Plant Upgrade,Chemicals,False
P06147,Automated Quality Inspection,Certification,False
P06148,Electric Maritime Vessel,Maritime,True
P06149,Fertilizer Plant Upgrade,Chemicals,False
P06150,Offshore Wind Turbine Delivery,Renewable Energy,True
P06151,Green Steel Plant,Metals,True
P06152,Fertilizer Plant Upgrade,Chemicals,False
P06153,Green Steel Plant,Metals,True
P06154,Industrial Robotics Export,Technology,False
P06155,Smart Grid Installation,Energy,True
P06156,Electric Maritime Vessel,Maritime,True
P06157,Electric Maritime Vessel,Maritime,True
P06158,Green Steel Plant,Metals,True
P06159,Carbon Capture Installation,Energy,True
P06160,Hydro Power Expansion,Energy,True
P06161,Electric Maritime Vessel,Maritime,True
P06162,Electric Maritime Vessel,Maritime,True
P06163,Electric Maritime Vessel,Maritime,True
P06164,Automated Quality Inspection,Certification,False
P06165,Green Steel Plant,Metals,True
P06166,Hydro Power Expansion,Energy,True
P06167,Green Steel Plant,Metals,True
P06168,Electric Maritime Vessel,Maritime,True
P06169,Defense System Export to Poland,Defense,False
P06170,Carbon Capture Installation,Energy,True
P06171,Industrial Robotics Export,Technology,False
P06172,Hydro Power Expansion,Energy,True
P06173,Green Steel Plant,Metals,True
P06174,Green Steel Plant,Metals,True
P06175,Carbon Capture Installation,Energy,True
P06176,Automated Quality Inspection,Certification,False
P06177,Automated Quality Inspection,Certification,False
P06178,Offshore Wind Turbine Delivery,Renewable Energy,True
P06179,Automated Quality Inspection,Certification,False
P06180,Carbon Capture Installation,Energy,True
P06181,Offshore Wind Turbine Delivery,Renewable Energy,True
P06182,Offshore Wind Turbine Delivery,Renewable Energy,True
P06183,Electric Maritime Vessel,Maritime,True
P06184,Offshore Wind Turbine Delivery,Renewable Energy,True
P06185,Carbon Capture Installation,Energy,True
P06186,Offshore Wind Turbine Delivery,Renewable Energy,True
P06187,Defense System Export to Poland,Defense,False
P06188,Defense System Export to Poland,Defense,False
P06189,Carbon Capture Installation,Energy,True
P06190,Electric Maritime Vessel,Maritime,True
P06191,Offshore Wind Turbine Delivery,Renewable Energy,True
P06192,Carbon Capture Installation,Energy,True
P06193,Electric Maritime Vessel,Maritime,True
P06194,Smart Grid Installation,Energy,True
P06195,Offshore Wind Turbine Delivery,Renewable Energy,True
P06196,Offshore Wind Turbine Delivery,Renewable Energy,True
P06197,Offshore Wind Turbine Delivery,Renewable Energy,True
P06198,Smart Grid Installation,Energy,True
P06199,Smart Grid Installation,Energy,True
P06200,Automated Quality Inspection,Certification,False
P06201,Defense System Export to Poland,Defense,False
P06202,Automated Quality Inspection,Certification,False
P06203,Carbon Capture Installation,Energy,True
P06204,Automated Quality Inspection,Certification,False
P06205,Electric Maritime Vessel,Maritime,True
P06206,Fertilizer Plant Upgrade,Chemicals,False
P06207,Automated Quality Inspection,Certification,False
P06208,Green Steel Plant,Metals,True
P06209,Defense System Export to Poland,Defense,False
P06210,Smart Grid Installation,Energy,True
P06211,Smart Grid Installation,Energy,True
P06212,Electric Maritime Vessel,Maritime,True
P06213,Offshore Wind Turbine Delivery,Renewable Energy,True
P06214,Fertilizer Plant Upgrade,Chemicals,False
P06215,Green Steel Plant,Metals,True
P06216,Hydro Power Expansion,Energy,True
P06217,Green Steel Plant,Metals,True
P06218,Industrial Robotics Export,Technology,False
P06219,Offshore Wind Turbine Delivery,Renewable Energy,True
P06220,Electric Maritime Vessel,Maritime,True
P06221,Fertilizer Plant Upgrade,Chemicals,False
P06222,Automated Quality Inspection,Certification,False
P06223,Defense System Export to Poland,Defense,False
P06224,Green Steel Plant,Metals,True
P06225,Defense System Export to Poland,Defense,False
P06226,Smart Grid Installation,Energy,True
P06227,Industrial Robotics Export,Technology,False
P06228,Automated Quality Inspection,Certification,False
P06229,Smart Grid Installation,Energy,True
P06230,Defense System Export to Poland,Defense,False
P06231,Industrial Robotics Export,Technology,False
P06232,Hydro Power Expansion,Energy,True
P06233,Automated Quality Inspection,Certification,False
P06234,Fertilizer Plant Upgrade,Chemicals,False
P06235,Carbon Capture Installation,Energy,True
P06236,Carbon Capture Installation,Energy,True
P06237,Fertilizer Plant Upgrade,Chemicals,False
P06238,Fertilizer Plant Upgrade,Chemicals,False
P06239,Fertilizer Plant Upgrade,Chemicals,False
P06240,Green Steel Plant,Metals,True
P06241,Carbon Capture Installation,Energy,True
P06242,Industrial Robotics Export,Technology,False
P06243,Hydro Power Expansion,Energy,True
P06244,Smart Grid Installation,Energy,True
P06245,Automated Quality Inspection,Certification,False
P06246,Smart Grid Installation,Energy,True
P06247,Fertilizer Plant Upgrade,Chemicals,False
P06248,Smart Grid Installation,Energy,True
P06249,Defense System Export to Poland,Defense,False
P06250,Electric Maritime Vessel,Maritime,True
P06251,Offshore Wind Turbine Delivery,Renewable Energy,True
P06252,Green Steel Plant,Metals,True
P06253,Industrial Robotics Export,Technology,False
P06254,Defense System Export to Poland,Defense,False
P06255,Industrial Robotics Export,Technology,False
P06256,Defense System Export to Poland,Defense,False
P06257,Hydro Power Expansion,Energy,True
P06258,Offshore Wind Turbine Delivery,Renewable Energy,True
P06259,Offshore Wind Turbine Delivery,Renewable Energy,True
P06260,Electric Maritime Vessel,Maritime,True
P06261,Industrial Robotics Export,Technology,False
P06262,Carbon Capture Installation,Energy,True
P06263,Carbon Capture Installation,Energy,True
P06264,Green Steel Plant,Metals,True
P06265,Carbon Capture Installation,Energy,True
P06266,Smart Grid Installation,Energy,True
P06267,Green Steel Plant,Metals,True
P06268,Green Steel Plant,Metals,True
P06269,Smart Grid Installation,Energy,True
P06270,Carbon Capture Installation,Energy,True
P06271,Electric Maritime Vessel,Maritime,True
P06272,Green Steel Plant,Metals,True
P06273,Fertilizer Plant Upgrade,Chemicals,False
P06274,Fertilizer Plant Upgrade,Chemicals,False
P06275,Industrial Robotics Export,Technology,False
P06276,Offshore Wind Turbine Delivery,Renewable Energy,True
P06277,Industrial Robotics Export,Technology,False
P06278,Fertilizer Plant Upgrade,Chemicals,False
P06279,Carbon Capture Installation,Energy,True
P06280,Carbon Capture Installation,Energy,True
P06281,Industrial Robotics Export,Technology,False
P06282,Defense System Export to Poland,Defense,False
P06283,Carbon Capture Installation,Energy,True
P06284,Fertilizer Plant Upgrade,Chemicals,False
P06285,Smart Grid Installation,Energy,True
P06286,Hydro Power Expansion,Energy,True
P06287,Carbon Capture Installation,Energy,True
P06288,Hydro Power Expansion,Energy,True
P06289,Electric Maritime Vessel,Maritime,True
P06290,Hydro Power Expansion,Energy,True
P06291,Defense System Export to Poland,Defense,False
P06292,Automated Quality Inspection,Certification,False
P06293,Green Steel Plant,Metals,True
P06294,Automated Quality Inspection,Certification,False
P06295,Electric Maritime Vessel,Maritime,True
P06296,Fertilizer Plant Upgrade,Chemicals,False
P06297,Hydro Power Expansion,Energy,True
P06298,Hydro Power Expansion,Energy,True
P06299,Defense System Export to Poland,Defense,False
P06300,Automated Quality Inspection,Certification,False
P06301,Carbon Capture Installation,Energy,True
P06302,Industrial Robotics Export,Technology,False
P06303,Automated Quality Inspection,Certification,False
P06304,Offshore Wind Turbine Delivery,Renewable Energy,True
P06305,Defense System Export to Poland,Defense,False
P06306,Smart Grid Installation,Energy,True
P06307,Industrial Robotics Export,Technology,False
P06308,Automated Quality Inspection,Certification,False
P06309,Defense System Export to Poland,Defense,False
P06310,Defense System Export to Poland,Defense,False
P06311,Green Steel Plant,Metals,True
P06312,Fertilizer Plant Upgrade,Chemicals,False
P06313,Hydro Power Expansion,Energy,True
P06314,Hydro Power Expansion,Energy,True
P06315,Electric Maritime Vessel,Maritime,True
P06316,Offshore Wind Turbine Delivery,Renewable Energy,True
P06317,Green Steel Plant,Metals,True
P06318,Industrial Robotics Export,Technology,False
P06319,Automated Quality Inspection,Certification,False
P06320,Hydro Power Expansion,Energy,True
P06321,Green Steel Plant,Metals,True
P06322,Hydro Power Expansion,Energy,True
P06323,Defense System Export to Poland,Defense,False
P06324,Hydro Power Expansion,Energy,True
P06325,Offshore Wind Turbine Delivery,Renewable Energy,True
P06326,Carbon Capture Installation,Energy,True
P06327,Smart Grid Installation,Energy,True
P06328,Industrial Robotics Export,Technology,False
P06329,Smart Grid Installation,Energy,True
P06330,Defense System Export to Poland,Defense,False
P06331,Smart Grid Installation,Energy,True
P06332,Fertilizer Plant Upgrade,Chemicals,False
P06333,Hydro Power Expansion,Energy,True
P06334,Fertilizer Plant Upgrade,Chemicals,False
P06335,Electric Maritime Vessel,Maritime,True
P06336,Offshore Wind Turbine Delivery,Renewable Energy,True
P06337,Defense System Export to Poland,Defense,False
P06338,Hydro Power Expansion,Energy,True
P06339,Industrial Robotics Export,Technology,False
P06340,Automated Quality Inspection,Certification,False
P06341,Green Steel Plant,Metals,True
P06342,Green Steel Plant,Metals,True
P06343,Defense System Export to Poland,Defense,False
P06344,Smart Grid Installation,Energy,True
P06345,Industrial Robotics Export,Technology,False
P06346,Fertilizer Plant Upgrade,Chemicals,False
P06347,Automated Quality Inspection,Certification,False
P06348,Carbon Capture Installation,Energy,True
P06349,Offshore Wind Turbine Delivery,Renewable Energy,True
P06350,Defense System Export to Poland,Defense,False
P06351,Automated Quality Inspection,Certification,False
P06352,Fertilizer Plant Upgrade,Chemicals,False
P06353,Green Steel Plant,Metals,True
P06354,Smart Grid Installation,Energy,True
P06355,Smart Grid Installation,Energy,True
P06356,Offshore Wind Turbine Delivery,Renewable Energy,True
P06357,Carbon Capture Installation,Energy,True
P06358,Green Steel Plant,Metals,True
P06359,Defense System Export to Poland,Defense,False
P06360,Automated Quality Inspection,Certification,False
P06361,Carbon Capture Installation,Energy,True
P06362,Defense System Export to Poland,Defense,False
P06363,Green Steel Plant,Metals,True
P06364,Fertilizer Plant Upgrade,Chemicals,False
P06365,Industrial Robotics Export,Technology,False
P06366,Green Steel Plant,Metals,True
P06367,Offshore Wind Turbine Delivery,Renewable Energy,True
P06368,Carbon Capture Installation,Energy,True
P06369,Fertilizer Plant Upgrade,Chemicals,False
P06370,Electric Maritime Vessel,Maritime,True
P06371,Defense System Export to Poland,Defense,False
P06372,Defense System Export to Poland,Defense,False
P06373,Defense System Export to Poland,Defense,False
P06374,Electric Maritime Vessel,Maritime,True
P06375,Green Steel Plant,Metals,True
P06376,Fertilizer Plant Upgrade,Chemicals,False
P06377,Automated Quality Inspection,Certification,False
P06378,Green Steel Plant,Metals,True
P06379,Fertilizer Plant Upgrade,Chemicals,False
P06380,Green Steel Plant,Metals,True
P06381,Defense System Export to Poland,Defense,False
P06382,Electric Maritime Vessel,Maritime,True
P06383,Smart Grid Installation,Energy,True
P06384,Fertilizer Plant Upgrade,Chemicals,False
P06385,Industrial Robotics Export,Technology,False
P06386,Defense System Export to Poland,Defense,False
P06387,Offshore Wind Turbine Delivery,Renewable Energy,True
P06388,Carbon Capture Installation,Energy,True
P06389,Fertilizer Plant Upgrade,Chemicals,False
P06390,Offshore Wind Turbine Delivery,Renewable Energy,True
P06391,Electric Maritime Vessel,Maritime,True
P06392,Industrial Robotics Export,Technology,False
P06393,Electric Maritime Vessel,Maritime,True
P06394,Defense System Export to Poland,Defense,False
P06395,Automated Quality Inspection,Certification,False
P06396,Carbon Capture Installation,Energy,True
P06397,Electric Maritime Vessel,Maritime,True
P06398,Automated Quality Inspection,Certification,False
P06399,Automated Quality Inspection,Certification,False
P06400,Electric Maritime Vessel,Maritime,True
P06401,Fertilizer Plant Upgrade,Chemicals,False
P06402,Carbon Capture Installation,Energy,True
P06403,Automated Quality Inspection,Certification,False
P06404,Defense System Export to Poland,Defense,False
P06405,Green Steel Plant,Metals,True
P06406,Hydro Power Expansion,Energy,True
P06407,Automated Quality Inspection,Certification,False
P06408,Offshore Wind Turbine Delivery,Renewable Energy,True
P06409,Offshore Wind Turbine Delivery,Renewable Energy,True
P06410,Industrial Robotics Export,Technology,False
P06411,Hydro Power Expansion,Energy,True
P06412,Fertilizer Plant Upgrade,Chemicals,False
P06413,Electric Maritime Vessel,Maritime,True
P06414,Industrial Robotics Export,Technology,False
P06415,Automated Quality Inspection,Certification,False
P06416,Automated Quality Inspection,Certification,False
P06417,Industrial Robotics Export,Technology,False
P06418,Electric Maritime Vessel,Maritime,True
P06419,Green Steel Plant,Metals,True
P06420,Carbon Capture Installation,Energy,True
P06421,Electric Maritime Vessel,Maritime,True
P06422,Offshore Wind Turbine Delivery,Renewable Energy,True
P06423,Carbon Capture Installation,Energy,True
P06424,Green Steel Plant,Metals,True
P06425,Fertilizer Plant Upgrade,Chemicals,False
P06426,Hydro Power Expansion,Energy,True
P06427,Fertilizer Plant Upgrade,Chemicals,False
P06428,Defense System Export to Poland,Defense,False
P06429,Industrial Robotics Export,Technology,False
P06430,Carbon Capture Installation,Energy,True
P06431,Electric Maritime Vessel,Maritime,True
P06432,Green Steel Plant,Metals,True
P06433,Fertilizer Plant Upgrade,Chemicals,False
P06434,Industrial Robotics Export,Technology,False
P06435,Carbon Capture Installation,Energy,True
P06436,Smart Grid Installation,Energy,True
P06437,Industrial Robotics Export,Technology,False
P06438,Green Steel Plant,Metals,True
P06439,Green Steel Plant,Metals,True
P06440,Industrial Robotics Export,Technology,False
P06441,Fertilizer Plant Upgrade,Chemicals,False
P06442,Carbon Capture Installation,Energy,True
P06443,Industrial Robotics Export,Technology,False
P06444,Automated Quality Inspection,Certification,False
P06445,Defense System Export to Poland,Defense,False
P06446,Industrial Robotics Export,Technology,False
P06447,Offshore Wind Turbine Delivery,Renewable Energy,True
P06448,Defense System Export to Poland,Defense,False
P06449,Electric Maritime Vessel,Maritime,True
P06450,Offshore Wind Turbine Delivery,Renewable Energy,True
P06451,Hydro Power Expansion,Energy,True
P06452,Green Steel Plant,Metals,True
P06453,Defense System Export to Poland,Defense,False
P06454,Electric Maritime Vessel,Maritime,True
P06455,Electric Maritime Vessel,Maritime,True
P06456,Green Steel Plant,Metals,True
P06457,Industrial Robotics Export,Technology,False
P06458,Smart Grid Installation,Energy,True
P06459,Defense System Export to Poland,Defense,False
P06460,Carbon Capture Installation,Energy,True
P06461,Offshore Wind Turbine Delivery,Renewable Energy,True
P06462,Industrial Robotics Export,Technology,False
P06463,Green Steel Plant,Metals,True
P06464,Green Steel Plant,Metals,True
P06465,Hydro Power Expansion,Energy,True
P06466,Smart Grid Installation,Energy,True
P06467,Hydro Power Expansion,Energy,True
P06468,Smart Grid Installation,Energy,True
P06469,Defense System Export to Poland,Defense,False
P06470,Fertilizer Plant Upgrade,Chemicals,False
P06471,Fertilizer Plant Upgrade,Chemicals,False
P06472,Industrial Robotics Export,Technology,False
P06473,Electric Maritime Vessel,Maritime,True
P06474,Green Steel Plant,Metals,True
P06475,Smart Grid Installation,Energy,True
P06476,Green Steel Plant,Metals,True
P06477,Hydro Power Expansion,Energy,True
P06478,Green Steel Plant,Metals,True
P06479,Automated Quality Inspection,Certification,False
P06480,Automated Quality Inspection,Certification,False
P06481,Electric Maritime Vessel,Maritime,True
P06482,Industrial Robotics Export,Technology,False
P06483,Electric Maritime Vessel,Maritime,True
P06484,Automated Quality Inspection,Certification,False
P06485,Hydro Power Expansion,Energy,True
P06486,Fertilizer Plant Upgrade,Chemicals,False
P06487,Automated Quality Inspection,Certification,False
P06488,Electric Maritime Vessel,Maritime,True
P06489,Defense System Export to Poland,Defense,False
P06490,Fertilizer Plant Upgrade,Chemicals,False
P06491,Green Steel Plant,Metals,True
P06492,Green Steel Plant,Metals,True
P06493,Offshore Wind Turbine Delivery,Renewable Energy,True
P06494,Offshore Wind Turbine Delivery,Renewable Energy,True
P06495,Green Steel Plant,Metals,True
P06496,Defense System Export to Poland,Defense,False
P06497,Offshore Wind Turbine Delivery,Renewable Energy,True
P06498,Hydro Power Expansion,Energy,True
P06499,Green Steel Plant,Metals,True
P06500,Electric Maritime Vessel,Maritime,True
P06501,Carbon Capture Installation,Energy,True
P06502,Carbon Capture Installation,Energy,True
P06503,Green Steel Plant,Metals,True
P06504,Hydro Power Expansion,Energy,True
P06505,Offshore Wind Turbine Delivery,Renewable Energy,True
P06506,Electric Maritime Vessel,Maritime,True
P06507,Offshore Wind Turbine Delivery,Renewable Energy,True
P06508,Green Steel Plant,Metals,True
P06509,Hydro Power Expansion,Energy,True
P06510,Automated Quality Inspection,Certification,False
P06511,Fertilizer Plant Upgrade,Chemicals,False
P06512,Carbon Capture Installation,Energy,True
P06513,Offshore Wind Turbine Delivery,Renewable Energy,True
P06514,Defense System Export to Poland,Defense,False
P06515,Defense System Export to Poland,Defense,False
P06516,Fertilizer Plant Upgrade,Chemicals,False
P06517,Industrial Robotics Export,Technology,False
P06518,Fertilizer Plant Upgrade,Chemicals,False
P06519,Defense System Export to Poland,Defense,False
P06520,Smart Grid Installation,Energy,True
P06521,Industrial Robotics Export,Technology,False
P06522,Smart Grid Installation,Energy,True
P06523,Industrial Robotics Export,Technology,False
P06524,Hydro Power Expansion,Energy,True
P06525,Green Steel Plant,Metals,True
P06526,Carbon Capture Installation,Energy,True
P06527,Offshore Wind Turbine Delivery,Renewable Energy,True
P06528,Carbon Capture Installation,Energy,True
P06529,Green Steel Plant,Metals,True
P06530,Fertilizer Plant Upgrade,Chemicals,False
P06531,Carbon Capture Installation,Energy,True
P06532,Offshore Wind Turbine Delivery,Renewable Energy,True
P06533,Offshore Wind Turbine Delivery,Renewable Energy,True
P06534,Offshore Wind Turbine Delivery,Renewable Energy,True
P06535,Green Steel Plant,Metals,True
P06536,Offshore Wind Turbine Delivery,Renewable Energy,True
P06537,Automated Quality Inspection,Certification,False
P06538,Green Steel Plant,Metals,True
P06539,Offshore Wind Turbine Delivery,Renewable Energy,True
P06540,Fertilizer Plant Upgrade,Chemicals,False
P06541,Defense System Export to Poland,Defense,False
P06542,Defense System Export to Poland,Defense,False
P06543,Smart Grid Installation,Energy,True
P06544,Automated Quality Inspection,Certification,False
P06545,Fertilizer Plant Upgrade,Chemicals,False
P06546,Carbon Capture Installation,Energy,True
P06547,Hydro Power Expansion,Energy,True
P06548,Fertilizer Plant Upgrade,Chemicals,False
P06549,Smart Grid Installation,Energy,True
P06550,Offshore Wind Turbine Delivery,Renewable Energy,True
P06551,Hydro Power Expansion,Energy,True
P06552,Carbon Capture Installation,Energy,True
P06553,Smart Grid Installation,Energy,True
P06554,Smart Grid Installation,Energy,True
P06555,Carbon Capture Installation,Energy,True
P06556,Green Steel Plant,Metals,True
P06557,Electric Maritime Vessel,Maritime,True
P06558,Fertilizer Plant Upgrade,Chemicals,False
P06559,Carbon Capture Installation,Energy,True
P06560,Offshore Wind Turbine Delivery,Renewable Energy,True
P06561,Industrial Robotics Export,Technology,False
P06562,Green Steel Plant,Metals,True
P06563,Industrial Robotics Export,Technology,False
P06564,Electric Maritime Vessel,Maritime,True
P06565,Defense System Export to Poland,Defense,False
P06566,Hydro Power Expansion,Energy,True
P06567,Automated Quality Inspection,Certification,False
P06568,Hydro Power Expansion,Energy,True
P06569,Carbon Capture Installation,Energy,True
P06570,Industrial Robotics Export,Technology,False
P06571,Industrial Robotics Export,Technology,False
P06572,Carbon Capture Installation,Energy,True
P06573,Smart Grid Installation,Energy,True
P06574,Electric Maritime Vessel,Maritime,True
P06575,Carbon Capture Installation,Energy,True
P06576,Smart Grid Installation,Energy,True
P06577,Automated Quality Inspection,Certification,False
P06578,Smart Grid Installation,Energy,True
P06579,Offshore Wind Turbine Delivery,Renewable Energy,True
P06580,Hydro Power Expansion,Energy,True
P06581,Offshore Wind Turbine Delivery,Renewable Energy,True
P06582,Hydro Power Expansion,Energy,True
P06583,Green Steel Plant,Metals,True
P06584,Green Steel Plant,Metals,True
P06585,Fertilizer Plant Upgrade,Chemicals,False
P06586,Fertilizer Plant Upgrade,Chemicals,False
P06587,Carbon Capture Installation,Energy,True
P06588,Smart Grid Installation,Energy,True
P06589,Industrial Robotics Export,Technology,False
P06590,Industrial Robotics Export,Technology,False
P06591,Industrial Robotics Export,Technology,False
P06592,Automated Quality Inspection,Certification,False
P06593,Automated Quality Inspection,Certification,False
P06594,Fertilizer Plant Upgrade,Chemicals,False
P06595,Green Steel Plant,Metals,True
P06596,Smart Grid Installation,Energy,True
P06597,Automated Quality Inspection,Certification,False
P06598,Industrial Robotics Export,Technology,False
P06599,Fertilizer Plant Upgrade,Chemicals,False
P06600,Automated Quality Inspection,Certification,False
P06601,Offshore Wind Turbine Delivery,Renewable Energy,True
P06602,Carbon Capture Installation,Energy,True
P06603,Hydro Power Expansion,Energy,True
P06604,Fertilizer Plant Upgrade,Chemicals,False
P06605,Industrial Robotics Export,Technology,False
P06606,Hydro Power Expansion,Energy,True
P06607,Hydro Power Expansion,Energy,True
P06608,Automated Quality Inspection,Certification,False
P06609,Electric Maritime Vessel,Maritime,True
P06610,Green Steel Plant,Metals,True
P06611,Offshore Wind Turbine Delivery,Renewable Energy,True
P06612,Electric Maritime Vessel,Maritime,True
P06613,Hydro Power Expansion,Energy,True
P06614,Green Steel Plant,Metals,True
P06615,Hydro Power Expansion,Energy,True
P06616,Offshore Wind Turbine Delivery,Renewable Energy,True
P06617,Carbon Capture Installation,Energy,True
P06618,Electric Maritime Vessel,Maritime,True
P06619,Defense System Export to Poland,Defense,False
P06620,Hydro Power Expansion,Energy,True
P06621,Carbon Capture Installation,Energy,True
P06622,Defense System Export to Poland,Defense,False
P06623,Automated Quality Inspection,Certification,False
P06624,Carbon Capture Installation,Energy,True
P06625,Hydro Power Expansion,Energy,True
P06626,Smart Grid Installation,Energy,True
P06627,Electric Maritime Vessel,Maritime,True
P06628,Industrial Robotics Export,Technology,False
P06629,Fertilizer Plant Upgrade,Chemicals,False
P06630,Smart Grid Installation,Energy,True
P06631,Offshore Wind Turbine Delivery,Renewable Energy,True
P06632,Automated Quality Inspection,Certification,False
P06633,Offshore Wind Turbine Delivery,Renewable Energy,True
P06634,Smart Grid Installation,Energy,True
P06635,Offshore Wind Turbine Delivery,Renewable Energy,True
P06636,Industrial Robotics Export,Technology,False
P06637,Electric Maritime Vessel,Maritime,True
P06638,Electric Maritime Vessel,Maritime,True
P06639,Hydro Power Expansion,Energy,True
P06640,Industrial Robotics Export,Technology,False
P06641,Carbon Capture Installation,Energy,True
P06642,Green Steel Plant,Metals,True
P06643,Offshore Wind Turbine Delivery,Renewable Energy,True
P06644,Hydro Power Expansion,Energy,True
P06645,Electric Maritime Vessel,Maritime,True
P06646,Fertilizer Plant Upgrade,Chemicals,False
P06647,Green Steel Plant,Metals,True
P06648,Smart Grid Installation,Energy,True
P06649,Carbon Capture Installation,Energy,True
P06650,Fertilizer Plant Upgrade,Chemicals,False
P06651,Fertilizer Plant Upgrade,Chemicals,False
P06652,Carbon Capture Installation,Energy,True
P06653,Offshore Wind Turbine Delivery,Renewable Energy,True
P06654,Hydro Power Expansion,Energy,True
P06655,Industrial Robotics Export,Technology,False
P06656,Smart Grid Installation,Energy,True
P06657,Hydro Power Expansion,Energy,True
P06658,Fertilizer Plant Upgrade,Chemicals,False
P06659,Smart Grid Installation,Energy,True
P06660,Defense System Export to Poland,Defense,False
P06661,Hydro Power Expansion,Energy,True
P06662,Hydro Power Expansion,Energy,True
P06663,Defense System Export to Poland,Defense,False
P06664,Electric Maritime Vessel,Maritime,True
P06665,Electric Maritime Vessel,Maritime,True
P06666,Hydro Power Expansion,Energy,True
P06667,Electric Maritime Vessel,Maritime,True
P06668,Defense System Export to Poland,Defense,False
P06669,Carbon Capture Installation,Energy,True
P06670,Smart Grid Installation,Energy,True
P06671,Hydro Power Expansion,Energy,True
P06672,Automated Quality Inspection,Certification,False
P06673,Smart Grid Installation,Energy,True
P06674,Defense System Export to Poland,Defense,False
P06675,Electric Maritime Vessel,Maritime,True
P06676,Defense System Export to Poland,Defense,False
P06677,Electric Maritime Vessel,Maritime,True
P06678,Industrial Robotics Export,Technology,False
P06679,Electric Maritime Vessel,Maritime,True
P06680,Green Steel Plant,Metals,True
P06681,Industrial Robotics Export,Technology,False
P06682,Fertilizer Plant Upgrade,Chemicals,False
P06683,Industrial Robotics Export,Technology,False
P06684,Hydro Power Expansion,Energy,True
P06685,Automated Quality Inspection,Certification,False
P06686,Smart Grid Installation,Energy,True
P06687,Industrial Robotics Export,Technology,False
P06688,Carbon Capture Installation,Energy,True
P06689,Industrial Robotics Export,Technology,False
P06690,Industrial Robotics Export,Technology,False
P06691,Hydro Power Expansion,Energy,True
P06692,Green Steel Plant,Metals,True
P06693,Green Steel Plant,Metals,True
P06694,Electric Maritime Vessel,Maritime,True
P06695,Automated Quality Inspection,Certification,False
P06696,Industrial Robotics Export,Technology,False
P06697,Industrial Robotics Export,Technology,False
P06698,Smart Grid Installation,Energy,True
P06699,Electric Maritime Vessel,Maritime,True
P06700,Carbon Capture Installation,Energy,True
P06701,Carbon Capture Installation,Energy,True
P06702,Automated Quality Inspection,Certification,False
P06703,Offshore Wind Turbine Delivery,Renewable Energy,True
P06704,Smart Grid Installation,Energy,True
P06705,Carbon Capture Installation,Energy,True
P06706,Automated Quality Inspection,Certification,False
P06707,Carbon Capture Installation,Energy,True
P06708,Electric Maritime Vessel,Maritime,True
P06709,Offshore Wind Turbine Delivery,Renewable Energy,True
P06710,Automated Quality Inspection,Certification,False
P06711,Fertilizer Plant Upgrade,Chemicals,False
P06712,Defense System Export to Poland,Defense,False
P06713,Fertilizer Plant Upgrade,Chemicals,False
P06714,Smart Grid Installation,Energy,True
P06715,Offshore Wind Turbine Delivery,Renewable Energy,True
P06716,Hydro Power Expansion,Energy,True
P06717,Electric Maritime Vessel,Maritime,True
P06718,Carbon Capture Installation,Energy,True
P06719,Fertilizer Plant Upgrade,Chemicals,False
P06720,Defense System Export to Poland,Defense,False
P06721,Smart Grid Installation,Energy,True
P06722,Electric Maritime Vessel,Maritime,True
P06723,Green Steel Plant,Metals,True
P06724,Industrial Robotics Export,Technology,False
P06725,Hydro Power Expansion,Energy,True
P06726,Carbon Capture Installation,Energy,True
P06727,Carbon Capture Installation,Energy,True
P06728,Industrial Robotics Export,Technology,False
P06729,Carbon Capture Installation,Energy,True
P06730,Smart Grid Installation,Energy,True
P06731,Automated Quality Inspection,Certification,False
P06732,Automated Quality Inspection,Certification,False
P06733,Offshore Wind Turbine Delivery,Renewable Energy,True
P06734,Fertilizer Plant Upgrade,Chemicals,False
P06735,Automated Quality Inspection,Certification,False
P06736,Smart Grid Installation,Energy,True
P06737,Automated Quality Inspection,Certification,False
P06738,Green Steel Plant,Metals,True
P06739,Fertilizer Plant Upgrade,Chemicals,False
P06740,Automated Quality Inspection,Certification,False
P06741,Electric Maritime Vessel,Maritime,True
P06742,Hydro Power Expansion,Energy,True
P06743,Electric Maritime Vessel,Maritime,True
P06744,Fertilizer Plant Upgrade,Chemicals,False
P06745,Electric Maritime Vessel,Maritime,True
P06746,Industrial Robotics Export,Technology,False
P06747,Industrial Robotics Export,Technology,False
P06748,Fertilizer Plant Upgrade,Chemicals,False
P06749,Industrial Robotics Export,Technology,False
P06750,Carbon Capture Installation,Energy,True
P06751,Electric Maritime Vessel,Maritime,True
P06752,Green Steel Plant,Metals,True
P06753,Automated Quality Inspection,Certification,False
P06754,Smart Grid Installation,Energy,True
P06755,Electric Maritime Vessel,Maritime,True
P06756,Fertilizer Plant Upgrade,Chemicals,False
P06757,Industrial Robotics Export,Technology,False
P06758,Electric Maritime Vessel,Maritime,True
P06759,Offshore Wind Turbine Delivery,Renewable Energy,True
P06760,Industrial Robotics Export,Technology,False
P06761,Electric Maritime Vessel,Maritime,True
P06762,Hydro Power Expansion,Energy,True
P06763,Defense System Export to Poland,Defense,False
P06764,Green Steel Plant,Metals,True
P06765,Electric Maritime Vessel,Maritime,True
P06766,Fertilizer Plant Upgrade,Chemicals,False
P06767,Automated Quality Inspection,Certification,False
P06768,Defense System Export to Poland,Defense,False
P06769,Hydro Power Expansion,Energy,True
P06770,Defense System Export to Poland,Defense,False
P06771,Electric Maritime Vessel,Maritime,True
P06772,Hydro Power Expansion,Energy,True
P06773,Fertilizer Plant Upgrade,Chemicals,False
P06774,Industrial Robotics Export,Technology,False
P06775,Industrial Robotics Export,Technology,False
P06776,Carbon Capture Installation,Energy,True
P06777,Industrial Robotics Export,Technology,False
P06778,Carbon Capture Installation,Energy,True
P06779,Offshore Wind Turbine Delivery,Renewable Energy,True
P06780,Hydro Power Expansion,Energy,True
P06781,Automated Quality Inspection,Certification,False
P06782,Fertilizer Plant Upgrade,Chemicals,False
P06783,Carbon Capture Installation,Energy,True
P06784,Green Steel Plant,Metals,True
P06785,Carbon Capture Installation,Energy,True
P06786,Smart Grid Installation,Energy,True
P06787,Carbon Capture Installation,Energy,True
P06788,Fertilizer Plant Upgrade,Chemicals,False
P06789,Automated Quality Inspection,Certification,False
P06790,Smart Grid Installation,Energy,True
P06791,Defense System Export to Poland,Defense,False
P06792,Automated Quality Inspection,Certification,False
P06793,Green Steel Plant,Metals,True
P06794,Defense System Export to Poland,Defense,False
P06795,Carbon Capture Installation,Energy,True
P06796,Defense System Export to Poland,Defense,False
P06797,Green Steel Plant,Metals,True
P06798,Fertilizer Plant Upgrade,Chemicals,False
P06799,Automated Quality Inspection,Certification,False
P06800,Defense System Export to Poland,Defense,False
P06801,Automated Quality Inspection,Certification,False
P06802,Industrial Robotics Export,Technology,False
P06803,Offshore Wind Turbine Delivery,Renewable Energy,True
P06804,Smart Grid Installation,Energy,True
P06805,Smart Grid Installation,Energy,True
P06806,Industrial Robotics Export,Technology,False
P06807,Fertilizer Plant Upgrade,Chemicals,False
P06808,Green Steel Plant,Metals,True
P06809,Hydro Power Expansion,Energy,True
P06810,Offshore Wind Turbine Delivery,Renewable Energy,True
P06811,Automated Quality Inspection,Certification,False
P06812,Carbon Capture Installation,Energy,True
P06813,Industrial Robotics Export,Technology,False
P06814,Hydro Power Expansion,Energy,True
P06815,Defense System Export to Poland,Defense,False
P06816,Green Steel Plant,Metals,True
P06817,Automated Quality Inspection,Certification,False
P06818,Offshore Wind Turbine Delivery,Renewable Energy,True
P06819,Smart Grid Installation,Energy,True
P06820,Offshore Wind Turbine Delivery,Renewable Energy,True
P06821,Automated Quality Inspection,Certification,False
P06822,Electric Maritime Vessel,Maritime,True
P06823,Hydro Power Expansion,Energy,True
P06824,Fertilizer Plant Upgrade,Chemicals,False
P06825,Green Steel Plant,Metals,True
P06826,Industrial Robotics Export,Technology,False
P06827,Defense System Export to Poland,Defense,False
P06828,Fertilizer Plant Upgrade,Chemicals,False
P06829,Industrial Robotics Export,Technology,False
P06830,Automated Quality Inspection,Certification,False
P06831,Defense System Export to Poland,Defense,False
P06832,Hydro Power Expansion,Energy,True
P06833,Defense System Export to Poland,Defense,False
P06834,Green Steel Plant,Metals,True
P06835,Green Steel Plant,Metals,True
P06836,Industrial Robotics Export,Technology,False
P06837,Fertilizer Plant Upgrade,Chemicals,False
P06838,Green Steel Plant,Metals,True
P06839,Defense System Export to Poland,Defense,False
P06840,Electric Maritime Vessel,Maritime,True
P06841,Defense System Export to Poland,Defense,False
P06842,Industrial Robotics Export,Technology,False
P06843,Smart Grid Installation,Energy,True
P06844,Green Steel Plant,Metals,True
P06845,Defense System Export to Poland,Defense,False
P06846,Carbon Capture Installation,Energy,True
P06847,Electric Maritime Vessel,Maritime,True
P06848,Offshore Wind Turbine Delivery,Renewable Energy,True
P06849,Defense System Export to Poland,Defense,False
P06850,Electric Maritime Vessel,Maritime,True
P06851,Smart Grid Installation,Energy,True
P06852,Defense System Export to Poland,Defense,False
P06853,Industrial Robotics Export,Technology,False
P06854,Smart Grid Installation,Energy,True
P06855,Electric Maritime Vessel,Maritime,True
P06856,Offshore Wind Turbine Delivery,Renewable Energy,True
P06857,Hydro Power Expansion,Energy,True
P06858,Electric Maritime Vessel,Maritime,True
P06859,Smart Grid Installation,Energy,True
P06860,Industrial Robotics Export,Technology,False
P06861,Carbon Capture Installation,Energy,True
P06862,Defense System Export to Poland,Defense,False
P06863,Green Steel Plant,Metals,True
P06864,Automated Quality Inspection,Certification,False
P06865,Fertilizer Plant Upgrade,Chemicals,False
P06866,Smart Grid Installation,Energy,True
P06867,Defense System Export to Poland,Defense,False
P06868,Industrial Robotics Export,Technology,False
P06869,Defense System Export to Poland,Defense,False
P06870,Fertilizer Plant Upgrade,Chemicals,False
P06871,Hydro Power Expansion,Energy,True
P06872,Green Steel Plant,Metals,True
P06873,Automated Quality Inspection,Certification,False
P06874,Electric Maritime Vessel,Maritime,True
P06875,Offshore Wind Turbine Delivery,Renewable Energy,True
P06876,Electric Maritime Vessel,Maritime,True
P06877,Fertilizer Plant Upgrade,Chemicals,False
P06878,Automated Quality Inspection,Certification,False
P06879,Defense System Export to Poland,Defense,False
P06880,Carbon Capture Installation,Energy,True
P06881,Defense System Export to Poland,Defense,False
P06882,Offshore Wind Turbine Delivery,Renewable Energy,True
P06883,Industrial Robotics Export,Technology,False
P06884,Defense System Export to Poland,Defense,False
P06885,Offshore Wind Turbine Delivery,Renewable Energy,True
P06886,Hydro Power Expansion,Energy,True
P06887,Offshore Wind Turbine Delivery,Renewable Energy,True
P06888,Carbon Capture Installation,Energy,True
P06889,Offshore Wind Turbine Delivery,Renewable Energy,True
P06890,Defense System Export to Poland,Defense,False
P06891,Electric Maritime Vessel,Maritime,True
P06892,Offshore Wind Turbine Delivery,Renewable Energy,True
P06893,Green Steel Plant,Metals,True
P06894,Carbon Capture Installation,Energy,True
P06895,Fertilizer Plant Upgrade,Chemicals,False
P06896,Offshore Wind Turbine Delivery,Renewable Energy,True
P06897,Industrial Robotics Export,Technology,False
P06898,Green Steel Plant,Metals,True
P06899,Hydro Power Expansion,Energy,True
P06900,Defense System Export to Poland,Defense,False
P06901,Carbon Capture Installation,Energy,True
P06902,Carbon Capture Installation,Energy,True
P06903,Defense System Export to Poland,Defense,False
P06904,Electric Maritime Vessel,Maritime,True
P06905,Hydro Power Expansion,Energy,True
P06906,Smart Grid Installation,Energy,True
P06907,Green Steel Plant,Metals,True
P06908,Offshore Wind Turbine Delivery,Renewable Energy,True
P06909,Fertilizer Plant Upgrade,Chemicals,False
P06910,Smart Grid Installation,Energy,True
P06911,Hydro Power Expansion,Energy,True
P06912,Green Steel Plant,Metals,True
P06913,Industrial Robotics Export,Technology,False
P06914,Hydro Power Expansion,Energy,True
P06915,Carbon Capture Installation,Energy,True
P06916,Hydro Power Expansion,Energy,True
P06917,Hydro Power Expansion,Energy,True
P06918,Defense System Export to Poland,Defense,False
P06919,Industrial Robotics Export,Technology,False
P06920,Green Steel Plant,Metals,True
P06921,Automated Quality Inspection,Certification,False
P06922,Electric Maritime Vessel,Maritime,True
P06923,Industrial Robotics Export,Technology,False
P06924,Offshore Wind Turbine Delivery,Renewable Energy,True
P06925,Defense System Export to Poland,Defense,False
P06926,Smart Grid Installation,Energy,True
P06927,Industrial Robotics Export,Technology,False
P06928,Smart Grid Installation,Energy,True
P06929,Industrial Robotics Export,Technology,False
P06930,Automated Quality Inspection,Certification,False
P06931,Offshore Wind Turbine Delivery,Renewable Energy,True
P06932,Offshore Wind Turbine Delivery,Renewable Energy,True
P06933,Smart Grid Installation,Energy,True
P06934,Fertilizer Plant Upgrade,Chemicals,False
P06935,Defense System Export to Poland,Defense,False
P06936,Carbon Capture Installation,Energy,True
P06937,Fertilizer Plant Upgrade,Chemicals,False
P06938,Electric Maritime Vessel,Maritime,True
P06939,Offshore Wind Turbine Delivery,Renewable Energy,True
P06940,Offshore Wind Turbine Delivery,Renewable Energy,True
P06941,Fertilizer Plant Upgrade,Chemicals,False
P06942,Green Steel Plant,Metals,True
P06943,Defense System Export to Poland,Defense,False
P06944,Automated Quality Inspection,Certification,False
P06945,Industrial Robotics Export,Technology,False
P06946,Fertilizer Plant Upgrade,Chemicals,False
P06947,Carbon Capture Installation,Energy,True
P06948,Electric Maritime Vessel,Maritime,True
P06949,Hydro Power Expansion,Energy,True
P06950,Defense System Export to Poland,Defense,False
P06951,Industrial Robotics Export,Technology,False
P06952,Carbon Capture Installation,Energy,True
P06953,Industrial Robotics Export,Technology,False
P06954,Smart Grid Installation,Energy,True
P06955,Defense System Export to Poland,Defense,False
P06956,Electric Maritime Vessel,Maritime,True
P06957,Green Steel Plant,Metals,True
P06958,Fertilizer Plant Upgrade,Chemicals,False
P06959,Defense System Export to Poland,Defense,False
P06960,Automated Quality Inspection,Certification,False
P06961,Offshore Wind Turbine Delivery,Renewable Energy,True
P06962,Electric Maritime Vessel,Maritime,True
P06963,Defense System Export to Poland,Defense,False
P06964,Defense System Export to Poland,Defense,False
P06965,Smart Grid Installation,Energy,True
P06966,Industrial Robotics Export,Technology,False
P06967,Smart Grid Installation,Energy,True
P06968,Industrial Robotics Export,Technology,False
P06969,Offshore Wind Turbine Delivery,Renewable Energy,True
P06970,Green Steel Plant,Metals,True
P06971,Automated Quality Inspection,Certification,False
P06972,Offshore Wind Turbine Delivery,Renewable Energy,True
P06973,Green Steel Plant,Metals,True
P06974,Green Steel Plant,Metals,True
P06975,Fertilizer Plant Upgrade,Chemicals,False
P06976,Smart Grid Installation,Energy,True
P06977,Automated Quality Inspection,Certification,False
P06978,Automated Quality Inspection,Certification,False
P06979,Carbon Capture Installation,Energy,True
P06980,Hydro Power Expansion,Energy,True
P06981,Automated Quality Inspection,Certification,False
P06982,Fertilizer Plant Upgrade,Chemicals,False
P06983,Industrial Robotics Export,Technology,False
P06984,Fertilizer Plant Upgrade,Chemicals,False
P06985,Smart Grid Installation,Energy,True
P06986,Automated Quality Inspection,Certification,False
P06987,Offshore Wind Turbine Delivery,Renewable Energy,True
P06988,Defense System Export to Poland,Defense,False
P06989,Green Steel Plant,Metals,True
P06990,Hydro Power Expansion,Energy,True
P06991,Green Steel Plant,Metals,True
P06992,Offshore Wind Turbine Delivery,Renewable Energy,True
P06993,Automated Quality Inspection,Certification,False
P06994,Industrial Robotics Export,Technology,False
P06995,Electric Maritime Vessel,Maritime,True
P06996,Smart Grid Installation,Energy,True
P06997,Offshore Wind Turbine Delivery,Renewable Energy,True
P06998,Green Steel Plant,Metals,True
P06999,Green Steel Plant,Metals,True
P07000,Fertilizer Plant Upgrade,Chemicals,False
P07001,Green Steel Plant,Metals,True
P07002,Industrial Robotics Export,Technology,False
P07003,Hydro Power Expansion,Energy,True
P07004,Green Steel Plant,Metals,True
P07005,Carbon Capture Installation,Energy,True
P07006,Electric Maritime Vessel,Maritime,True
P07007,Defense System Export to Poland,Defense,False
P07008,Industrial Robotics Export,Technology,False
P07009,Green Steel Plant,Metals,True
P07010,Smart Grid Installation,Energy,True
P07011,Carbon Capture Installation,Energy,True
P07012,Fertilizer Plant Upgrade,Chemicals,False
P07013,Automated Quality Inspection,Certification,False
P07014,Automated Quality Inspection,Certification,False
P07015,Electric Maritime Vessel,Maritime,True
P07016,Electric Maritime Vessel,Maritime,True
P07017,Carbon Capture Installation,Energy,True
P07018,Fertilizer Plant Upgrade,Chemicals,False
P07019,Industrial Robotics Export,Technology,False
P07020,Industrial Robotics Export,Technology,False
P07021,Smart Grid Installation,Energy,True
P07022,Smart Grid Installation,Energy,True
P07023,Offshore Wind Turbine Delivery,Renewable Energy,True
P07024,Green Steel Plant,Metals,True
P07025,Green Steel Plant,Metals,True
P07026,Offshore Wind Turbine Delivery,Renewable Energy,True
P07027,Carbon Capture Installation,Energy,True
P07028,Automated Quality Inspection,Certification,False
P07029,Carbon Capture Installation,Energy,True
P07030,Automated Quality Inspection,Certification,False
P07031,Industrial Robotics Export,Technology,False
P07032,Fertilizer Plant Upgrade,Chemicals,False
P07033,Smart Grid Installation,Energy,True
P07034,Electric Maritime Vessel,Maritime,True
P07035,Fertilizer Plant Upgrade,Chemicals,False
P07036,Offshore Wind Turbine Delivery,Renewable Energy,True
P07037,Fertilizer Plant Upgrade,Chemicals,False
P07038,Carbon Capture Installation,Energy,True
P07039,Green Steel Plant,Metals,True
P07040,Offshore Wind Turbine Delivery,Renewable Energy,True
P07041,Hydro Power Expansion,Energy,True
P07042,Automated Quality Inspection,Certification,False
P07043,Automated Quality Inspection,Certification,False
P07044,Smart Grid Installation,Energy,True
P07045,Hydro Power Expansion,Energy,True
P07046,Carbon Capture Installation,Energy,True
P07047,Green Steel Plant,Metals,True
P07048,Smart Grid Installation,Energy,True
P07049,Electric Maritime Vessel,Maritime,True
P07050,Hydro Power Expansion,Energy,True
P07051,Fertilizer Plant Upgrade,Chemicals,False
P07052,Carbon Capture Installation,Energy,True
P07053,Carbon Capture Installation,Energy,True
P07054,Smart Grid Installation,Energy,True
P07055,Green Steel Plant,Metals,True
P07056,Defense System Export to Poland,Defense,False
P07057,Automated Quality Inspection,Certification,False
P07058,Smart Grid Installation,Energy,True
P07059,Electric Maritime Vessel,Maritime,True
P07060,Offshore Wind Turbine Delivery,Renewable Energy,True
P07061,Electric Maritime Vessel,Maritime,True
P07062,Smart Grid Installation,Energy,True
P07063,Defense System Export to Poland,Defense,False
P07064,Fertilizer Plant Upgrade,Chemicals,False
P07065,Green Steel Plant,Metals,True
P07066,Hydro Power Expansion,Energy,True
P07067,Hydro Power Expansion,Energy,True
P07068,Green Steel Plant,Metals,True
P07069,Hydro Power Expansion,Energy,True
P07070,Industrial Robotics Export,Technology,False
P07071,Fertilizer Plant Upgrade,Chemicals,False
P07072,Industrial Robotics Export,Technology,False
P07073,Industrial Robotics Export,Technology,False
P07074,Hydro Power Expansion,Energy,True
P07075,Green Steel Plant,Metals,True
P07076,Offshore Wind Turbine Delivery,Renewable Energy,True
P07077,Offshore Wind Turbine Delivery,Renewable Energy,True
P07078,Defense System Export to Poland,Defense,False
P07079,Fertilizer Plant Upgrade,Chemicals,False
P07080,Automated Quality Inspection,Certification,False
P07081,Smart Grid Installation,Energy,True
P07082,Electric Maritime Vessel,Maritime,True
P07083,Defense System Export to Poland,Defense,False
P07084,Electric Maritime Vessel,Maritime,True
P07085,Carbon Capture Installation,Energy,True
P07086,Defense System Export to Poland,Defense,False
P07087,Electric Maritime Vessel,Maritime,True
P07088,Defense System Export to Poland,Defense,False
P07089,Smart Grid Installation,Energy,True
P07090,Fertilizer Plant Upgrade,Chemicals,False
P07091,Electric Maritime Vessel,Maritime,True
P07092,Carbon Capture Installation,Energy,True
P07093,Offshore Wind Turbine Delivery,Renewable Energy,True
P07094,Carbon Capture Installation,Energy,True
P07095,Automated Quality Inspection,Certification,False
P07096,Smart Grid Installation,Energy,True
P07097,Offshore Wind Turbine Delivery,Renewable Energy,True
P07098,Carbon Capture Installation,Energy,True
P07099,Electric Maritime Vessel,Maritime,True
P07100,Hydro Power Expansion,Energy,True
P07101,Green Steel Plant,Metals,True
P07102,Smart Grid Installation,Energy,True
P07103,Automated Quality Inspection,Certification,False
P07104,Offshore Wind Turbine Delivery,Renewable Energy,True
P07105,Industrial Robotics Export,Technology,False
P07106,Electric Maritime Vessel,Maritime,True
P07107,Green Steel Plant,Metals,True
P07108,Industrial Robotics Export,Technology,False
P07109,Fertilizer Plant Upgrade,Chemicals,False
P07110,Green Steel Plant,Metals,True
P07111,Electric Maritime Vessel,Maritime,True
P07112,Green Steel Plant,Metals,True
P07113,Automated Quality Inspection,Certification,False
P07114,Industrial Robotics Export,Technology,False
P07115,Green Steel Plant,Metals,True
P07116,Smart Grid Installation,Energy,True
P07117,Industrial Robotics Export,Technology,False
P07118,Automated Quality Inspection,Certification,False
P07119,Carbon Capture Installation,Energy,True
P07120,Electric Maritime Vessel,Maritime,True
P07121,Electric Maritime Vessel,Maritime,True
P07122,Green Steel Plant,Metals,True
P07123,Defense System Export to Poland,Defense,False
P07124,Green Steel Plant,Metals,True
P07125,Hydro Power Expansion,Energy,True
P07126,Industrial Robotics Export,Technology,False
P07127,Automated Quality Inspection,Certification,False
P07128,Hydro Power Expansion,Energy,True
P07129,Electric Maritime Vessel,Maritime,True
P07130,Fertilizer Plant Upgrade,Chemicals,False
P07131,Industrial Robotics Export,Technology,False
P07132,Fertilizer Plant Upgrade,Chemicals,False
P07133,Fertilizer Plant Upgrade,Chemicals,False
P07134,Fertilizer Plant Upgrade,Chemicals,False
P07135,Defense System Export to Poland,Defense,False
P07136,Carbon Capture Installation,Energy,True
P07137,Electric Maritime Vessel,Maritime,True
P07138,Automated Quality Inspection,Certification,False
P07139,Industrial Robotics Export,Technology,False
P07140,Electric Maritime Vessel,Maritime,True
P07141,Defense System Export to Poland,Defense,False
P07142,Industrial Robotics Export,Technology,False
P07143,Electric Maritime Vessel,Maritime,True
P07144,Automated Quality Inspection,Certification,False
P07145,Industrial Robotics Export,Technology,False
P07146,Hydro Power Expansion,Energy,True
P07147,Smart Grid Installation,Energy,True
P07148,Smart Grid Installation,Energy,True
P07149,Electric Maritime Vessel,Maritime,True
P07150,Carbon Capture Installation,Energy,True
P07151,Industrial Robotics Export,Technology,False
P07152,Defense System Export to Poland,Defense,False
P07153,Carbon Capture Installation,Energy,True
P07154,Offshore Wind Turbine Delivery,Renewable Energy,True
P07155,Smart Grid Installation,Energy,True
P07156,Carbon Capture Installation,Energy,True
P07157,Automated Quality Inspection,Certification,False
P07158,Smart Grid Installation,Energy,True
P07159,Fertilizer Plant Upgrade,Chemicals,False
P07160,Smart Grid Installation,Energy,True
P07161,Carbon Capture Installation,Energy,True
P07162,Industrial Robotics Export,Technology,False
P07163,Smart Grid Installation,Energy,True
P07164,Green Steel Plant,Metals,True
P07165,Carbon Capture Installation,Energy,True
P07166,Fertilizer Plant Upgrade,Chemicals,False
P07167,Defense System Export to Poland,Defense,False
P07168,Green Steel Plant,Metals,True
P07169,Industrial Robotics Export,Technology,False
P07170,Fertilizer Plant Upgrade,Chemicals,False
P07171,Green Steel Plant,Metals,True
P07172,Electric Maritime Vessel,Maritime,True
P07173,Smart Grid Installation,Energy,True
P07174,Defense System Export to Poland,Defense,False
P07175,Smart Grid Installation,Energy,True
P07176,Industrial Robotics Export,Technology,False
P07177,Hydro Power Expansion,Energy,True
P07178,Defense System Export to Poland,Defense,False
P07179,Automated Quality Inspection,Certification,False
P07180,Automated Quality Inspection,Certification,False
P07181,Hydro Power Expansion,Energy,True
P07182,Industrial Robotics Export,Technology,False
P07183,Offshore Wind Turbine Delivery,Renewable Energy,True
P07184,Automated Quality Inspection,Certification,False
P07185,Electric Maritime Vessel,Maritime,True
P07186,Electric Maritime Vessel,Maritime,True
P07187,Carbon Capture Installation,Energy,True
P07188,Green Steel Plant,Metals,True
P07189,Automated Quality Inspection,Certification,False
P07190,Green Steel Plant,Metals,True
P07191,Offshore Wind Turbine Delivery,Renewable Energy,True
P07192,Smart Grid Installation,Energy,True
P07193,Defense System Export to Poland,Defense,False
P07194,Carbon Capture Installation,Energy,True
P07195,Fertilizer Plant Upgrade,Chemicals,False
P07196,Industrial Robotics Export,Technology,False
P07197,Smart Grid Installation,Energy,True
P07198,Carbon Capture Installation,Energy,True
P07199,Automated Quality Inspection,Certification,False
P07200,Smart Grid Installation,Energy,True
P07201,Smart Grid Installation,Energy,True
P07202,Carbon Capture Installation,Energy,True
P07203,Industrial Robotics Export,Technology,False
P07204,Smart Grid Installation,Energy,True
P07205,Green Steel Plant,Metals,True
P07206,Defense System Export to Poland,Defense,False
P07207,Hydro Power Expansion,Energy,True
P07208,Automated Quality Inspection,Certification,False
P07209,Hydro Power Expansion,Energy,True
P07210,Hydro Power Expansion,Energy,True
P07211,Fertilizer Plant Upgrade,Chemicals,False
P07212,Automated Quality Inspection,Certification,False
P07213,Fertilizer Plant Upgrade,Chemicals,False
P07214,Green Steel Plant,Metals,True
P07215,Automated Quality Inspection,Certification,False
P07216,Fertilizer Plant Upgrade,Chemicals,False
P07217,Automated Quality Inspection,Certification,False
P07218,Defense System Export to Poland,Defense,False
P07219,Fertilizer Plant Upgrade,Chemicals,False
P07220,Carbon Capture Installation,Energy,True
P07221,Carbon Capture Installation,Energy,True
P07222,Electric Maritime Vessel,Maritime,True
P07223,Industrial Robotics Export,Technology,False
P07224,Fertilizer Plant Upgrade,Chemicals,False
P07225,Offshore Wind Turbine Delivery,Renewable Energy,True
P07226,Electric Maritime Vessel,Maritime,True
P07227,Automated Quality Inspection,Certification,False
P07228,Industrial Robotics Export,Technology,False
P07229,Offshore Wind Turbine Delivery,Renewable Energy,True
P07230,Carbon Capture Installation,Energy,True
P07231,Offshore Wind Turbine Delivery,Renewable Energy,True
P07232,Fertilizer Plant Upgrade,Chemicals,False
P07233,Carbon Capture Installation,Energy,True
P07234,Smart Grid Installation,Energy,True
P07235,Offshore Wind Turbine Delivery,Renewable Energy,True
P07236,Automated Quality Inspection,Certification,False
P07237,Carbon Capture Installation,Energy,True
P07238,Offshore Wind Turbine Delivery,Renewable Energy,True
P07239,Green Steel Plant,Metals,True
P07240,Smart Grid Installation,Energy,True
P07241,Automated Quality Inspection,Certification,False
P07242,Offshore Wind Turbine Delivery,Renewable Energy,True
P07243,Carbon Capture Installation,Energy,True
P07244,Offshore Wind Turbine Delivery,Renewable Energy,True
P07245,Smart Grid Installation,Energy,True
P07246,Automated Quality Inspection,Certification,False
P07247,Carbon Capture Installation,Energy,True
P07248,Fertilizer Plant Upgrade,Chemicals,False
P07249,Smart Grid Installation,Energy,True
P07250,Fertilizer Plant Upgrade,Chemicals,False
P07251,Smart Grid Installation,Energy,True
P07252,Green Steel Plant,Metals,True
P07253,Offshore Wind Turbine Delivery,Renewable Energy,True
P07254,Carbon Capture Installation,Energy,True
P07255,Electric Maritime Vessel,Maritime,True
P07256,Defense System Export to Poland,Defense,False
P07257,Carbon Capture Installation,Energy,True
P07258,Automated Quality Inspection,Certification,False
P07259,Automated Quality Inspection,Certification,False
P07260,Hydro Power Expansion,Energy,True
P07261,Automated Quality Inspection,Certification,False
P07262,Green Steel Plant,Metals,True
P07263,Hydro Power Expansion,Energy,True
P07264,Carbon Capture Installation,Energy,True
P07265,Automated Quality Inspection,Certification,False
P07266,Green Steel Plant,Metals,True
P07267,Hydro Power Expansion,Energy,True
P07268,Automated Quality Inspection,Certification,False
P07269,Fertilizer Plant Upgrade,Chemicals,False
P07270,Carbon Capture Installation,Energy,True
P07271,Industrial Robotics Export,Technology,False
P07272,Automated Quality Inspection,Certification,False
P07273,Defense System Export to Poland,Defense,False
P07274,Smart Grid Installation,Energy,True
P07275,Carbon Capture Installation,Energy,True
P07276,Automated Quality Inspection,Certification,False
P07277,Offshore Wind Turbine Delivery,Renewable Energy,True
P07278,Hydro Power Expansion,Energy,True
P07279,Automated Quality Inspection,Certification,False
P07280,Smart Grid Installation,Energy,True
P07281,Green Steel Plant,Metals,True
P07282,Hydro Power Expansion,Energy,True
P07283,Carbon Capture Installation,Energy,True
P07284,Green Steel Plant,Metals,True
P07285,Industrial Robotics Export,Technology,False
P07286,Smart Grid Installation,Energy,True
P07287,Automated Quality Inspection,Certification,False
P07288,Fertilizer Plant Upgrade,Chemicals,False
P07289,Hydro Power Expansion,Energy,True
P07290,Industrial Robotics Export,Technology,False
P07291,Fertilizer Plant Upgrade,Chemicals,False
P07292,Smart Grid Installation,Energy,True
P07293,Green Steel Plant,Metals,True
P07294,Industrial Robotics Export,Technology,False
P07295,Smart Grid Installation,Energy,True
P07296,Industrial Robotics Export,Technology,False
P07297,Carbon Capture Installation,Energy,True
P07298,Automated Quality Inspection,Certification,False
P07299,Smart Grid Installation,Energy,True
P07300,Industrial Robotics Export,Technology,False
P07301,Industrial Robotics Export,Technology,False
P07302,Smart Grid Installation,Energy,True
P07303,Defense System Export to Poland,Defense,False
P07304,Automated Quality Inspection,Certification,False
P07305,Offshore Wind Turbine Delivery,Renewable Energy,True
P07306,Green Steel Plant,Metals,True
P07307,Smart Grid Installation,Energy,True
P07308,Offshore Wind Turbine Delivery,Renewable Energy,True
P07309,Defense System Export to Poland,Defense,False
P07310,Industrial Robotics Export,Technology,False
P07311,Electric Maritime Vessel,Maritime,True
P07312,Electric Maritime Vessel,Maritime,True
P07313,Industrial Robotics Export,Technology,False
P07314,Automated Quality Inspection,Certification,False
P07315,Offshore Wind Turbine Delivery,Renewable Energy,True
P07316,Hydro Power Expansion,Energy,True
P07317,Green Steel Plant,Metals,True
P07318,Automated Quality Inspection,Certification,False
P07319,Offshore Wind Turbine Delivery,Renewable Energy,True
P07320,Carbon Capture Installation,Energy,True
P07321,Industrial Robotics Export,Technology,False
P07322,Carbon Capture Installation,Energy,True
P07323,Green Steel Plant,Metals,True
P07324,Green Steel Plant,Metals,True
P07325,Green Steel Plant,Metals,True
P07326,Automated Quality Inspection,Certification,False
P07327,Fertilizer Plant Upgrade,Chemicals,False
P07328,Fertilizer Plant Upgrade,Chemicals,False
P07329,Automated Quality Inspection,Certification,False
P07330,Fertilizer Plant Upgrade,Chemicals,False
P07331,Smart Grid Installation,Energy,True
P07332,Defense System Export to Poland,Defense,False
P07333,Green Steel Plant,Metals,True
P07334,Defense System Export to Poland,Defense,False
P07335,Defense System Export to Poland,Defense,False
P07336,Green Steel Plant,Metals,True
P07337,Hydro Power Expansion,Energy,True
P07338,Green Steel Plant,Metals,True
P07339,Industrial Robotics Export,Technology,False
P07340,Electric Maritime Vessel,Maritime,True
P07341,Electric Maritime Vessel,Maritime,True
P07342,Smart Grid Installation,Energy,True
P07343,Offshore Wind Turbine Delivery,Renewable Energy,True
P07344,Fertilizer Plant Upgrade,Chemicals,False
P07345,Green Steel Plant,Metals,True
P07346,Smart Grid Installation,Energy,True
P07347,Green Steel Plant,Metals,True
P07348,Fertilizer Plant Upgrade,Chemicals,False
P07349,Fertilizer Plant Upgrade,Chemicals,False
P07350,Hydro Power Expansion,Energy,True
P07351,Carbon Capture Installation,Energy,True
P07352,Green Steel Plant,Metals,True
P07353,Green Steel Plant,Metals,True
P07354,Offshore Wind Turbine Delivery,Renewable Energy,True
P07355,Electric Maritime Vessel,Maritime,True
P07356,Defense System Export to Poland,Defense,False
P07357,Carbon Capture Installation,Energy,True
P07358,Electric Maritime Vessel,Maritime,True
P07359,Smart Grid Installation,Energy,True
P07360,Hydro Power Expansion,Energy,True
P07361,Defense System Export to Poland,Defense,False
P07362,Industrial Robotics Export,Technology,False
P07363,Automated Quality Inspection,Certification,False
P07364,Automated Quality Inspection,Certification,False
P07365,Carbon Capture Installation,Energy,True
P07366,Defense System Export to Poland,Defense,False
P07367,Smart Grid Installation,Energy,True
P07368,Green Steel Plant,Metals,True
P07369,Electric Maritime Vessel,Maritime,True
P07370,Fertilizer Plant Upgrade,Chemicals,False
P07371,Fertilizer Plant Upgrade,Chemicals,False
P07372,Industrial Robotics Export,Technology,False
P07373,Carbon Capture Installation,Energy,True
P07374,Defense System Export to Poland,Defense,False
P07375,Defense System Export to Poland,Defense,False
P07376,Defense System Export to Poland,Defense,False
P07377,Automated Quality Inspection,Certification,False
P07378,Defense System Export to Poland,Defense,False
P07379,Defense System Export to Poland,Defense,False
P07380,Automated Quality Inspection,Certification,False
P07381,Green Steel Plant,Metals,True
P07382,Automated Quality Inspection,Certification,False
P07383,Offshore Wind Turbine Delivery,Renewable Energy,True
P07384,Green Steel Plant,Metals,True
P07385,Carbon Capture Installation,Energy,True
P07386,Electric Maritime Vessel,Maritime,True
P07387,Automated Quality Inspection,Certification,False
P07388,Automated Quality Inspection,Certification,False
P07389,Automated Quality Inspection,Certification,False
P07390,Smart Grid Installation,Energy,True
P07391,Offshore Wind Turbine Delivery,Renewable Energy,True
P07392,Industrial Robotics Export,Technology,False
P07393,Defense System Export to Poland,Defense,False
P07394,Offshore Wind Turbine Delivery,Renewable Energy,True
P07395,Defense System Export to Poland,Defense,False
P07396,Electric Maritime Vessel,Maritime,True
P07397,Automated Quality Inspection,Certification,False
P07398,Defense System Export to Poland,Defense,False
P07399,Defense System Export to Poland,Defense,False
P07400,Industrial Robotics Export,Technology,False
P07401,Hydro Power Expansion,Energy,True
P07402,Fertilizer Plant Upgrade,Chemicals,False
P07403,Fertilizer Plant Upgrade,Chemicals,False
P07404,Fertilizer Plant Upgrade,Chemicals,False
P07405,Industrial Robotics Export,Technology,False
P07406,Fertilizer Plant Upgrade,Chemicals,False
P07407,Hydro Power Expansion,Energy,True
P07408,Defense System Export to Poland,Defense,False
P07409,Fertilizer Plant Upgrade,Chemicals,False
P07410,Electric Maritime Vessel,Maritime,True
P07411,Offshore Wind Turbine Delivery,Renewable Energy,True
P07412,Offshore Wind Turbine Delivery,Renewable Energy,True
P07413,Offshore Wind Turbine Delivery,Renewable Energy,True
P07414,Smart Grid Installation,Energy,True
P07415,Fertilizer Plant Upgrade,Chemicals,False
P07416,Carbon Capture Installation,Energy,True
P07417,Automated Quality Inspection,Certification,False
P07418,Hydro Power Expansion,Energy,True
P07419,Electric Maritime Vessel,Maritime,True
P07420,Electric Maritime Vessel,Maritime,True
P07421,Electric Maritime Vessel,Maritime,True
P07422,Industrial Robotics Export,Technology,False
P07423,Carbon Capture Installation,Energy,True
P07424,Automated Quality Inspection,Certification,False
P07425,Automated Quality Inspection,Certification,False
P07426,Fertilizer Plant Upgrade,Chemicals,False
P07427,Fertilizer Plant Upgrade,Chemicals,False
P07428,Electric Maritime Vessel,Maritime,True
P07429,Electric Maritime Vessel,Maritime,True
P07430,Green Steel Plant,Metals,True
P07431,Automated Quality Inspection,Certification,False
P07432,Automated Quality Inspection,Certification,False
P07433,Hydro Power Expansion,Energy,True
P07434,Carbon Capture Installation,Energy,True
P07435,Carbon Capture Installation,Energy,True
P07436,Hydro Power Expansion,Energy,True
P07437,Industrial Robotics Export,Technology,False
P07438,Fertilizer Plant Upgrade,Chemicals,False
P07439,Electric Maritime Vessel,Maritime,True
P07440,Electric Maritime Vessel,Maritime,True
P07441,Fertilizer Plant Upgrade,Chemicals,False
P07442,Carbon Capture Installation,Energy,True
P07443,Defense System Export to Poland,Defense,False
P07444,Electric Maritime Vessel,Maritime,True
P07445,Smart Grid Installation,Energy,True
P07446,Carbon Capture Installation,Energy,True
P07447,Smart Grid Installation,Energy,True
P07448,Industrial Robotics Export,Technology,False
P07449,Offshore Wind Turbine Delivery,Renewable Energy,True
P07450,Industrial Robotics Export,Technology,False
P07451,Carbon Capture Installation,Energy,True
P07452,Defense System Export to Poland,Defense,False
P07453,Offshore Wind Turbine Delivery,Renewable Energy,True
P07454,Offshore Wind Turbine Delivery,Renewable Energy,True
P07455,Industrial Robotics Export,Technology,False
P07456,Smart Grid Installation,Energy,True
P07457,Fertilizer Plant Upgrade,Chemicals,False
P07458,Offshore Wind Turbine Delivery,Renewable Energy,True
P07459,Automated Quality Inspection,Certification,False
P07460,Green Steel Plant,Metals,True
P07461,Smart Grid Installation,Energy,True
P07462,Electric Maritime Vessel,Maritime,True
P07463,Fertilizer Plant Upgrade,Chemicals,False
P07464,Green Steel Plant,Metals,True
P07465,Automated Quality Inspection,Certification,False
P07466,Electric Maritime Vessel,Maritime,True
P07467,Hydro Power Expansion,Energy,True
P07468,Offshore Wind Turbine Delivery,Renewable Energy,True
P07469,Electric Maritime Vessel,Maritime,True
P07470,Fertilizer Plant Upgrade,Chemicals,False
P07471,Electric Maritime Vessel,Maritime,True
P07472,Hydro Power Expansion,Energy,True
P07473,Electric Maritime Vessel,Maritime,True
P07474,Industrial Robotics Export,Technology,False
P07475,Defense System Export to Poland,Defense,False
P07476,Defense System Export to Poland,Defense,False
P07477,Industrial Robotics Export,Technology,False
P07478,Offshore Wind Turbine Delivery,Renewable Energy,True
P07479,Smart Grid Installation,Energy,True
P07480,Industrial Robotics Export,Technology,False
P07481,Industrial Robotics Export,Technology,False
P07482,Automated Quality Inspection,Certification,False
P07483,Offshore Wind Turbine Delivery,Renewable Energy,True
P07484,Smart Grid Installation,Energy,True
P07485,Defense System Export to Poland,Defense,False
P07486,Defense System Export to Poland,Defense,False
P07487,Hydro Power Expansion,Energy,True
P07488,Offshore Wind Turbine Delivery,Renewable Energy,True
P07489,Automated Quality Inspection,Certification,False
P07490,Green Steel Plant,Metals,True
P07491,Electric Maritime Vessel,Maritime,True
P07492,Electric Maritime Vessel,Maritime,True
P07493,Fertilizer Plant Upgrade,Chemicals,False
P07494,Smart Grid Installation,Energy,True
P07495,Defense System Export to Poland,Defense,False
P07496,Automated Quality Inspection,Certification,False
P07497,Electric Maritime Vessel,Maritime,True
P07498,Fertilizer Plant Upgrade,Chemicals,False
P07499,Fertilizer Plant Upgrade,Chemicals,False
P07500,Offshore Wind Turbine Delivery,Renewable Energy,True
P07501,Smart Grid Installation,Energy,True
P07502,Fertilizer Plant Upgrade,Chemicals,False
P07503,Automated Quality Inspection,Certification,False
P07504,Green Steel Plant,Metals,True
P07505,Fertilizer Plant Upgrade,Chemicals,False
P07506,Green Steel Plant,Metals,True
P07507,Offshore Wind Turbine Delivery,Renewable Energy,True
P07508,Hydro Power Expansion,Energy,True
P07509,Automated Quality Inspection,Certification,False
P07510,Carbon Capture Installation,Energy,True
P07511,Green Steel Plant,Metals,True
P07512,Automated Quality Inspection,Certification,False
P07513,Defense System Export to Poland,Defense,False
P07514,Hydro Power Expansion,Energy,True
P07515,Industrial Robotics Export,Technology,False
P07516,Smart Grid Installation,Energy,True
P07517,Fertilizer Plant Upgrade,Chemicals,False
P07518,Green Steel Plant,Metals,True
P07519,Defense System Export to Poland,Defense,False
P07520,Hydro Power Expansion,Energy,True
P07521,Offshore Wind Turbine Delivery,Renewable Energy,True
P07522,Fertilizer Plant Upgrade,Chemicals,False
P07523,Offshore Wind Turbine Delivery,Renewable Energy,True
P07524,Electric Maritime Vessel,Maritime,True
P07525,Smart Grid Installation,Energy,True
P07526,Smart Grid Installation,Energy,True
P07527,Smart Grid Installation,Energy,True
P07528,Defense System Export to Poland,Defense,False
P07529,Fertilizer Plant Upgrade,Chemicals,False
P07530,Fertilizer Plant Upgrade,Chemicals,False
P07531,Hydro Power Expansion,Energy,True
P07532,Automated Quality Inspection,Certification,False
P07533,Smart Grid Installation,Energy,True
P07534,Electric Maritime Vessel,Maritime,True
P07535,Offshore Wind Turbine Delivery,Renewable Energy,True
P07536,Electric Maritime Vessel,Maritime,True
P07537,Defense System Export to Poland,Defense,False
P07538,Offshore Wind Turbine Delivery,Renewable Energy,True
P07539,Carbon Capture Installation,Energy,True
P07540,Defense System Export to Poland,Defense,False
P07541,Automated Quality Inspection,Certification,False
P07542,Electric Maritime Vessel,Maritime,True
P07543,Carbon Capture Installation,Energy,True
P07544,Automated Quality Inspection,Certification,False
P07545,Industrial Robotics Export,Technology,False
P07546,Carbon Capture Installation,Energy,True
P07547,Industrial Robotics Export,Technology,False
P07548,Fertilizer Plant Upgrade,Chemicals,False
P07549,Carbon Capture Installation,Energy,True
P07550,Green Steel Plant,Metals,True
P07551,Hydro Power Expansion,Energy,True
P07552,Industrial Robotics Export,Technology,False
P07553,Automated Quality Inspection,Certification,False
P07554,Automated Quality Inspection,Certification,False
P07555,Hydro Power Expansion,Energy,True
P07556,Hydro Power Expansion,Energy,True
P07557,Green Steel Plant,Metals,True
P07558,Green Steel Plant,Metals,True
P07559,Industrial Robotics Export,Technology,False
P07560,Automated Quality Inspection,Certification,False
P07561,Hydro Power Expansion,Energy,True
P07562,Industrial Robotics Export,Technology,False
P07563,Defense System Export to Poland,Defense,False
P07564,Offshore Wind Turbine Delivery,Renewable Energy,True
P07565,Automated Quality Inspection,Certification,False
P07566,Fertilizer Plant Upgrade,Chemicals,False
P07567,Industrial Robotics Export,Technology,False
P07568,Hydro Power Expansion,Energy,True
P07569,Smart Grid Installation,Energy,True
P07570,Automated Quality Inspection,Certification,False
P07571,Hydro Power Expansion,Energy,True
P07572,Defense System Export to Poland,Defense,False
P07573,Hydro Power Expansion,Energy,True
P07574,Industrial Robotics Export,Technology,False
P07575,Automated Quality Inspection,Certification,False
P07576,Carbon Capture Installation,Energy,True
P07577,Offshore Wind Turbine Delivery,Renewable Energy,True
P07578,Automated Quality Inspection,Certification,False
P07579,Automated Quality Inspection,Certification,False
P07580,Electric Maritime Vessel,Maritime,True
P07581,Industrial Robotics Export,Technology,False
P07582,Defense System Export to Poland,Defense,False
P07583,Hydro Power Expansion,Energy,True
P07584,Defense System Export to Poland,Defense,False
P07585,Electric Maritime Vessel,Maritime,True
P07586,Defense System Export to Poland,Defense,False
P07587,Industrial Robotics Export,Technology,False
P07588,Electric Maritime Vessel,Maritime,True
P07589,Automated Quality Inspection,Certification,False
P07590,Defense System Export to Poland,Defense,False
P07591,Fertilizer Plant Upgrade,Chemicals,False
P07592,Green Steel Plant,Metals,True
P07593,Carbon Capture Installation,Energy,True
P07594,Smart Grid Installation,Energy,True
P07595,Industrial Robotics Export,Technology,False
P07596,Hydro Power Expansion,Energy,True
P07597,Offshore Wind Turbine Delivery,Renewable Energy,True
P07598,Smart Grid Installation,Energy,True
P07599,Industrial Robotics Export,Technology,False
P07600,Smart Grid Installation,Energy,True
P07601,Fertilizer Plant Upgrade,Chemicals,False
P07602,Hydro Power Expansion,Energy,True
P07603,Industrial Robotics Export,Technology,False
P07604,Green Steel Plant,Metals,True
P07605,Smart Grid Installation,Energy,True
P07606,Industrial Robotics Export,Technology,False
P07607,Smart Grid Installation,Energy,True
P07608,Fertilizer Plant Upgrade,Chemicals,False
P07609,Carbon Capture Installation,Energy,True
P07610,Carbon Capture Installation,Energy,True
P07611,Automated Quality Inspection,Certification,False
P07612,Industrial Robotics Export,Technology,False
P07613,Defense System Export to Poland,Defense,False
P07614,Offshore Wind Turbine Delivery,Renewable Energy,True
P07615,Automated Quality Inspection,Certification,False
P07616,Green Steel Plant,Metals,True
P07617,Fertilizer Plant Upgrade,Chemicals,False
P07618,Hydro Power Expansion,Energy,True
P07619,Smart Grid Installation,Energy,True
P07620,Offshore Wind Turbine Delivery,Renewable Energy,True
P07621,Automated Quality Inspection,Certification,False
P07622,Electric Maritime Vessel,Maritime,True
P07623,Offshore Wind Turbine Delivery,Renewable Energy,True
P07624,Industrial Robotics Export,Technology,False
P07625,Defense System Export to Poland,Defense,False
P07626,Electric Maritime Vessel,Maritime,True
P07627,Defense System Export to Poland,Defense,False
P07628,Electric Maritime Vessel,Maritime,True
P07629,Defense System Export to Poland,Defense,False
P07630,Defense System Export to Poland,Defense,False
P07631,Carbon Capture Installation,Energy,True
P07632,Fertilizer Plant Upgrade,Chemicals,False
P07633,Smart Grid Installation,Energy,True
P07634,Electric Maritime Vessel,Maritime,True
P07635,Green Steel Plant,Metals,True
P07636,Green Steel Plant,Metals,True
P07637,Offshore Wind Turbine Delivery,Renewable Energy,True
P07638,Defense System Export to Poland,Defense,False
P07639,Carbon Capture Installation,Energy,True
P07640,Electric Maritime Vessel,Maritime,True
P07641,Green Steel Plant,Metals,True
P07642,Automated Quality Inspection,Certification,False
P07643,Fertilizer Plant Upgrade,Chemicals,False
P07644,Offshore Wind Turbine Delivery,Renewable Energy,True
P07645,Offshore Wind Turbine Delivery,Renewable Energy,True
P07646,Electric Maritime Vessel,Maritime,True
P07647,Electric Maritime Vessel,Maritime,True
P07648,Defense System Export to Poland,Defense,False
P07649,Fertilizer Plant Upgrade,Chemicals,False
P07650,Hydro Power Expansion,Energy,True
P07651,Offshore Wind Turbine Delivery,Renewable Energy,True
P07652,Industrial Robotics Export,Technology,False
P07653,Fertilizer Plant Upgrade,Chemicals,False
P07654,Green Steel Plant,Metals,True
P07655,Fertilizer Plant Upgrade,Chemicals,False
P07656,Electric Maritime Vessel,Maritime,True
P07657,Hydro Power Expansion,Energy,True
P07658,Carbon Capture Installation,Energy,True
P07659,Green Steel Plant,Metals,True
P07660,Automated Quality Inspection,Certification,False
P07661,Fertilizer Plant Upgrade,Chemicals,False
P07662,Automated Quality Inspection,Certification,False
P07663,Smart Grid Installation,Energy,True
P07664,Offshore Wind Turbine Delivery,Renewable Energy,True
P07665,Offshore Wind Turbine Delivery,Renewable Energy,True
P07666,Industrial Robotics Export,Technology,False
P07667,Green Steel Plant,Metals,True
P07668,Automated Quality Inspection,Certification,False
P07669,Industrial Robotics Export,Technology,False
P07670,Carbon Capture Installation,Energy,True
P07671,Carbon Capture Installation,Energy,True
P07672,Carbon Capture Installation,Energy,True
P07673,Carbon Capture Installation,Energy,True
P07674,Industrial Robotics Export,Technology,False
P07675,Carbon Capture Installation,Energy,True
P07676,Offshore Wind Turbine Delivery,Renewable Energy,True
P07677,Defense System Export to Poland,Defense,False
P07678,Defense System Export to Poland,Defense,False
P07679,Green Steel Plant,Metals,True
P07680,Carbon Capture Installation,Energy,True
P07681,Hydro Power Expansion,Energy,True
P07682,Smart Grid Installation,Energy,True
P07683,Offshore Wind Turbine Delivery,Renewable Energy,True
P07684,Fertilizer Plant Upgrade,Chemicals,False
P07685,Offshore Wind Turbine Delivery,Renewable Energy,True
P07686,Automated Quality Inspection,Certification,False
P07687,Smart Grid Installation,Energy,True
P07688,Carbon Capture Installation,Energy,True
P07689,Hydro Power Expansion,Energy,True
P07690,Defense System Export to Poland,Defense,False
P07691,Smart Grid Installation,Energy,True
P07692,Smart Grid Installation,Energy,True
P07693,Hydro Power Expansion,Energy,True
P07694,Carbon Capture Installation,Energy,True
P07695,Offshore Wind Turbine Delivery,Renewable Energy,True
P07696,Industrial Robotics Export,Technology,False
P07697,Offshore Wind Turbine Delivery,Renewable Energy,True
P07698,Automated Quality Inspection,Certification,False
P07699,Smart Grid Installation,Energy,True
P07700,Electric Maritime Vessel,Maritime,True
P07701,Fertilizer Plant Upgrade,Chemicals,False
P07702,Automated Quality Inspection,Certification,False
P07703,Automated Quality Inspection,Certification,False
P07704,Industrial Robotics Export,Technology,False
P07705,Smart Grid Installation,Energy,True
P07706,Electric Maritime Vessel,Maritime,True
P07707,Fertilizer Plant Upgrade,Chemicals,False
P07708,Automated Quality Inspection,Certification,False
P07709,Carbon Capture Installation,Energy,True
P07710,Defense System Export to Poland,Defense,False
P07711,Fertilizer Plant Upgrade,Chemicals,False
P07712,Electric Maritime Vessel,Maritime,True
P07713,Defense System Export to Poland,Defense,False
P07714,Industrial Robotics Export,Technology,False
P07715,Industrial Robotics Export,Technology,False
P07716,Green Steel Plant,Metals,True
P07717,Automated Quality Inspection,Certification,False
P07718,Carbon Capture Installation,Energy,True
P07719,Electric Maritime Vessel,Maritime,True
P07720,Defense System Export to Poland,Defense,False
P07721,Smart Grid Installation,Energy,True
P07722,Hydro Power Expansion,Energy,True
P07723,Smart Grid Installation,Energy,True
P07724,Green Steel Plant,Metals,True
P07725,Automated Quality Inspection,Certification,False
P07726,Smart Grid Installation,Energy,True
P07727,Industrial Robotics Export,Technology,False
P07728,Smart Grid Installation,Energy,True
P07729,Defense System Export to Poland,Defense,False
P07730,Defense System Export to Poland,Defense,False
P07731,Electric Maritime Vessel,Maritime,True
P07732,Defense System Export to Poland,Defense,False
P07733,Electric Maritime Vessel,Maritime,True
P07734,Carbon Capture Installation,Energy,True
P07735,Hydro Power Expansion,Energy,True
P07736,Automated Quality Inspection,Certification,False
P07737,Industrial Robotics Export,Technology,False
P07738,Industrial Robotics Export,Technology,False
P07739,Fertilizer Plant Upgrade,Chemicals,False
P07740,Green Steel Plant,Metals,True
P07741,Green Steel Plant,Metals,True
P07742,Green Steel Plant,Metals,True
P07743,Smart Grid Installation,Energy,True
P07744,Smart Grid Installation,Energy,True
P07745,Carbon Capture Installation,Energy,True
P07746,Automated Quality Inspection,Certification,False
P07747,Carbon Capture Installation,Energy,True
P07748,Green Steel Plant,Metals,True
P07749,Hydro Power Expansion,Energy,True
P07750,Smart Grid Installation,Energy,True
P07751,Defense System Export to Poland,Defense,False
P07752,Carbon Capture Installation,Energy,True
P07753,Carbon Capture Installation,Energy,True
P07754,Fertilizer Plant Upgrade,Chemicals,False
P07755,Electric Maritime Vessel,Maritime,True
P07756,Electric Maritime Vessel,Maritime,True
P07757,Carbon Capture Installation,Energy,True
P07758,Electric Maritime Vessel,Maritime,True
P07759,Green Steel Plant,Metals,True
P07760,Industrial Robotics Export,Technology,False
P07761,Fertilizer Plant Upgrade,Chemicals,False
P07762,Hydro Power Expansion,Energy,True
P07763,Automated Quality Inspection,Certification,False
P07764,Smart Grid Installation,Energy,True
P07765,Industrial Robotics Export,Technology,False
P07766,Offshore Wind Turbine Delivery,Renewable Energy,True
P07767,Green Steel Plant,Metals,True
P07768,Carbon Capture Installation,Energy,True
P07769,Electric Maritime Vessel,Maritime,True
P07770,Defense System Export to Poland,Defense,False
P07771,Electric Maritime Vessel,Maritime,True
P07772,Industrial Robotics Export,Technology,False
P07773,Automated Quality Inspection,Certification,False
P07774,Carbon Capture Installation,Energy,True
P07775,Carbon Capture Installation,Energy,True
P07776,Green Steel Plant,Metals,True
P07777,Defense System Export to Poland,Defense,False
P07778,Industrial Robotics Export,Technology,False
P07779,Automated Quality Inspection,Certification,False
P07780,Carbon Capture Installation,Energy,True
P07781,Electric Maritime Vessel,Maritime,True
P07782,Defense System Export to Poland,Defense,False
P07783,Offshore Wind Turbine Delivery,Renewable Energy,True
P07784,Offshore Wind Turbine Delivery,Renewable Energy,True
P07785,Automated Quality Inspection,Certification,False
P07786,Industrial Robotics Export,Technology,False
P07787,Carbon Capture Installation,Energy,True
P07788,Industrial Robotics Export,Technology,False
P07789,Electric Maritime Vessel,Maritime,True
P07790,Automated Quality Inspection,Certification,False
P07791,Green Steel Plant,Metals,True
P07792,Hydro Power Expansion,Energy,True
P07793,Hydro Power Expansion,Energy,True
P07794,Hydro Power Expansion,Energy,True
P07795,Offshore Wind Turbine Delivery,Renewable Energy,True
P07796,Automated Quality Inspection,Certification,False
P07797,Automated Quality Inspection,Certification,False
P07798,Automated Quality Inspection,Certification,False
P07799,Electric Maritime Vessel,Maritime,True
P07800,Electric Maritime Vessel,Maritime,True
P07801,Industrial Robotics Export,Technology,False
P07802,Industrial Robotics Export,Technology,False
P07803,Automated Quality Inspection,Certification,False
P07804,Automated Quality Inspection,Certification,False
P07805,Offshore Wind Turbine Delivery,Renewable Energy,True
P07806,Fertilizer Plant Upgrade,Chemicals,False
P07807,Carbon Capture Installation,Energy,True
P07808,Defense System Export to Poland,Defense,False
P07809,Carbon Capture Installation,Energy,True
P07810,Defense System Export to Poland,Defense,False
P07811,Electric Maritime Vessel,Maritime,True
P07812,Defense System Export to Poland,Defense,False
P07813,Automated Quality Inspection,Certification,False
P07814,Offshore Wind Turbine Delivery,Renewable Energy,True
P07815,Offshore Wind Turbine Delivery,Renewable Energy,True
P07816,Electric Maritime Vessel,Maritime,True
P07817,Defense System Export to Poland,Defense,False
P07818,Industrial Robotics Export,Technology,False
P07819,Green Steel Plant,Metals,True
P07820,Smart Grid Installation,Energy,True
P07821,Fertilizer Plant Upgrade,Chemicals,False
P07822,Industrial Robotics Export,Technology,False
P07823,Offshore Wind Turbine Delivery,Renewable Energy,True
P07824,Defense System Export to Poland,Defense,False
P07825,Hydro Power Expansion,Energy,True
P07826,Defense System Export to Poland,Defense,False
P07827,Offshore Wind Turbine Delivery,Renewable Energy,True
P07828,Offshore Wind Turbine Delivery,Renewable Energy,True
P07829,Electric Maritime Vessel,Maritime,True
P07830,Green Steel Plant,Metals,True
P07831,Electric Maritime Vessel,Maritime,True
P07832,Hydro Power Expansion,Energy,True
P07833,Electric Maritime Vessel,Maritime,True
P07834,Smart Grid Installation,Energy,True
P07835,Hydro Power Expansion,Energy,True
P07836,Hydro Power Expansion,Energy,True
P07837,Smart Grid Installation,Energy,True
P07838,Fertilizer Plant Upgrade,Chemicals,False
P07839,Offshore Wind Turbine Delivery,Renewable Energy,True
P07840,Green Steel Plant,Metals,True
P07841,Green Steel Plant,Metals,True
P07842,Defense System Export to Poland,Defense,False
P07843,Electric Maritime Vessel,Maritime,True
P07844,Smart Grid Installation,Energy,True
P07845,Fertilizer Plant Upgrade,Chemicals,False
P07846,Electric Maritime Vessel,Maritime,True
P07847,Hydro Power Expansion,Energy,True
P07848,Automated Quality Inspection,Certification,False
P07849,Carbon Capture Installation,Energy,True
P07850,Offshore Wind Turbine Delivery,Renewable Energy,True
P07851,Automated Quality Inspection,Certification,False
P07852,Defense System Export to Poland,Defense,False
P07853,Offshore Wind Turbine Delivery,Renewable Energy,True
P07854,Fertilizer Plant Upgrade,Chemicals,False
P07855,Smart Grid Installation,Energy,True
P07856,Smart Grid Installation,Energy,True
P07857,Green Steel Plant,Metals,True
P07858,Industrial Robotics Export,Technology,False
P07859,Offshore Wind Turbine Delivery,Renewable Energy,True
P07860,Green Steel Plant,Metals,True
P07861,Green Steel Plant,Metals,True
P07862,Defense System Export to Poland,Defense,False
P07863,Green Steel Plant,Metals,True
P07864,Hydro Power Expansion,Energy,True
P07865,Green Steel Plant,Metals,True
P07866,Green Steel Plant,Metals,True
P07867,Hydro Power Expansion,Energy,True
P07868,Green Steel Plant,Metals,True
P07869,Hydro Power Expansion,Energy,True
P07870,Automated Quality Inspection,Certification,False
P07871,Industrial Robotics Export,Technology,False
P07872,Smart Grid Installation,Energy,True
P07873,Carbon Capture Installation,Energy,True
P07874,Industrial Robotics Export,Technology,False
P07875,Green Steel Plant,Metals,True
P07876,Carbon Capture Installation,Energy,True
P07877,Fertilizer Plant Upgrade,Chemicals,False
P07878,Defense System Export to Poland,Defense,False
P07879,Offshore Wind Turbine Delivery,Renewable Energy,True
P07880,Green Steel Plant,Metals,True
P07881,Fertilizer Plant Upgrade,Chemicals,False
P07882,Carbon Capture Installation,Energy,True
P07883,Carbon Capture Installation,Energy,True
P07884,Carbon Capture Installation,Energy,True
P07885,Fertilizer Plant Upgrade,Chemicals,False
P07886,Electric Maritime Vessel,Maritime,True
P07887,Hydro Power Expansion,Energy,True
P07888,Fertilizer Plant Upgrade,Chemicals,False
P07889,Electric Maritime Vessel,Maritime,True
P07890,Green Steel Plant,Metals,True
P07891,Hydro Power Expansion,Energy,True
P07892,Defense System Export to Poland,Defense,False
P07893,Defense System Export to Poland,Defense,False
P07894,Carbon Capture Installation,Energy,True
P07895,Hydro Power Expansion,Energy,True
P07896,Fertilizer Plant Upgrade,Chemicals,False
P07897,Defense System Export to Poland,Defense,False
P07898,Hydro Power Expansion,Energy,True
P07899,Hydro Power Expansion,Energy,True
P07900,Industrial Robotics Export,Technology,False
P07901,Smart Grid Installation,Energy,True
P07902,Industrial Robotics Export,Technology,False
P07903,Automated Quality Inspection,Certification,False
P07904,Automated Quality Inspection,Certification,False
P07905,Offshore Wind Turbine Delivery,Renewable Energy,True
P07906,Electric Maritime Vessel,Maritime,True
P07907,Hydro Power Expansion,Energy,True
P07908,Automated Quality Inspection,Certification,False
P07909,Carbon Capture Installation,Energy,True
P07910,Automated Quality Inspection,Certification,False
P07911,Offshore Wind Turbine Delivery,Renewable Energy,True
P07912,Defense System Export to Poland,Defense,False
P07913,Carbon Capture Installation,Energy,True
P07914,Smart Grid Installation,Energy,True
P07915,Offshore Wind Turbine Delivery,Renewable Energy,True
P07916,Carbon Capture Installation,Energy,True
P07917,Carbon Capture Installation,Energy,True
P07918,Defense System Export to Poland,Defense,False
P07919,Offshore Wind Turbine Delivery,Renewable Energy,True
P07920,Smart Grid Installation,Energy,True
P07921,Green Steel Plant,Metals,True
P07922,Fertilizer Plant Upgrade,Chemicals,False
P07923,Smart Grid Installation,Energy,True
P07924,Defense System Export to Poland,Defense,False
P07925,Green Steel Plant,Metals,True
P07926,Smart Grid Installation,Energy,True
P07927,Defense System Export to Poland,Defense,False
P07928,Offshore Wind Turbine Delivery,Renewable Energy,True
P07929,Smart Grid Installation,Energy,True
P07930,Green Steel Plant,Metals,True
P07931,Carbon Capture Installation,Energy,True
P07932,Electric Maritime Vessel,Maritime,True
P07933,Hydro Power Expansion,Energy,True
P07934,Defense System Export to Poland,Defense,False
P07935,Smart Grid Installation,Energy,True
P07936,Green Steel Plant,Metals,True
P07937,Defense System Export to Poland,Defense,False
P07938,Offshore Wind Turbine Delivery,Renewable Energy,True
P07939,Green Steel Plant,Metals,True
P07940,Industrial Robotics Export,Technology,False
P07941,Industrial Robotics Export,Technology,False
P07942,Industrial Robotics Export,Technology,False
P07943,Smart Grid Installation,Energy,True
P07944,Automated Quality Inspection,Certification,False
P07945,Defense System Export to Poland,Defense,False
P07946,Automated Quality Inspection,Certification,False
P07947,Green Steel Plant,Metals,True
P07948,Hydro Power Expansion,Energy,True
P07949,Green Steel Plant,Metals,True
P07950,Hydro Power Expansion,Energy,True
P07951,Green Steel Plant,Metals,True
P07952,Carbon Capture Installation,Energy,True
P07953,Smart Grid Installation,Energy,True
P07954,Industrial Robotics Export,Technology,False
P07955,Industrial Robotics Export,Technology,False
P07956,Defense System Export to Poland,Defense,False
P07957,Industrial Robotics Export,Technology,False
P07958,Industrial Robotics Export,Technology,False
P07959,Electric Maritime Vessel,Maritime,True
P07960,Green Steel Plant,Metals,True
P07961,Automated Quality Inspection,Certification,False
P07962,Fertilizer Plant Upgrade,Chemicals,False
P07963,Carbon Capture Installation,Energy,True
P07964,Fertilizer Plant Upgrade,Chemicals,False
P07965,Automated Quality Inspection,Certification,False
P07966,Offshore Wind Turbine Delivery,Renewable Energy,True
P07967,Electric Maritime Vessel,Maritime,True
P07968,Smart Grid Installation,Energy,True
P07969,Electric Maritime Vessel,Maritime,True
P07970,Electric Maritime Vessel,Maritime,True
P07971,Fertilizer Plant Upgrade,Chemicals,False
P07972,Carbon Capture Installation,Energy,True
P07973,Automated Quality Inspection,Certification,False
P07974,Fertilizer Plant Upgrade,Chemicals,False
P07975,Offshore Wind Turbine Delivery,Renewable Energy,True
P07976,Industrial Robotics Export,Technology,False
P07977,Carbon Capture Installation,Energy,True
P07978,Hydro Power Expansion,Energy,True
P07979,Hydro Power Expansion,Energy,True
P07980,Smart Grid Installation,Energy,True
P07981,Hydro Power Expansion,Energy,True
P07982,Automated Quality Inspection,Certification,False
P07983,Smart Grid Installation,Energy,True
P07984,Smart Grid Installation,Energy,True
P07985,Offshore Wind Turbine Delivery,Renewable Energy,True
P07986,Electric Maritime Vessel,Maritime,True
P07987,Hydro Power Expansion,Energy,True
P07988,Carbon Capture Installation,Energy,True
P07989,Fertilizer Plant Upgrade,Chemicals,False
P07990,Fertilizer Plant Upgrade,Chemicals,False
P07991,Carbon Capture Installation,Energy,True
P07992,Defense System Export to Poland,Defense,False
P07993,Automated Quality Inspection,Certification,False
P07994,Industrial Robotics Export,Technology,False
P07995,Fertilizer Plant Upgrade,Chemicals,False
P07996,Smart Grid Installation,Energy,True
P07997,Defense System Export to Poland,Defense,False
P07998,Offshore Wind Turbine Delivery,Renewable Energy,True
P07999,Green Steel Plant,Metals,True
P08000,Electric Maritime Vessel,Maritime,True
P08001,Carbon Capture Installation,Energy,True
P08002,Green Steel Plant,Metals,True
P08003,Green Steel Plant,Metals,True
P08004,Industrial Robotics Export,Technology,False
P08005,Defense System Export to Poland,Defense,False
P08006,Hydro Power Expansion,Energy,True
P08007,Carbon Capture Installation,Energy,True
P08008,Industrial Robotics Export,Technology,False
P08009,Fertilizer Plant Upgrade,Chemicals,False
P08010,Electric Maritime Vessel,Maritime,True
P08011,Industrial Robotics Export,Technology,False
P08012,Industrial Robotics Export,Technology,False
P08013,Offshore Wind Turbine Delivery,Renewable Energy,True
P08014,Green Steel Plant,Metals,True
P08015,Offshore Wind Turbine Delivery,Renewable Energy,True
P08016,Offshore Wind Turbine Delivery,Renewable Energy,True
P08017,Automated Quality Inspection,Certification,False
P08018,Smart Grid Installation,Energy,True
P08019,Electric Maritime Vessel,Maritime,True
P08020,Electric Maritime Vessel,Maritime,True
P08021,Defense System Export to Poland,Defense,False
P08022,Automated Quality Inspection,Certification,False
P08023,Defense System Export to Poland,Defense,False
P08024,Electric Maritime Vessel,Maritime,True
P08025,Automated Quality Inspection,Certification,False
P08026,Offshore Wind Turbine Delivery,Renewable Energy,True
P08027,Defense System Export to Poland,Defense,False
P08028,Fertilizer Plant Upgrade,Chemicals,False
P08029,Carbon Capture Installation,Energy,True
P08030,Green Steel Plant,Metals,True
P08031,Electric Maritime Vessel,Maritime,True
P08032,Electric Maritime Vessel,Maritime,True
P08033,Hydro Power Expansion,Energy,True
P08034,Fertilizer Plant Upgrade,Chemicals,False
P08035,Carbon Capture Installation,Energy,True
P08036,Automated Quality Inspection,Certification,False
P08037,Automated Quality Inspection,Certification,False
P08038,Automated Quality Inspection,Certification,False
P08039,Carbon Capture Installation,Energy,True
P08040,Smart Grid Installation,Energy,True
P08041,Offshore Wind Turbine Delivery,Renewable Energy,True
P08042,Smart Grid Installation,Energy,True
P08043,Industrial Robotics Export,Technology,False
P08044,Electric Maritime Vessel,Maritime,True
P08045,Automated Quality Inspection,Certification,False
P08046,Green Steel Plant,Metals,True
P08047,Industrial Robotics Export,Technology,False
P08048,Automated Quality Inspection,Certification,False
P08049,Fertilizer Plant Upgrade,Chemicals,False
P08050,Smart Grid Installation,Energy,True
P08051,Green Steel Plant,Metals,True
P08052,Automated Quality Inspection,Certification,False
P08053,Offshore Wind Turbine Delivery,Renewable Energy,True
P08054,Smart Grid Installation,Energy,True
P08055,Carbon Capture Installation,Energy,True
P08056,Industrial Robotics Export,Technology,False
P08057,Carbon Capture Installation,Energy,True
P08058,Defense System Export to Poland,Defense,False
P08059,Automated Quality Inspection,Certification,False
P08060,Green Steel Plant,Metals,True
P08061,Offshore Wind Turbine Delivery,Renewable Energy,True
P08062,Industrial Robotics Export,Technology,False
P08063,Industrial Robotics Export,Technology,False
P08064,Fertilizer Plant Upgrade,Chemicals,False
P08065,Hydro Power Expansion,Energy,True
P08066,Offshore Wind Turbine Delivery,Renewable Energy,True
P08067,Electric Maritime Vessel,Maritime,True
P08068,Industrial Robotics Export,Technology,False
P08069,Offshore Wind Turbine Delivery,Renewable Energy,True
P08070,Automated Quality Inspection,Certification,False
P08071,Fertilizer Plant Upgrade,Chemicals,False
P08072,Automated Quality Inspection,Certification,False
P08073,Carbon Capture Installation,Energy,True
P08074,Defense System Export to Poland,Defense,False
P08075,Green Steel Plant,Metals,True
P08076,Electric Maritime Vessel,Maritime,True
P08077,Carbon Capture Installation,Energy,True
P08078,Hydro Power Expansion,Energy,True
P08079,Hydro Power Expansion,Energy,True
P08080,Hydro Power Expansion,Energy,True
P08081,Smart Grid Installation,Energy,True
P08082,Electric Maritime Vessel,Maritime,True
P08083,Smart Grid Installation,Energy,True
P08084,Green Steel Plant,Metals,True
P08085,Hydro Power Expansion,Energy,True
P08086,Fertilizer Plant Upgrade,Chemicals,False
P08087,Defense System Export to Poland,Defense,False
P08088,Defense System Export to Poland,Defense,False
P08089,Green Steel Plant,Metals,True
P08090,Green Steel Plant,Metals,True
P08091,Automated Quality Inspection,Certification,False
P08092,Smart Grid Installation,Energy,True
P08093,Smart Grid Installation,Energy,True
P08094,Carbon Capture Installation,Energy,True
P08095,Fertilizer Plant Upgrade,Chemicals,False
P08096,Industrial Robotics Export,Technology,False
P08097,Defense System Export to Poland,Defense,False
P08098,Offshore Wind Turbine Delivery,Renewable Energy,True
P08099,Hydro Power Expansion,Energy,True
P08100,Hydro Power Expansion,Energy,True
P08101,Electric Maritime Vessel,Maritime,True
P08102,Offshore Wind Turbine Delivery,Renewable Energy,True
P08103,Defense System Export to Poland,Defense,False
P08104,Hydro Power Expansion,Energy,True
P08105,Defense System Export to Poland,Defense,False
P08106,Industrial Robotics Export,Technology,False
P08107,Carbon Capture Installation,Energy,True
P08108,Industrial Robotics Export,Technology,False
P08109,Fertilizer Plant Upgrade,Chemicals,False
P08110,Automated Quality Inspection,Certification,False
P08111,Green Steel Plant,Metals,True
P08112,Automated Quality Inspection,Certification,False
P08113,Electric Maritime Vessel,Maritime,True
P08114,Fertilizer Plant Upgrade,Chemicals,False
P08115,Offshore Wind Turbine Delivery,Renewable Energy,True
P08116,Offshore Wind Turbine Delivery,Renewable Energy,True
P08117,Automated Quality Inspection,Certification,False
P08118,Green Steel Plant,Metals,True
P08119,Industrial Robotics Export,Technology,False
P08120,Automated Quality Inspection,Certification,False
P08121,Industrial Robotics Export,Technology,False
P08122,Offshore Wind Turbine Delivery,Renewable Energy,True
P08123,Hydro Power Expansion,Energy,True
P08124,Green Steel Plant,Metals,True
P08125,Offshore Wind Turbine Delivery,Renewable Energy,True
P08126,Electric Maritime Vessel,Maritime,True
P08127,Smart Grid Installation,Energy,True
P08128,Carbon Capture Installation,Energy,True
P08129,Smart Grid Installation,Energy,True
P08130,Offshore Wind Turbine Delivery,Renewable Energy,True
P08131,Green Steel Plant,Metals,True
P08132,Offshore Wind Turbine Delivery,Renewable Energy,True
P08133,Industrial Robotics Export,Technology,False
P08134,Hydro Power Expansion,Energy,True
P08135,Industrial Robotics Export,Technology,False
P08136,Smart Grid Installation,Energy,True
P08137,Offshore Wind Turbine Delivery,Renewable Energy,True
P08138,Defense System Export to Poland,Defense,False
P08139,Green Steel Plant,Metals,True
P08140,Defense System Export to Poland,Defense,False
P08141,Hydro Power Expansion,Energy,True
P08142,Hydro Power Expansion,Energy,True
P08143,Automated Quality Inspection,Certification,False
P08144,Automated Quality Inspection,Certification,False
P08145,Smart Grid Installation,Energy,True
P08146,Hydro Power Expansion,Energy,True
P08147,Electric Maritime Vessel,Maritime,True
P08148,Carbon Capture Installation,Energy,True
P08149,Electric Maritime Vessel,Maritime,True
P08150,Electric Maritime Vessel,Maritime,True
P08151,Automated Quality Inspection,Certification,False
P08152,Offshore Wind Turbine Delivery,Renewable Energy,True
P08153,Carbon Capture Installation,Energy,True
P08154,Electric Maritime Vessel,Maritime,True
P08155,Hydro Power Expansion,Energy,True
P08156,Automated Quality Inspection,Certification,False
P08157,Green Steel Plant,Metals,True
P08158,Offshore Wind Turbine Delivery,Renewable Energy,True
P08159,Offshore Wind Turbine Delivery,Renewable Energy,True
P08160,Electric Maritime Vessel,Maritime,True
P08161,Green Steel Plant,Metals,True
P08162,Smart Grid Installation,Energy,True
P08163,Hydro Power Expansion,Energy,True
P08164,Smart Grid Installation,Energy,True
P08165,Green Steel Plant,Metals,True
P08166,Smart Grid Installation,Energy,True
P08167,Electric Maritime Vessel,Maritime,True
P08168,Electric Maritime Vessel,Maritime,True
P08169,Green Steel Plant,Metals,True
P08170,Green Steel Plant,Metals,True
P08171,Green Steel Plant,Metals,True
P08172,Industrial Robotics Export,Technology,False
P08173,Electric Maritime Vessel,Maritime,True
P08174,Offshore Wind Turbine Delivery,Renewable Energy,True
P08175,Hydro Power Expansion,Energy,True
P08176,Hydro Power Expansion,Energy,True
P08177,Industrial Robotics Export,Technology,False
P08178,Automated Quality Inspection,Certification,False
P08179,Hydro Power Expansion,Energy,True
P08180,Fertilizer Plant Upgrade,Chemicals,False
P08181,Hydro Power Expansion,Energy,True
P08182,Industrial Robotics Export,Technology,False
P08183,Industrial Robotics Export,Technology,False
P08184,Fertilizer Plant Upgrade,Chemicals,False
P08185,Defense System Export to Poland,Defense,False
P08186,Smart Grid Installation,Energy,True
P08187,Hydro Power Expansion,Energy,True
P08188,Fertilizer Plant Upgrade,Chemicals,False
P08189,Offshore Wind Turbine Delivery,Renewable Energy,True
P08190,Carbon Capture Installation,Energy,True
P08191,Smart Grid Installation,Energy,True
P08192,Carbon Capture Installation,Energy,True
P08193,Fertilizer Plant Upgrade,Chemicals,False
P08194,Green Steel Plant,Metals,True
P08195,Electric Maritime Vessel,Maritime,True
P08196,Fertilizer Plant Upgrade,Chemicals,False
P08197,Smart Grid Installation,Energy,True
P08198,Defense System Export to Poland,Defense,False
P08199,Green Steel Plant,Metals,True
P08200,Fertilizer Plant Upgrade,Chemicals,False
P08201,Offshore Wind Turbine Delivery,Renewable Energy,True
P08202,Electric Maritime Vessel,Maritime,True
P08203,Offshore Wind Turbine Delivery,Renewable Energy,True
P08204,Offshore Wind Turbine Delivery,Renewable Energy,True
P08205,Green Steel Plant,Metals,True
P08206,Carbon Capture Installation,Energy,True
P08207,Automated Quality Inspection,Certification,False
P08208,Carbon Capture Installation,Energy,True
P08209,Smart Grid Installation,Energy,True
P08210,Electric Maritime Vessel,Maritime,True
P08211,Hydro Power Expansion,Energy,True
P08212,Fertilizer Plant Upgrade,Chemicals,False
P08213,Fertilizer Plant Upgrade,Chemicals,False
P08214,Automated Quality Inspection,Certification,False
P08215,Fertilizer Plant Upgrade,Chemicals,False
P08216,Electric Maritime Vessel,Maritime,True
P08217,Electric Maritime Vessel,Maritime,True
P08218,Fertilizer Plant Upgrade,Chemicals,False
P08219,Smart Grid Installation,Energy,True
P08220,Defense System Export to Poland,Defense,False
P08221,Offshore Wind Turbine Delivery,Renewable Energy,True
P08222,Smart Grid Installation,Energy,True
P08223,Smart Grid Installation,Energy,True
P08224,Smart Grid Installation,Energy,True
P08225,Hydro Power Expansion,Energy,True
P08226,Electric Maritime Vessel,Maritime,True
P08227,Smart Grid Installation,Energy,True
P08228,Hydro Power Expansion,Energy,True
P08229,Industrial Robotics Export,Technology,False
P08230,Fertilizer Plant Upgrade,Chemicals,False
P08231,Electric Maritime Vessel,Maritime,True
P08232,Smart Grid Installation,Energy,True
P08233,Defense System Export to Poland,Defense,False
P08234,Automated Quality Inspection,Certification,False
P08235,Green Steel Plant,Metals,True
P08236,Automated Quality Inspection,Certification,False
P08237,Smart Grid Installation,Energy,True
P08238,Industrial Robotics Export,Technology,False
P08239,Carbon Capture Installation,Energy,True
P08240,Defense System Export to Poland,Defense,False
P08241,Automated Quality Inspection,Certification,False
P08242,Automated Quality Inspection,Certification,False
P08243,Hydro Power Expansion,Energy,True
P08244,Automated Quality Inspection,Certification,False
P08245,Offshore Wind Turbine Delivery,Renewable Energy,True
P08246,Carbon Capture Installation,Energy,True
P08247,Fertilizer Plant Upgrade,Chemicals,False
P08248,Green Steel Plant,Metals,True
P08249,Green Steel Plant,Metals,True
P08250,Defense System Export to Poland,Defense,False
P08251,Hydro Power Expansion,Energy,True
P08252,Green Steel Plant,Metals,True
P08253,Carbon Capture Installation,Energy,True
P08254,Automated Quality Inspection,Certification,False
P08255,Industrial Robotics Export,Technology,False
P08256,Fertilizer Plant Upgrade,Chemicals,False
P08257,Green Steel Plant,Metals,True
P08258,Automated Quality Inspection,Certification,False
P08259,Industrial Robotics Export,Technology,False
P08260,Carbon Capture Installation,Energy,True
P08261,Industrial Robotics Export,Technology,False
P08262,Electric Maritime Vessel,Maritime,True
P08263,Industrial Robotics Export,Technology,False
P08264,Smart Grid Installation,Energy,True
P08265,Green Steel Plant,Metals,True
P08266,Defense System Export to Poland,Defense,False
P08267,Electric Maritime Vessel,Maritime,True
P08268,Industrial Robotics Export,Technology,False
P08269,Carbon Capture Installation,Energy,True
P08270,Hydro Power Expansion,Energy,True
P08271,Hydro Power Expansion,Energy,True
P08272,Green Steel Plant,Metals,True
P08273,Carbon Capture Installation,Energy,True
P08274,Automated Quality Inspection,Certification,False
P08275,Automated Quality Inspection,Certification,False
P08276,Fertilizer Plant Upgrade,Chemicals,False
P08277,Fertilizer Plant Upgrade,Chemicals,False
P08278,Smart Grid Installation,Energy,True
P08279,Carbon Capture Installation,Energy,True
P08280,Fertilizer Plant Upgrade,Chemicals,False
P08281,Offshore Wind Turbine Delivery,Renewable Energy,True
P08282,Green Steel Plant,Metals,True
P08283,Green Steel Plant,Metals,True
P08284,Green Steel Plant,Metals,True
P08285,Green Steel Plant,Metals,True
P08286,Hydro Power Expansion,Energy,True
P08287,Carbon Capture Installation,Energy,True
P08288,Offshore Wind Turbine Delivery,Renewable Energy,True
P08289,Green Steel Plant,Metals,True
P08290,Automated Quality Inspection,Certification,False
P08291,Hydro Power Expansion,Energy,True
P08292,Offshore Wind Turbine Delivery,Renewable Energy,True
P08293,Defense System Export to Poland,Defense,False
P08294,Electric Maritime Vessel,Maritime,True
P08295,Green Steel Plant,Metals,True
P08296,Carbon Capture Installation,Energy,True
P08297,Automated Quality Inspection,Certification,False
P08298,Defense System Export to Poland,Defense,False
P08299,Fertilizer Plant Upgrade,Chemicals,False
P08300,Smart Grid Installation,Energy,True
P08301,Smart Grid Installation,Energy,True
P08302,Defense System Export to Poland,Defense,False
P08303,Industrial Robotics Export,Technology,False
P08304,Carbon Capture Installation,Energy,True
P08305,Offshore Wind Turbine Delivery,Renewable Energy,True
P08306,Defense System Export to Poland,Defense,False
P08307,Fertilizer Plant Upgrade,Chemicals,False
P08308,Carbon Capture Installation,Energy,True
P08309,Industrial Robotics Export,Technology,False
P08310,Offshore Wind Turbine Delivery,Renewable Energy,True
P08311,Defense System Export to Poland,Defense,False
P08312,Hydro Power Expansion,Energy,True
P08313,Fertilizer Plant Upgrade,Chemicals,False
P08314,Offshore Wind Turbine Delivery,Renewable Energy,True
P08315,Carbon Capture Installation,Energy,True
P08316,Hydro Power Expansion,Energy,True
P08317,Industrial Robotics Export,Technology,False
P08318,Carbon Capture Installation,Energy,True
P08319,Automated Quality Inspection,Certification,False
P08320,Industrial Robotics Export,Technology,False
P08321,Hydro Power Expansion,Energy,True
P08322,Automated Quality Inspection,Certification,False
P08323,Smart Grid Installation,Energy,True
P08324,Industrial Robotics Export,Technology,False
P08325,Defense System Export to Poland,Defense,False
P08326,Green Steel Plant,Metals,True
P08327,Smart Grid Installation,Energy,True
P08328,Offshore Wind Turbine Delivery,Renewable Energy,True
P08329,Hydro Power Expansion,Energy,True
P08330,Industrial Robotics Export,Technology,False
P08331,Offshore Wind Turbine Delivery,Renewable Energy,True
P08332,Carbon Capture Installation,Energy,True
P08333,Offshore Wind Turbine Delivery,Renewable Energy,True
P08334,Electric Maritime Vessel,Maritime,True
P08335,Industrial Robotics Export,Technology,False
P08336,Carbon Capture Installation,Energy,True
P08337,Defense System Export to Poland,Defense,False
P08338,Defense System Export to Poland,Defense,False
P08339,Electric Maritime Vessel,Maritime,True
P08340,Green Steel Plant,Metals,True
P08341,Carbon Capture Installation,Energy,True
P08342,Electric Maritime Vessel,Maritime,True
P08343,Electric Maritime Vessel,Maritime,True
P08344,Fertilizer Plant Upgrade,Chemicals,False
P08345,Industrial Robotics Export,Technology,False
P08346,Carbon Capture Installation,Energy,True
P08347,Electric Maritime Vessel,Maritime,True
P08348,Defense System Export to Poland,Defense,False
P08349,Fertilizer Plant Upgrade,Chemicals,False
P08350,Smart Grid Installation,Energy,True
P08351,Green Steel Plant,Metals,True
P08352,Industrial Robotics Export,Technology,False
P08353,Hydro Power Expansion,Energy,True
P08354,Defense System Export to Poland,Defense,False
P08355,Green Steel Plant,Metals,True
P08356,Green Steel Plant,Metals,True
P08357,Hydro Power Expansion,Energy,True
P08358,Defense System Export to Poland,Defense,False
P08359,Fertilizer Plant Upgrade,Chemicals,False
P08360,Fertilizer Plant Upgrade,Chemicals,False
P08361,Industrial Robotics Export,Technology,False
P08362,Carbon Capture Installation,Energy,True
P08363,Electric Maritime Vessel,Maritime,True
P08364,Fertilizer Plant Upgrade,Chemicals,False
P08365,Automated Quality Inspection,Certification,False
P08366,Automated Quality Inspection,Certification,False
P08367,Carbon Capture Installation,Energy,True
P08368,Green Steel Plant,Metals,True
P08369,Fertilizer Plant Upgrade,Chemicals,False
P08370,Fertilizer Plant Upgrade,Chemicals,False
P08371,Hydro Power Expansion,Energy,True
P08372,Offshore Wind Turbine Delivery,Renewable Energy,True
P08373,Smart Grid Installation,Energy,True
P08374,Hydro Power Expansion,Energy,True
P08375,Fertilizer Plant Upgrade,Chemicals,False
P08376,Defense System Export to Poland,Defense,False
P08377,Hydro Power Expansion,Energy,True
P08378,Fertilizer Plant Upgrade,Chemicals,False
P08379,Offshore Wind Turbine Delivery,Renewable Energy,True
P08380,Carbon Capture Installation,Energy,True
P08381,Smart Grid Installation,Energy,True
P08382,Offshore Wind Turbine Delivery,Renewable Energy,True
P08383,Electric Maritime Vessel,Maritime,True
P08384,Hydro Power Expansion,Energy,True
P08385,Fertilizer Plant Upgrade,Chemicals,False
P08386,Electric Maritime Vessel,Maritime,True
P08387,Electric Maritime Vessel,Maritime,True
P08388,Carbon Capture Installation,Energy,True
P08389,Electric Maritime Vessel,Maritime,True
P08390,Electric Maritime Vessel,Maritime,True
P08391,Industrial Robotics Export,Technology,False
P08392,Defense System Export to Poland,Defense,False
P08393,Green Steel Plant,Metals,True
P08394,Offshore Wind Turbine Delivery,Renewable Energy,True
P08395,Automated Quality Inspection,Certification,False
P08396,Hydro Power Expansion,Energy,True
P08397,Hydro Power Expansion,Energy,True
P08398,Green Steel Plant,Metals,True
P08399,Carbon Capture Installation,Energy,True
P08400,Electric Maritime Vessel,Maritime,True
P08401,Fertilizer Plant Upgrade,Chemicals,False
P08402,Fertilizer Plant Upgrade,Chemicals,False
P08403,Hydro Power Expansion,Energy,True
P08404,Industrial Robotics Export,Technology,False
P08405,Hydro Power Expansion,Energy,True
P08406,Smart Grid Installation,Energy,True
P08407,Defense System Export to Poland,Defense,False
P08408,Smart Grid Installation,Energy,True
P08409,Offshore Wind Turbine Delivery,Renewable Energy,True
P08410,Green Steel Plant,Metals,True
P08411,Green Steel Plant,Metals,True
P08412,Defense System Export to Poland,Defense,False
P08413,Smart Grid Installation,Energy,True
P08414,Carbon Capture Installation,Energy,True
P08415,Fertilizer Plant Upgrade,Chemicals,False
P08416,Defense System Export to Poland,Defense,False
P08417,Carbon Capture Installation,Energy,True
P08418,Industrial Robotics Export,Technology,False
P08419,Industrial Robotics Export,Technology,False
P08420,Carbon Capture Installation,Energy,True
P08421,Fertilizer Plant Upgrade,Chemicals,False
P08422,Automated Quality Inspection,Certification,False
P08423,Hydro Power Expansion,Energy,True
P08424,Defense System Export to Poland,Defense,False
P08425,Offshore Wind Turbine Delivery,Renewable Energy,True
P08426,Automated Quality Inspection,Certification,False
P08427,Automated Quality Inspection,Certification,False
P08428,Offshore Wind Turbine Delivery,Renewable Energy,True
P08429,Defense System Export to Poland,Defense,False
P08430,Defense System Export to Poland,Defense,False
P08431,Defense System Export to Poland,Defense,False
P08432,Defense System Export to Poland,Defense,False
P08433,Industrial Robotics Export,Technology,False
P08434,Automated Quality Inspection,Certification,False
P08435,Industrial Robotics Export,Technology,False
P08436,Green Steel Plant,Metals,True
P08437,Green Steel Plant,Metals,True
P08438,Defense System Export to Poland,Defense,False
P08439,Hydro Power Expansion,Energy,True
P08440,Fertilizer Plant Upgrade,Chemicals,False
P08441,Offshore Wind Turbine Delivery,Renewable Energy,True
P08442,Fertilizer Plant Upgrade,Chemicals,False
P08443,Offshore Wind Turbine Delivery,Renewable Energy,True
P08444,Industrial Robotics Export,Technology,False
P08445,Carbon Capture Installation,Energy,True
P08446,Hydro Power Expansion,Energy,True
P08447,Automated Quality Inspection,Certification,False
P08448,Carbon Capture Installation,Energy,True
P08449,Carbon Capture Installation,Energy,True
P08450,Electric Maritime Vessel,Maritime,True
P08451,Offshore Wind Turbine Delivery,Renewable Energy,True
P08452,Green Steel Plant,Metals,True
P08453,Green Steel Plant,Metals,True
P08454,Offshore Wind Turbine Delivery,Renewable Energy,True
P08455,Automated Quality Inspection,Certification,False
P08456,Industrial Robotics Export,Technology,False
P08457,Fertilizer Plant Upgrade,Chemicals,False
P08458,Hydro Power Expansion,Energy,True
P08459,Industrial Robotics Export,Technology,False
P08460,Industrial Robotics Export,Technology,False
P08461,Smart Grid Installation,Energy,True
P08462,Electric Maritime Vessel,Maritime,True
P08463,Smart Grid Installation,Energy,True
P08464,Offshore Wind Turbine Delivery,Renewable Energy,True
P08465,Hydro Power Expansion,Energy,True
P08466,Electric Maritime Vessel,Maritime,True
P08467,Defense System Export to Poland,Defense,False
P08468,Carbon Capture Installation,Energy,True
P08469,Smart Grid Installation,Energy,True
P08470,Industrial Robotics Export,Technology,False
P08471,Smart Grid Installation,Energy,True
P08472,Carbon Capture Installation,Energy,True
P08473,Industrial Robotics Export,Technology,False
P08474,Carbon Capture Installation,Energy,True
P08475,Fertilizer Plant Upgrade,Chemicals,False
P08476,Defense System Export to Poland,Defense,False
P08477,Offshore Wind Turbine Delivery,Renewable Energy,True
P08478,Automated Quality Inspection,Certification,False
P08479,Green Steel Plant,Metals,True
P08480,Hydro Power Expansion,Energy,True
P08481,Automated Quality Inspection,Certification,False
P08482,Smart Grid Installation,Energy,True
P08483,Offshore Wind Turbine Delivery,Renewable Energy,True
P08484,Smart Grid Installation,Energy,True
P08485,Offshore Wind Turbine Delivery,Renewable Energy,True
P08486,Fertilizer Plant Upgrade,Chemicals,False
P08487,Defense System Export to Poland,Defense,False
P08488,Electric Maritime Vessel,Maritime,True
P08489,Offshore Wind Turbine Delivery,Renewable Energy,True
P08490,Green Steel Plant,Metals,True
P08491,Green Steel Plant,Metals,True
P08492,Fertilizer Plant Upgrade,Chemicals,False
P08493,Smart Grid Installation,Energy,True
P08494,Automated Quality Inspection,Certification,False
P08495,Green Steel Plant,Metals,True
P08496,Carbon Capture Installation,Energy,True
P08497,Fertilizer Plant Upgrade,Chemicals,False
P08498,Electric Maritime Vessel,Maritime,True
P08499,Carbon Capture Installation,Energy,True
P08500,Electric Maritime Vessel,Maritime,True
P08501,Fertilizer Plant Upgrade,Chemicals,False
P08502,Industrial Robotics Export,Technology,False
P08503,Electric Maritime Vessel,Maritime,True
P08504,Hydro Power Expansion,Energy,True
P08505,Offshore Wind Turbine Delivery,Renewable Energy,True
P08506,Electric Maritime Vessel,Maritime,True
P08507,Fertilizer Plant Upgrade,Chemicals,False
P08508,Green Steel Plant,Metals,True
P08509,Industrial Robotics Export,Technology,False
P08510,Smart Grid Installation,Energy,True
P08511,Fertilizer Plant Upgrade,Chemicals,False
P08512,Green Steel Plant,Metals,True
P08513,Carbon Capture Installation,Energy,True
P08514,Industrial Robotics Export,Technology,False
P08515,Smart Grid Installation,Energy,True
P08516,Electric Maritime Vessel,Maritime,True
P08517,Green Steel Plant,Metals,True
P08518,Electric Maritime Vessel,Maritime,True
P08519,Electric Maritime Vessel,Maritime,True
P08520,Green Steel Plant,Metals,True
P08521,Smart Grid Installation,Energy,True
P08522,Green Steel Plant,Metals,True
P08523,Automated Quality Inspection,Certification,False
P08524,Electric Maritime Vessel,Maritime,True
P08525,Fertilizer Plant Upgrade,Chemicals,False
P08526,Smart Grid Installation,Energy,True
P08527,Green Steel Plant,Metals,True
P08528,Carbon Capture Installation,Energy,True
P08529,Fertilizer Plant Upgrade,Chemicals,False
P08530,Electric Maritime Vessel,Maritime,True
P08531,Defense System Export to Poland,Defense,False
P08532,Industrial Robotics Export,Technology,False
P08533,Defense System Export to Poland,Defense,False
P08534,Green Steel Plant,Metals,True
P08535,Fertilizer Plant Upgrade,Chemicals,False
P08536,Electric Maritime Vessel,Maritime,True
P08537,Green Steel Plant,Metals,True
P08538,Green Steel Plant,Metals,True
P08539,Electric Maritime Vessel,Maritime,True
P08540,Offshore Wind Turbine Delivery,Renewable Energy,True
P08541,Hydro Power Expansion,Energy,True
P08542,Hydro Power Expansion,Energy,True
P08543,Fertilizer Plant Upgrade,Chemicals,False
P08544,Hydro Power Expansion,Energy,True
P08545,Fertilizer Plant Upgrade,Chemicals,False
P08546,Carbon Capture Installation,Energy,True
P08547,Green Steel Plant,Metals,True
P08548,Electric Maritime Vessel,Maritime,True
P08549,Green Steel Plant,Metals,True
P08550,Defense System Export to Poland,Defense,False
P08551,Industrial Robotics Export,Technology,False
P08552,Green Steel Plant,Metals,True
P08553,Offshore Wind Turbine Delivery,Renewable Energy,True
P08554,Fertilizer Plant Upgrade,Chemicals,False
P08555,Fertilizer Plant Upgrade,Chemicals,False
P08556,Automated Quality Inspection,Certification,False
P08557,Fertilizer Plant Upgrade,Chemicals,False
P08558,Automated Quality Inspection,Certification,False
P08559,Offshore Wind Turbine Delivery,Renewable Energy,True
P08560,Smart Grid Installation,Energy,True
P08561,Offshore Wind Turbine Delivery,Renewable Energy,True
P08562,Smart Grid Installation,Energy,True
P08563,Hydro Power Expansion,Energy,True
P08564,Industrial Robotics Export,Technology,False
P08565,Fertilizer Plant Upgrade,Chemicals,False
P08566,Carbon Capture Installation,Energy,True
P08567,Smart Grid Installation,Energy,True
P08568,Hydro Power Expansion,Energy,True
P08569,Automated Quality Inspection,Certification,False
P08570,Electric Maritime Vessel,Maritime,True
P08571,Green Steel Plant,Metals,True
P08572,Automated Quality Inspection,Certification,False
P08573,Offshore Wind Turbine Delivery,Renewable Energy,True
P08574,Fertilizer Plant Upgrade,Chemicals,False
P08575,Fertilizer Plant Upgrade,Chemicals,False
P08576,Fertilizer Plant Upgrade,Chemicals,False
P08577,Defense System Export to Poland,Defense,False
P08578,Fertilizer Plant Upgrade,Chemicals,False
P08579,Automated Quality Inspection,Certification,False
P08580,Defense System Export to Poland,Defense,False
P08581,Hydro Power Expansion,Energy,True
P08582,Offshore Wind Turbine Delivery,Renewable Energy,True
P08583,Carbon Capture Installation,Energy,True
P08584,Offshore Wind Turbine Delivery,Renewable Energy,True
P08585,Hydro Power Expansion,Energy,True
P08586,Hydro Power Expansion,Energy,True
P08587,Offshore Wind Turbine Delivery,Renewable Energy,True
P08588,Fertilizer Plant Upgrade,Chemicals,False
P08589,Carbon Capture Installation,Energy,True
P08590,Fertilizer Plant Upgrade,Chemicals,False
P08591,Hydro Power Expansion,Energy,True
P08592,Fertilizer Plant Upgrade,Chemicals,False
P08593,Electric Maritime Vessel,Maritime,True
P08594,Automated Quality Inspection,Certification,False
P08595,Electric Maritime Vessel,Maritime,True
P08596,Carbon Capture Installation,Energy,True
P08597,Green Steel Plant,Metals,True
P08598,Carbon Capture Installation,Energy,True
P08599,Green Steel Plant,Metals,True
P08600,Green Steel Plant,Metals,True
P08601,Industrial Robotics Export,Technology,False
P08602,Defense System Export to Poland,Defense,False
P08603,Industrial Robotics Export,Technology,False
P08604,Carbon Capture Installation,Energy,True
P08605,Green Steel Plant,Metals,True
P08606,Offshore Wind Turbine Delivery,Renewable Energy,True
P08607,Hydro Power Expansion,Energy,True
P08608,Industrial Robotics Export,Technology,False
P08609,Offshore Wind Turbine Delivery,Renewable Energy,True
P08610,Offshore Wind Turbine Delivery,Renewable Energy,True
P08611,Automated Quality Inspection,Certification,False
P08612,Green Steel Plant,Metals,True
P08613,Carbon Capture Installation,Energy,True
P08614,Carbon Capture Installation,Energy,True
P08615,Electric Maritime Vessel,Maritime,True
P08616,Smart Grid Installation,Energy,True
P08617,Fertilizer Plant Upgrade,Chemicals,False
P08618,Offshore Wind Turbine Delivery,Renewable Energy,True
P08619,Defense System Export to Poland,Defense,False
P08620,Fertilizer Plant Upgrade,Chemicals,False
P08621,Offshore Wind Turbine Delivery,Renewable Energy,True
P08622,Carbon Capture Installation,Energy,True
P08623,Automated Quality Inspection,Certification,False
P08624,Fertilizer Plant Upgrade,Chemicals,False
P08625,Automated Quality Inspection,Certification,False
P08626,Industrial Robotics Export,Technology,False
P08627,Electric Maritime Vessel,Maritime,True
P08628,Industrial Robotics Export,Technology,False
P08629,Fertilizer Plant Upgrade,Chemicals,False
P08630,Industrial Robotics Export,Technology,False
P08631,Defense System Export to Poland,Defense,False
P08632,Industrial Robotics Export,Technology,False
P08633,Hydro Power Expansion,Energy,True
P08634,Electric Maritime Vessel,Maritime,True
P08635,Automated Quality Inspection,Certification,False
P08636,Fertilizer Plant Upgrade,Chemicals,False
P08637,Green Steel Plant,Metals,True
P08638,Offshore Wind Turbine Delivery,Renewable Energy,True
P08639,Defense System Export to Poland,Defense,False
P08640,Industrial Robotics Export,Technology,False
P08641,Fertilizer Plant Upgrade,Chemicals,False
P08642,Fertilizer Plant Upgrade,Chemicals,False
P08643,Hydro Power Expansion,Energy,True
P08644,Industrial Robotics Export,Technology,False
P08645,Defense System Export to Poland,Defense,False
P08646,Automated Quality Inspection,Certification,False
P08647,Hydro Power Expansion,Energy,True
P08648,Electric Maritime Vessel,Maritime,True
P08649,Electric Maritime Vessel,Maritime,True
P08650,Carbon Capture Installation,Energy,True
P08651,Electric Maritime Vessel,Maritime,True
P08652,Offshore Wind Turbine Delivery,Renewable Energy,True
P08653,Electric Maritime Vessel,Maritime,True
P08654,Green Steel Plant,Metals,True
P08655,Smart Grid Installation,Energy,True
P08656,Automated Quality Inspection,Certification,False
P08657,Automated Quality Inspection,Certification,False
P08658,Green Steel Plant,Metals,True
P08659,Carbon Capture Installation,Energy,True
P08660,Smart Grid Installation,Energy,True
P08661,Carbon Capture Installation,Energy,True
P08662,Automated Quality Inspection,Certification,False
P08663,Hydro Power Expansion,Energy,True
P08664,Offshore Wind Turbine Delivery,Renewable Energy,True
P08665,Hydro Power Expansion,Energy,True
P08666,Electric Maritime Vessel,Maritime,True
P08667,Green Steel Plant,Metals,True
P08668,Hydro Power Expansion,Energy,True
P08669,Green Steel Plant,Metals,True
P08670,Fertilizer Plant Upgrade,Chemicals,False
P08671,Smart Grid Installation,Energy,True
P08672,Electric Maritime Vessel,Maritime,True
P08673,Green Steel Plant,Metals,True
P08674,Industrial Robotics Export,Technology,False
P08675,Carbon Capture Installation,Energy,True
P08676,Hydro Power Expansion,Energy,True
P08677,Industrial Robotics Export,Technology,False
P08678,Industrial Robotics Export,Technology,False
P08679,Defense System Export to Poland,Defense,False
P08680,Hydro Power Expansion,Energy,True
P08681,Hydro Power Expansion,Energy,True
P08682,Green Steel Plant,Metals,True
P08683,Hydro Power Expansion,Energy,True
P08684,Fertilizer Plant Upgrade,Chemicals,False
P08685,Green Steel Plant,Metals,True
P08686,Offshore Wind Turbine Delivery,Renewable Energy,True
P08687,Carbon Capture Installation,Energy,True
P08688,Industrial Robotics Export,Technology,False
P08689,Carbon Capture Installation,Energy,True
P08690,Electric Maritime Vessel,Maritime,True
P08691,Green Steel Plant,Metals,True
P08692,Fertilizer Plant Upgrade,Chemicals,False
P08693,Electric Maritime Vessel,Maritime,True
P08694,Electric Maritime Vessel,Maritime,True
P08695,Industrial Robotics Export,Technology,False
P08696,Hydro Power Expansion,Energy,True
P08697,Hydro Power Expansion,Energy,True
P08698,Industrial Robotics Export,Technology,False
P08699,Defense System Export to Poland,Defense,False
P08700,Green Steel Plant,Metals,True
P08701,Industrial Robotics Export,Technology,False
P08702,Industrial Robotics Export,Technology,False
P08703,Hydro Power Expansion,Energy,True
P08704,Automated Quality Inspection,Certification,False
P08705,Fertilizer Plant Upgrade,Chemicals,False
P08706,Electric Maritime Vessel,Maritime,True
P08707,Offshore Wind Turbine Delivery,Renewable Energy,True
P08708,Fertilizer Plant Upgrade,Chemicals,False
P08709,Defense System Export to Poland,Defense,False
P08710,Fertilizer Plant Upgrade,Chemicals,False
P08711,Hydro Power Expansion,Energy,True
P08712,Electric Maritime Vessel,Maritime,True
P08713,Fertilizer Plant Upgrade,Chemicals,False
P08714,Electric Maritime Vessel,Maritime,True
P08715,Hydro Power Expansion,Energy,True
P08716,Offshore Wind Turbine Delivery,Renewable Energy,True
P08717,Carbon Capture Installation,Energy,True
P08718,Green Steel Plant,Metals,True
P08719,Defense System Export to Poland,Defense,False
P08720,Industrial Robotics Export,Technology,False
P08721,Industrial Robotics Export,Technology,False
P08722,Hydro Power Expansion,Energy,True
P08723,Smart Grid Installation,Energy,True
P08724,Fertilizer Plant Upgrade,Chemicals,False
P08725,Electric Maritime Vessel,Maritime,True
P08726,Smart Grid Installation,Energy,True
P08727,Industrial Robotics Export,Technology,False
P08728,Defense System Export to Poland,Defense,False
P08729,Fertilizer Plant Upgrade,Chemicals,False
P08730,Industrial Robotics Export,Technology,False
P08731,Industrial Robotics Export,Technology,False
P08732,Smart Grid Installation,Energy,True
P08733,Electric Maritime Vessel,Maritime,True
P08734,Defense System Export to Poland,Defense,False
P08735,Automated Quality Inspection,Certification,False
P08736,Carbon Capture Installation,Energy,True
P08737,Hydro Power Expansion,Energy,True
P08738,Automated Quality Inspection,Certification,False
P08739,Carbon Capture Installation,Energy,True
P08740,Carbon Capture Installation,Energy,True
P08741,Smart Grid Installation,Energy,True
P08742,Offshore Wind Turbine Delivery,Renewable Energy,True
P08743,Smart Grid Installation,Energy,True
P08744,Electric Maritime Vessel,Maritime,True
P08745,Hydro Power Expansion,Energy,True
P08746,Fertilizer Plant Upgrade,Chemicals,False
P08747,Automated Quality Inspection,Certification,False
P08748,Fertilizer Plant Upgrade,Chemicals,False
P08749,Industrial Robotics Export,Technology,False
P08750,Green Steel Plant,Metals,True
P08751,Industrial Robotics Export,Technology,False
P08752,Automated Quality Inspection,Certification,False
P08753,Defense System Export to Poland,Defense,False
P08754,Automated Quality Inspection,Certification,False
P08755,Offshore Wind Turbine Delivery,Renewable Energy,True
P08756,Smart Grid Installation,Energy,True
P08757,Smart Grid Installation,Energy,True
P08758,Green Steel Plant,Metals,True
P08759,Electric Maritime Vessel,Maritime,True
P08760,Carbon Capture Installation,Energy,True
P08761,Green Steel Plant,Metals,True
P08762,Defense System Export to Poland,Defense,False
P08763,Smart Grid Installation,Energy,True
P08764,Defense System Export to Poland,Defense,False
P08765,Defense System Export to Poland,Defense,False
P08766,Defense System Export to Poland,Defense,False
P08767,Offshore Wind Turbine Delivery,Renewable Energy,True
P08768,Hydro Power Expansion,Energy,True
P08769,Carbon Capture Installation,Energy,True
P08770,Fertilizer Plant Upgrade,Chemicals,False
P08771,Electric Maritime Vessel,Maritime,True
P08772,Fertilizer Plant Upgrade,Chemicals,False
P08773,Fertilizer Plant Upgrade,Chemicals,False
P08774,Defense System Export to Poland,Defense,False
P08775,Electric Maritime Vessel,Maritime,True
P08776,Carbon Capture Installation,Energy,True
P08777,Smart Grid Installation,Energy,True
P08778,Defense System Export to Poland,Defense,False
P08779,Automated Quality Inspection,Certification,False
P08780,Defense System Export to Poland,Defense,False
P08781,Electric Maritime Vessel,Maritime,True
P08782,Industrial Robotics Export,Technology,False
P08783,Offshore Wind Turbine Delivery,Renewable Energy,True
P08784,Hydro Power Expansion,Energy,True
P08785,Carbon Capture Installation,Energy,True
P08786,Electric Maritime Vessel,Maritime,True
P08787,Smart Grid Installation,Energy,True
P08788,Hydro Power Expansion,Energy,True
P08789,Smart Grid Installation,Energy,True
P08790,Defense System Export to Poland,Defense,False
P08791,Smart Grid Installation,Energy,True
P08792,Fertilizer Plant Upgrade,Chemicals,False
P08793,Green Steel Plant,Metals,True
P08794,Carbon Capture Installation,Energy,True
P08795,Green Steel Plant,Metals,True
P08796,Fertilizer Plant Upgrade,Chemicals,False
P08797,Fertilizer Plant Upgrade,Chemicals,False
P08798,Fertilizer Plant Upgrade,Chemicals,False
P08799,Industrial Robotics Export,Technology,False
P08800,Electric Maritime Vessel,Maritime,True
P08801,Smart Grid Installation,Energy,True
P08802,Automated Quality Inspection,Certification,False
P08803,Electric Maritime Vessel,Maritime,True
P08804,Offshore Wind Turbine Delivery,Renewable Energy,True
P08805,Hydro Power Expansion,Energy,True
P08806,Defense System Export to Poland,Defense,False
P08807,Defense System Export to Poland,Defense,False
P08808,Electric Maritime Vessel,Maritime,True
P08809,Smart Grid Installation,Energy,True
P08810,Electric Maritime Vessel,Maritime,True
P08811,Smart Grid Installation,Energy,True
P08812,Offshore Wind Turbine Delivery,Renewable Energy,True
P08813,Industrial Robotics Export,Technology,False
P08814,Electric Maritime Vessel,Maritime,True
P08815,Carbon Capture Installation,Energy,True
P08816,Fertilizer Plant Upgrade,Chemicals,False
P08817,Electric Maritime Vessel,Maritime,True
P08818,Smart Grid Installation,Energy,True
P08819,Green Steel Plant,Metals,True
P08820,Carbon Capture Installation,Energy,True
P08821,Electric Maritime Vessel,Maritime,True
P08822,Hydro Power Expansion,Energy,True
P08823,Hydro Power Expansion,Energy,True
P08824,Offshore Wind Turbine Delivery,Renewable Energy,True
P08825,Smart Grid Installation,Energy,True
P08826,Hydro Power Expansion,Energy,True
P08827,Hydro Power Expansion,Energy,True
P08828,Hydro Power Expansion,Energy,True
P08829,Smart Grid Installation,Energy,True
P08830,Defense System Export to Poland,Defense,False
P08831,Automated Quality Inspection,Certification,False
P08832,Carbon Capture Installation,Energy,True
P08833,Fertilizer Plant Upgrade,Chemicals,False
P08834,Fertilizer Plant Upgrade,Chemicals,False
P08835,Industrial Robotics Export,Technology,False
P08836,Industrial Robotics Export,Technology,False
P08837,Fertilizer Plant Upgrade,Chemicals,False
P08838,Defense System Export to Poland,Defense,False
P08839,Electric Maritime Vessel,Maritime,True
P08840,Smart Grid Installation,Energy,True
P08841,Hydro Power Expansion,Energy,True
P08842,Fertilizer Plant Upgrade,Chemicals,False
P08843,Hydro Power Expansion,Energy,True
P08844,Industrial Robotics Export,Technology,False
P08845,Offshore Wind Turbine Delivery,Renewable Energy,True
P08846,Hydro Power Expansion,Energy,True
P08847,Hydro Power Expansion,Energy,True
P08848,Defense System Export to Poland,Defense,False
P08849,Defense System Export to Poland,Defense,False
P08850,Carbon Capture Installation,Energy,True
P08851,Hydro Power Expansion,Energy,True
P08852,Green Steel Plant,Metals,True
P08853,Industrial Robotics Export,Technology,False
P08854,Electric Maritime Vessel,Maritime,True
P08855,Carbon Capture Installation,Energy,True
P08856,Automated Quality Inspection,Certification,False
P08857,Offshore Wind Turbine Delivery,Renewable Energy,True
P08858,Electric Maritime Vessel,Maritime,True
P08859,Carbon Capture Installation,Energy,True
P08860,Carbon Capture Installation,Energy,True
P08861,Hydro Power Expansion,Energy,True
P08862,Industrial Robotics Export,Technology,False
P08863,Defense System Export to Poland,Defense,False
P08864,Carbon Capture Installation,Energy,True
P08865,Green Steel Plant,Metals,True
P08866,Electric Maritime Vessel,Maritime,True
P08867,Smart Grid Installation,Energy,True
P08868,Fertilizer Plant Upgrade,Chemicals,False
P08869,Defense System Export to Poland,Defense,False
P08870,Electric Maritime Vessel,Maritime,True
P08871,Green Steel Plant,Metals,True
P08872,Green Steel Plant,Metals,True
P08873,Smart Grid Installation,Energy,True
P08874,Industrial Robotics Export,Technology,False
P08875,Carbon Capture Installation,Energy,True
P08876,Offshore Wind Turbine Delivery,Renewable Energy,True
P08877,Offshore Wind Turbine Delivery,Renewable Energy,True
P08878,Green Steel Plant,Metals,True
P08879,Carbon Capture Installation,Energy,True
P08880,Fertilizer Plant Upgrade,Chemicals,False
P08881,Industrial Robotics Export,Technology,False
P08882,Defense System Export to Poland,Defense,False
P08883,Smart Grid Installation,Energy,True
P08884,Industrial Robotics Export,Technology,False
P08885,Offshore Wind Turbine Delivery,Renewable Energy,True
P08886,Automated Quality Inspection,Certification,False
P08887,Green Steel Plant,Metals,True
P08888,Smart Grid Installation,Energy,True
P08889,Smart Grid Installation,Energy,True
P08890,Industrial Robotics Export,Technology,False
P08891,Carbon Capture Installation,Energy,True
P08892,Electric Maritime Vessel,Maritime,True
P08893,Carbon Capture Installation,Energy,True
P08894,Defense System Export to Poland,Defense,False
P08895,Fertilizer Plant Upgrade,Chemicals,False
P08896,Green Steel Plant,Metals,True
P08897,Industrial Robotics Export,Technology,False
P08898,Offshore Wind Turbine Delivery,Renewable Energy,True
P08899,Defense System Export to Poland,Defense,False
P08900,Smart Grid Installation,Energy,True
P08901,Smart Grid Installation,Energy,True
P08902,Offshore Wind Turbine Delivery,Renewable Energy,True
P08903,Carbon Capture Installation,Energy,True
P08904,Green Steel Plant,Metals,True
P08905,Green Steel Plant,Metals,True
P08906,Defense System Export to Poland,Defense,False
P08907,Electric Maritime Vessel,Maritime,True
P08908,Carbon Capture Installation,Energy,True
P08909,Electric Maritime Vessel,Maritime,True
P08910,Hydro Power Expansion,Energy,True
P08911,Hydro Power Expansion,Energy,True
P08912,Fertilizer Plant Upgrade,Chemicals,False
P08913,Hydro Power Expansion,Energy,True
P08914,Hydro Power Expansion,Energy,True
P08915,Defense System Export to Poland,Defense,False
P08916,Fertilizer Plant Upgrade,Chemicals,False
P08917,Offshore Wind Turbine Delivery,Renewable Energy,True
P08918,Electric Maritime Vessel,Maritime,True
P08919,Carbon Capture Installation,Energy,True
P08920,Hydro Power Expansion,Energy,True
P08921,Industrial Robotics Export,Technology,False
P08922,Fertilizer Plant Upgrade,Chemicals,False
P08923,Offshore Wind Turbine Delivery,Renewable Energy,True
P08924,Automated Quality Inspection,Certification,False
P08925,Fertilizer Plant Upgrade,Chemicals,False
P08926,Smart Grid Installation,Energy,True
P08927,Carbon Capture Installation,Energy,True
P08928,Green Steel Plant,Metals,True
P08929,Carbon Capture Installation,Energy,True
P08930,Smart Grid Installation,Energy,True
P08931,Electric Maritime Vessel,Maritime,True
P08932,Smart Grid Installation,Energy,True
P08933,Hydro Power Expansion,Energy,True
P08934,Green Steel Plant,Metals,True
P08935,Electric Maritime Vessel,Maritime,True
P08936,Electric Maritime Vessel,Maritime,True
P08937,Carbon Capture Installation,Energy,True
P08938,Offshore Wind Turbine Delivery,Renewable Energy,True
P08939,Automated Quality Inspection,Certification,False
P08940,Industrial Robotics Export,Technology,False
P08941,Green Steel Plant,Metals,True
P08942,Automated Quality Inspection,Certification,False
P08943,Hydro Power Expansion,Energy,True
P08944,Defense System Export to Poland,Defense,False
P08945,Automated Quality Inspection,Certification,False
P08946,Smart Grid Installation,Energy,True
P08947,Smart Grid Installation,Energy,True
P08948,Fertilizer Plant Upgrade,Chemicals,False
P08949,Automated Quality Inspection,Certification,False
P08950,Fertilizer Plant Upgrade,Chemicals,False
P08951,Hydro Power Expansion,Energy,True
P08952,Smart Grid Installation,Energy,True
P08953,Smart Grid Installation,Energy,True
P08954,Fertilizer Plant Upgrade,Chemicals,False
P08955,Hydro Power Expansion,Energy,True
P08956,Automated Quality Inspection,Certification,False
P08957,Fertilizer Plant Upgrade,Chemicals,False
P08958,Green Steel Plant,Metals,True
P08959,Hydro Power Expansion,Energy,True
P08960,Offshore Wind Turbine Delivery,Renewable Energy,True
P08961,Automated Quality Inspection,Certification,False
P08962,Smart Grid Installation,Energy,True
P08963,Green Steel Plant,Metals,True
P08964,Green Steel Plant,Metals,True
P08965,Offshore Wind Turbine Delivery,Renewable Energy,True
P08966,Green Steel Plant,Metals,True
P08967,Carbon Capture Installation,Energy,True
P08968,Industrial Robotics Export,Technology,False
P08969,Electric Maritime Vessel,Maritime,True
P08970,Industrial Robotics Export,Technology,False
P08971,Industrial Robotics Export,Technology,False
P08972,Automated Quality Inspection,Certification,False
P08973,Smart Grid Installation,Energy,True
P08974,Offshore Wind Turbine Delivery,Renewable Energy,True
P08975,Automated Quality Inspection,Certification,False
P08976,Defense System Export to Poland,Defense,False
P08977,Green Steel Plant,Metals,True
P08978,Electric Maritime Vessel,Maritime,True
P08979,Electric Maritime Vessel,Maritime,True
P08980,Electric Maritime Vessel,Maritime,True
P08981,Green Steel Plant,Metals,True
P08982,Hydro Power Expansion,Energy,True
P08983,Carbon Capture Installation,Energy,True
P08984,Defense System Export to Poland,Defense,False
P08985,Smart Grid Installation,Energy,True
P08986,Smart Grid Installation,Energy,True
P08987,Defense System Export to Poland,Defense,False
P08988,Fertilizer Plant Upgrade,Chemicals,False
P08989,Industrial Robotics Export,Technology,False
P08990,Carbon Capture Installation,Energy,True
P08991,Automated Quality Inspection,Certification,False
P08992,Hydro Power Expansion,Energy,True
P08993,Green Steel Plant,Metals,True
P08994,Offshore Wind Turbine Delivery,Renewable Energy,True
P08995,Hydro Power Expansion,Energy,True
P08996,Hydro Power Expansion,Energy,True
P08997,Electric Maritime Vessel,Maritime,True
P08998,Offshore Wind Turbine Delivery,Renewable Energy,True
P08999,Green Steel Plant,Metals,True
P09000,Automated Quality Inspection,Certification,False
P09001,Electric Maritime Vessel,Maritime,True
P09002,Electric Maritime Vessel,Maritime,True
P09003,Carbon Capture Installation,Energy,True
P09004,Industrial Robotics Export,Technology,False
P09005,Offshore Wind Turbine Delivery,Renewable Energy,True
P09006,Smart Grid Installation,Energy,True
P09007,Carbon Capture Installation,Energy,True
P09008,Offshore Wind Turbine Delivery,Renewable Energy,True
P09009,Green Steel Plant,Metals,True
P09010,Smart Grid Installation,Energy,True
P09011,Offshore Wind Turbine Delivery,Renewable Energy,True
P09012,Automated Quality Inspection,Certification,False
P09013,Green Steel Plant,Metals,True
P09014,Defense System Export to Poland,Defense,False
P09015,Carbon Capture Installation,Energy,True
P09016,Defense System Export to Poland,Defense,False
P09017,Hydro Power Expansion,Energy,True
P09018,Smart Grid Installation,Energy,True
P09019,Smart Grid Installation,Energy,True
P09020,Hydro Power Expansion,Energy,True
P09021,Offshore Wind Turbine Delivery,Renewable Energy,True
P09022,Industrial Robotics Export,Technology,False
P09023,Offshore Wind Turbine Delivery,Renewable Energy,True
P09024,Smart Grid Installation,Energy,True
P09025,Electric Maritime Vessel,Maritime,True
P09026,Fertilizer Plant Upgrade,Chemicals,False
P09027,Fertilizer Plant Upgrade,Chemicals,False
P09028,Smart Grid Installation,Energy,True
P09029,Defense System Export to Poland,Defense,False
P09030,Hydro Power Expansion,Energy,True
P09031,Fertilizer Plant Upgrade,Chemicals,False
P09032,Hydro Power Expansion,Energy,True
P09033,Green Steel Plant,Metals,True
P09034,Fertilizer Plant Upgrade,Chemicals,False
P09035,Automated Quality Inspection,Certification,False
P09036,Hydro Power Expansion,Energy,True
P09037,Smart Grid Installation,Energy,True
P09038,Hydro Power Expansion,Energy,True
P09039,Industrial Robotics Export,Technology,False
P09040,Defense System Export to Poland,Defense,False
P09041,Hydro Power Expansion,Energy,True
P09042,Defense System Export to Poland,Defense,False
P09043,Carbon Capture Installation,Energy,True
P09044,Defense System Export to Poland,Defense,False
P09045,Electric Maritime Vessel,Maritime,True
P09046,Offshore Wind Turbine Delivery,Renewable Energy,True
P09047,Green Steel Plant,Metals,True
P09048,Industrial Robotics Export,Technology,False
P09049,Smart Grid Installation,Energy,True
P09050,Offshore Wind Turbine Delivery,Renewable Energy,True
P09051,Offshore Wind Turbine Delivery,Renewable Energy,True
P09052,Carbon Capture Installation,Energy,True
P09053,Smart Grid Installation,Energy,True
P09054,Industrial Robotics Export,Technology,False
P09055,Green Steel Plant,Metals,True
P09056,Industrial Robotics Export,Technology,False
P09057,Industrial Robotics Export,Technology,False
P09058,Automated Quality Inspection,Certification,False
P09059,Industrial Robotics Export,Technology,False
P09060,Offshore Wind Turbine Delivery,Renewable Energy,True
P09061,Offshore Wind Turbine Delivery,Renewable Energy,True
P09062,Offshore Wind Turbine Delivery,Renewable Energy,True
P09063,Carbon Capture Installation,Energy,True
P09064,Hydro Power Expansion,Energy,True
P09065,Carbon Capture Installation,Energy,True
P09066,Industrial Robotics Export,Technology,False
P09067,Industrial Robotics Export,Technology,False
P09068,Carbon Capture Installation,Energy,True
P09069,Carbon Capture Installation,Energy,True
P09070,Carbon Capture Installation,Energy,True
P09071,Smart Grid Installation,Energy,True
P09072,Defense System Export to Poland,Defense,False
P09073,Industrial Robotics Export,Technology,False
P09074,Smart Grid Installation,Energy,True
P09075,Industrial Robotics Export,Technology,False
P09076,Offshore Wind Turbine Delivery,Renewable Energy,True
P09077,Carbon Capture Installation,Energy,True
P09078,Offshore Wind Turbine Delivery,Renewable Energy,True
P09079,Electric Maritime Vessel,Maritime,True
P09080,Industrial Robotics Export,Technology,False
P09081,Offshore Wind Turbine Delivery,Renewable Energy,True
P09082,Carbon Capture Installation,Energy,True
P09083,Defense System Export to Poland,Defense,False
P09084,Fertilizer Plant Upgrade,Chemicals,False
P09085,Green Steel Plant,Metals,True
P09086,Defense System Export to Poland,Defense,False
P09087,Fertilizer Plant Upgrade,Chemicals,False
P09088,Hydro Power Expansion,Energy,True
P09089,Electric Maritime Vessel,Maritime,True
P09090,Carbon Capture Installation,Energy,True
P09091,Industrial Robotics Export,Technology,False
P09092,Electric Maritime Vessel,Maritime,True
P09093,Hydro Power Expansion,Energy,True
P09094,Fertilizer Plant Upgrade,Chemicals,False
P09095,Hydro Power Expansion,Energy,True
P09096,Smart Grid Installation,Energy,True
P09097,Fertilizer Plant Upgrade,Chemicals,False
P09098,Defense System Export to Poland,Defense,False
P09099,Electric Maritime Vessel,Maritime,True
P09100,Carbon Capture Installation,Energy,True
P09101,Fertilizer Plant Upgrade,Chemicals,False
P09102,Hydro Power Expansion,Energy,True
P09103,Defense System Export to Poland,Defense,False
P09104,Automated Quality Inspection,Certification,False
P09105,Smart Grid Installation,Energy,True
P09106,Electric Maritime Vessel,Maritime,True
P09107,Offshore Wind Turbine Delivery,Renewable Energy,True
P09108,Offshore Wind Turbine Delivery,Renewable Energy,True
P09109,Smart Grid Installation,Energy,True
P09110,Offshore Wind Turbine Delivery,Renewable Energy,True
P09111,Offshore Wind Turbine Delivery,Renewable Energy,True
P09112,Automated Quality Inspection,Certification,False
P09113,Automated Quality Inspection,Certification,False
P09114,Hydro Power Expansion,Energy,True
P09115,Smart Grid Installation,Energy,True
P09116,Hydro Power Expansion,Energy,True
P09117,Fertilizer Plant Upgrade,Chemicals,False
P09118,Hydro Power Expansion,Energy,True
P09119,Industrial Robotics Export,Technology,False
P09120,Green Steel Plant,Metals,True
P09121,Fertilizer Plant Upgrade,Chemicals,False
P09122,Green Steel Plant,Metals,True
P09123,Automated Quality Inspection,Certification,False
P09124,Automated Quality Inspection,Certification,False
P09125,Automated Quality Inspection,Certification,False
P09126,Industrial Robotics Export,Technology,False
P09127,Offshore Wind Turbine Delivery,Renewable Energy,True
P09128,Offshore Wind Turbine Delivery,Renewable Energy,True
P09129,Hydro Power Expansion,Energy,True
P09130,Hydro Power Expansion,Energy,True
P09131,Fertilizer Plant Upgrade,Chemicals,False
P09132,Automated Quality Inspection,Certification,False
P09133,Offshore Wind Turbine Delivery,Renewable Energy,True
P09134,Hydro Power Expansion,Energy,True
P09135,Green Steel Plant,Metals,True
P09136,Offshore Wind Turbine Delivery,Renewable Energy,True
P09137,Fertilizer Plant Upgrade,Chemicals,False
P09138,Fertilizer Plant Upgrade,Chemicals,False
P09139,Smart Grid Installation,Energy,True
P09140,Electric Maritime Vessel,Maritime,True
P09141,Smart Grid Installation,Energy,True
P09142,Smart Grid Installation,Energy,True
P09143,Automated Quality Inspection,Certification,False
P09144,Industrial Robotics Export,Technology,False
P09145,Carbon Capture Installation,Energy,True
P09146,Offshore Wind Turbine Delivery,Renewable Energy,True
P09147,Defense System Export to Poland,Defense,False
P09148,Smart Grid Installation,Energy,True
P09149,Carbon Capture Installation,Energy,True
P09150,Automated Quality Inspection,Certification,False
P09151,Electric Maritime Vessel,Maritime,True
P09152,Electric Maritime Vessel,Maritime,True
P09153,Carbon Capture Installation,Energy,True
P09154,Hydro Power Expansion,Energy,True
P09155,Defense System Export to Poland,Defense,False
P09156,Automated Quality Inspection,Certification,False
P09157,Hydro Power Expansion,Energy,True
P09158,Electric Maritime Vessel,Maritime,True
P09159,Defense System Export to Poland,Defense,False
P09160,Smart Grid Installation,Energy,True
P09161,Smart Grid Installation,Energy,True
P09162,Carbon Capture Installation,Energy,True
P09163,Industrial Robotics Export,Technology,False
P09164,Green Steel Plant,Metals,True
P09165,Hydro Power Expansion,Energy,True
P09166,Defense System Export to Poland,Defense,False
P09167,Hydro Power Expansion,Energy,True
P09168,Industrial Robotics Export,Technology,False
P09169,Defense System Export to Poland,Defense,False
P09170,Automated Quality Inspection,Certification,False
P09171,Offshore Wind Turbine Delivery,Renewable Energy,True
P09172,Automated Quality Inspection,Certification,False
P09173,Fertilizer Plant Upgrade,Chemicals,False
P09174,Defense System Export to Poland,Defense,False
P09175,Defense System Export to Poland,Defense,False
P09176,Fertilizer Plant Upgrade,Chemicals,False
P09177,Fertilizer Plant Upgrade,Chemicals,False
P09178,Industrial Robotics Export,Technology,False
P09179,Carbon Capture Installation,Energy,True
P09180,Automated Quality Inspection,Certification,False
P09181,Fertilizer Plant Upgrade,Chemicals,False
P09182,Electric Maritime Vessel,Maritime,True
P09183,Industrial Robotics Export,Technology,False
P09184,Hydro Power Expansion,Energy,True
P09185,Smart Grid Installation,Energy,True
P09186,Automated Quality Inspection,Certification,False
P09187,Defense System Export to Poland,Defense,False
P09188,Smart Grid Installation,Energy,True
P09189,Electric Maritime Vessel,Maritime,True
P09190,Automated Quality Inspection,Certification,False
P09191,Defense System Export to Poland,Defense,False
P09192,Electric Maritime Vessel,Maritime,True
P09193,Green Steel Plant,Metals,True
P09194,Fertilizer Plant Upgrade,Chemicals,False
P09195,Industrial Robotics Export,Technology,False
P09196,Defense System Export to Poland,Defense,False
P09197,Smart Grid Installation,Energy,True
P09198,Green Steel Plant,Metals,True
P09199,Automated Quality Inspection,Certification,False
P09200,Defense System Export to Poland,Defense,False
P09201,Green Steel Plant,Metals,True
P09202,Smart Grid Installation,Energy,True
P09203,Offshore Wind Turbine Delivery,Renewable Energy,True
P09204,Smart Grid Installation,Energy,True
P09205,Defense System Export to Poland,Defense,False
P09206,Offshore Wind Turbine Delivery,Renewable Energy,True
P09207,Electric Maritime Vessel,Maritime,True
P09208,Hydro Power Expansion,Energy,True
P09209,Industrial Robotics Export,Technology,False
P09210,Hydro Power Expansion,Energy,True
P09211,Carbon Capture Installation,Energy,True
P09212,Offshore Wind Turbine Delivery,Renewable Energy,True
P09213,Defense System Export to Poland,Defense,False
P09214,Green Steel Plant,Metals,True
P09215,Defense System Export to Poland,Defense,False
P09216,Electric Maritime Vessel,Maritime,True
P09217,Industrial Robotics Export,Technology,False
P09218,Industrial Robotics Export,Technology,False
P09219,Offshore Wind Turbine Delivery,Renewable Energy,True
P09220,Fertilizer Plant Upgrade,Chemicals,False
P09221,Hydro Power Expansion,Energy,True
P09222,Smart Grid Installation,Energy,True
P09223,Defense System Export to Poland,Defense,False
P09224,Smart Grid Installation,Energy,True
P09225,Green Steel Plant,Metals,True
P09226,Green Steel Plant,Metals,True
P09227,Defense System Export to Poland,Defense,False
P09228,Automated Quality Inspection,Certification,False
P09229,Automated Quality Inspection,Certification,False
P09230,Hydro Power Expansion,Energy,True
P09231,Defense System Export to Poland,Defense,False
P09232,Hydro Power Expansion,Energy,True
P09233,Carbon Capture Installation,Energy,True
P09234,Electric Maritime Vessel,Maritime,True
P09235,Hydro Power Expansion,Energy,True
P09236,Electric Maritime Vessel,Maritime,True
P09237,Electric Maritime Vessel,Maritime,True
P09238,Offshore Wind Turbine Delivery,Renewable Energy,True
P09239,Hydro Power Expansion,Energy,True
P09240,Offshore Wind Turbine Delivery,Renewable Energy,True
P09241,Carbon Capture Installation,Energy,True
P09242,Industrial Robotics Export,Technology,False
P09243,Hydro Power Expansion,Energy,True
P09244,Offshore Wind Turbine Delivery,Renewable Energy,True
P09245,Fertilizer Plant Upgrade,Chemicals,False
P09246,Automated Quality Inspection,Certification,False
P09247,Defense System Export to Poland,Defense,False
P09248,Hydro Power Expansion,Energy,True
P09249,Carbon Capture Installation,Energy,True
P09250,Hydro Power Expansion,Energy,True
P09251,Electric Maritime Vessel,Maritime,True
P09252,Defense System Export to Poland,Defense,False
P09253,Defense System Export to Poland,Defense,False
P09254,Carbon Capture Installation,Energy,True
P09255,Hydro Power Expansion,Energy,True
P09256,Carbon Capture Installation,Energy,True
P09257,Green Steel Plant,Metals,True
P09258,Fertilizer Plant Upgrade,Chemicals,False
P09259,Electric Maritime Vessel,Maritime,True
P09260,Automated Quality Inspection,Certification,False
P09261,Industrial Robotics Export,Technology,False
P09262,Offshore Wind Turbine Delivery,Renewable Energy,True
P09263,Defense System Export to Poland,Defense,False
P09264,Industrial Robotics Export,Technology,False
P09265,Carbon Capture Installation,Energy,True
P09266,Industrial Robotics Export,Technology,False
P09267,Carbon Capture Installation,Energy,True
P09268,Industrial Robotics Export,Technology,False
P09269,Offshore Wind Turbine Delivery,Renewable Energy,True
P09270,Smart Grid Installation,Energy,True
P09271,Smart Grid Installation,Energy,True
P09272,Offshore Wind Turbine Delivery,Renewable Energy,True
P09273,Green Steel Plant,Metals,True
P09274,Green Steel Plant,Metals,True
P09275,Automated Quality Inspection,Certification,False
P09276,Green Steel Plant,Metals,True
P09277,Electric Maritime Vessel,Maritime,True
P09278,Defense System Export to Poland,Defense,False
P09279,Offshore Wind Turbine Delivery,Renewable Energy,True
P09280,Fertilizer Plant Upgrade,Chemicals,False
P09281,Hydro Power Expansion,Energy,True
P09282,Automated Quality Inspection,Certification,False
P09283,Industrial Robotics Export,Technology,False
P09284,Hydro Power Expansion,Energy,True
P09285,Fertilizer Plant Upgrade,Chemicals,False
P09286,Offshore Wind Turbine Delivery,Renewable Energy,True
P09287,Green Steel Plant,Metals,True
P09288,Automated Quality Inspection,Certification,False
P09289,Automated Quality Inspection,Certification,False
P09290,Smart Grid Installation,Energy,True
P09291,Industrial Robotics Export,Technology,False
P09292,Smart Grid Installation,Energy,True
P09293,Electric Maritime Vessel,Maritime,True
P09294,Hydro Power Expansion,Energy,True
P09295,Green Steel Plant,Metals,True
P09296,Automated Quality Inspection,Certification,False
P09297,Electric Maritime Vessel,Maritime,True
P09298,Fertilizer Plant Upgrade,Chemicals,False
P09299,Fertilizer Plant Upgrade,Chemicals,False
P09300,Industrial Robotics Export,Technology,False
P09301,Hydro Power Expansion,Energy,True
P09302,Green Steel Plant,Metals,True
P09303,Automated Quality Inspection,Certification,False
P09304,Industrial Robotics Export,Technology,False
P09305,Fertilizer Plant Upgrade,Chemicals,False
P09306,Electric Maritime Vessel,Maritime,True
P09307,Green Steel Plant,Metals,True
P09308,Smart Grid Installation,Energy,True
P09309,Offshore Wind Turbine Delivery,Renewable Energy,True
P09310,Offshore Wind Turbine Delivery,Renewable Energy,True
P09311,Fertilizer Plant Upgrade,Chemicals,False
P09312,Industrial Robotics Export,Technology,False
P09313,Carbon Capture Installation,Energy,True
P09314,Electric Maritime Vessel,Maritime,True
P09315,Green Steel Plant,Metals,True
P09316,Automated Quality Inspection,Certification,False
P09317,Automated Quality Inspection,Certification,False
P09318,Offshore Wind Turbine Delivery,Renewable Energy,True
P09319,Hydro Power Expansion,Energy,True
P09320,Offshore Wind Turbine Delivery,Renewable Energy,True
P09321,Carbon Capture Installation,Energy,True
P09322,Carbon Capture Installation,Energy,True
P09323,Green Steel Plant,Metals,True
P09324,Electric Maritime Vessel,Maritime,True
P09325,Green Steel Plant,Metals,True
P09326,Green Steel Plant,Metals,True
P09327,Electric Maritime Vessel,Maritime,True
P09328,Defense System Export to Poland,Defense,False
P09329,Fertilizer Plant Upgrade,Chemicals,False
P09330,Offshore Wind Turbine Delivery,Renewable Energy,True
P09331,Electric Maritime Vessel,Maritime,True
P09332,Smart Grid Installation,Energy,True
P09333,Offshore Wind Turbine Delivery,Renewable Energy,True
P09334,Fertilizer Plant Upgrade,Chemicals,False
P09335,Offshore Wind Turbine Delivery,Renewable Energy,True
P09336,Carbon Capture Installation,Energy,True
P09337,Smart Grid Installation,Energy,True
P09338,Automated Quality Inspection,Certification,False
P09339,Green Steel Plant,Metals,True
P09340,Smart Grid Installation,Energy,True
P09341,Defense System Export to Poland,Defense,False
P09342,Fertilizer Plant Upgrade,Chemicals,False
P09343,Green Steel Plant,Metals,True
P09344,Electric Maritime Vessel,Maritime,True
P09345,Defense System Export to Poland,Defense,False
P09346,Electric Maritime Vessel,Maritime,True
P09347,Electric Maritime Vessel,Maritime,True
P09348,Electric Maritime Vessel,Maritime,True
P09349,Electric Maritime Vessel,Maritime,True
P09350,Fertilizer Plant Upgrade,Chemicals,False
P09351,Green Steel Plant,Metals,True
P09352,Defense System Export to Poland,Defense,False
P09353,Carbon Capture Installation,Energy,True
P09354,Defense System Export to Poland,Defense,False
P09355,Industrial Robotics Export,Technology,False
P09356,Carbon Capture Installation,Energy,True
P09357,Hydro Power Expansion,Energy,True
P09358,Automated Quality Inspection,Certification,False
P09359,Green Steel Plant,Metals,True
P09360,Green Steel Plant,Metals,True
P09361,Carbon Capture Installation,Energy,True
P09362,Smart Grid Installation,Energy,True
P09363,Electric Maritime Vessel,Maritime,True
P09364,Hydro Power Expansion,Energy,True
P09365,Electric Maritime Vessel,Maritime,True
P09366,Automated Quality Inspection,Certification,False
P09367,Defense System Export to Poland,Defense,False
P09368,Hydro Power Expansion,Energy,True
P09369,Carbon Capture Installation,Energy,True
P09370,Carbon Capture Installation,Energy,True
P09371,Smart Grid Installation,Energy,True
P09372,Smart Grid Installation,Energy,True
P09373,Industrial Robotics Export,Technology,False
P09374,Green Steel Plant,Metals,True
P09375,Industrial Robotics Export,Technology,False
P09376,Automated Quality Inspection,Certification,False
P09377,Smart Grid Installation,Energy,True
P09378,Carbon Capture Installation,Energy,True
P09379,Offshore Wind Turbine Delivery,Renewable Energy,True
P09380,Hydro Power Expansion,Energy,True
P09381,Electric Maritime Vessel,Maritime,True
P09382,Hydro Power Expansion,Energy,True
P09383,Offshore Wind Turbine Delivery,Renewable Energy,True
P09384,Offshore Wind Turbine Delivery,Renewable Energy,True
P09385,Industrial Robotics Export,Technology,False
P09386,Defense System Export to Poland,Defense,False
P09387,Offshore Wind Turbine Delivery,Renewable Energy,True
P09388,Defense System Export to Poland,Defense,False
P09389,Industrial Robotics Export,Technology,False
P09390,Smart Grid Installation,Energy,True
P09391,Offshore Wind Turbine Delivery,Renewable Energy,True
P09392,Industrial Robotics Export,Technology,False
P09393,Carbon Capture Installation,Energy,True
P09394,Offshore Wind Turbine Delivery,Renewable Energy,True
P09395,Green Steel Plant,Metals,True
P09396,Offshore Wind Turbine Delivery,Renewable Energy,True
P09397,Fertilizer Plant Upgrade,Chemicals,False
P09398,Electric Maritime Vessel,Maritime,True
P09399,Industrial Robotics Export,Technology,False
P09400,Carbon Capture Installation,Energy,True
P09401,Fertilizer Plant Upgrade,Chemicals,False
P09402,Defense System Export to Poland,Defense,False
P09403,Defense System Export to Poland,Defense,False
P09404,Industrial Robotics Export,Technology,False
P09405,Green Steel Plant,Metals,True
P09406,Smart Grid Installation,Energy,True
P09407,Fertilizer Plant Upgrade,Chemicals,False
P09408,Electric Maritime Vessel,Maritime,True
P09409,Hydro Power Expansion,Energy,True
P09410,Fertilizer Plant Upgrade,Chemicals,False
P09411,Carbon Capture Installation,Energy,True
P09412,Defense System Export to Poland,Defense,False
P09413,Defense System Export to Poland,Defense,False
P09414,Hydro Power Expansion,Energy,True
P09415,Automated Quality Inspection,Certification,False
P09416,Fertilizer Plant Upgrade,Chemicals,False
P09417,Industrial Robotics Export,Technology,False
P09418,Smart Grid Installation,Energy,True
P09419,Electric Maritime Vessel,Maritime,True
P09420,Green Steel Plant,Metals,True
P09421,Electric Maritime Vessel,Maritime,True
P09422,Smart Grid Installation,Energy,True
P09423,Defense System Export to Poland,Defense,False
P09424,Green Steel Plant,Metals,True
P09425,Hydro Power Expansion,Energy,True
P09426,Offshore Wind Turbine Delivery,Renewable Energy,True
P09427,Carbon Capture Installation,Energy,True
P09428,Hydro Power Expansion,Energy,True
P09429,Carbon Capture Installation,Energy,True
P09430,Defense System Export to Poland,Defense,False
P09431,Automated Quality Inspection,Certification,False
P09432,Industrial Robotics Export,Technology,False
P09433,Hydro Power Expansion,Energy,True
P09434,Defense System Export to Poland,Defense,False
P09435,Offshore Wind Turbine Delivery,Renewable Energy,True
P09436,Offshore Wind Turbine Delivery,Renewable Energy,True
P09437,Fertilizer Plant Upgrade,Chemicals,False
P09438,Fertilizer Plant Upgrade,Chemicals,False
P09439,Carbon Capture Installation,Energy,True
P09440,Hydro Power Expansion,Energy,True
P09441,Industrial Robotics Export,Technology,False
P09442,Industrial Robotics Export,Technology,False
P09443,Industrial Robotics Export,Technology,False
P09444,Defense System Export to Poland,Defense,False
P09445,Electric Maritime Vessel,Maritime,True
P09446,Fertilizer Plant Upgrade,Chemicals,False
P09447,Offshore Wind Turbine Delivery,Renewable Energy,True
P09448,Industrial Robotics Export,Technology,False
P09449,Carbon Capture Installation,Energy,True
P09450,Smart Grid Installation,Energy,True
P09451,Automated Quality Inspection,Certification,False
P09452,Industrial Robotics Export,Technology,False
P09453,Defense System Export to Poland,Defense,False
P09454,Green Steel Plant,Metals,True
P09455,Offshore Wind Turbine Delivery,Renewable Energy,True
P09456,Automated Quality Inspection,Certification,False
P09457,Automated Quality Inspection,Certification,False
P09458,Smart Grid Installation,Energy,True
P09459,Industrial Robotics Export,Technology,False
P09460,Electric Maritime Vessel,Maritime,True
P09461,Fertilizer Plant Upgrade,Chemicals,False
P09462,Fertilizer Plant Upgrade,Chemicals,False
P09463,Hydro Power Expansion,Energy,True
P09464,Carbon Capture Installation,Energy,True
P09465,Defense System Export to Poland,Defense,False
P09466,Electric Maritime Vessel,Maritime,True
P09467,Fertilizer Plant Upgrade,Chemicals,False
P09468,Fertilizer Plant Upgrade,Chemicals,False
P09469,Hydro Power Expansion,Energy,True
P09470,Hydro Power Expansion,Energy,True
P09471,Smart Grid Installation,Energy,True
P09472,Automated Quality Inspection,Certification,False
P09473,Defense System Export to Poland,Defense,False
P09474,Fertilizer Plant Upgrade,Chemicals,False
P09475,Carbon Capture Installation,Energy,True
P09476,Electric Maritime Vessel,Maritime,True
P09477,Electric Maritime Vessel,Maritime,True
P09478,Hydro Power Expansion,Energy,True
P09479,Green Steel Plant,Metals,True
P09480,Defense System Export to Poland,Defense,False
P09481,Smart Grid Installation,Energy,True
P09482,Smart Grid Installation,Energy,True
P09483,Offshore Wind Turbine Delivery,Renewable Energy,True
P09484,Hydro Power Expansion,Energy,True
P09485,Green Steel Plant,Metals,True
P09486,Fertilizer Plant Upgrade,Chemicals,False
P09487,Smart Grid Installation,Energy,True
P09488,Smart Grid Installation,Energy,True
P09489,Green Steel Plant,Metals,True
P09490,Automated Quality Inspection,Certification,False
P09491,Offshore Wind Turbine Delivery,Renewable Energy,True
P09492,Green Steel Plant,Metals,True
P09493,Green Steel Plant,Metals,True
P09494,Smart Grid Installation,Energy,True
P09495,Hydro Power Expansion,Energy,True
P09496,Offshore Wind Turbine Delivery,Renewable Energy,True
P09497,Offshore Wind Turbine Delivery,Renewable Energy,True
P09498,Green Steel Plant,Metals,True
P09499,Green Steel Plant,Metals,True
P09500,Hydro Power Expansion,Energy,True
P09501,Offshore Wind Turbine Delivery,Renewable Energy,True
P09502,Smart Grid Installation,Energy,True
P09503,Green Steel Plant,Metals,True
P09504,Industrial Robotics Export,Technology,False
P09505,Automated Quality Inspection,Certification,False
P09506,Fertilizer Plant Upgrade,Chemicals,False
P09507,Defense System Export to Poland,Defense,False
P09508,Carbon Capture Installation,Energy,True
P09509,Green Steel Plant,Metals,True
P09510,Smart Grid Installation,Energy,True
P09511,Electric Maritime Vessel,Maritime,True
P09512,Fertilizer Plant Upgrade,Chemicals,False
P09513,Offshore Wind Turbine Delivery,Renewable Energy,True
P09514,Automated Quality Inspection,Certification,False
P09515,Carbon Capture Installation,Energy,True
P09516,Offshore Wind Turbine Delivery,Renewable Energy,True
P09517,Industrial Robotics Export,Technology,False
P09518,Fertilizer Plant Upgrade,Chemicals,False
P09519,Fertilizer Plant Upgrade,Chemicals,False
P09520,Hydro Power Expansion,Energy,True
P09521,Defense System Export to Poland,Defense,False
P09522,Offshore Wind Turbine Delivery,Renewable Energy,True
P09523,Carbon Capture Installation,Energy,True
P09524,Carbon Capture Installation,Energy,True
P09525,Electric Maritime Vessel,Maritime,True
P09526,Automated Quality Inspection,Certification,False
P09527,Automated Quality Inspection,Certification,False
P09528,Hydro Power Expansion,Energy,True
P09529,Hydro Power Expansion,Energy,True
P09530,Electric Maritime Vessel,Maritime,True
P09531,Hydro Power Expansion,Energy,True
P09532,Electric Maritime Vessel,Maritime,True
P09533,Hydro Power Expansion,Energy,True
P09534,Smart Grid Installation,Energy,True
P09535,Green Steel Plant,Metals,True
P09536,Smart Grid Installation,Energy,True
P09537,Industrial Robotics Export,Technology,False
P09538,Automated Quality Inspection,Certification,False
P09539,Industrial Robotics Export,Technology,False
P09540,Green Steel Plant,Metals,True
P09541,Hydro Power Expansion,Energy,True
P09542,Defense System Export to Poland,Defense,False
P09543,Automated Quality Inspection,Certification,False
P09544,Fertilizer Plant Upgrade,Chemicals,False
P09545,Smart Grid Installation,Energy,True
P09546,Offshore Wind Turbine Delivery,Renewable Energy,True
P09547,Fertilizer Plant Upgrade,Chemicals,False
P09548,Green Steel Plant,Metals,True
P09549,Hydro Power Expansion,Energy,True
P09550,Smart Grid Installation,Energy,True
P09551,Carbon Capture Installation,Energy,True
P09552,Fertilizer Plant Upgrade,Chemicals,False
P09553,Electric Maritime Vessel,Maritime,True
P09554,Automated Quality Inspection,Certification,False
P09555,Smart Grid Installation,Energy,True
P09556,Hydro Power Expansion,Energy,True
P09557,Offshore Wind Turbine Delivery,Renewable Energy,True
P09558,Defense System Export to Poland,Defense,False
P09559,Offshore Wind Turbine Delivery,Renewable Energy,True
P09560,Automated Quality Inspection,Certification,False
P09561,Automated Quality Inspection,Certification,False
P09562,Industrial Robotics Export,Technology,False
P09563,Smart Grid Installation,Energy,True
P09564,Offshore Wind Turbine Delivery,Renewable Energy,True
P09565,Green Steel Plant,Metals,True
P09566,Defense System Export to Poland,Defense,False
P09567,Carbon Capture Installation,Energy,True
P09568,Electric Maritime Vessel,Maritime,True
P09569,Smart Grid Installation,Energy,True
P09570,Automated Quality Inspection,Certification,False
P09571,Defense System Export to Poland,Defense,False
P09572,Fertilizer Plant Upgrade,Chemicals,False
P09573,Smart Grid Installation,Energy,True
P09574,Green Steel Plant,Metals,True
P09575,Green Steel Plant,Metals,True
P09576,Electric Maritime Vessel,Maritime,True
P09577,Offshore Wind Turbine Delivery,Renewable Energy,True
P09578,Carbon Capture Installation,Energy,True
P09579,Green Steel Plant,Metals,True
P09580,Electric Maritime Vessel,Maritime,True
P09581,Hydro Power Expansion,Energy,True
P09582,Green Steel Plant,Metals,True
P09583,Smart Grid Installation,Energy,True
P09584,Defense System Export to Poland,Defense,False
P09585,Offshore Wind Turbine Delivery,Renewable Energy,True
P09586,Fertilizer Plant Upgrade,Chemicals,False
P09587,Smart Grid Installation,Energy,True
P09588,Fertilizer Plant Upgrade,Chemicals,False
P09589,Electric Maritime Vessel,Maritime,True
P09590,Offshore Wind Turbine Delivery,Renewable Energy,True
P09591,Smart Grid Installation,Energy,True
P09592,Industrial Robotics Export,Technology,False
P09593,Carbon Capture Installation,Energy,True
P09594,Hydro Power Expansion,Energy,True
P09595,Fertilizer Plant Upgrade,Chemicals,False
P09596,Carbon Capture Installation,Energy,True
P09597,Hydro Power Expansion,Energy,True
P09598,Offshore Wind Turbine Delivery,Renewable Energy,True
P09599,Offshore Wind Turbine Delivery,Renewable Energy,True
P09600,Offshore Wind Turbine Delivery,Renewable Energy,True
P09601,Automated Quality Inspection,Certification,False
P09602,Carbon Capture Installation,Energy,True
P09603,Industrial Robotics Export,Technology,False
P09604,Fertilizer Plant Upgrade,Chemicals,False
P09605,Green Steel Plant,Metals,True
P09606,Electric Maritime Vessel,Maritime,True
P09607,Carbon Capture Installation,Energy,True
P09608,Electric Maritime Vessel,Maritime,True
P09609,Fertilizer Plant Upgrade,Chemicals,False
P09610,Hydro Power Expansion,Energy,True
P09611,Industrial Robotics Export,Technology,False
P09612,Automated Quality Inspection,Certification,False
P09613,Offshore Wind Turbine Delivery,Renewable Energy,True
P09614,Electric Maritime Vessel,Maritime,True
P09615,Industrial Robotics Export,Technology,False
P09616,Hydro Power Expansion,Energy,True
P09617,Automated Quality Inspection,Certification,False
P09618,Industrial Robotics Export,Technology,False
P09619,Automated Quality Inspection,Certification,False
P09620,Fertilizer Plant Upgrade,Chemicals,False
P09621,Green Steel Plant,Metals,True
P09622,Automated Quality Inspection,Certification,False
P09623,Hydro Power Expansion,Energy,True
P09624,Automated Quality Inspection,Certification,False
P09625,Fertilizer Plant Upgrade,Chemicals,False
P09626,Green Steel Plant,Metals,True
P09627,Offshore Wind Turbine Delivery,Renewable Energy,True
P09628,Green Steel Plant,Metals,True
P09629,Defense System Export to Poland,Defense,False
P09630,Industrial Robotics Export,Technology,False
P09631,Hydro Power Expansion,Energy,True
P09632,Industrial Robotics Export,Technology,False
P09633,Carbon Capture Installation,Energy,True
P09634,Electric Maritime Vessel,Maritime,True
P09635,Offshore Wind Turbine Delivery,Renewable Energy,True
P09636,Fertilizer Plant Upgrade,Chemicals,False
P09637,Electric Maritime Vessel,Maritime,True
P09638,Carbon Capture Installation,Energy,True
P09639,Carbon Capture Installation,Energy,True
P09640,Hydro Power Expansion,Energy,True
P09641,Hydro Power Expansion,Energy,True
P09642,Hydro Power Expansion,Energy,True
P09643,Industrial Robotics Export,Technology,False
P09644,Electric Maritime Vessel,Maritime,True
P09645,Automated Quality Inspection,Certification,False
P09646,Hydro Power Expansion,Energy,True
P09647,Industrial Robotics Export,Technology,False
P09648,Smart Grid Installation,Energy,True
P09649,Automated Quality Inspection,Certification,False
P09650,Hydro Power Expansion,Energy,True
P09651,Hydro Power Expansion,Energy,True
P09652,Automated Quality Inspection,Certification,False
P09653,Fertilizer Plant Upgrade,Chemicals,False
P09654,Smart Grid Installation,Energy,True
P09655,Carbon Capture Installation,Energy,True
P09656,Smart Grid Installation,Energy,True
P09657,Electric Maritime Vessel,Maritime,True
P09658,Carbon Capture Installation,Energy,True
P09659,Carbon Capture Installation,Energy,True
P09660,Automated Quality Inspection,Certification,False
P09661,Fertilizer Plant Upgrade,Chemicals,False
P09662,Electric Maritime Vessel,Maritime,True
P09663,Carbon Capture Installation,Energy,True
P09664,Green Steel Plant,Metals,True
P09665,Hydro Power Expansion,Energy,True
P09666,Hydro Power Expansion,Energy,True
P09667,Carbon Capture Installation,Energy,True
P09668,Green Steel Plant,Metals,True
P09669,Automated Quality Inspection,Certification,False
P09670,Defense System Export to Poland,Defense,False
P09671,Automated Quality Inspection,Certification,False
P09672,Carbon Capture Installation,Energy,True
P09673,Smart Grid Installation,Energy,True
P09674,Green Steel Plant,Metals,True
P09675,Fertilizer Plant Upgrade,Chemicals,False
P09676,Smart Grid Installation,Energy,True
P09677,Offshore Wind Turbine Delivery,Renewable Energy,True
P09678,Green Steel Plant,Metals,True
P09679,Fertilizer Plant Upgrade,Chemicals,False
P09680,Fertilizer Plant Upgrade,Chemicals,False
P09681,Fertilizer Plant Upgrade,Chemicals,False
P09682,Carbon Capture Installation,Energy,True
P09683,Green Steel Plant,Metals,True
P09684,Smart Grid Installation,Energy,True
P09685,Electric Maritime Vessel,Maritime,True
P09686,Smart Grid Installation,Energy,True
P09687,Green Steel Plant,Metals,True
P09688,Automated Quality Inspection,Certification,False
P09689,Electric Maritime Vessel,Maritime,True
P09690,Defense System Export to Poland,Defense,False
P09691,Green Steel Plant,Metals,True
P09692,Hydro Power Expansion,Energy,True
P09693,Defense System Export to Poland,Defense,False
P09694,Smart Grid Installation,Energy,True
P09695,Green Steel Plant,Metals,True
P09696,Hydro Power Expansion,Energy,True
P09697,Green Steel Plant,Metals,True
P09698,Green Steel Plant,Metals,True
P09699,Carbon Capture Installation,Energy,True
P09700,Defense System Export to Poland,Defense,False
P09701,Hydro Power Expansion,Energy,True
P09702,Green Steel Plant,Metals,True
P09703,Carbon Capture Installation,Energy,True
P09704,Fertilizer Plant Upgrade,Chemicals,False
P09705,Automated Quality Inspection,Certification,False
P09706,Offshore Wind Turbine Delivery,Renewable Energy,True
P09707,Electric Maritime Vessel,Maritime,True
P09708,Green Steel Plant,Metals,True
P09709,Electric Maritime Vessel,Maritime,True
P09710,Industrial Robotics Export,Technology,False
P09711,Electric Maritime Vessel,Maritime,True
P09712,Smart Grid Installation,Energy,True
P09713,Hydro Power Expansion,Energy,True
P09714,Offshore Wind Turbine Delivery,Renewable Energy,True
P09715,Smart Grid Installation,Energy,True
P09716,Smart Grid Installation,Energy,True
P09717,Smart Grid Installation,Energy,True
P09718,Automated Quality Inspection,Certification,False
P09719,Green Steel Plant,Metals,True
P09720,Electric Maritime Vessel,Maritime,True
P09721,Hydro Power Expansion,Energy,True
P09722,Fertilizer Plant Upgrade,Chemicals,False
P09723,Defense System Export to Poland,Defense,False
P09724,Industrial Robotics Export,Technology,False
P09725,Green Steel Plant,Metals,True
P09726,Automated Quality Inspection,Certification,False
P09727,Electric Maritime Vessel,Maritime,True
P09728,Defense System Export to Poland,Defense,False
P09729,Carbon Capture Installation,Energy,True
P09730,Automated Quality Inspection,Certification,False
P09731,Defense System Export to Poland,Defense,False
P09732,Fertilizer Plant Upgrade,Chemicals,False
P09733,Carbon Capture Installation,Energy,True
P09734,Fertilizer Plant Upgrade,Chemicals,False
P09735,Carbon Capture Installation,Energy,True
P09736,Automated Quality Inspection,Certification,False
P09737,Green Steel Plant,Metals,True
P09738,Automated Quality Inspection,Certification,False
P09739,Industrial Robotics Export,Technology,False
P09740,Carbon Capture Installation,Energy,True
P09741,Fertilizer Plant Upgrade,Chemicals,False
P09742,Offshore Wind Turbine Delivery,Renewable Energy,True
P09743,Carbon Capture Installation,Energy,True
P09744,Fertilizer Plant Upgrade,Chemicals,False
P09745,Green Steel Plant,Metals,True
P09746,Defense System Export to Poland,Defense,False
P09747,Defense System Export to Poland,Defense,False
P09748,Smart Grid Installation,Energy,True
P09749,Offshore Wind Turbine Delivery,Renewable Energy,True
P09750,Carbon Capture Installation,Energy,True
P09751,Fertilizer Plant Upgrade,Chemicals,False
P09752,Offshore Wind Turbine Delivery,Renewable Energy,True
P09753,Offshore Wind Turbine Delivery,Renewable Energy,True
P09754,Defense System Export to Poland,Defense,False
P09755,Carbon Capture Installation,Energy,True
P09756,Automated Quality Inspection,Certification,False
P09757,Automated Quality Inspection,Certification,False
P09758,Electric Maritime Vessel,Maritime,True
P09759,Fertilizer Plant Upgrade,Chemicals,False
P09760,Hydro Power Expansion,Energy,True
P09761,Carbon Capture Installation,Energy,True
P09762,Carbon Capture Installation,Energy,True
P09763,Fertilizer Plant Upgrade,Chemicals,False
P09764,Electric Maritime Vessel,Maritime,True
P09765,Industrial Robotics Export,Technology,False
P09766,Green Steel Plant,Metals,True
P09767,Defense System Export to Poland,Defense,False
P09768,Green Steel Plant,Metals,True
P09769,Electric Maritime Vessel,Maritime,True
P09770,Industrial Robotics Export,Technology,False
P09771,Green Steel Plant,Metals,True
P09772,Offshore Wind Turbine Delivery,Renewable Energy,True
P09773,Automated Quality Inspection,Certification,False
P09774,Electric Maritime Vessel,Maritime,True
P09775,Hydro Power Expansion,Energy,True
P09776,Offshore Wind Turbine Delivery,Renewable Energy,True
P09777,Electric Maritime Vessel,Maritime,True
P09778,Electric Maritime Vessel,Maritime,True
P09779,Hydro Power Expansion,Energy,True
P09780,Carbon Capture Installation,Energy,True
P09781,Offshore Wind Turbine Delivery,Renewable Energy,True
P09782,Defense System Export to Poland,Defense,False
P09783,Defense System Export to Poland,Defense,False
P09784,Defense System Export to Poland,Defense,False
P09785,Defense System Export to Poland,Defense,False
P09786,Defense System Export to Poland,Defense,False
P09787,Fertilizer Plant Upgrade,Chemicals,False
P09788,Industrial Robotics Export,Technology,False
P09789,Smart Grid Installation,Energy,True
P09790,Automated Quality Inspection,Certification,False
P09791,Carbon Capture Installation,Energy,True
P09792,Defense System Export to Poland,Defense,False
P09793,Fertilizer Plant Upgrade,Chemicals,False
P09794,Automated Quality Inspection,Certification,False
P09795,Electric Maritime Vessel,Maritime,True
P09796,Carbon Capture Installation,Energy,True
P09797,Carbon Capture Installation,Energy,True
P09798,Green Steel Plant,Metals,True
P09799,Electric Maritime Vessel,Maritime,True
P09800,Industrial Robotics Export,Technology,False
P09801,Automated Quality Inspection,Certification,False
P09802,Hydro Power Expansion,Energy,True
P09803,Electric Maritime Vessel,Maritime,True
P09804,Carbon Capture Installation,Energy,True
P09805,Fertilizer Plant Upgrade,Chemicals,False
P09806,Electric Maritime Vessel,Maritime,True
P09807,Industrial Robotics Export,Technology,False
P09808,Offshore Wind Turbine Delivery,Renewable Energy,True
P09809,Fertilizer Plant Upgrade,Chemicals,False
P09810,Automated Quality Inspection,Certification,False
P09811,Electric Maritime Vessel,Maritime,True
P09812,Carbon Capture Installation,Energy,True
P09813,Electric Maritime Vessel,Maritime,True
P09814,Fertilizer Plant Upgrade,Chemicals,False
P09815,Hydro Power Expansion,Energy,True
P09816,Fertilizer Plant Upgrade,Chemicals,False
P09817,Fertilizer Plant Upgrade,Chemicals,False
P09818,Offshore Wind Turbine Delivery,Renewable Energy,True
P09819,Green Steel Plant,Metals,True
P09820,Smart Grid Installation,Energy,True
P09821,Carbon Capture Installation,Energy,True
P09822,Electric Maritime Vessel,Maritime,True
P09823,Fertilizer Plant Upgrade,Chemicals,False
P09824,Hydro Power Expansion,Energy,True
P09825,Fertilizer Plant Upgrade,Chemicals,False
P09826,Offshore Wind Turbine Delivery,Renewable Energy,True
P09827,Industrial Robotics Export,Technology,False
P09828,Automated Quality Inspection,Certification,False
P09829,Carbon Capture Installation,Energy,True
P09830,Defense System Export to Poland,Defense,False
P09831,Automated Quality Inspection,Certification,False
P09832,Industrial Robotics Export,Technology,False
P09833,Offshore Wind Turbine Delivery,Renewable Energy,True
P09834,Offshore Wind Turbine Delivery,Renewable Energy,True
P09835,Industrial Robotics Export,Technology,False
P09836,Automated Quality Inspection,Certification,False
P09837,Defense System Export to Poland,Defense,False
P09838,Carbon Capture Installation,Energy,True
P09839,Green Steel Plant,Metals,True
P09840,Defense System Export to Poland,Defense,False
P09841,Carbon Capture Installation,Energy,True
P09842,Electric Maritime Vessel,Maritime,True
P09843,Defense System Export to Poland,Defense,False
P09844,Carbon Capture Installation,Energy,True
P09845,Defense System Export to Poland,Defense,False
P09846,Automated Quality Inspection,Certification,False
P09847,Automated Quality Inspection,Certification,False
P09848,Hydro Power Expansion,Energy,True
P09849,Defense System Export to Poland,Defense,False
P09850,Industrial Robotics Export,Technology,False
P09851,Electric Maritime Vessel,Maritime,True
P09852,Automated Quality Inspection,Certification,False
P09853,Automated Quality Inspection,Certification,False
P09854,Fertilizer Plant Upgrade,Chemicals,False
P09855,Electric Maritime Vessel,Maritime,True
P09856,Carbon Capture Installation,Energy,True
P09857,Automated Quality Inspection,Certification,False
P09858,Hydro Power Expansion,Energy,True
P09859,Defense System Export to Poland,Defense,False
P09860,Automated Quality Inspection,Certification,False
P09861,Offshore Wind Turbine Delivery,Renewable Energy,True
P09862,Defense System Export to Poland,Defense,False
P09863,Industrial Robotics Export,Technology,False
P09864,Defense System Export to Poland,Defense,False
P09865,Hydro Power Expansion,Energy,True
P09866,Fertilizer Plant Upgrade,Chemicals,False
P09867,Hydro Power Expansion,Energy,True
P09868,Offshore Wind Turbine Delivery,Renewable Energy,True
P09869,Green Steel Plant,Metals,True
P09870,Carbon Capture Installation,Energy,True
P09871,Offshore Wind Turbine Delivery,Renewable Energy,True
P09872,Automated Quality Inspection,Certification,False
P09873,Smart Grid Installation,Energy,True
P09874,Industrial Robotics Export,Technology,False
P09875,Defense System Export to Poland,Defense,False
P09876,Hydro Power Expansion,Energy,True
P09877,Hydro Power Expansion,Energy,True
P09878,Fertilizer Plant Upgrade,Chemicals,False
P09879,Industrial Robotics Export,Technology,False
P09880,Fertilizer Plant Upgrade,Chemicals,False
P09881,Automated Quality Inspection,Certification,False
P09882,Fertilizer Plant Upgrade,Chemicals,False
P09883,Industrial Robotics Export,Technology,False
P09884,Electric Maritime Vessel,Maritime,True
P09885,Electric Maritime Vessel,Maritime,True
P09886,Green Steel Plant,Metals,True
P09887,Industrial Robotics Export,Technology,False
P09888,Industrial Robotics Export,Technology,False
P09889,Defense System Export to Poland,Defense,False
P09890,Defense System Export to Poland,Defense,False
P09891,Offshore Wind Turbine Delivery,Renewable Energy,True
P09892,Automated Quality Inspection,Certification,False
P09893,Industrial Robotics Export,Technology,False
P09894,Electric Maritime Vessel,Maritime,True
P09895,Smart Grid Installation,Energy,True
P09896,Offshore Wind Turbine Delivery,Renewable Energy,True
P09897,Green Steel Plant,Metals,True
P09898,Automated Quality Inspection,Certification,False
P09899,Fertilizer Plant Upgrade,Chemicals,False
P09900,Offshore Wind Turbine Delivery,Renewable Energy,True
P09901,Smart Grid Installation,Energy,True
P09902,Defense System Export to Poland,Defense,False
P09903,Carbon Capture Installation,Energy,True
P09904,Hydro Power Expansion,Energy,True
P09905,Offshore Wind Turbine Delivery,Renewable Energy,True
P09906,Defense System Export to Poland,Defense,False
P09907,Offshore Wind Turbine Delivery,Renewable Energy,True
P09908,Hydro Power Expansion,Energy,True
P09909,Automated Quality Inspection,Certification,False
P09910,Fertilizer Plant Upgrade,Chemicals,False
P09911,Offshore Wind Turbine Delivery,Renewable Energy,True
P09912,Smart Grid Installation,Energy,True
P09913,Hydro Power Expansion,Energy,True
P09914,Automated Quality Inspection,Certification,False
P09915,Hydro Power Expansion,Energy,True
P09916,Carbon Capture Installation,Energy,True
P09917,Fertilizer Plant Upgrade,Chemicals,False
P09918,Smart Grid Installation,Energy,True
P09919,Smart Grid Installation,Energy,True
P09920,Green Steel Plant,Metals,True
P09921,Carbon Capture Installation,Energy,True
P09922,Fertilizer Plant Upgrade,Chemicals,False
P09923,Automated Quality Inspection,Certification,False
P09924,Smart Grid Installation,Energy,True
P09925,Offshore Wind Turbine Delivery,Renewable Energy,True
P09926,Industrial Robotics Export,Technology,False
P09927,Industrial Robotics Export,Technology,False
P09928,Electric Maritime Vessel,Maritime,True
P09929,Defense System Export to Poland,Defense,False
P09930,Fertilizer Plant Upgrade,Chemicals,False
P09931,Hydro Power Expansion,Energy,True
P09932,Automated Quality Inspection,Certification,False
P09933,Offshore Wind Turbine Delivery,Renewable Energy,True
P09934,Offshore Wind Turbine Delivery,Renewable Energy,True
P09935,Fertilizer Plant Upgrade,Chemicals,False
P09936,Automated Quality Inspection,Certification,False
P09937,Smart Grid Installation,Energy,True
P09938,Smart Grid Installation,Energy,True
P09939,Fertilizer Plant Upgrade,Chemicals,False
P09940,Carbon Capture Installation,Energy,True
P09941,Carbon Capture Installation,Energy,True
P09942,Industrial Robotics Export,Technology,False
P09943,Hydro Power Expansion,Energy,True
P09944,Automated Quality Inspection,Certification,False
P09945,Smart Grid Installation,Energy,True
P09946,Fertilizer Plant Upgrade,Chemicals,False
P09947,Green Steel Plant,Metals,True
P09948,Carbon Capture Installation,Energy,True
P09949,Green Steel Plant,Metals,True
P09950,Fertilizer Plant Upgrade,Chemicals,False
P09951,Hydro Power Expansion,Energy,True
P09952,Defense System Export to Poland,Defense,False
P09953,Industrial Robotics Export,Technology,False
P09954,Hydro Power Expansion,Energy,True
P09955,Electric Maritime Vessel,Maritime,True
P09956,Industrial Robotics Export,Technology,False
P09957,Industrial Robotics Export,Technology,False
P09958,Hydro Power Expansion,Energy,True
P09959,Defense System Export to Poland,Defense,False
P09960,Green Steel Plant,Metals,True
P09961,Electric Maritime Vessel,Maritime,True
P09962,Carbon Capture Installation,Energy,True
P09963,Carbon Capture Installation,Energy,True
P09964,Offshore Wind Turbine Delivery,Renewable Energy,True
P09965,Offshore Wind Turbine Delivery,Renewable Energy,True
P09966,Defense System Export to Poland,Defense,False
P09967,Carbon Capture Installation,Energy,True
P09968,Fertilizer Plant Upgrade,Chemicals,False
P09969,Automated Quality Inspection,Certification,False
P09970,Hydro Power Expansion,Energy,True
P09971,Carbon Capture Installation,Energy,True
P09972,Carbon Capture Installation,Energy,True
P09973,Electric Maritime Vessel,Maritime,True
P09974,Hydro Power Expansion,Energy,True
P09975,Fertilizer Plant Upgrade,Chemicals,False
P09976,Carbon Capture Installation,Energy,True
P09977,Smart Grid Installation,Energy,True
P09978,Automated Quality Inspection,Certification,False
P09979,Electric Maritime Vessel,Maritime,True
P09980,Carbon Capture Installation,Energy,True
P09981,Industrial Robotics Export,Technology,False
P09982,Automated Quality Inspection,Certification,False
P09983,Hydro Power Expansion,Energy,True
P09984,Green Steel Plant,Metals,True
P09985,Automated Quality Inspection,Certification,False
P09986,Industrial Robotics Export,Technology,False
P09987,Automated Quality Inspection,Certification,False
P09988,Green Steel Plant,Metals,True
P09989,Smart Grid Installation,Energy,True
P09990,Fertilizer Plant Upgrade,Chemicals,False
P09991,Carbon Capture Installation,Energy,True
P09992,Fertilizer Plant Upgrade,Chemicals,False
P09993,Defense System Export to Poland,Defense,False
P09994,Offshore Wind Turbine Delivery,Renewable Energy,True
P09995,Smart Grid Installation,Energy,True
P09996,Green Steel Plant,Metals,True
P09997,Industrial Robotics Export,Technology,False
P09998,Electric Maritime Vessel,Maritime,True
P09999,Carbon Capture Installation,Energy,True
P10000,Automated Quality Inspection,Certification,False